Urutan,Akun Kode,Akun Nama,Perusahaan,Tanggal,Ref,Uraian,Lawan,Debit,Kredit,Saldo
1,10.101.001,— KAS KECIL,Saldo Awal,,,,,,,0
1,10.101.001,— KAS KECIL,Lumiera Garden,2024-10-30,,Pinjaman dari Joyo Agung 2,20.103.009 HUTANG JOYO AGUNG 2,1031010000,,1031010000
1,10.101.001,— KAS KECIL,Lumiera Garden,2024-10-30,,Pembayaran DP Tanah,10.201.001 PERSEDIAAN TANAH,,1000000000,31010000
1,10.101.001,— KAS KECIL,Lumiera Garden,2024-10-30,,Pembayaran Biaya Notaris,10.201.022 AKTA KERJASAMA,,31000000,10000
1,10.101.001,— KAS KECIL,Lumiera Garden,2024-10-30,,Biaya Admin,60.104.010 ADMINISTRASI BANK,,10000,0
1,10.101.001,— KAS KECIL,Lumiera Garden,2024-11-01,,Pinjaman dari Joyo Agung 2,20.103.009 HUTANG JOYO AGUNG 2,6960000,,6960000
1,10.101.001,— KAS KECIL,Lumiera Garden,2024-11-01,,Pembayaran DP desain gambar RURA - (Termin I Rukos Joyoagung 241031),10.201.021 ADVISE PLANNING GAMBAR 3D,,6960000,0
1,10.101.001,— KAS KECIL,Lumiera Garden,2024-11-08,,Pinjaman dari Joyo Agung 2,20.103.009 HUTANG JOYO AGUNG 2,602038,,602038
1,10.101.001,— KAS KECIL,Lumiera Garden,2024-11-08,,Reimburse Pak Roy Meeting,60.104.013 MEETING,,402038,200000
1,10.101.001,— KAS KECIL,Lumiera Garden,2024-11-08,,Bensin Operasional,60.104.007 BENSIN OPERASIONAL,,200000,0
1,10.101.001,— KAS KECIL,Lumiera Garden,2024-11-11,,Pinjaman dari Joyo Agung 2,20.103.009 HUTANG JOYO AGUNG 2,3502500,,3502500
1,10.101.001,— KAS KECIL,Lumiera Garden,2024-11-11,,Pembayaran DP Sondir,10.202.001 PEMATANGAN LAHAN,,3500000,2500
1,10.101.001,— KAS KECIL,Lumiera Garden,2024-11-11,,Biaya Admin,60.104.010 ADMINISTRASI BANK,,2500,0
1,10.101.001,— KAS KECIL,Lumiera Garden,2024-11-13,,Pinjaman dari Joyo Agung 2,20.103.009 HUTANG JOYO AGUNG 2,120000,,120000
1,10.101.001,— KAS KECIL,Lumiera Garden,2024-11-13,,Pembayaran untuk Le minerale 6x330 ml (3 crat),60.104.018 EVENT KANTOR,,120000,0
1,10.101.001,— KAS KECIL,Lumiera Garden,2024-11-14,,Pinjaman dari Joyo Agung 2,20.103.009 HUTANG JOYO AGUNG 2,7747500,,7747500
1,10.101.001,— KAS KECIL,Lumiera Garden,2024-11-14,,Pembayaran untuk Kue Basah,60.104.018 EVENT KANTOR,,347500,7400000
1,10.101.001,— KAS KECIL,Lumiera Garden,2024-11-14,,Pembayaran untuk Kue Box,60.104.018 EVENT KANTOR,,650000,6750000
1,10.101.001,— KAS KECIL,Lumiera Garden,2024-11-14,,Pembayaran untuk Santunan Anak Yatim,60.104.018 EVENT KANTOR,,2000000,4750000
1,10.101.001,— KAS KECIL,Lumiera Garden,2024-11-14,,Pembayaran untuk Amplop RW,10.201.011 PERIJINAN,,500000,4250000
1,10.101.001,— KAS KECIL,Lumiera Garden,2024-11-14,,Pembayaran DP Desain Logo Lumiera,10.201.021 ADVISE PLANNING GAMBAR 3D,,4250000,0
1,10.101.001,— KAS KECIL,Lumiera Garden,2024-11-14,,Pinjaman dari Sigura-Gura,20.103.006 HUTANG SIGURA-GURA,1000000,,1000000
1,10.101.001,— KAS KECIL,Lumiera Garden,2024-11-14,,Pembayaran untuk Santunan Pendamping Anak Yatim,60.104.018 EVENT KANTOR,,1000000,0
1,10.101.001,— KAS KECIL,Lumiera Garden,2024-11-15,,Pinjaman dari Joyo Agung 2,20.103.009 HUTANG JOYO AGUNG 2,41662700,,41662700
1,10.101.001,— KAS KECIL,Lumiera Garden,2024-11-15,,Pembayaran Dekor Tasyakuran,60.104.018 EVENT KANTOR,,600000,41062700
1,10.101.001,— KAS KECIL,Lumiera Garden,2024-11-15,,Reimburse Pak Roy Meeting (Nota Jokotole & Nota Ojuri),60.104.013 MEETING,,398000,40664700
1,10.101.001,— KAS KECIL,Lumiera Garden,2024-11-15,,Reimburse Pak Roy (Tasyakuran),60.104.018 EVENT KANTOR,,7985500,32679200
1,10.101.001,— KAS KECIL,Lumiera Garden,2024-11-15,,Pembayaran Land Clearing dan Potong Pohon,10.202.001 PEMATANGAN LAHAN,,8400000,24279200
1,10.101.001,— KAS KECIL,Lumiera Garden,2024-11-15,,Pembayaran Mob D'Mob dan Sewa EXA PC 200,10.202.003 PERATAAN TANAH/CUT & FILL,,11750000,12529200
1,10.101.001,— KAS KECIL,Lumiera Garden,2024-11-15,,Pembayaran Sewa Terop Tasyakuran,60.104.018 EVENT KANTOR,,1400000,11129200
1,10.101.001,— KAS KECIL,Lumiera Garden,2024-11-15,,Reimburse Pak Adhi Nota Meeting,60.104.013 MEETING,,629200,10500000
1,10.101.001,— KAS KECIL,Lumiera Garden,2024-11-15,,Pembayaran Komisi Tanah Pak Yazak,10.201.026 KOMISI PEMBELIAN TANAH,,10500000,0
1,10.101.001,— KAS KECIL,Lumiera Garden,2024-11-16,,Pinjaman dari Joyo Agung 2,20.103.009 HUTANG JOYO AGUNG 2,3000000,,3000000
1,10.101.001,— KAS KECIL,Lumiera Garden,2024-11-16,,Pembayaran Pengukuran Topografi & Kavling),10.202.002 PENGUKURAN BLOK-KAVLING,,3000000,0
1,10.101.001,— KAS KECIL,Lumiera Garden,2024-11-22,,Pinjaman dari Joyo Agung 2,20.103.009 HUTANG JOYO AGUNG 2,65796801,,65796801
1,10.101.001,— KAS KECIL,Lumiera Garden,2024-11-22,,Pembayaran untuk Pembuatan Akta,60.102.010 BIAYA LEGALITAS,,4500000,61296801
1,10.101.001,— KAS KECIL,Lumiera Garden,2024-11-22,,Reimburse Pak Adhi 3 Nota Meeting,60.104.013 MEETING,,534500,60762301
1,10.101.001,— KAS KECIL,Lumiera Garden,2024-11-22,,Reimburse Mas Galih Cetak RD Launching,60.104.001 OPERASIONAL KANTOR,,15200,60747101
1,10.101.001,— KAS KECIL,Lumiera Garden,2024-11-22,,Reimburse Pak Roy Nota Meeting,60.104.013 MEETING,,511601,60235500
1,10.101.001,— KAS KECIL,Lumiera Garden,2024-11-22,,Reimburse Pak Rula Bensin,60.104.007 BENSIN OPERASIONAL,,200000,60035500
1,10.101.001,— KAS KECIL,Lumiera Garden,2024-11-22,,Reimburse Pak Rula beli Meja Lapangan (Bar Beer Set Whitegrey),11.102.001 PERALATAN TEKNIK,,999900,59035600
1,10.101.001,— KAS KECIL,Lumiera Garden,2024-11-22,,Pembayaran Backdrop Launching,60.104.018 EVENT KANTOR,,275600,58760000
1,10.101.001,— KAS KECIL,Lumiera Garden,2024-11-22,,Biaya Admin,60.104.010 ADMINISTRASI BANK,,2500,58757500
1,10.101.001,— KAS KECIL,Lumiera Garden,2024-11-22,,"Pembayaran Sewa EXA PC 200, Dozer dan Mob D'Mob",10.202.003 PERATAAN TANAH/CUT & FILL,,42995000,15762500
1,10.101.001,— KAS KECIL,Lumiera Garden,2024-11-22,,Pembayaran Desain Gambar (Termin II RURA/241031),10.201.021 ADVISE PLANNING GAMBAR 3D,,6960000,8802500
1,10.101.001,— KAS KECIL,Lumiera Garden,2024-11-22,,Pembayaran Desain Gambar (Termin I RURA/241121),10.201.021 ADVISE PLANNING GAMBAR 3D,,5200000,3602500
1,10.101.001,— KAS KECIL,Lumiera Garden,2024-11-22,,Pembayaran Pelunasan Sondir,10.202.001 PEMATANGAN LAHAN,,3600000,2500
1,10.101.001,— KAS KECIL,Lumiera Garden,2024-11-22,,Biaya Admin,60.104.010 ADMINISTRASI BANK,,2500,0
1,10.101.001,— KAS KECIL,Lumiera Garden,2024-11-25,,Pinjaman dari Joyo Agung 2,20.103.009 HUTANG JOYO AGUNG 2,8000000,,8000000
1,10.101.001,— KAS KECIL,Lumiera Garden,2024-11-25,,"Pembayaran DP Maket (Rumah Tinggal T85/66, Skala 1:25)",60.101.004 BEBAN ADVERTISING,,8000000,0
1,10.101.001,— KAS KECIL,Lumiera Garden,2024-11-29,,Pinjaman dari Joyo Agung 2,20.103.009 HUTANG JOYO AGUNG 2,37862500,,37862500
1,10.101.001,— KAS KECIL,Lumiera Garden,2024-11-29,,Pembayaran Sewa Dozer D31 & EXA PC 200,10.202.003 PERATAAN TANAH/CUT & FILL,,37362500,500000
1,10.101.001,— KAS KECIL,Lumiera Garden,2024-11-29,,Pembelian Cermin Cembung Jalan,10.202.999 LAIN-LAIN,,500000,0
1,10.101.001,— KAS KECIL,Lumiera Garden,2024-12-02,,Pinjaman dari Joyo Agung 2,20.103.009 HUTANG JOYO AGUNG 2,270000,,270000
1,10.101.001,— KAS KECIL,Lumiera Garden,2024-12-02,,Reimburse Pak Adhi - Stempel PT. Lumiera Garden,60.104.001 OPERASIONAL KANTOR,,270000,0
1,10.101.001,— KAS KECIL,Lumiera Garden,2024-12-03,,Pinjaman dari Joyo Agung 2,20.103.009 HUTANG JOYO AGUNG 2,28312500,,28312500
1,10.101.001,— KAS KECIL,Lumiera Garden,2024-12-03,,Komisi Marketing Kavling LK-08,60.101.002 INSENTIF/KOMISI,,8750000,19562500
1,10.101.001,— KAS KECIL,Lumiera Garden,2024-12-03,,BLT Marketing Kavling LK-08,60.101.001 BLT,,1000000,18562500
1,10.101.001,— KAS KECIL,Lumiera Garden,2024-12-03,,Komisi SPV Marketing Kavling LK-08,60.101.002 INSENTIF/KOMISI,,4375000,14187500
1,10.101.001,— KAS KECIL,Lumiera Garden,2024-12-03,,BLT SPV Marketing Kavling LK-08,60.101.001 BLT,,2000000,12187500
1,10.101.001,— KAS KECIL,Lumiera Garden,2024-12-03,,Komisi Direktur Utama Kavling LK-08,60.101.002 INSENTIF/KOMISI,,1750000,10437500
1,10.101.001,— KAS KECIL,Lumiera Garden,2024-12-03,,Komisi Direktur Operasional Kavling LK-08,60.101.002 INSENTIF/KOMISI,,1750000,8687500
1,10.101.001,— KAS KECIL,Lumiera Garden,2024-12-03,,Komisi Direktur B&D Kavling LK-08,60.101.002 INSENTIF/KOMISI,,1750000,6937500
1,10.101.001,— KAS KECIL,Lumiera Garden,2024-12-03,,Komisi Direktur Teknik Kavling LK-08,60.101.002 INSENTIF/KOMISI,,1750000,5187500
1,10.101.001,— KAS KECIL,Lumiera Garden,2024-12-03,,Komisi Komisaris Kavling LK-08,60.101.002 INSENTIF/KOMISI,,1750000,3437500
1,10.101.001,— KAS KECIL,Lumiera Garden,2024-12-03,,Komisi Telemarketing Kavling LK-08,60.101.002 INSENTIF/KOMISI,,3000000,437500
1,10.101.001,— KAS KECIL,Lumiera Garden,2024-12-03,,Komisi Marcomm Kavling LK-08,60.101.002 INSENTIF/KOMISI,,262500,175000
1,10.101.001,— KAS KECIL,Lumiera Garden,2024-12-03,,Komisi Marcomm Kavling LK-08,60.101.002 INSENTIF/KOMISI,,109375,65625
1,10.101.001,— KAS KECIL,Lumiera Garden,2024-12-03,,Komisi Marcomm Kavling LK-08,60.101.002 INSENTIF/KOMISI,,65625,0
1,10.101.001,— KAS KECIL,Lumiera Garden,2024-12-06,,Pinjaman dari Joyo Agung 2,20.103.009 HUTANG JOYO AGUNG 2,69312900,,69312900
1,10.101.001,— KAS KECIL,Lumiera Garden,2024-12-06,,Reimburse Pak Roy Nota Meeting,60.104.013 MEETING,,97900,69215000
1,10.101.001,— KAS KECIL,Lumiera Garden,2024-12-06,,Pembayaran Kirim Bongkaran 34 rit (AB) - Amiet Sewu,10.202.003 PERATAAN TANAH/CUT & FILL,,11900000,57315000
1,10.101.001,— KAS KECIL,Lumiera Garden,2024-12-06,,Pembayaran Kirim Bongkaran 73 rit (AK) - Amiet Sewu,10.202.003 PERATAAN TANAH/CUT & FILL,,9125000,48190000
1,10.101.001,— KAS KECIL,Lumiera Garden,2024-12-06,,Pembayaran Kirim Bongkaran 44 rit (AK) - Arjuna Putra,10.202.003 PERATAAN TANAH/CUT & FILL,,15400000,32790000
1,10.101.001,— KAS KECIL,Lumiera Garden,2024-12-06,,Pembayaran Sewa EXA PC 78 (37 jam) - Izuddin,10.202.003 PERATAAN TANAH/CUT & FILL,,12395000,20395000
1,10.101.001,— KAS KECIL,Lumiera Garden,2024-12-06,,Pembayaran Sewa Mob 'D Mob EXA PC 78 - Izuddin,10.202.003 PERATAAN TANAH/CUT & FILL,,2500000,17895000
1,10.101.001,— KAS KECIL,Lumiera Garden,2024-12-06,,Reimburse Pak Rula Nota Material Kabel,10.202.010 NAMA JALAN & RAMBU LALU LINTAS,,460000,17435000
1,10.101.001,— KAS KECIL,Lumiera Garden,2024-12-06,,Reimburse Pak Dian Nota Material Pipa Besi Cermin,10.202.010 NAMA JALAN & RAMBU LALU LINTAS,,185000,17250000
1,10.101.001,— KAS KECIL,Lumiera Garden,2024-12-06,,Pembayaran Waarmerking LK-08 an Djuwito,60.104.023 BIAYA ADMINISTRASI WAARMERKING,,250000,17000000
1,10.101.001,— KAS KECIL,Lumiera Garden,2024-12-06,,Pembayaran Pelunasan V-Banner,60.101.004 BEBAN ADVERTISING,,17000000,0
1,10.101.001,— KAS KECIL,Lumiera Garden,2024-12-11,,Pinjaman dari Joyo Agung 2,20.103.009 HUTANG JOYO AGUNG 2,150000,,150000
1,10.101.001,— KAS KECIL,Lumiera Garden,2024-12-11,,Pembayaran Jasa Pemasangan Tiang Cermin,10.202.009 PINTU GERBANG & POS JAGA,,150000,0
1,10.101.001,— KAS KECIL,Lumiera Garden,2024-12-12,,Pinjaman dari Sigura-Gura,20.103.006 HUTANG SIGURA-GURA,2550000,,2550000
1,10.101.001,— KAS KECIL,Lumiera Garden,2024-12-12,,Pembayaran Upah Penjaga Alat - Pak Didik,60.103.001 HONOR,,1550000,1000000
1,10.101.001,— KAS KECIL,Lumiera Garden,2024-12-12,,Setoran Awal Pembukaan Rekening - BCA PT. ASA,10.101.004 SILANG KAS,,1000000,0
1,10.101.001,— KAS KECIL,Lumiera Garden,2024-12-12,,Pinjaman dari Joyo Agung 2,20.103.009 HUTANG JOYO AGUNG 2,32087000,,32087000
1,10.101.001,— KAS KECIL,Lumiera Garden,2024-12-12,,Pasang Baru PJU,10.202.012 PENERANGAN JALAN UMUM,,2087000,30000000
1,10.101.001,— KAS KECIL,Lumiera Garden,2024-12-12,,Pembayaran DP Sewa Billboard Exit Tol Singosari,60.101.004 BEBAN ADVERTISING,,30000000,0
1,10.101.001,— KAS KECIL,Lumiera Garden,2024-12-13,,Pinjaman dari Joyo Agung 2,20.103.009 HUTANG JOYO AGUNG 2,110547500,,110547500
1,10.101.001,— KAS KECIL,Lumiera Garden,2024-12-13,,Pembayaran DP Billboard Beji,60.101.004 BEBAN ADVERTISING,,15000000,95547500
1,10.101.001,— KAS KECIL,Lumiera Garden,2024-12-13,,Biaya Admin,60.104.010 ADMINISTRASI BANK,,2500,95545000
1,10.101.001,— KAS KECIL,Lumiera Garden,2024-12-13,,Pembayaran Bongkaran (AB) 55 rit - Putra Paringga,10.202.003 PERATAAN TANAH/CUT & FILL,,19250000,76295000
1,10.101.001,— KAS KECIL,Lumiera Garden,2024-12-13,,Pembayaran Bongkaran (AB) 30 rit - Amiet Sewu,10.202.003 PERATAAN TANAH/CUT & FILL,,10500000,65795000
1,10.101.001,— KAS KECIL,Lumiera Garden,2024-12-13,,Pembayaran Bongkaran (AK) 38 rit - Amiet Sewu,10.202.003 PERATAAN TANAH/CUT & FILL,,4750000,61045000
1,10.101.001,— KAS KECIL,Lumiera Garden,2024-12-13,,Pembayaran Sewa Dump Truk - Amiet Sewu,10.202.003 PERATAAN TANAH/CUT & FILL,,700000,60345000
1,10.101.001,— KAS KECIL,Lumiera Garden,2024-12-13,,Pembayaran Time Sheet Dozer D31 (42 jam) - Izuddin,10.202.003 PERATAAN TANAH/CUT & FILL,,14070000,46275000
1,10.101.001,— KAS KECIL,Lumiera Garden,2024-12-13,,Pembayaran Time Sheet Mob 'D Mob Dozer D31 - Izuddin,10.202.003 PERATAAN TANAH/CUT & FILL,,2500000,43775000
1,10.101.001,— KAS KECIL,Lumiera Garden,2024-12-13,,Pembayaran Time Sheet Exa PC 78 (45 jam) - Izuddin,10.202.003 PERATAAN TANAH/CUT & FILL,,15075000,28700000
1,10.101.001,— KAS KECIL,Lumiera Garden,2024-12-13,,Pembayaran Sirtu Songsong 20 rit - Izuddin,10.202.003 PERATAAN TANAH/CUT & FILL,,15500000,13200000
1,10.101.001,— KAS KECIL,Lumiera Garden,2024-12-13,,Pembayaran Termin II (40%) Desain Rumah Tinggal T60/60 - RURA,10.201.021 ADVISE PLANNING GAMBAR 3D,,5200000,8000000
1,10.101.001,— KAS KECIL,Lumiera Garden,2024-12-13,,"Pembayaran Pelunasan Maket (Rumah Tinggal T85/66, skala 1:25 - Wong Christian",60.101.004 BEBAN ADVERTISING,,8000000,0
1,10.101.001,— KAS KECIL,Lumiera Garden,2024-12-14,,Pinjaman dari Joyo Agung 2,20.103.009 HUTANG JOYO AGUNG 2,13702500,,13702500
1,10.101.001,— KAS KECIL,Lumiera Garden,2024-12-14,,Pembayaran DP Pohon Pule,10.202.008 TAMAN DAN PENGHIJAUAN,,13000000,702500
1,10.101.001,— KAS KECIL,Lumiera Garden,2024-12-14,,Biaya Admin,60.104.010 ADMINISTRASI BANK,,2500,700000
1,10.101.001,— KAS KECIL,Lumiera Garden,2024-12-14,,Pegangan Pak Dian Belanja Pipa Air Kerja,10.202.018 SALURAN DISTRIBUSI AIR,,700000,0
1,10.101.001,— KAS KECIL,Lumiera Garden,2024-12-17,,Pinjaman dari Joyo Agung 2,20.103.009 HUTANG JOYO AGUNG 2,1000000,,1000000
1,10.101.001,— KAS KECIL,Lumiera Garden,2024-12-17,,"Pembayaran DP Tenda Marketing, Penutup Samping dan Cover Tenda",11.101.001 PERALATAN KANTOR,,1000000,0
1,10.101.001,— KAS KECIL,Lumiera Garden,2024-12-18,,Pinjaman dari Joyo Agung 2,20.103.009 HUTANG JOYO AGUNG 2,16202500,,16202500
1,10.101.001,— KAS KECIL,Lumiera Garden,2024-12-18,,Pembayaran Pelunasan Pohon Pule,10.202.008 TAMAN DAN PENGHIJAUAN,,12000000,4202500
1,10.101.001,— KAS KECIL,Lumiera Garden,2024-12-18,,Pembayaran Pembelian Pohon Tabebuya,10.202.008 TAMAN DAN PENGHIJAUAN,,4200000,2500
1,10.101.001,— KAS KECIL,Lumiera Garden,2024-12-18,,Biaya Admin,60.104.010 ADMINISTRASI BANK,,2500,0
1,10.101.001,— KAS KECIL,Lumiera Garden,2024-12-18,,Pinjaman dari Sigura-Gura,20.103.006 HUTANG SIGURA-GURA,410000,,410000
1,10.101.001,— KAS KECIL,Lumiera Garden,2024-12-19,,Reimburse Pak Roy - Bensin Avanza,60.104.007 BENSIN OPERASIONAL,,300000,110000
1,10.101.001,— KAS KECIL,Lumiera Garden,2024-12-19,,Reimburse Pak Roy - Top Up E-Toll,60.104.001 OPERASIONAL KANTOR,,110000,0
1,10.101.001,— KAS KECIL,Lumiera Garden,2024-12-19,,Penerimaan Cash Kecil dari Brankas,10.101.004 SILANG KAS,35000000,,35000000
1,10.101.001,— KAS KECIL,Lumiera Garden,2024-12-19,,Komisi Marketing Kavling LK-07,60.101.002 INSENTIF/KOMISI,,9890000,25110000
1,10.101.001,— KAS KECIL,Lumiera Garden,2024-12-19,,BLT Marketing Kavling LK-07,60.101.001 BLT,,1000000,24110000
1,10.101.001,— KAS KECIL,Lumiera Garden,2024-12-19,,Komisi SPV Marketing Kavling LK-07,60.101.002 INSENTIF/KOMISI,,4945000,19165000
1,10.101.001,— KAS KECIL,Lumiera Garden,2024-12-19,,BLT SPV Marketing Kavling LK-07,60.101.001 BLT,,2000000,17165000
1,10.101.001,— KAS KECIL,Lumiera Garden,2024-12-19,,Komisi Direktur Utama untuk Kavling LK-07,60.101.002 INSENTIF/KOMISI,,1978000,15187000
1,10.101.001,— KAS KECIL,Lumiera Garden,2024-12-19,,Komisi Direktur Operasional untuk Kavling LK-07,60.101.002 INSENTIF/KOMISI,,1978000,13209000
1,10.101.001,— KAS KECIL,Lumiera Garden,2024-12-19,,Komisi Direktur B&D untuk Kavling LK-07,60.101.002 INSENTIF/KOMISI,,1978000,11231000
1,10.101.001,— KAS KECIL,Lumiera Garden,2024-12-19,,Komisi Direktur Teknik untuk Kavling LK-07,60.101.002 INSENTIF/KOMISI,,1978000,9253000
1,10.101.001,— KAS KECIL,Lumiera Garden,2024-12-19,,Komisi Komisaris untuk Kavling LK-07,60.101.002 INSENTIF/KOMISI,,1978000,7275000
1,10.101.001,— KAS KECIL,Lumiera Garden,2024-12-19,,Komisi Telemarketing untuk Kavling LK-07,60.101.002 INSENTIF/KOMISI,,5000000,2275000
1,10.101.001,— KAS KECIL,Lumiera Garden,2024-12-19,,Komisi Marcomm untuk Kavling LK-07,60.101.002 INSENTIF/KOMISI,,296700,1978300
1,10.101.001,— KAS KECIL,Lumiera Garden,2024-12-19,,Komisi Marcomm untuk Kavling LK-07,60.101.002 INSENTIF/KOMISI,,123625,1854675
1,10.101.001,— KAS KECIL,Lumiera Garden,2024-12-19,,Komisi Marcomm untuk Kavling LK-07,60.101.002 INSENTIF/KOMISI,,74175,1780500
1,10.101.001,— KAS KECIL,Lumiera Garden,2024-12-20,,Pinjaman dari Joyo Agung 2,20.103.009 HUTANG JOYO AGUNG 2,275004000,,276784500
1,10.101.001,— KAS KECIL,Lumiera Garden,2024-12-20,,Pembelian selang 4 roll,11.102.001 PERALATAN TEKNIK,,1950000,274834500
1,10.101.001,— KAS KECIL,Lumiera Garden,2024-12-20,,Reimburse Pak Roy bertemu User LK-07,60.104.013 MEETING,,226000,274608500
1,10.101.001,— KAS KECIL,Lumiera Garden,2024-12-20,,Pembayaran Kirim Bongkaran Ud. Hidup Baru,10.202.003 PERATAAN TANAH/CUT & FILL,,3480000,271128500
1,10.101.001,— KAS KECIL,Lumiera Garden,2024-12-20,,"Pembayaran sewa Exa PC 78 (A&B), Dozer D31, Vibro, Mob'DMob Vibro & EXA PC 78",10.202.003 PERATAAN TANAH/CUT & FILL,,33972500,237156000
1,10.101.001,— KAS KECIL,Lumiera Garden,2024-12-20,,Pembayaran Sirtu Songsong 20 rit - Izuddin,10.202.003 PERATAAN TANAH/CUT & FILL,,15500000,221656000
1,10.101.001,— KAS KECIL,Lumiera Garden,2024-12-20,,Pembayaran Termin I Plengseng (29/SPK/XII/2024)-Arifin,10.202.041 PLENGSENG,,100000000,121656000
1,10.101.001,— KAS KECIL,Lumiera Garden,2024-12-20,,Pembayaran pasir paving 10 Rit - Arifin (UD. Sidomulyo),10.202.004 PAVING,,9600000,112056000
1,10.101.001,— KAS KECIL,Lumiera Garden,2024-12-20,,Pembayaran Harian Pasang NRCP 2 Hari - Arifin,10.202.005 SALURAN,,250000,111806000
1,10.101.001,— KAS KECIL,Lumiera Garden,2024-12-20,,Pembayaran Ongkos Tebang Jati - Arifin,10.202.003 PERATAAN TANAH/CUT & FILL,,1100000,110706000
1,10.101.001,— KAS KECIL,Lumiera Garden,2024-12-20,,Pembayaran Pembuatan Gudang - Arifin,10.202.025 GUDANG,,1710000,108996000
1,10.101.001,— KAS KECIL,Lumiera Garden,2024-12-20,,Pembayaran Termin I 50% Pek. Bronjong Batu (003/SPK.ADP/LG/XI/2024) -Arifin,10.202.007 TURAP,,48000000,60996000
1,10.101.001,— KAS KECIL,Lumiera Garden,2024-12-20,,Pembayaran Pasang Listrik Kawasan - Agus Hariono,10.202.028 LISTRIK LOKASI,,2199000,58797000
1,10.101.001,— KAS KECIL,Lumiera Garden,2024-12-20,,Reimburse Pak Rula - Survey Pohon & Konsumsi Pasang Pohon,10.202.008 TAMAN DAN PENGHIJAUAN,,690500,58106500
1,10.101.001,— KAS KECIL,Lumiera Garden,2024-12-20,,Reimburse Pak Rula - Bensin Avansa,60.104.007 BENSIN OPERASIONAL,,200000,57906500
1,10.101.001,— KAS KECIL,Lumiera Garden,2024-12-20,,Pembayaran Upah Pemasangan Paving,10.202.004 PAVING,,24157000,33749500
1,10.101.001,— KAS KECIL,Lumiera Garden,2024-12-20,,Biaya admin,60.104.010 ADMINISTRASI BANK,,2500,33747000
1,10.101.001,— KAS KECIL,Lumiera Garden,2024-12-20,,Pembayaran Sewa Stemper Kodok,10.202.003 PERATAAN TANAH/CUT & FILL,,425000,33322000
1,10.101.001,— KAS KECIL,Lumiera Garden,2024-12-20,,Pembelian Material & Alat Kebersihan,10.204.003 PERLENGKAPAN PROYEK,,757000,32565000
1,10.101.001,— KAS KECIL,Lumiera Garden,2024-12-20,,"Pembayaran Cetak, Pasang dan Ijin V-Banner",60.101.004 BEBAN ADVERTISING,,23300000,9265000
1,10.101.001,— KAS KECIL,Lumiera Garden,2024-12-20,,Reimburse Bella - Cetak Fest RB Glossy,60.101.004 BEBAN ADVERTISING,,382000,8883000
1,10.101.001,— KAS KECIL,Lumiera Garden,2024-12-20,,Biaya admin,60.104.010 ADMINISTRASI BANK,,2500,8880500
1,10.101.001,— KAS KECIL,Lumiera Garden,2024-12-20,,"Pembayaran Pelunasan Tenda Marketing, Penutup Samping dan Cover Tenda",11.101.001 PERALATAN KANTOR,,7100000,1780500
1,10.101.001,— KAS KECIL,Lumiera Garden,2024-12-20,,Pinjaman dari Sigura-Gura,20.103.006 HUTANG SIGURA-GURA,1000000,,2780500
1,10.101.001,— KAS KECIL,Lumiera Garden,2024-12-20,,Pembayaran Listrik & PDAM Lokasi,60.104.001 OPERASIONAL KANTOR,,1000000,1780500
1,10.101.001,— KAS KECIL,Lumiera Garden,2024-12-23,,Meeting Koordinasi Laporan Akhir Tahun,60.104.001 OPERASIONAL KANTOR,,426100,1354400
1,10.101.001,— KAS KECIL,Lumiera Garden,2024-12-23,,Akomodasi PPJB LK-09 Ke Surabaya (E-Toll),60.104.001 OPERASIONAL KANTOR,,300000,1054400
1,10.101.001,— KAS KECIL,Lumiera Garden,2024-12-23,,Pembelian Galon Cleo Refill + Ongkir,60.104.001 OPERASIONAL KANTOR,,42000,1012400
1,10.101.001,— KAS KECIL,Lumiera Garden,2024-12-23,,Pembelian Token Listrik (ID Pel : 513111484250) + Biaya Admin,10.202.028 LISTRIK LOKASI,,102500,909900
1,10.101.001,— KAS KECIL,Lumiera Garden,2024-12-27,,Penerimaan Cash Kecil dari Brankas,10.101.004 SILANG KAS,21000000,,21909900
1,10.101.001,— KAS KECIL,Lumiera Garden,2024-12-27,,Komisi Marketing Kavling LK-10,60.101.002 INSENTIF/KOMISI,,13125000,8784900
1,10.101.001,— KAS KECIL,Lumiera Garden,2024-12-27,,BLT Marketing Kavling LK-10,60.101.001 BLT,,1000000,7784900
1,10.101.001,— KAS KECIL,Lumiera Garden,2024-12-27,,Komisi SPV Marketing Kavling LK-10,60.101.002 INSENTIF/KOMISI,,4375000,3409900
1,10.101.001,— KAS KECIL,Lumiera Garden,2024-12-27,,BLT SPV Marketing Kavling LK-10,60.101.001 BLT,,2000000,1409900
1,10.101.001,— KAS KECIL,Lumiera Garden,2024-12-28,,Penerimaan Cash Kecil dari Brankas,10.101.004 SILANG KAS,10000000,,11409900
1,10.101.001,— KAS KECIL,Lumiera Garden,2024-12-28,,Komisi Direktur Utama untuk Kavling LK-10,60.101.002 INSENTIF/KOMISI,,1750000,9659900
1,10.101.001,— KAS KECIL,Lumiera Garden,2024-12-28,,Komisi Direktur Operasional untuk Kavling LK-10,60.101.002 INSENTIF/KOMISI,,1750000,7909900
1,10.101.001,— KAS KECIL,Lumiera Garden,2024-12-28,,Komisi Direktur B&D untuk Kavling LK-10,60.101.002 INSENTIF/KOMISI,,1750000,6159900
1,10.101.001,— KAS KECIL,Lumiera Garden,2024-12-28,,Komisi Direktur Teknik untuk Kavling LK-10,60.101.002 INSENTIF/KOMISI,,1750000,4409900
1,10.101.001,— KAS KECIL,Lumiera Garden,2024-12-28,,Komisi Komisaris untuk Kavling LK-10,60.101.002 INSENTIF/KOMISI,,1750000,2659900
1,10.101.001,— KAS KECIL,Lumiera Garden,2024-12-28,,Komisi Marcomm untuk Kavling LK-10,60.101.002 INSENTIF/KOMISI,,262500,2397400
1,10.101.001,— KAS KECIL,Lumiera Garden,2024-12-28,,Komisi Marcomm untuk Kavling LK-10,60.101.002 INSENTIF/KOMISI,,109375,2288025
1,10.101.001,— KAS KECIL,Lumiera Garden,2024-12-28,,Komisi Marcomm untuk Kavling LK-10,60.101.002 INSENTIF/KOMISI,,65625,2222400
1,10.101.001,— KAS KECIL,Lumiera Garden,2024-12-28,,Reimburse Bella Telle (Sim Card),60.104.005 TAGIHAN HALO CALL CENTER (08113646900),,111000,2111400
1,10.101.001,— KAS KECIL,Lumiera Garden,2024-12-28,,Reimburse Bella Telle (Sticker Marketing+Sticker Eazy Kost+Kisscut),60.104.004 TAGIHAN PDAM,,109000,2002400
1,10.101.001,— KAS KECIL,Lumiera Garden,2024-12-28,,Akomodasi PPJB LK-09 Ke Surabaya (Bensin),60.104.001 OPERASIONAL KANTOR,,200000,1802400
1,10.101.001,— KAS KECIL,Lumiera Garden,2024-12-28,,Reimburse Maria (Zoom Licensi Bulanan),60.104.001 OPERASIONAL KANTOR,,51500,1750900
1,10.101.001,— KAS KECIL,Lumiera Garden,2024-12-28,,Reimburse Maria (Pengiriman PPJB),60.104.009 PERANGKO/KIRIMAN SRT & DOK,,20000,1730900
1,10.101.001,— KAS KECIL,Lumiera Garden,2024-12-30,,Penerimaan Cash Kecil dari Brankas,10.101.004 SILANG KAS,30000000,,31730900
1,10.101.001,— KAS KECIL,Lumiera Garden,2024-12-30,,Komisi Marketing Kavling LK-06,60.101.002 INSENTIF/KOMISI,,13125000,18605900
1,10.101.001,— KAS KECIL,Lumiera Garden,2024-12-30,,Komisi SPV Marketing Kavling LK-06,60.101.002 INSENTIF/KOMISI,,4375000,14230900
1,10.101.001,— KAS KECIL,Lumiera Garden,2024-12-30,,BLT SPV Marketing Kavling LK-06,60.101.001 BLT,,2000000,12230900
1,10.101.001,— KAS KECIL,Lumiera Garden,2024-12-30,,Komisi Direktur Utama untuk Kavling LK-06,60.101.002 INSENTIF/KOMISI,,1750000,10480900
1,10.101.001,— KAS KECIL,Lumiera Garden,2024-12-30,,Komisi Direktur Operasional untuk Kavling LK-06,60.101.002 INSENTIF/KOMISI,,1750000,8730900
1,10.101.001,— KAS KECIL,Lumiera Garden,2024-12-30,,Komisi Direktur B&D untuk Kavling LK-06,60.101.002 INSENTIF/KOMISI,,1750000,6980900
1,10.101.001,— KAS KECIL,Lumiera Garden,2024-12-30,,Komisi Direktur Teknik untuk Kavling LK-06,60.101.002 INSENTIF/KOMISI,,1750000,5230900
1,10.101.001,— KAS KECIL,Lumiera Garden,2024-12-30,,Komisi Komisaris untuk Kavling LK-06,60.101.002 INSENTIF/KOMISI,,1750000,3480900
1,10.101.001,— KAS KECIL,Lumiera Garden,2024-12-30,,Komisi Marcomm untuk Kavling LK-06,60.101.002 INSENTIF/KOMISI,,205625,3275275
1,10.101.001,— KAS KECIL,Lumiera Garden,2024-12-30,,Komisi Marcomm untuk Kavling LK-06,60.101.002 INSENTIF/KOMISI,,100625,3174650
1,10.101.001,— KAS KECIL,Lumiera Garden,2024-12-30,,Komisi Marcomm untuk Kavling LK-06,60.101.002 INSENTIF/KOMISI,,65625,3109025
1,10.101.001,— KAS KECIL,Lumiera Garden,2024-12-30,,Komisi Marcomm untuk Kavling LK-06,60.101.002 INSENTIF/KOMISI,,65625,3043400
1,10.101.001,— KAS KECIL,Lumiera Garden,2024-12-31,,Penerimaan Cash Kecil dari Brankas,10.101.004 SILANG KAS,25700000,,28743400
1,10.101.001,— KAS KECIL,Lumiera Garden,2024-12-31,,Komisi Marketing Kavling LK-09,60.101.002 INSENTIF/KOMISI,,13125000,15618400
1,10.101.001,— KAS KECIL,Lumiera Garden,2024-12-31,,BLT Marketing Kavling LK-09,60.101.001 BLT,,1000000,14618400
1,10.101.001,— KAS KECIL,Lumiera Garden,2024-12-31,,Komisi SPV Marketing Kavling LK-09,60.101.002 INSENTIF/KOMISI,,4375000,10243400
1,10.101.001,— KAS KECIL,Lumiera Garden,2024-12-31,,BLT SPV Marketing Kavling LK-09,60.101.001 BLT,,2000000,8243400
1,10.101.001,— KAS KECIL,Lumiera Garden,2024-12-31,,Komisi Marcomm untuk Kavling LK-09,60.101.002 INSENTIF/KOMISI,,205625,8037775
1,10.101.001,— KAS KECIL,Lumiera Garden,2024-12-31,,Komisi Marcomm untuk Kavling LK-09,60.101.002 INSENTIF/KOMISI,,100625,7937150
1,10.101.001,— KAS KECIL,Lumiera Garden,2024-12-31,,Komisi Marcomm untuk Kavling LK-09,60.101.002 INSENTIF/KOMISI,,65625,7871525
1,10.101.001,— KAS KECIL,Lumiera Garden,2024-12-31,,Komisi Marcomm untuk Kavling LK-09,60.101.002 INSENTIF/KOMISI,,65625,7805900
1,10.101.001,— KAS KECIL,Lumiera Garden,2024-12-31,,Pinjaman untuk Joyo Agung 2 (Gaji Karyawan),10.102.012 PIUTANG JOYO AGUNG 2,,7500000,305900
1,10.101.001,— KAS KECIL,Lumiera Garden,2025-01-03,Kas Kecil,ITJ Kavling LK-03 an Rachmadiana Sari,20.101.002 UANG TANDA JADI,5000000,,5305900
1,10.101.001,— KAS KECIL,Lumiera Garden,2025-01-03,Kas Kecil,Pembayaran upah penjaga alat (11 Des s/d 31 Des 2024) - Pak Didik,60.103.001 HONOR,,1050000,4255900
1,10.101.001,— KAS KECIL,Lumiera Garden,2025-01-03,Kas Kecil,Reimburse Pak Dian - Material Air Kerja,10.202.018 SALURAN DISTRIBUSI AIR,,31000,4224900
1,10.101.001,— KAS KECIL,Lumiera Garden,2025-01-03,Kas Kecil,Reimburse Bella Telle (Kekurangan II Sticker Marketing+Sticker Eazy Kost+Kisscut),60.104.001 OPERASIONAL KANTOR,,35000,4189900
1,10.101.001,— KAS KECIL,Lumiera Garden,2025-01-06,Kas Kecil,Pembelian Cleo Galon Refil (3pcs),60.104.001 OPERASIONAL KANTOR,,52500,4137400
1,10.101.001,— KAS KECIL,Lumiera Garden,2025-01-08,Kas Kecil,Pembelian Nasi Kotak (Meeting Marketing) + Parkir,60.104.013 MEETING,,392000,3745400
1,10.101.001,— KAS KECIL,Lumiera Garden,2025-01-08,Kas Kecil,Pinjaman untuk Sigura-Gura (Exhaust Fan Kavling B05),10.102.010 PIUTANG SIGURA-GURA,,3150000,595400
1,10.101.001,— KAS KECIL,Lumiera Garden,2025-01-09,Kas Kecil,Map Tali Airmail untuk kirim PPJB,60.104.009 PERANGKO/KIRIMAN SRT & DOK,,4500,590900
1,10.101.001,— KAS KECIL,Lumiera Garden,2025-01-09,Kas Kecil,Pengiriman berkas PPJB LK-02 an Etty Parawati,60.104.009 PERANGKO/KIRIMAN SRT & DOK,,17000,573900
1,10.101.001,— KAS KECIL,Lumiera Garden,2025-01-09,Kas Kecil,Pengiriman berkas PPJB LK-03 an Rachmadiana Sari,60.104.009 PERANGKO/KIRIMAN SRT & DOK,,57500,516400
1,10.101.001,— KAS KECIL,Lumiera Garden,2025-01-09,Kas Kecil,Pengiriman berkas PPJB LK-10 an Mochamad Yunus,60.104.009 PERANGKO/KIRIMAN SRT & DOK,,20000,496400
1,10.101.001,— KAS KECIL,Lumiera Garden,2025-01-09,Kas Kecil,Pengiriman berkas PPJB LK-12 an Fitria Agustina + Parkir Motor,60.104.009 PERANGKO/KIRIMAN SRT & DOK,,19000,477400
1,10.101.001,— KAS KECIL,Lumiera Garden,2025-01-14,Kas Kecil,"Pembelian Tinta Printer Canon G2000 (C,M,K)",60.104.001 OPERASIONAL KANTOR,,199000,278400
1,10.101.001,— KAS KECIL,Lumiera Garden,2025-01-14,Kas Kecil,"Pembelian Teh, Minyak, Sabun, Kopi, dan Gunting Kecil",60.104.001 OPERASIONAL KANTOR,,131400,147000
1,10.101.001,— KAS KECIL,Lumiera Garden,2025-01-20,Kas Kecil,Pembelian Cleo Galon Refil (3pcs),60.104.001 OPERASIONAL KANTOR,,52500,94500
1,10.101.001,— KAS KECIL,Lumiera Garden,2025-01-20,Kas Kecil,Pembelian Kertas HVS A4 (maxi brite) & Map Business File,60.104.001 OPERASIONAL KANTOR,,94000,500
1,10.101.001,— KAS KECIL,Lumiera Garden,2025-01-24,Kas Kecil,Pekerjaan 100% Plengsengan (29/SPK/XII/2024) - Arifin,10.202.041 PLENGSENG,,50000000,-49999500
1,10.101.001,— KAS KECIL,Lumiera Garden,2025-01-24,,Pindah Saldo,10.101.002 CASH/TUNAI,51100000,,1100500
1,10.101.001,— KAS KECIL,Lumiera Garden,2025-01-30,Kas Kecil,Pinjaman dari Joyo Agung 2 (Termin Tanah Tohrengga),20.103.009 HUTANG JOYO AGUNG 2,650000000,,651100500
1,10.101.001,— KAS KECIL,Lumiera Garden,2025-01-30,Kas Kecil,Pembayaran Termin Tanah Tohrengga,10.201.001 PERSEDIAAN TANAH,,650000000,1100500
1,10.101.001,— KAS KECIL,Lumiera Garden,2025-01-31,Kas Kecil,Reimburse Pak Adhiwena (Weekly Meeting Pak Rendra),60.104.013 MEETING,,187000,913500
1,10.101.001,— KAS KECIL,Lumiera Garden,2025-01-31,Kas Kecil,Reimburse Pak Adhiwena (Meeting Direksi 24 Jan 2025) - Warkop Agam,60.104.013 MEETING,,207000,706500
1,10.101.001,— KAS KECIL,Lumiera Garden,2025-01-31,Kas Kecil,Reimburse Pak Adhiwena (Bensin Innova),60.104.007 BENSIN OPERASIONAL,,300000,406500
1,10.101.001,— KAS KECIL,Lumiera Garden,2025-01-31,Kas Kecil,Reimburse Pak Adhiwena (Meeting Direksi 30 Jan 2025) - Laluna,60.104.013 MEETING,,203500,203000
1,10.101.001,— KAS KECIL,Lumiera Garden,2025-01-31,Kas Kecil,Papan Kavling (4 pcs) uk 30x20 lb - StarOne,60.101.004 BEBAN ADVERTISING,,12000,191000
1,10.101.001,— KAS KECIL,Lumiera Garden,2025-01-31,Kas Kecil,Komisi Marketing Kavling C-03,60.101.002 INSENTIF/KOMISI,,7935000,-7744000
1,10.101.001,— KAS KECIL,Lumiera Garden,2025-01-31,Kas Kecil,BLT Marketing Kavling C-03,60.101.001 BLT,,1000000,-8744000
1,10.101.001,— KAS KECIL,Lumiera Garden,2025-01-31,Kas Kecil,Admin Bank,60.104.010 ADMINISTRASI BANK,,2900,-8746900
1,10.101.001,— KAS KECIL,Lumiera Garden,2025-01-31,Kas Kecil,Komisi SPV Marketing Kavling C-03,60.101.002 INSENTIF/KOMISI,,2645000,-11391900
1,10.101.001,— KAS KECIL,Lumiera Garden,2025-01-31,Kas Kecil,BLT SPV Marketing Kavling C-03,60.101.001 BLT,,2000000,-13391900
1,10.101.001,— KAS KECIL,Lumiera Garden,2025-01-31,Kas Kecil,Komisi Direktur Utama Kavling C-03,60.101.002 INSENTIF/KOMISI,,1058000,-14449900
1,10.101.001,— KAS KECIL,Lumiera Garden,2025-01-31,Kas Kecil,Komisi Direktur Operasional Kavling C-03,60.101.002 INSENTIF/KOMISI,,1058000,-15507900
1,10.101.001,— KAS KECIL,Lumiera Garden,2025-01-31,Kas Kecil,Komisi Direktur B&D Kavling C-03,60.101.002 INSENTIF/KOMISI,,1058000,-16565900
1,10.101.001,— KAS KECIL,Lumiera Garden,2025-01-31,Kas Kecil,Komisi Komisaris Kavling C-03,60.101.002 INSENTIF/KOMISI,,1058000,-17623900
1,10.101.001,— KAS KECIL,Lumiera Garden,2025-01-31,Kas Kecil,Komisi Direktur Teknik Kavling C-03,60.101.002 INSENTIF/KOMISI,,1058000,-18681900
1,10.101.001,— KAS KECIL,Lumiera Garden,2025-01-31,Kas Kecil,Komisi Marcomm Kavling C-03,60.101.002 INSENTIF/KOMISI,,97865,-18779765
1,10.101.001,— KAS KECIL,Lumiera Garden,2025-01-31,Kas Kecil,Komisi Marcomm Kavling C-03,60.101.002 INSENTIF/KOMISI,,66125,-18845890
1,10.101.001,— KAS KECIL,Lumiera Garden,2025-01-31,Kas Kecil,Komisi Marcomm Kavling C-03,60.101.002 INSENTIF/KOMISI,,47610,-18893500
1,10.101.001,— KAS KECIL,Lumiera Garden,2025-01-31,Kas Kecil,Komisi Marcomm Kavling C-03,60.101.002 INSENTIF/KOMISI,,52900,-18946400
1,10.101.001,— KAS KECIL,Lumiera Garden,2025-01-31,Kas Kecil,Komisi Marketing Kavling C-02,60.101.002 INSENTIF/KOMISI,,7935000,-26881400
1,10.101.001,— KAS KECIL,Lumiera Garden,2025-01-31,Kas Kecil,Komisi SPV Marketing Kavling C-02,60.101.002 INSENTIF/KOMISI,,2645000,-29526400
1,10.101.001,— KAS KECIL,Lumiera Garden,2025-01-31,Kas Kecil,BLT SPV Marketing Kavling C-02,60.101.001 BLT,,2000000,-31526400
1,10.101.001,— KAS KECIL,Lumiera Garden,2025-01-31,Kas Kecil,Komisi Direktur Utama Kavling C-02,60.101.002 INSENTIF/KOMISI,,1058000,-32584400
1,10.101.001,— KAS KECIL,Lumiera Garden,2025-01-31,Kas Kecil,Komisi Direktur Operasional Kavling C-02,60.101.002 INSENTIF/KOMISI,,1058000,-33642400
1,10.101.001,— KAS KECIL,Lumiera Garden,2025-01-31,Kas Kecil,Komisi Direktur B&D Kavling C-02,60.101.002 INSENTIF/KOMISI,,1058000,-34700400
1,10.101.001,— KAS KECIL,Lumiera Garden,2025-01-31,Kas Kecil,Komisi Komisaris Kavling C-02,60.101.002 INSENTIF/KOMISI,,1058000,-35758400
1,10.101.001,— KAS KECIL,Lumiera Garden,2025-01-31,Kas Kecil,Komisi Direktur Teknik Kavling C-02,60.101.002 INSENTIF/KOMISI,,1058000,-36816400
1,10.101.001,— KAS KECIL,Lumiera Garden,2025-01-31,Kas Kecil,Komisi Marcomm Kavling C-02,60.101.002 INSENTIF/KOMISI,,97865,-36914265
1,10.101.001,— KAS KECIL,Lumiera Garden,2025-01-31,Kas Kecil,Komisi Marcomm Kavling C-02,60.101.002 INSENTIF/KOMISI,,66125,-36980390
1,10.101.001,— KAS KECIL,Lumiera Garden,2025-01-31,Kas Kecil,Komisi Marcomm Kavling C-02,60.101.002 INSENTIF/KOMISI,,47610,-37028000
1,10.101.001,— KAS KECIL,Lumiera Garden,2025-01-31,Kas Kecil,Komisi Marcomm Kavling C-02,60.101.002 INSENTIF/KOMISI,,52900,-37080900
1,10.101.001,— KAS KECIL,Lumiera Garden,2025-01-31,Kas Kecil,Komisi Marketing Kavling LK-11,60.101.002 INSENTIF/KOMISI,,14460000,-51540900
1,10.101.001,— KAS KECIL,Lumiera Garden,2025-01-31,Kas Kecil,BLT Marketing Kavling LK-11,60.101.001 BLT,,1000000,-52540900
1,10.101.001,— KAS KECIL,Lumiera Garden,2025-01-31,Kas Kecil,Admin Bank,60.104.010 ADMINISTRASI BANK,,2900,-52543800
1,10.101.001,— KAS KECIL,Lumiera Garden,2025-01-31,Kas Kecil,Komisi SPV Marketing Kavling LK-11,60.101.002 INSENTIF/KOMISI,,4820000,-57363800
1,10.101.001,— KAS KECIL,Lumiera Garden,2025-01-31,Kas Kecil,BLT SPV Marketing Kavling LK-11,60.101.001 BLT,,2000000,-59363800
1,10.101.001,— KAS KECIL,Lumiera Garden,2025-01-31,Kas Kecil,Komisi Direktur Utama Kavling LK-11,60.101.002 INSENTIF/KOMISI,,1928000,-61291800
1,10.101.001,— KAS KECIL,Lumiera Garden,2025-01-31,Kas Kecil,Komisi Direktur Operasional Kavling LK-11,60.101.002 INSENTIF/KOMISI,,1928000,-63219800
1,10.101.001,— KAS KECIL,Lumiera Garden,2025-01-31,Kas Kecil,Komisi Direktur B&D Kavling LK-11,60.101.002 INSENTIF/KOMISI,,1928000,-65147800
1,10.101.001,— KAS KECIL,Lumiera Garden,2025-01-31,Kas Kecil,Komisi Komisaris Kavling LK-11,60.101.002 INSENTIF/KOMISI,,1928000,-67075800
1,10.101.001,— KAS KECIL,Lumiera Garden,2025-01-31,Kas Kecil,Komisi Direktur Teknik Kavling LK-11,60.101.002 INSENTIF/KOMISI,,1928000,-69003800
1,10.101.001,— KAS KECIL,Lumiera Garden,2025-01-31,Kas Kecil,Komisi Marcomm Kavling LK-11,60.101.002 INSENTIF/KOMISI,,226540,-69230340
1,10.101.001,— KAS KECIL,Lumiera Garden,2025-01-31,Kas Kecil,Komisi Marcomm Kavling LK-11,60.101.002 INSENTIF/KOMISI,,110860,-69341200
1,10.101.001,— KAS KECIL,Lumiera Garden,2025-01-31,Kas Kecil,Komisi Marcomm Kavling LK-11,60.101.002 INSENTIF/KOMISI,,67480,-69408680
1,10.101.001,— KAS KECIL,Lumiera Garden,2025-01-31,Kas Kecil,Komisi Marcomm Kavling LK-11,60.101.002 INSENTIF/KOMISI,,77120,-69485800
1,10.101.001,— KAS KECIL,Lumiera Garden,2025-01-31,,Pindah Saldo,10.101.002 CASH/TUNAI,21500000,,-47985800
1,10.101.001,— KAS KECIL,Lumiera Garden,2025-01-31,,Pindah Saldo,10.101.002 CASH/TUNAI,50000000,,2014200
1,10.101.001,— KAS KECIL,Lumiera Garden,2025-02-01,Kas Kecil,Penerimaan Pindah Buku dari BCA PT. ASA (Upah Penjaga Alat - P.Didik (01-31 Januari),10.101.004 SILANG KAS,1550000,,3564200
1,10.101.001,— KAS KECIL,Lumiera Garden,2025-02-01,Kas Kecil,Upah Penjaga Alat / P.Didik (01-31 Januari 2025),60.103.001 HONOR,,1550000,2014200
1,10.101.001,— KAS KECIL,Lumiera Garden,2025-02-01,Kas Kecil,Komisi Marketing Kavling LK-04,60.101.002 INSENTIF/KOMISI,,14835000,-12820800
1,10.101.001,— KAS KECIL,Lumiera Garden,2025-02-01,Kas Kecil,BLT Marketing Kavling LK-04,60.101.001 BLT,,1000000,-13820800
1,10.101.001,— KAS KECIL,Lumiera Garden,2025-02-01,Kas Kecil,Komisi SPV Marketing Kavling LK-04,60.101.002 INSENTIF/KOMISI,,4945000,-18765800
1,10.101.001,— KAS KECIL,Lumiera Garden,2025-02-01,Kas Kecil,BLT SPV Marketing Kavling LK-04,60.101.001 BLT,,2000000,-20765800
1,10.101.001,— KAS KECIL,Lumiera Garden,2025-02-01,Kas Kecil,Komisi Direktur Utama Kavling LK-04,60.101.002 INSENTIF/KOMISI,,1978000,-22743800
1,10.101.001,— KAS KECIL,Lumiera Garden,2025-02-01,Kas Kecil,Komisi Direktur Operasional Kavling LK-04,60.101.002 INSENTIF/KOMISI,,1978000,-24721800
1,10.101.001,— KAS KECIL,Lumiera Garden,2025-02-01,Kas Kecil,Komisi Direktur B&D Kavling LK-04,60.101.002 INSENTIF/KOMISI,,1978000,-26699800
1,10.101.001,— KAS KECIL,Lumiera Garden,2025-02-01,Kas Kecil,Komisi Komisaris Kavling LK-04,60.101.002 INSENTIF/KOMISI,,1978000,-28677800
1,10.101.001,— KAS KECIL,Lumiera Garden,2025-02-01,Kas Kecil,Komisi Direktur Teknik Kavling LK-04,60.101.002 INSENTIF/KOMISI,,1978000,-30655800
1,10.101.001,— KAS KECIL,Lumiera Garden,2025-02-01,Kas Kecil,Komisi Marcomm Kavling LK-04,60.101.002 INSENTIF/KOMISI,,232415,-30888215
1,10.101.001,— KAS KECIL,Lumiera Garden,2025-02-01,Kas Kecil,Komisi Marcomm Kavling LK-04,60.101.002 INSENTIF/KOMISI,,113735,-31001950
1,10.101.001,— KAS KECIL,Lumiera Garden,2025-02-01,Kas Kecil,Komisi Marcomm Kavling LK-04,60.101.002 INSENTIF/KOMISI,,69230,-31071180
1,10.101.001,— KAS KECIL,Lumiera Garden,2025-02-01,Kas Kecil,Komisi Marcomm Kavling LK-04,60.101.002 INSENTIF/KOMISI,,79120,-31150300
1,10.101.001,— KAS KECIL,Lumiera Garden,2025-02-01,,Pindah Saldo,10.101.002 CASH/TUNAI,33000000,,1849700
1,10.101.001,— KAS KECIL,Lumiera Garden,2025-02-03,Kas Kecil,Pembelian Materai,60.104.008 MATERAI,,500000,1349700
1,10.101.001,— KAS KECIL,Lumiera Garden,2025-02-03,Kas Kecil,"Pembelian ATK (Kertas HVS, Box File, Binder Clip, Penstand Ram Kotak)",60.104.001 OPERASIONAL KANTOR,,151000,1198700
1,10.101.001,— KAS KECIL,Lumiera Garden,2025-02-06,Kas Kecil,Krisbow Glove Latex,60.104.001 OPERASIONAL KANTOR,,27500,1171200
1,10.101.001,— KAS KECIL,Lumiera Garden,2025-02-06,Kas Kecil,Kirim Dokumen kavling LK-03,60.104.009 PERANGKO/KIRIMAN SRT & DOK,,43000,1128200
1,10.101.001,— KAS KECIL,Lumiera Garden,2025-02-07,Kas Kecil,Pembelian Cleo Galon Refil (3pcs),60.104.001 OPERASIONAL KANTOR,,52500,1075700
1,10.101.001,— KAS KECIL,Lumiera Garden,2025-02-08,Kas Kecil,Pengiriman Surat LK-10 an Mochamad Yunus,60.104.009 PERANGKO/KIRIMAN SRT & DOK,,20000,1055700
1,10.101.001,— KAS KECIL,Lumiera Garden,2025-02-10,Kas Kecil,Token Listrik Proyek (513111484250 an PJU Lumiera Joyo Agung),60.104.003 TOKEN PLN,,502750,552950
1,10.101.001,— KAS KECIL,Lumiera Garden,2025-02-11,Kas Kecil,Air Kerja,60.104.004 TAGIHAN PDAM,,200000,352950
1,10.101.001,— KAS KECIL,Lumiera Garden,2025-02-12,Kas Kecil,Pembelian Perlengkapan Tasyakuran Logo Adhiland Baru (Sendok & Mangkok Plastik),60.104.001 OPERASIONAL KANTOR,,24000,328950
1,10.101.001,— KAS KECIL,Lumiera Garden,2025-02-12,Kas Kecil,Pengiriman Kwitansi LK-10 an Mochamad Yunus,60.104.009 PERANGKO/KIRIMAN SRT & DOK,,20000,308950
1,10.101.001,— KAS KECIL,Lumiera Garden,2025-02-13,Kas Kecil,Weekly Operasional,60.104.013 MEETING,,134000,174950
1,10.101.001,— KAS KECIL,Lumiera Garden,2025-02-14,Kas Kecil,Penerimaan Pindah Buku dari BCA PT. ASA - Token Listrik Ruko Suhat (ID Pel : 513110771875),10.101.004 SILANG KAS,1002500,,1177450
1,10.101.001,— KAS KECIL,Lumiera Garden,2025-02-14,Kas Kecil,Token Listrik Ruko Suhat (ID Pel : 513110771875),60.104.003 TOKEN PLN,,1002500,174950
1,10.101.001,— KAS KECIL,Lumiera Garden,2025-02-14,Kas Kecil,Reimburse Pak Adhi (Pembelian Karpet Mobil Innova Zenix),60.104.001 OPERASIONAL KANTOR,,268839,-93889
1,10.101.001,— KAS KECIL,Lumiera Garden,2025-02-14,Kas Kecil,Reimburse Pak Adhi (Weekly Meeting Omah Datok / 3 Feb 2025),60.104.013 MEETING,,152000,-245889
1,10.101.001,— KAS KECIL,Lumiera Garden,2025-02-14,Kas Kecil,Reimburse Pak Adhi (Weekly Meeting Kopitiam / 10 Feb 2025),60.104.013 MEETING,,260804,-506693
1,10.101.001,— KAS KECIL,Lumiera Garden,2025-02-14,Kas Kecil,Reimburse Pak Adhi (Coating Mobil Zenix),60.104.001 OPERASIONAL KANTOR,,6050000,-6556693
1,10.101.001,— KAS KECIL,Lumiera Garden,2025-02-14,,Pindah Saldo,10.101.002 CASH/TUNAI,6500000,,-56693
1,10.101.001,— KAS KECIL,Lumiera Garden,2025-02-15,Kas Kecil,Pinjaman dari Sigura-gura (Tambahan kas kecil),20.103.006 HUTANG SIGURA-GURA,56693,,0
1,10.101.001,— KAS KECIL,Lumiera Garden,2025-02-18,Kas Kecil,Pinjaman dari Joyo Agung 2 (Termin Tanah Inggrid Permata),20.103.009 HUTANG JOYO AGUNG 2,53000000,,53000000
1,10.101.001,— KAS KECIL,Lumiera Garden,2025-02-18,Kas Kecil,Pengembalian Hutang dari Joyo Agung 2,10.102.012 PIUTANG JOYO AGUNG 2,547000000,,600000000
1,10.101.001,— KAS KECIL,Lumiera Garden,2025-02-18,Kas Kecil,Pembayaran Termin Tanah - Inggrid Permata Lestari,10.201.001 PERSEDIAAN TANAH,,600000000,0
1,10.101.001,— KAS KECIL,Lumiera Garden,2025-02-21,Kas Kecil,Reimburse Pak Adhi (Stempel Flash Adhiland),60.104.001 OPERASIONAL KANTOR,,135000,-135000
1,10.101.001,— KAS KECIL,Lumiera Garden,2025-02-21,Kas Kecil,Reimburse Pak Adhi (Meeting dengan Pak Rendra),60.104.013 MEETING,,344703,-479703
1,10.101.001,— KAS KECIL,Lumiera Garden,2025-02-21,Kas Kecil,Pembelian Loker Besi (Berkas Legal),11.101.001 PERALATAN KANTOR,,1500000,-1979703
1,10.101.001,— KAS KECIL,Lumiera Garden,2025-02-21,Kas Kecil,Pengembalian Hutang dari Sigura-Gura,10.102.010 PIUTANG SIGURA-GURA,508000,,-1471703
1,10.101.001,— KAS KECIL,Lumiera Garden,2025-02-21,Kas Kecil,Pembelian material bouwplank kavling C-03 - Toko Mayang Grand,10.203.999 LAIN-LAIN,,118000,-1589703
1,10.101.001,— KAS KECIL,Lumiera Garden,2025-02-21,Kas Kecil,Pembelian material paving jalan bagian lingkar sungai - Toko Mayang Grand,10.202.004 PAVING,,390000,-1979703
1,10.101.001,— KAS KECIL,Lumiera Garden,2025-02-21,,Pindah Saldo,10.101.002 CASH/TUNAI,2000000,,20297
1,10.101.001,— KAS KECIL,Lumiera Garden,2025-03-01,Kas Kecil,Pengembalian Hutang dari Sigura-Gura,10.102.010 PIUTANG SIGURA-GURA,5000000,,5020297
1,10.101.001,— KAS KECIL,Lumiera Garden,2025-03-01,Kas Kecil,Kas Bon Pekerjaan Paving & Kanstein (29/SPK.ADP-LG/XII/2024) - Agus Hasan,10.202.004 PAVING,,5000000,20297
1,10.101.001,— KAS KECIL,Lumiera Garden,2025-03-01,Kas Kecil,Penerimaan Pindah Buku dari BCA PT. ASA - Upah Penjaga Alat / P.Didik (01-28 Februari 2025),10.101.004 SILANG KAS,1400000,,1420297
1,10.101.001,— KAS KECIL,Lumiera Garden,2025-03-01,Kas Kecil,Upah Penjaga Alat / P.Didik (01-28 Februari 2025),60.103.001 HONOR,,1400000,20297
1,10.101.001,— KAS KECIL,Lumiera Garden,2025-03-01,Kas Kecil,Admin Bank Setor Tunai (Pembayaran Termin Tanah - Inggrid Permata Lestari / 18 Feb 2025),60.104.010 ADMINISTRASI BANK,,8700,11597
1,10.101.001,— KAS KECIL,Lumiera Garden,2025-03-01,Kas Kecil,Cetak Poster LG - Light Printing,60.104.001 OPERASIONAL KANTOR,,18000,-6403
1,10.101.001,— KAS KECIL,Lumiera Garden,2025-03-01,Kas Kecil,Pengembalian Hutang dari Sigura-Gura,10.102.010 PIUTANG SIGURA-GURA,127000,,120597
1,10.101.001,— KAS KECIL,Lumiera Garden,2025-03-01,Kas Kecil,Pembelian Pengharum Ruangan Marcomm (Glade Fresh One EF70),60.104.001 OPERASIONAL KANTOR,,26000,94597
1,10.101.001,— KAS KECIL,Lumiera Garden,2025-03-01,Kas Kecil,Call Center Lumiera Garden,60.104.005 TAGIHAN HALO CALL CENTER (08113646900),,101000,-6403
1,10.101.001,— KAS KECIL,Lumiera Garden,2025-03-14,Kas Kecil,Pengembalian Hutang dari Sigura-Gura,10.102.010 PIUTANG SIGURA-GURA,127000000,,126993597
1,10.101.001,— KAS KECIL,Lumiera Garden,2025-03-14,Kas Kecil,Air Kerja bulan Maret 2025,60.104.004 TAGIHAN PDAM,,200000,126793597
1,10.101.001,— KAS KECIL,Lumiera Garden,2025-03-14,Kas Kecil,Reimburse Pak Adhi (Pembelian Router+Kabel LAN+RJ 45),60.104.001 OPERASIONAL KANTOR,,845000,125948597
1,10.101.001,— KAS KECIL,Lumiera Garden,2025-03-14,Kas Kecil,Reimburse Pak Adhi (Jasa Instalasi Router Lt.3),60.104.001 OPERASIONAL KANTOR,,150000,125798597
1,10.101.001,— KAS KECIL,Lumiera Garden,2025-03-14,Kas Kecil,Reimburse Pak Adhi (Pembelian Inventaris Meja Kursi Kantor),11.101.001 PERALATAN KANTOR,,7750000,118048597
1,10.101.001,— KAS KECIL,Lumiera Garden,2025-03-14,Kas Kecil,Reimburse Pak Adhi (Pembelian Traffic Cone),11.102.001 PERALATAN TEKNIK,,636900,117411697
1,10.101.001,— KAS KECIL,Lumiera Garden,2025-03-14,Kas Kecil,Reimburse Pak Adhi (Pembelian Kursi Direktur RD322 / 4 pcs),11.101.001 PERALATAN KANTOR,,5200000,112211697
1,10.101.001,— KAS KECIL,Lumiera Garden,2025-03-14,Kas Kecil,Reimburse Pak Adhi (Pembelian Lemari Dokumen 2 laci),11.101.001 PERALATAN KANTOR,,1250000,110961697
1,10.101.001,— KAS KECIL,Lumiera Garden,2025-03-14,Kas Kecil,Termin 50% Pekerjaan Plengseng Timur & Galian (06/SPK-ADP/II/2025) - Arifin,10.202.041 PLENGSENG,,110435000,526697
1,10.101.001,— KAS KECIL,Lumiera Garden,2025-03-20,Kas Kecil,Get Contact LG (Telle),10.101.004 SILANG KAS,,30000,496697
1,10.101.001,— KAS KECIL,Lumiera Garden,2025-03-25,Kas Kecil,Pembelian Kabel Sambungan Printer ( USB Extension 3M V.2D),60.104.001 OPERASIONAL KANTOR,,35000,461697
1,10.101.001,— KAS KECIL,Lumiera Garden,2025-03-26,Kas Kecil,Pengembalian Hutang dari Sigura-Gura,10.102.010 PIUTANG SIGURA-GURA,1515000,,1976697
1,10.101.001,— KAS KECIL,Lumiera Garden,2025-03-26,Kas Kecil,Reimburse Pak Adhi (Loker 4 Susun Marketing Gallery+Ongkir+Rakit),11.101.001 PERALATAN KANTOR,,1015000,961697
1,10.101.001,— KAS KECIL,Lumiera Garden,2025-03-26,Kas Kecil,Reimburse Pak Adhi (Stiker Sandblast Ruangan),60.104.001 OPERASIONAL KANTOR,,500000,461697
1,10.101.001,— KAS KECIL,Lumiera Garden,2025-03-27,Kas Kecil,Pengembalian Hutang dari Sigura-Gura,10.102.010 PIUTANG SIGURA-GURA,530000,,991697
1,10.101.001,— KAS KECIL,Lumiera Garden,2025-03-27,Kas Kecil,Bambu Umbul-umbul,60.101.004 BEBAN ADVERTISING,,530000,461697
1,10.101.001,— KAS KECIL,Lumiera Garden,2025-03-27,Kas Kecil,Iuran Sampah Kantor/Ruko bulan Maret 2025,60.104.012 KEAMANAN DAN KEBERSIHAN,,75000,386697
1,10.101.001,— KAS KECIL,Lumiera Garden,2025-04-17,Kas Kecil,Galon Aqua (Lokasi Sigura-Gura),60.104.001 OPERASIONAL KANTOR,,22000,364697
1,10.101.001,— KAS KECIL,Lumiera Garden,2025-04-17,Kas Kecil,Kopi Sido Mulia 1B (500 gr / 6 plastik),60.104.001 OPERASIONAL KANTOR,,360000,4697
1,10.101.001,— KAS KECIL,Lumiera Garden,2025-04-19,Kas Kecil,Reimburse Pak Adhi (Weekly Direksi / 240325),60.104.013 MEETING,,184053,-179356
1,10.101.001,— KAS KECIL,Lumiera Garden,2025-04-19,Kas Kecil,Reimburse Pak Adhi (Pilox Black Doff untuk batas patok / 110425),"10.201.012 PENGUKURAN ""BPN""",,45000,-224356
1,10.101.001,— KAS KECIL,Lumiera Garden,2025-04-19,Kas Kecil,Reimburse Pak Adhi (Weekly Pak Rendra / 140425),60.104.013 MEETING,,185582,-409938
1,10.101.001,— KAS KECIL,Lumiera Garden,2025-04-19,Kas Kecil,Parkir BCA Basrah,60.104.001 OPERASIONAL KANTOR,,2000,-411938
1,10.101.001,— KAS KECIL,Lumiera Garden,2025-04-19,,Pindah Saldo,10.101.002 CASH/TUNAI,450000,,38062
1,10.101.001,— KAS KECIL,Lumiera Garden,2025-04-21,Kas Kecil,Pengembalian Hutang dari Sigura-Gura,10.102.010 PIUTANG SIGURA-GURA,846400,,884462
1,10.101.001,— KAS KECIL,Lumiera Garden,2025-04-21,Kas Kecil,Air Kerja bulan April 2025,60.104.004 TAGIHAN PDAM,,200000,684462
1,10.101.001,— KAS KECIL,Lumiera Garden,2025-04-21,Kas Kecil,Pembelian Material Instalasi Listrik Kantor Lt.3 - Gajayana Electronics,60.104.019 RENOVASI KANTOR,,546500,137962
1,10.101.001,— KAS KECIL,Lumiera Garden,2025-04-21,Kas Kecil,"Banner Bukber Adhiland uk. 3 x 1,5 - Light Printing",60.101.004 BEBAN ADVERTISING,,67500,70462
1,10.101.001,— KAS KECIL,Lumiera Garden,2025-04-21,Kas Kecil,Cue Card 2 Eksemplar - Light Printing,60.101.004 BEBAN ADVERTISING,,32400,38062
1,10.101.001,— KAS KECIL,Lumiera Garden,2025-04-24,Kas Kecil,Pembelian Gula 1kg & Galon 1 pcs,60.104.001 OPERASIONAL KANTOR,,39000,-938
1,10.101.001,— KAS KECIL,Lumiera Garden,2025-04-24,Kas Kecil,Get Contact LG + Admin (Telle),60.104.001 OPERASIONAL KANTOR,,22090,-23028
1,10.101.001,— KAS KECIL,Lumiera Garden,2025-04-24,,Pindah Saldo,10.101.002 CASH/TUNAI,200000,,176972
1,10.101.001,— KAS KECIL,Lumiera Garden,2025-04-25,Kas Kecil,Pembelian Aneka Kue Basah (Monthly Marketing),60.104.013 MEETING,,68500,108472
1,10.101.001,— KAS KECIL,Lumiera Garden,2025-04-26,Kas Kecil,Pembelian Air Mineral + Parkir,60.104.013 MEETING,,36400,72072
1,10.101.001,— KAS KECIL,Lumiera Garden,2025-04-29,Kas Kecil,Pengembalian Hutang dari Sigura-Gura,10.102.010 PIUTANG SIGURA-GURA,2000300000,,2000372072
1,10.101.001,— KAS KECIL,Lumiera Garden,2025-04-29,Kas Kecil,Pembayaran Termin Tanah - Inggrid Permata,10.201.001 PERSEDIAAN TANAH,,2000300000,72072
1,10.101.001,— KAS KECIL,Lumiera Garden,2025-04-29,Kas Kecil,Admin Bank Setor Tunai (Pembayaran Termin Tanah - Inggrid Permata Lestari),60.104.010 ADMINISTRASI BANK,,60000,12072
1,10.101.001,— KAS KECIL,Lumiera Garden,2025-05-01,Kas Kecil,Reimburse Bella (Member Badminton Bulan Mei),60.104.001 OPERASIONAL KANTOR,,610000,-597928
1,10.101.001,— KAS KECIL,Lumiera Garden,2025-05-02,,Pindah Saldo,10.101.002 CASH/TUNAI,1000000,,402072
1,10.101.001,— KAS KECIL,Lumiera Garden,2025-05-04,Kas Kecil,Penggangan Mas Andik (Bensin Zenix - EXPO),60.104.007 BENSIN OPERASIONAL,,400000,2072
1,10.101.001,— KAS KECIL,Lumiera Garden,2025-05-06,Kas Kecil,Komisi Marketing Kavling LK-05,60.101.002 INSENTIF/KOMISI,,13125000,-13122928
1,10.101.001,— KAS KECIL,Lumiera Garden,2025-05-06,Kas Kecil,Komisi SPV Marketing Kavling LK-05,60.101.002 INSENTIF/KOMISI,,4375000,-17497928
1,10.101.001,— KAS KECIL,Lumiera Garden,2025-05-06,Kas Kecil,BLT SPV Marketing Kavling LK-05,60.101.001 BLT,,2000000,-19497928
1,10.101.001,— KAS KECIL,Lumiera Garden,2025-05-06,Kas Kecil,Komisi Direktur Utama Kavling LK-05,60.101.002 INSENTIF/KOMISI,,1750000,-21247928
1,10.101.001,— KAS KECIL,Lumiera Garden,2025-05-06,Kas Kecil,Komisi Direktur Operasional Kavling LK-05,60.101.002 INSENTIF/KOMISI,,1750000,-22997928
1,10.101.001,— KAS KECIL,Lumiera Garden,2025-05-06,Kas Kecil,Komisi Direktur B&D Kavling LK-05,60.101.002 INSENTIF/KOMISI,,1750000,-24747928
1,10.101.001,— KAS KECIL,Lumiera Garden,2025-05-06,Kas Kecil,Komisi Komisaris Kavling LK-05,60.101.002 INSENTIF/KOMISI,,1750000,-26497928
1,10.101.001,— KAS KECIL,Lumiera Garden,2025-05-06,Kas Kecil,Komisi Direktur Teknik Kavling LK-05,60.101.002 INSENTIF/KOMISI,,1750000,-28247928
1,10.101.001,— KAS KECIL,Lumiera Garden,2025-05-06,,Pindah Saldo,10.101.002 CASH/TUNAI,28500000,,252072
1,10.101.001,— KAS KECIL,Lumiera Garden,2025-05-07,Kas Kecil,Bensin Operasional (Innova Zenix),60.104.007 BENSIN OPERASIONAL,,35000,217072
1,10.101.001,— KAS KECIL,Lumiera Garden,2025-05-09,Kas Kecil,Air Kerja bulan April 2025,60.104.004 TAGIHAN PDAM,,200000,17072
1,10.101.001,— KAS KECIL,Lumiera Garden,2025-05-15,Kas Kecil,Tempered Glass Call Center,60.104.001 OPERASIONAL KANTOR,,76750,-59678
1,10.101.001,— KAS KECIL,Lumiera Garden,2025-05-16,Kas Kecil,Reimburse Pak Adhi (Tiket PP Sby-Dps 3 orang),60.104.018 EVENT KANTOR,,3831800,-3891478
1,10.101.001,— KAS KECIL,Lumiera Garden,2025-05-16,Kas Kecil,Reimburse Pak Adhi (Weekly Pak Rendra),60.104.013 MEETING,,157053,-4048531
1,10.101.001,— KAS KECIL,Lumiera Garden,2025-05-16,Kas Kecil,Reimburse Pak Adhi (Meja Gaming Minimalis Modern / Meja Kantor),11.101.001 PERALATAN KANTOR,,538914,-4587445
1,10.101.001,— KAS KECIL,Lumiera Garden,2025-05-16,Kas Kecil,Uang Saku Gathering Bali Adhiland,60.104.018 EVENT KANTOR,,6600000,-11187445
1,10.101.001,— KAS KECIL,Lumiera Garden,2025-05-16,,Pindah Saldo,10.101.002 CASH/TUNAI,12600000,,1412555
1,10.101.001,— KAS KECIL,Lumiera Garden,2025-05-26,Kas Kecil,Hardisk (Seagate One Touch External HDD / 1 TB USB 3.0),11.101.001 PERALATAN KANTOR,,975000,437555
1,10.101.001,— KAS KECIL,Lumiera Garden,2025-05-27,Kas Kecil,Reimburse Pak Adhi (Weekly dengan P. Rendra / 260525),60.104.013 MEETING,,309514,128041
1,10.101.001,— KAS KECIL,Lumiera Garden,2025-05-27,Kas Kecil,Get Contact LG + Admin (Telle),60.104.001 OPERASIONAL KANTOR,,21090,106951
1,10.101.001,— KAS KECIL,Lumiera Garden,2025-05-30,Kas Kecil,Pembelian Galon Isi Ulang di Lokasi Project Lumiera,60.104.001 OPERASIONAL KANTOR,,20000,86951
1,10.101.001,— KAS KECIL,Lumiera Garden,2025-06-03,Kas Kecil,Iuran Sampah Kantor/Ruko (KW 310525),60.104.012 KEAMANAN DAN KEBERSIHAN,,75000,11951
1,10.101.001,— KAS KECIL,Lumiera Garden,2025-06-04,Kas Kecil,Pengembalian Hutang dari Sigura-Gura,10.102.010 PIUTANG SIGURA-GURA,19000,,30951
1,10.101.001,— KAS KECIL,Lumiera Garden,2025-06-04,Kas Kecil,Kirim Kwitansi LK-02 / Ibu Etty Parawati,60.104.009 PERANGKO/KIRIMAN SRT & DOK,,19000,11951
1,10.101.001,— KAS KECIL,Lumiera Garden,2025-06-05,Kas Kecil,Pengembalian Hutang dari Sigura-Gura,10.102.010 PIUTANG SIGURA-GURA,2000000,,2011951
1,10.101.001,— KAS KECIL,Lumiera Garden,2025-06-05,Kas Kecil,Survey KKPR Siteplan,10.201.013 SITE PLAN,,2000000,11951
1,10.101.001,— KAS KECIL,Lumiera Garden,2025-06-07,Kas Kecil,Reimburse Pak Adhi (Kabel FO 200 m + Router & HTB Pro + Jasa Pasang),10.202.999 LAIN-LAIN,,1270000,-1258049
1,10.101.001,— KAS KECIL,Lumiera Garden,2025-06-07,Kas Kecil,Reimburse Pak Adhi (Weekly Direksi / 02 Juni 2025),60.104.013 MEETING,,223000,-1481049
1,10.101.001,— KAS KECIL,Lumiera Garden,2025-06-07,,Pindah Saldo,10.101.002 CASH/TUNAI,2000000,,518951
1,10.101.001,— KAS KECIL,Lumiera Garden,2025-06-09,Kas Kecil,Bakaran & Kipas,60.104.018 EVENT KANTOR,,28000,490951
1,10.101.001,— KAS KECIL,Lumiera Garden,2025-06-09,Kas Kecil,"Lahap 3kg, Gelas Polkadot, Entong, Kertas Bundar, Sendok, Nutri & Kertas bks",60.104.018 EVENT KANTOR,,131000,359951
1,10.101.001,— KAS KECIL,Lumiera Garden,2025-06-09,Kas Kecil,Galon Aqua,60.104.018 EVENT KANTOR,,21000,338951
1,10.101.001,— KAS KECIL,Lumiera Garden,2025-06-09,Kas Kecil,"Cab, Gula, Sunlight & Spon cuci piring",60.104.018 EVENT KANTOR,,60000,278951
1,10.101.001,— KAS KECIL,Lumiera Garden,2025-06-09,Kas Kecil,Kecap Bango,60.104.018 EVENT KANTOR,,26000,252951
1,10.101.001,— KAS KECIL,Lumiera Garden,2025-06-09,Kas Kecil,"Semangka, Es Batu, Lada, Arang & Kecap Bango",60.104.018 EVENT KANTOR,,124000,128951
1,10.101.001,— KAS KECIL,Lumiera Garden,2025-06-09,Kas Kecil,Cetak Sticker Box (PSS-VINYL CAMEL Glossy - Light Printing),60.104.018 EVENT KANTOR,,11000,117951
1,10.101.001,— KAS KECIL,Lumiera Garden,2025-06-12,Kas Kecil,No Kavling Lumiera / 3 pcs (uk.20x20 lb) - StarOne,60.104.001 OPERASIONAL KANTOR,,9000,108951
1,10.101.001,— KAS KECIL,Lumiera Garden,2025-06-13,Kas Kecil,"Gula (JA, SG, LG) & Galon (SG,LG)",60.104.001 OPERASIONAL KANTOR,,96000,12951
1,10.101.001,— KAS KECIL,Lumiera Garden,2025-06-13,Kas Kecil,Pengembalian Hutang dari Sigura-Gura,10.102.010 PIUTANG SIGURA-GURA,3500000,,3512951
1,10.101.001,— KAS KECIL,Lumiera Garden,2025-06-13,Kas Kecil,Reimburse Pak Adhi (Bensin Avanza),60.104.007 BENSIN OPERASIONAL,,300000,3212951
1,10.101.001,— KAS KECIL,Lumiera Garden,2025-06-13,Kas Kecil,Reimburse Pak Adhi (CCTV+SD Card 64Gb) -Indoor,11.102.001 PERALATAN TEKNIK,,1174080,2038871
1,10.101.001,— KAS KECIL,Lumiera Garden,2025-06-13,Kas Kecil,"Reimburse Pak Adhi (Terpal, Tampar / Qurban)",11.101.001 PERALATAN KANTOR,,507500,1531371
1,10.101.001,— KAS KECIL,Lumiera Garden,2025-06-13,Kas Kecil,Reimburse Pak Adhi (Ongkos Potong / Qurban - 3 orang),60.104.018 EVENT KANTOR,,1000000,531371
1,10.101.001,— KAS KECIL,Lumiera Garden,2025-06-16,Kas Kecil,Pembelian Materai,60.104.008 MATERAI,,502000,29371
1,10.101.001,— KAS KECIL,Lumiera Garden,2025-06-20,Kas Kecil,Reimburse Pak Adhi (Bensin Avanza / Pertemuan POLDA JATIM),60.104.007 BENSIN OPERASIONAL,,200000,-170629
1,10.101.001,— KAS KECIL,Lumiera Garden,2025-06-20,Kas Kecil,Reimburse Pak Adhi (E-toll PP / Pertemuan POLDA JATIM),60.104.011 PERJALANAN DINAS,,138000,-308629
1,10.101.001,— KAS KECIL,Lumiera Garden,2025-06-20,Kas Kecil,Reimburse Pak Adhi (CCTV+SD Card 64GB / 2pcs) - Outdoor,11.102.001 PERALATAN TEKNIK,,1850000,-2158629
1,10.101.001,— KAS KECIL,Lumiera Garden,2025-06-20,Kas Kecil,Reimburse Pak Adhi (Weekly Pak Rendra),60.104.013 MEETING,,191000,-2349629
1,10.101.001,— KAS KECIL,Lumiera Garden,2025-06-20,,Pindah Saldo,10.101.002 CASH/TUNAI,2350000,,371
1,10.101.001,— KAS KECIL,Lumiera Garden,2025-06-21,Kas Kecil,Pinjaman dari Sigura-Gura,20.103.006 HUTANG SIGURA-GURA,55000,,55371
1,10.101.001,— KAS KECIL,Lumiera Garden,2025-06-21,Kas Kecil,Reimburse P. Dian (Pembelian Stopkontak Area Belakang - Jalur Kerja & CCTV),10.202.024 FASUM,,55000,371
1,10.101.001,— KAS KECIL,Lumiera Garden,2025-06-26,Kas Kecil,Pengembalian Hutang dari Sigura-Gura,10.102.010 PIUTANG SIGURA-GURA,39002500,,39002871
1,10.101.001,— KAS KECIL,Lumiera Garden,2025-06-26,Kas Kecil,Ads,60.101.005 BEBAN DIGITAL ADS,,10000000,29002871
1,10.101.001,— KAS KECIL,Lumiera Garden,2025-06-26,Kas Kecil,Biaya Admin,60.104.010 ADMINISTRASI BANK,,2500,29000371
1,10.101.001,— KAS KECIL,Lumiera Garden,2025-06-26,Kas Kecil,Reimburse Pak Adhi (Meeting Koordinasi Kebersihan),60.104.013 MEETING,,280000,28720371
1,10.101.001,— KAS KECIL,Lumiera Garden,2025-06-26,Kas Kecil,Reimburse Pak Adhi (Dispenser Miyako Hitam),11.101.001 PERALATAN KANTOR,,895000,27825371
1,10.101.001,— KAS KECIL,Lumiera Garden,2025-06-26,Kas Kecil,Reimburse Pak Adhi (Mug+toples+sendok),60.104.001 OPERASIONAL KANTOR,,67000,27758371
1,10.101.001,— KAS KECIL,Lumiera Garden,2025-06-26,Kas Kecil,Reimburse Pak Adhi (Weekly Pak Rendra),60.104.013 MEETING,,168752,27589619
1,10.101.001,— KAS KECIL,Lumiera Garden,2025-06-26,Kas Kecil,Reimburse Pak Adhi (Makan 5 orang),60.104.011 PERJALANAN DINAS,,170715,27418904
1,10.101.001,— KAS KECIL,Lumiera Garden,2025-06-26,Kas Kecil,Reimburse Pak Adhi (Top Up E-Toll),60.104.011 PERJALANAN DINAS,,200000,27218904
1,10.101.001,— KAS KECIL,Lumiera Garden,2025-06-26,Kas Kecil,Pembuatan Taman Behrem Sisi Timur & Tanaman - A. Bobby,10.202.008 TAMAN DAN PENGHIJAUAN,,10735000,16483904
1,10.101.001,— KAS KECIL,Lumiera Garden,2025-06-26,Kas Kecil,Cetak V Banner 260 x 90 + Pasang Bambu + Izin & Pajak (400 pcs),60.101.004 BEBAN ADVERTISING,,15500000,983904
1,10.101.001,— KAS KECIL,Lumiera Garden,2025-06-26,Kas Kecil,Pembelian Tandon 1000L,10.202.020 TANDON AIR,,950000,33904
1,10.101.001,— KAS KECIL,Lumiera Garden,2025-07-01,Kas Kecil,Pinjaman dari Sigura-Gura,20.103.006 HUTANG SIGURA-GURA,14600000,,14633904
1,10.101.001,— KAS KECIL,Lumiera Garden,2025-07-01,Kas Kecil,Pengembalian Hutang dari Sigura-Gura,10.102.010 PIUTANG SIGURA-GURA,21400000,,36033904
1,10.101.001,— KAS KECIL,Lumiera Garden,2025-07-01,Kas Kecil,Gaji Karyawan bulan Juni 2025,60.102.001 GAJI KARYAWAN TETAP,,35800000,233904
1,10.101.001,— KAS KECIL,Lumiera Garden,2025-07-02,Kas Kecil,Pinjaman dari Joyo Agung 2,20.103.009 HUTANG JOYO AGUNG 2,5000000,,5233904
1,10.101.001,— KAS KECIL,Lumiera Garden,2025-07-02,Kas Kecil,DP Pembelian Pohon Pule,10.202.008 TAMAN DAN PENGHIJAUAN,,5000000,233904
1,10.101.001,— KAS KECIL,Lumiera Garden,2025-07-03,Kas Kecil,Pinjaman dari Sigura-Gura,20.103.006 HUTANG SIGURA-GURA,700000,,933904
1,10.101.001,— KAS KECIL,Lumiera Garden,2025-07-03,Kas Kecil,Karpet New Carry (165 x 260) - Mobil Pick Up,11.103.001 KENDARAAN,,700000,233904
1,10.101.001,— KAS KECIL,Lumiera Garden,2025-07-03,Kas Kecil,Pengembalian Sisa Dana Budgeting CRD,10.101.004 SILANG KAS,284000,,517904
1,10.101.001,— KAS KECIL,Lumiera Garden,2025-07-03,Kas Kecil,Refund ITJ Kavling LK-19 an Heny Setyo Handoko,20.101.002 UANG TANDA JADI,,5000000,-4482096
1,10.101.001,— KAS KECIL,Lumiera Garden,2025-07-03,Kas Kecil,Kopi Sido Mulia 1B (500 gr / 6 plastik),60.104.001 OPERASIONAL KANTOR,,602000,-5084096
1,10.101.001,— KAS KECIL,Lumiera Garden,2025-07-03,Kas Kecil,Gula (3 pcs),60.104.001 OPERASIONAL KANTOR,,52800,-5136896
1,10.101.001,— KAS KECIL,Lumiera Garden,2025-07-03,,Pindah Saldo,10.101.002 CASH/TUNAI,5500000,,363104
1,10.101.001,— KAS KECIL,Lumiera Garden,2025-07-04,Kas Kecil,Brosur Lumiera (3000 pcs) - mm/ad,60.101.004 BEBAN ADVERTISING,,12000000,-11636896
1,10.101.001,— KAS KECIL,Lumiera Garden,2025-07-04,Kas Kecil,Taman Communal Space - A. Bobby,10.202.008 TAMAN DAN PENGHIJAUAN,,18745000,-30381896
1,10.101.001,— KAS KECIL,Lumiera Garden,2025-07-04,Kas Kecil,Biaya Notaris Akta Pelepasan Hak an Inggrid Permata Lestari,10.201.009 AJB & AKTA PELEPASAN HAK,,2500000,-32881896
1,10.101.001,— KAS KECIL,Lumiera Garden,2025-07-04,Kas Kecil,Biaya Notaris Balik Nama Tanah C (SHM 2735) an Inggrid - (Pembatalan PPJB & Rekom Validasi Pajak),10.201.006 BIAYA BALIK NAMA,,2500000,-35381896
1,10.101.001,— KAS KECIL,Lumiera Garden,2025-07-04,Kas Kecil,Biaya Notaris Akta Pelepasan Hak an Tohrengga Islah Kanoman,10.201.009 AJB & AKTA PELEPASAN HAK,,2500000,-37881896
1,10.101.001,— KAS KECIL,Lumiera Garden,2025-07-04,Kas Kecil,Biaya Notaris Balik Nama Tanah A (SHM 2736) an Tohrengga - (Pembatalan PPJB & Rekom Validasi Pajak),10.201.006 BIAYA BALIK NAMA,,2500000,-40381896
1,10.101.001,— KAS KECIL,Lumiera Garden,2025-07-04,Kas Kecil,Penutup Proyek LG uk 2 m x 86 m - StarOne,60.104.999 LAIN-LAIN,,20000000,-60381896
1,10.101.001,— KAS KECIL,Lumiera Garden,2025-07-04,Kas Kecil,Biaya Admin,60.104.010 ADMINISTRASI BANK,,2900,-60384796
1,10.101.001,— KAS KECIL,Lumiera Garden,2025-07-04,Kas Kecil,Token Listrik Kawasan bulan Juli 2025 (ID : 513111484250 an PJU Lumiera Joyo Agung),60.104.003 TOKEN PLN,,2006000,-62390796
1,10.101.001,— KAS KECIL,Lumiera Garden,2025-07-04,Kas Kecil,Pengembalian Hutang Ke Sigura-Gura,20.103.006 HUTANG SIGURA-GURA,,700000,-63090796
1,10.101.001,— KAS KECIL,Lumiera Garden,2025-07-04,,Pindah Saldo,10.101.002 CASH/TUNAI,63600000,,509204
1,10.101.001,— KAS KECIL,Lumiera Garden,2025-07-05,Kas Kecil,Bensin Avanza (Polda Jatim),60.104.007 BENSIN OPERASIONAL,,150000,359204
1,10.101.001,— KAS KECIL,Lumiera Garden,2025-07-05,Kas Kecil,Top Up E-Toll (Malang - Surabaya /PP),60.104.011 PERJALANAN DINAS,,134000,225204
1,10.101.001,— KAS KECIL,Lumiera Garden,2025-07-05,Kas Kecil,Meja Kursi Batu Taman (3 set),10.202.008 TAMAN DAN PENGHIJAUAN,,6000000,-5774796
1,10.101.001,— KAS KECIL,Lumiera Garden,2025-07-05,Kas Kecil,Batu Tapak Taman (20 pcs),10.202.008 TAMAN DAN PENGHIJAUAN,,560000,-6334796
1,10.101.001,— KAS KECIL,Lumiera Garden,2025-07-05,Kas Kecil,Meeting Direksi & Tamu (04/07/25),60.104.013 MEETING,,325000,-6659796
1,10.101.001,— KAS KECIL,Lumiera Garden,2025-07-05,Kas Kecil,Pagar Mobil + Planger & Pengaman Belakang - Mobil Pick Up,11.103.001 KENDARAAN,,1500000,-8159796
1,10.101.001,— KAS KECIL,Lumiera Garden,2025-07-05,Kas Kecil,Pembelian Aki Mobil Pick Up,60.104.021 MAINTENANCE KENDARAAN,,850000,-9009796
1,10.101.001,— KAS KECIL,Lumiera Garden,2025-07-05,,Pindah Saldo,10.101.002 CASH/TUNAI,10000000,,990204
1,10.101.001,— KAS KECIL,Lumiera Garden,2025-07-07,Kas Kecil,Pinjaman dari Joyo Agung 2,20.103.009 HUTANG JOYO AGUNG 2,13052500,,14042704
1,10.101.001,— KAS KECIL,Lumiera Garden,2025-07-07,Kas Kecil,Pelunasan Pembelian Pohon Pule,10.202.008 TAMAN DAN PENGHIJAUAN,,13050000,992704
1,10.101.001,— KAS KECIL,Lumiera Garden,2025-07-07,Kas Kecil,Biaya Admin,60.104.010 ADMINISTRASI BANK,,2500,990204
1,10.101.001,— KAS KECIL,Lumiera Garden,2025-07-11,Kas Kecil,Pinjaman dari Sigura-Gura,20.103.006 HUTANG SIGURA-GURA,85000000,,85990204
1,10.101.001,— KAS KECIL,Lumiera Garden,2025-07-11,Kas Kecil,Reimburse Pak Adhi (Lampu Dinding Tempel Solar),10.202.012 PENERANGAN JALAN UMUM,,159549,85830655
1,10.101.001,— KAS KECIL,Lumiera Garden,2025-07-11,Kas Kecil,Reimburse Pak Adhi (Lampu Jalan LED Solar 1000watt),10.202.012 PENERANGAN JALAN UMUM,,225898,85604757
1,10.101.001,— KAS KECIL,Lumiera Garden,2025-07-11,Kas Kecil,Reimburse Pak Adhi (Lampu Jalan LED Solar 500watt),10.202.012 PENERANGAN JALAN UMUM,,185898,85418859
1,10.101.001,— KAS KECIL,Lumiera Garden,2025-07-11,Kas Kecil,Tambahan Calatea Communal / 125 pcs - A. Bobby,10.202.008 TAMAN DAN PENGHIJAUAN,,1875000,83543859
1,10.101.001,— KAS KECIL,Lumiera Garden,2025-07-11,Kas Kecil,Pemotongan Pohon & Pembersihan Lahan - A. Bobby,60.104.012 KEAMANAN DAN KEBERSIHAN,,950000,82593859
1,10.101.001,— KAS KECIL,Lumiera Garden,2025-07-11,Kas Kecil,Pemasangan Tiang PJU Double (4 pcs) - Lumintu,10.202.012 PENERANGAN JALAN UMUM,,14220000,68373859
1,10.101.001,— KAS KECIL,Lumiera Garden,2025-07-11,Kas Kecil,Reimburse Pak Rula (Transport & Snack Survey Pohon) - 4 Nota,60.104.001 OPERASIONAL KANTOR,,426000,67947859
1,10.101.001,— KAS KECIL,Lumiera Garden,2025-07-11,Kas Kecil,Pelunasan EXPO MOG (25 Juni - 06 Juli 2025),60.101.006 EXPO,,65000000,2947859
1,10.101.001,— KAS KECIL,Lumiera Garden,2025-07-11,Kas Kecil,UM EXPO MOG (25 Juni - 06 Juli 2025) - Ika,60.101.006 EXPO,,500000,2447859
1,10.101.001,— KAS KECIL,Lumiera Garden,2025-07-11,Kas Kecil,UM EXPO MOG (25 Juni - 06 Juli 2025) - Nanda,60.101.006 EXPO,,450000,1997859
1,10.101.001,— KAS KECIL,Lumiera Garden,2025-07-11,Kas Kecil,UM EXPO MOG (25 Juni - 06 Juli 2025) - Andik,60.101.006 EXPO,,600000,1397859
1,10.101.001,— KAS KECIL,Lumiera Garden,2025-07-11,Kas Kecil,"Pembelian Kertas Samak Coklat, Isi Cuter, Lem Povinal",60.104.001 OPERASIONAL KANTOR,,16000,1381859
1,10.101.001,— KAS KECIL,Lumiera Garden,2025-07-11,Kas Kecil,Reward Karyawan bulan Mei & Juni 2025,60.104.002 SUMBANGAN/REWARD,,286000,1095859
1,10.101.001,— KAS KECIL,Lumiera Garden,2025-07-12,Kas Kecil,Bantuan Dana Kegiatan Grebeg Suro Kec. Tlogomas,60.104.002 SUMBANGAN/REWARD,,500000,595859
1,10.101.001,— KAS KECIL,Lumiera Garden,2025-07-16,Kas Kecil,Pegangan Pak Dian Teknik (Bensin Alkon & Material Pasang CCTV / 4 Nota),60.104.001 OPERASIONAL KANTOR,,221000,374859
1,10.101.001,— KAS KECIL,Lumiera Garden,2025-07-16,Kas Kecil,Pengiriman Kwitansi LK-02 an Etty Parawati,60.104.009 PERANGKO/KIRIMAN SRT & DOK,,17000,357859
1,10.101.001,— KAS KECIL,Lumiera Garden,2025-07-17,Kas Kecil,Galon Aqua Air Mineral 19L (08/0725),60.104.001 OPERASIONAL KANTOR,,42000,315859
1,10.101.001,— KAS KECIL,Lumiera Garden,2025-07-17,Kas Kecil,Pegangan Bella Telle (Beli Log Stabilizer),60.104.001 OPERASIONAL KANTOR,,200000,115859
1,10.101.001,— KAS KECIL,Lumiera Garden,2025-07-17,Kas Kecil,Galon Aqua (17/07/25) & Gula - 2 nota,60.104.001 OPERASIONAL KANTOR,,38000,77859
1,10.101.001,— KAS KECIL,Lumiera Garden,2025-07-18,Kas Kecil,Pinjaman dari Joyo Agung 2,20.103.009 HUTANG JOYO AGUNG 2,3200000,,3277859
1,10.101.001,— KAS KECIL,Lumiera Garden,2025-07-18,Kas Kecil,HRIS GajiHub (Paket Elite 12 Bulan),60.104.001 OPERASIONAL KANTOR,,3200000,77859
1,10.101.001,— KAS KECIL,Lumiera Garden,2025-07-18,Kas Kecil,Reimburse Pak Adhi (Direksi dengan pemilik tanah),60.104.013 MEETING,,321999,-244140
1,10.101.001,— KAS KECIL,Lumiera Garden,2025-07-18,Kas Kecil,Reimburse Pak Adhi (Weekly Pak Rendra),60.104.013 MEETING,,176042,-420182
1,10.101.001,— KAS KECIL,Lumiera Garden,2025-07-18,Kas Kecil,Reimburse Pak Adhi (Snack Weekly),60.104.013 MEETING,,20000,-440182
1,10.101.001,— KAS KECIL,Lumiera Garden,2025-07-18,,Pindah Saldo,10.101.002 CASH/TUNAI,600000,,159818
1,10.101.001,— KAS KECIL,Lumiera Garden,2025-07-19,Kas Kecil,Reimburse Pak Roy (Cetak Bisnis Proposal / Print A4 BC FC + Jilid Spiral (2 paket),60.104.001 OPERASIONAL KANTOR,,76000,83818
1,10.101.001,— KAS KECIL,Lumiera Garden,2025-07-21,Kas Kecil,Pajak BPHTB Tanah A (SHM 2736) an Tohrengga,10.201.007 BPHTB - BELI TANAH,,75661300,-75577482
1,10.101.001,— KAS KECIL,Lumiera Garden,2025-07-21,Kas Kecil,Pajak BPHTB Tanah C (SHM 2735) an Inggrid Permata,10.201.007 BPHTB - BELI TANAH,,172962500,-248539982
1,10.101.001,— KAS KECIL,Lumiera Garden,2025-07-21,,Pindah Saldo,10.101.002 CASH/TUNAI,249000000,,460018
1,10.101.001,— KAS KECIL,Lumiera Garden,2025-07-25,Kas Kecil,Pegangan mas Andik (Bensin Zenix),60.104.007 BENSIN OPERASIONAL,,300000,160018
1,10.101.001,— KAS KECIL,Lumiera Garden,2025-07-25,Kas Kecil,Reimburse Pak Adhi (Lampu In Lite 3W / 15 pcs),10.202.008 TAMAN DAN PENGHIJAUAN,,635150,-475132
1,10.101.001,— KAS KECIL,Lumiera Garden,2025-07-25,,Pindah Saldo,10.101.002 CASH/TUNAI,1000000,,524868
1,10.101.001,— KAS KECIL,Lumiera Garden,2025-07-26,Kas Kecil,"Laminating (Peringatan dilarang parkir, dll)",60.104.001 OPERASIONAL KANTOR,,21000,503868
1,10.101.001,— KAS KECIL,Lumiera Garden,2025-07-26,Kas Kecil,Pegangan Marcomm (Weekly),60.104.013 MEETING,,300000,203868
1,10.101.001,— KAS KECIL,Lumiera Garden,2025-07-26,,Pindah Saldo,10.101.002 CASH/TUNAI,2000900000,,2001103868
1,10.101.001,— KAS KECIL,Lumiera Garden,2025-07-28,Kas Kecil,Konsumsi Kue Basah (Monthly Marketing & Tamu Lahan Baru),60.104.013 MEETING,,200000,2000903868
1,10.101.001,— KAS KECIL,Lumiera Garden,2025-07-30,Kas Kecil,Pembayaran Termin Tanah - Yayok Tuhoyoto Wisanggo,10.201.001 PERSEDIAAN TANAH,,2000000000,903868
1,10.101.001,— KAS KECIL,Lumiera Garden,2025-07-30,Kas Kecil,Biaya Admin Setoran Tunai (Termin Tanah Pak Yayok),60.104.010 ADMINISTRASI BANK,,30000,873868
1,10.101.001,— KAS KECIL,Lumiera Garden,2025-07-30,Kas Kecil,Penganggti uang yang tidak genap dalam 1 bendel,60.102.999 LAIN-LAIN,,100000,773868
1,10.101.001,— KAS KECIL,Lumiera Garden,2025-07-30,Kas Kecil,Cetak Companny Profil Adhiland,60.104.001 OPERASIONAL KANTOR,,108200,665668
1,10.101.001,— KAS KECIL,Lumiera Garden,2025-07-30,Kas Kecil,"Pegangan Galih Marcomm (untuk cetak"")",60.104.001 OPERASIONAL KANTOR,,60800,604868
1,10.101.001,— KAS KECIL,Lumiera Garden,2025-07-31,Kas Kecil,Pegangan Pak Dian (Bensin Pick Up),60.104.007 BENSIN OPERASIONAL,,300000,304868
1,10.101.001,— KAS KECIL,Lumiera Garden,2025-08-01,Kas Kecil,Karet Gelang (untuk bendel uang),60.104.001 OPERASIONAL KANTOR,,3500,301368
1,10.101.001,— KAS KECIL,Lumiera Garden,2025-08-01,Kas Kecil,Iuran Sampah Kantor/Ruko (KW 010825),60.104.012 KEAMANAN DAN KEBERSIHAN,,75000,226368
1,10.101.001,— KAS KECIL,Lumiera Garden,2025-08-01,Kas Kecil,"Galon Refil (Cleo 3, Aqua 1)",60.104.001 OPERASIONAL KANTOR,,71000,155368
1,10.101.001,— KAS KECIL,Lumiera Garden,2025-08-01,Kas Kecil,Pinjaman dari Sigura-gura,20.103.006 HUTANG SIGURA-GURA,565500000,,565655368
1,10.101.001,— KAS KECIL,Lumiera Garden,2025-08-01,Kas Kecil,Termin 50% Pekerjaan Pagar Kawasan (39/SPK.ADP/VII/2025) - Arifin,10.202.013 PAGAR LINGKUNGAN,,58500000,507155368
1,10.101.001,— KAS KECIL,Lumiera Garden,2025-08-01,Kas Kecil,Termin 50% Pembangunan Unit LK-09 (17/SPK.ADP/IV/2025) - Nirsa Annas,10.203.001 PERSEDIAAN BANGUNAN,,170000000,337155368
1,10.101.001,— KAS KECIL,Lumiera Garden,2025-08-01,Kas Kecil,Termin 50% Pembangunan Unit LK-10 (18/SPK.ADP/IV/2025) - Nirsa Annas,10.203.001 PERSEDIAAN BANGUNAN,,170000000,167155368
1,10.101.001,— KAS KECIL,Lumiera Garden,2025-08-01,Kas Kecil,Termin 50% Pembangunan Unit LK-12 (22/SPK.ADP/IV/2025) - Richi Setiawan,10.203.001 PERSEDIAAN BANGUNAN,,165750000,1405368
1,10.101.001,— KAS KECIL,Lumiera Garden,2025-08-02,Kas Kecil,Pinjaman dari Sigura-gura,20.103.006 HUTANG SIGURA-GURA,3500000,,4905368
1,10.101.001,— KAS KECIL,Lumiera Garden,2025-08-02,Kas Kecil,Laptop Lenovo IDEAPAD (Telle/Vanda),11.101.001 PERALATAN KANTOR,,3450000,1455368
1,10.101.001,— KAS KECIL,Lumiera Garden,2025-08-02,Kas Kecil,"Pembelian Kopi 1,5kg (No.1) & 3,5kg (No.2)",60.104.001 OPERASIONAL KANTOR,,503000,952368
1,10.101.001,— KAS KECIL,Lumiera Garden,2025-08-06,Kas Kecil,Pegangan Pak Sugeng (Beli Galon/ 3 nota),60.104.001 OPERASIONAL KANTOR,,100000,852368
1,10.101.001,— KAS KECIL,Lumiera Garden,2025-08-06,Kas Kecil,Konsumsi Pak Yayok (2 Nota),60.104.001 OPERASIONAL KANTOR,,66000,786368
1,10.101.001,— KAS KECIL,Lumiera Garden,2025-08-07,Kas Kecil,Elpigi & Ken/M Ring Seal Gas,60.104.001 OPERASIONAL KANTOR,,26500,759868
1,10.101.001,— KAS KECIL,Lumiera Garden,2025-08-08,Kas Kecil,Pinjaman dari Sigura-gura,20.103.006 HUTANG SIGURA-GURA,900000,,1659868
1,10.101.001,— KAS KECIL,Lumiera Garden,2025-08-08,Kas Kecil,Reimburse Pak Adhi (Meeting dengan perwakilan polda),60.104.013 MEETING,,247000,1412868
1,10.101.001,— KAS KECIL,Lumiera Garden,2025-08-08,Kas Kecil,Reimburse Pak Adhi (Weekly Meeting Direksi & Komisaris),60.104.013 MEETING,,169022,1243846
1,10.101.001,— KAS KECIL,Lumiera Garden,2025-08-08,Kas Kecil,Reimburse Pak Adhi (Meeting dengan pemilik lahan batu),60.104.013 MEETING,,479000,764846
1,10.101.001,— KAS KECIL,Lumiera Garden,2025-08-08,Kas Kecil,"Pegangan Pak Dian (Beli Bambu Umbul"")",60.104.001 OPERASIONAL KANTOR,,80000,684846
1,10.101.001,— KAS KECIL,Lumiera Garden,2025-08-12,Kas Kecil,Pegangan Pak Dian (Bensin Pick Up),60.104.007 BENSIN OPERASIONAL,,200000,484846
1,10.101.001,— KAS KECIL,Lumiera Garden,2025-08-12,Kas Kecil,Pegangan Pak Dian (Bensin Alkon),60.104.001 OPERASIONAL KANTOR,,100000,384846
1,10.101.001,— KAS KECIL,Lumiera Garden,2025-08-13,Kas Kecil,Pegangan Mas Andik (Surabaya),60.104.001 OPERASIONAL KANTOR,,300000,84846
1,10.101.001,— KAS KECIL,Lumiera Garden,2025-08-15,Kas Kecil,Pinjaman dari Sigura-gura,20.103.006 HUTANG SIGURA-GURA,335000000,,335084846
1,10.101.001,— KAS KECIL,Lumiera Garden,2025-08-15,Kas Kecil,Termin 50% Kavling LK-7 (15/SPK.ADP/IV/2025) - Liswandi,10.203.001 PERSEDIAAN BANGUNAN,,163625000,171459846
1,10.101.001,— KAS KECIL,Lumiera Garden,2025-08-15,Kas Kecil,Termin 50% Kavling LK-8 (16/SPK.ADP/IV/2025) - Liswandi,10.203.001 PERSEDIAAN BANGUNAN,,163625000,7834846
1,10.101.001,— KAS KECIL,Lumiera Garden,2025-08-15,Kas Kecil,Reimburse Pak Rula (Pipa AC & Dak Tape Kavling LK-7 / 30 pcs),10.203.005 AC,,2100000,5734846
1,10.101.001,— KAS KECIL,Lumiera Garden,2025-08-15,Kas Kecil,Reimburse Pak Rula (Pipa AC & Dak Tape Kavling LK-8 / 30 pcs),10.203.005 AC,,2100000,3634846
1,10.101.001,— KAS KECIL,Lumiera Garden,2025-08-15,Kas Kecil,Reimburse Pak Rula (Freon R32 Kavling LK-7 & LK-8),10.203.005 AC,,1306250,2328596
1,10.101.001,— KAS KECIL,Lumiera Garden,2025-08-15,Kas Kecil,Reimburse Pak Rula (Daktape Kavling LK-7 & LK-8),10.203.005 AC,,160000,2168596
1,10.101.001,— KAS KECIL,Lumiera Garden,2025-08-15,Kas Kecil,"Reimburse Pak Rula (Kabel NYM 2x1,5 mm / 100m - Kabel Power AC LK-7&8)",10.203.005 AC,,1400000,768596
1,10.101.001,— KAS KECIL,Lumiera Garden,2025-08-20,Kas Kecil,Pinjaman dari Sigura-gura,20.103.006 HUTANG SIGURA-GURA,97600000,,98368596
1,10.101.001,— KAS KECIL,Lumiera Garden,2025-08-20,Kas Kecil,"Pajak BPHTB Sertifikat 2428, Induk D luas 470 M2",10.201.007 BPHTB - BELI TANAH,,97642500,726096
1,10.101.001,— KAS KECIL,Lumiera Garden,2025-08-21,Kas Kecil,Buah tangan jenguk karyawan sakit,60.104.001 OPERASIONAL KANTOR,,140000,586096
1,10.101.001,— KAS KECIL,Lumiera Garden,2025-08-21,Kas Kecil,"Pinjaman Manajamen Kost (Cetak Tata Tertib & Nomor"" Penting)",10.102.013 PIUTANG MANAJEMEN KOST,,8600,577496
1,10.101.001,— KAS KECIL,Lumiera Garden,2025-08-22,Kas Kecil,Reimburse Hasan (Perpanjangan Capcut),60.104.001 OPERASIONAL KANTOR,,20000,557496
1,10.101.001,— KAS KECIL,Lumiera Garden,2025-08-22,Kas Kecil,Kontribusi Lingkungan & Sosial RW.04 Jatimulyo (Juli-Agustus 2025),60.104.001 OPERASIONAL KANTOR,,100000,457496
1,10.101.001,— KAS KECIL,Lumiera Garden,2025-08-27,Kas Kecil,Komisi Marketing Kavling LK-22,60.101.002 INSENTIF/KOMISI,,15375000,-14917504
1,10.101.001,— KAS KECIL,Lumiera Garden,2025-08-27,Kas Kecil,BLT Marketing Kavling LK-22,60.101.001 BLT,,1000000,-15917504
1,10.101.001,— KAS KECIL,Lumiera Garden,2025-08-27,Kas Kecil,Komisi SPV Marketing Kavling LK-22,60.101.002 INSENTIF/KOMISI,,5125000,-21042504
1,10.101.001,— KAS KECIL,Lumiera Garden,2025-08-27,Kas Kecil,BLT SPV Marketing Kavling LK-22,60.101.001 BLT,,2000000,-23042504
1,10.101.001,— KAS KECIL,Lumiera Garden,2025-08-27,Kas Kecil,Komisi Direktur Utama Kavling LK-22,60.101.002 INSENTIF/KOMISI,,2050000,-25092504
1,10.101.001,— KAS KECIL,Lumiera Garden,2025-08-27,Kas Kecil,Komisi Direktur Operasional Kavling LK-22,60.101.002 INSENTIF/KOMISI,,2050000,-27142504
1,10.101.001,— KAS KECIL,Lumiera Garden,2025-08-27,Kas Kecil,Komisi Direktur B&D Kavling LK-22,60.101.002 INSENTIF/KOMISI,,2050000,-29192504
1,10.101.001,— KAS KECIL,Lumiera Garden,2025-08-27,Kas Kecil,Komisi Komisaris Kavling LK-22,60.101.002 INSENTIF/KOMISI,,2050000,-31242504
1,10.101.001,— KAS KECIL,Lumiera Garden,2025-08-27,Kas Kecil,Komisi Direktur Teknik Kavling LK-22,60.101.002 INSENTIF/KOMISI,,2050000,-33292504
1,10.101.001,— KAS KECIL,Lumiera Garden,2025-08-27,Kas Kecil,Komisi Marcomm Kavling LK-22,60.101.002 INSENTIF/KOMISI,,188600,-33481104
1,10.101.001,— KAS KECIL,Lumiera Garden,2025-08-27,Kas Kecil,Komisi Marcomm Kavling LK-22,60.101.002 INSENTIF/KOMISI,,123000,-33604104
1,10.101.001,— KAS KECIL,Lumiera Garden,2025-08-27,Kas Kecil,Komisi Marcomm Kavling LK-22,60.101.002 INSENTIF/KOMISI,,114800,-33718904
1,10.101.001,— KAS KECIL,Lumiera Garden,2025-08-27,Kas Kecil,Komisi Marcomm Kavling LK-22,60.101.002 INSENTIF/KOMISI,,131200,-33850104
1,10.101.001,— KAS KECIL,Lumiera Garden,2025-08-27,Kas Kecil,Komisi Marcomm Kavling LK-22,60.101.002 INSENTIF/KOMISI,,131200,-33981304
1,10.101.001,— KAS KECIL,Lumiera Garden,2025-08-27,Kas Kecil,Komisi Marcomm Kavling LK-22,60.101.002 INSENTIF/KOMISI,,131200,-34112504
1,10.101.001,— KAS KECIL,Lumiera Garden,2025-08-27,,Pindah Saldo,10.101.002 CASH/TUNAI,34600000,,487496
1,10.101.001,— KAS KECIL,Lumiera Garden,2025-09-01,Kas Kecil,Pegangan Pak Roy (Bensin & Cuci Mobil),10.101.004 SILANG KAS,,350000,137496
1,10.101.001,— KAS KECIL,Lumiera Garden,2025-09-01,Kas Kecil,Elpigi 3 Kg (Dapur Kantor),60.104.001 OPERASIONAL KANTOR,,23000,114496
1,10.101.001,— KAS KECIL,Lumiera Garden,2025-09-01,Kas Kecil,Biaya Materai (Pengurusan Token),60.104.008 MATERAI,,10000,104496
1,10.101.001,— KAS KECIL,Lumiera Garden,2025-09-03,Kas Kecil,Karet Gelang (untuk bendel uang) + Parkir,60.104.001 OPERASIONAL KANTOR,,29000,75496
1,10.101.001,— KAS KECIL,Lumiera Garden,2025-09-04,Kas Kecil,Kopi Kapal Api (Kantor),60.104.001 OPERASIONAL KANTOR,,52000,23496
1,10.101.001,— KAS KECIL,Lumiera Garden,2025-09-04,Kas Kecil,Pinjaman dari Sigura-gura,20.103.006 HUTANG SIGURA-GURA,462432900,,462456396
1,10.101.001,— KAS KECIL,Lumiera Garden,2025-09-04,Kas Kecil,Termin 50% Kavling LK-02 (36/SPK.ADP/VI/2025) - Riadi,10.203.001 PERSEDIAAN BANGUNAN,,161500000,300956396
1,10.101.001,— KAS KECIL,Lumiera Garden,2025-09-04,Kas Kecil,Admin Bank Setor Tunai,60.104.010 ADMINISTRASI BANK,,2900,300953496
1,10.101.001,— KAS KECIL,Lumiera Garden,2025-09-04,Kas Kecil,Termin 95% Pagar Kawasan Belakang (39/SPK.ADP/VII/2025) - Arifin,10.202.013 PAGAR LINGKUNGAN,,52650000,248303496
1,10.101.001,— KAS KECIL,Lumiera Garden,2025-09-04,Kas Kecil,Addendum Pagar Pagar Kawasan Sisi Timur & Bronjong - Arifin,10.202.013 PAGAR LINGKUNGAN,,25000000,223303496
1,10.101.001,— KAS KECIL,Lumiera Garden,2025-09-04,Kas Kecil,Termin 95% Tandon Kawasan (32/SPK.ADP/VI/2025) - Arifin,10.202.020 TANDON AIR,,188330000,34973496
1,10.101.001,— KAS KECIL,Lumiera Garden,2025-09-04,Kas Kecil,"Cetak V Banner 260x90 (300 pcs), Pasang Bambu (300 pcs), Ijin & Pajak (150 pcs) - Sigmaprint",60.101.004 BEBAN ADVERTISING,,34950000,23496
1,10.101.001,— KAS KECIL,Lumiera Garden,2025-09-04,Kas Kecil,Reimburse Pak Yasin (Print Warna untuk berkas kata pelepasan LG),10.201.009 AJB & AKTA PELEPASAN HAK,,4000,19496
1,10.101.001,— KAS KECIL,Lumiera Garden,2025-09-08,Kas Kecil,Pegangan Pak Dian (Bensin Alkon),60.104.001 OPERASIONAL KANTOR,,50000,-30504
1,10.101.001,— KAS KECIL,Lumiera Garden,2025-09-08,Kas Kecil,Pegangan Pak Dian (Bensin Pick Up),60.104.007 BENSIN OPERASIONAL,,250000,-280504
1,10.101.001,— KAS KECIL,Lumiera Garden,2025-09-08,Kas Kecil,Kopi (No.2 & 3) + Gula,60.104.001 OPERASIONAL KANTOR,,171000,-451504
1,10.101.001,— KAS KECIL,Lumiera Garden,2025-09-08,,Pindah Saldo,10.101.002 CASH/TUNAI,600000,,148496
1,10.101.001,— KAS KECIL,Lumiera Garden,2025-09-16,Kas Kecil,Iuran Sampah Kantor/Ruko bulan September 2025,60.104.012 KEAMANAN DAN KEBERSIHAN,,75000,73496
1,10.101.001,— KAS KECIL,Lumiera Garden,2025-09-19,Kas Kecil,Sewa Lensa Marcomm,60.101.999 BEBAN PROMOSI LAIN-LAIN,,120000,-46504
1,10.101.001,— KAS KECIL,Lumiera Garden,2025-09-19,Kas Kecil,Termin 50% Galeri Marketing (42/SPK.ADP/VIII/2025) - Riadi,10.202.017 GALLERY MARKETING,,60000000,-60046504
1,10.101.001,— KAS KECIL,Lumiera Garden,2025-09-19,Kas Kecil,Biaya Admin,60.104.010 ADMINISTRASI BANK,,2900,-60049404
1,10.101.001,— KAS KECIL,Lumiera Garden,2025-09-19,Kas Kecil,Pelunasan EXPO MOG (03 Sept - 14 Sept 2025),60.101.006 EXPO,,90000000,-150049404
1,10.101.001,— KAS KECIL,Lumiera Garden,2025-09-19,,Pindah Saldo,10.101.002 CASH/TUNAI,151000000,,950596
1,10.101.001,— KAS KECIL,Lumiera Garden,2025-09-20,Kas Kecil,Pegangan Mas Galih (Weekly Marcomm),60.104.013 MEETING,,227000,723596
1,10.101.001,— KAS KECIL,Lumiera Garden,2025-09-22,Kas Kecil,Pembelian Material Gudang,10.202.025 GUDANG,,135000,588596
1,10.101.001,— KAS KECIL,Lumiera Garden,2025-09-22,Kas Kecil,Pegangan Pak Dian (Bensin Pick Up),60.104.007 BENSIN OPERASIONAL,,200000,388596
1,10.101.001,— KAS KECIL,Lumiera Garden,2025-09-22,Kas Kecil,Kekurangan Parkir EXPO MOG,60.104.001 OPERASIONAL KANTOR,,2600,385996
1,10.101.001,— KAS KECIL,Lumiera Garden,2025-09-24,Kas Kecil,Pinjaman dari Sigura-gura,20.103.006 HUTANG SIGURA-GURA,13494300,,13880296
1,10.101.001,— KAS KECIL,Lumiera Garden,2025-09-24,Kas Kecil,Komisi Marketing Kavling LK-23,60.101.002 INSENTIF/KOMISI,,16125000,-2244704
1,10.101.001,— KAS KECIL,Lumiera Garden,2025-09-24,Kas Kecil,BLT Marketing Kavling LK-23,60.101.001 BLT,,1000000,-3244704
1,10.101.001,— KAS KECIL,Lumiera Garden,2025-09-24,Kas Kecil,Komisi SPV Marketing Kavling LK-23,60.101.002 INSENTIF/KOMISI,,5375000,-8619704
1,10.101.001,— KAS KECIL,Lumiera Garden,2025-09-24,Kas Kecil,BLT SPV Marketing Kavling LK-23,60.101.001 BLT,,2000000,-10619704
1,10.101.001,— KAS KECIL,Lumiera Garden,2025-09-24,Kas Kecil,Komisi Direktur Utama Kavling LK-23,60.101.002 INSENTIF/KOMISI,,2150000,-12769704
1,10.101.001,— KAS KECIL,Lumiera Garden,2025-09-24,Kas Kecil,Komisi Direktur Operasional Kavling LK-23,60.101.002 INSENTIF/KOMISI,,2150000,-14919704
1,10.101.001,— KAS KECIL,Lumiera Garden,2025-09-24,Kas Kecil,Komisi Direktur B&D Kavling LK-23,60.101.002 INSENTIF/KOMISI,,2150000,-17069704
1,10.101.001,— KAS KECIL,Lumiera Garden,2025-09-24,Kas Kecil,Komisi Komisaris Kavling LK-23,60.101.002 INSENTIF/KOMISI,,2150000,-19219704
1,10.101.001,— KAS KECIL,Lumiera Garden,2025-09-24,Kas Kecil,Komisi Direktur Teknik Kavling LK-23,60.101.002 INSENTIF/KOMISI,,2150000,-21369704
1,10.101.001,— KAS KECIL,Lumiera Garden,2025-09-24,Kas Kecil,Komisi Marcomm Kavling LK-23,60.101.002 INSENTIF/KOMISI,,197800,-21567504
1,10.101.001,— KAS KECIL,Lumiera Garden,2025-09-24,Kas Kecil,Komisi Marcomm Kavling LK-23,60.101.002 INSENTIF/KOMISI,,129000,-21696504
1,10.101.001,— KAS KECIL,Lumiera Garden,2025-09-24,Kas Kecil,Komisi Marcomm Kavling LK-23,60.101.002 INSENTIF/KOMISI,,120400,-21816904
1,10.101.001,— KAS KECIL,Lumiera Garden,2025-09-24,Kas Kecil,Komisi Marcomm Kavling LK-23,60.101.002 INSENTIF/KOMISI,,137600,-21954504
1,10.101.001,— KAS KECIL,Lumiera Garden,2025-09-24,Kas Kecil,Komisi Marcomm Kavling LK-23,60.101.002 INSENTIF/KOMISI,,137600,-22092104
1,10.101.001,— KAS KECIL,Lumiera Garden,2025-09-24,Kas Kecil,Komisi Marcomm Kavling LK-23,60.101.002 INSENTIF/KOMISI,,137600,-22229704
1,10.101.001,— KAS KECIL,Lumiera Garden,2025-09-24,,Pindah Saldo,10.101.002 CASH/TUNAI,23105700,,875996
1,10.101.001,— KAS KECIL,Lumiera Garden,2025-09-27,Kas Kecil,Weekly Marcomm,60.104.013 MEETING,,245000,630996
1,10.101.001,— KAS KECIL,Lumiera Garden,2025-09-27,Kas Kecil,Pegangan mas Andik (Bensin Zenix),60.104.007 BENSIN OPERASIONAL,,250000,380996
1,10.101.001,— KAS KECIL,Lumiera Garden,2025-09-27,Kas Kecil,Pegangan mas Andik (Cuci Mobil),60.104.001 OPERASIONAL KANTOR,,50000,330996
1,10.101.001,— KAS KECIL,Lumiera Garden,2025-09-29,Kas Kecil,Tambal Tubles Mobil Zenix,60.104.001 OPERASIONAL KANTOR,,15000,315996
1,10.101.001,— KAS KECIL,Lumiera Garden,2025-10-01,Kas Kecil,Handsoap,60.104.001 OPERASIONAL KANTOR,,8900,307096
1,10.101.001,— KAS KECIL,Lumiera Garden,2025-10-02,Kas Kecil,Konsumsi Monthly (Kue Basah & Cleo),60.104.013 MEETING,,173000,134096
1,10.101.001,— KAS KECIL,Lumiera Garden,2025-10-04,Kas Kecil,Pinjaman dari Sigura-gura,20.103.006 HUTANG SIGURA-GURA,167000000,,167134096
1,10.101.001,— KAS KECIL,Lumiera Garden,2025-10-04,Kas Kecil,Termin 50% Kavling LK-04 (37/SPK.ADP/VII/2025) - Richi Setiawan,10.203.001 PERSEDIAAN BANGUNAN,,166812500,321596
1,10.101.001,— KAS KECIL,Lumiera Garden,2025-10-04,Kas Kecil,Kopi 6kg (No.1&2) + Gula 3Kg + Parkir,60.104.001 OPERASIONAL KANTOR,,220000,101596
1,10.101.001,— KAS KECIL,Lumiera Garden,2025-10-08,Kas Kecil,Pinjaman dari Joyo Agung 2,20.103.009 HUTANG JOYO AGUNG 2,700000,,801596
1,10.101.001,— KAS KECIL,Lumiera Garden,2025-10-08,Kas Kecil,Instalasi Panel & Indikator Tandon Kawasan - Suwandi,10.202.020 TANDON AIR,,700000,101596
1,10.101.001,— KAS KECIL,Lumiera Garden,2025-10-10,Kas Kecil,Pinjaman dari Sigura-gura,20.103.006 HUTANG SIGURA-GURA,1500000,,1601596
1,10.101.001,— KAS KECIL,Lumiera Garden,2025-10-10,Kas Kecil,Cetak Roll Banner LG,60.101.004 BEBAN ADVERTISING,,382000,1219596
1,10.101.001,— KAS KECIL,Lumiera Garden,2025-10-10,Kas Kecil,Pinjaman dari Joyo Agung 2,20.103.009 HUTANG JOYO AGUNG 2,34448907,,35668503
1,10.101.001,— KAS KECIL,Lumiera Garden,2025-10-10,Kas Kecil,Reimburse Pak Adhi (AC 1PK untuk Marketing Gallery / 2 unit),10.202.017 GALLERY MARKETING,,6798000,28870503
1,10.101.001,— KAS KECIL,Lumiera Garden,2025-10-10,Kas Kecil,Reimburse Pak Adhi (Garansi AC Hartono),10.202.017 GALLERY MARKETING,,198000,28672503
1,10.101.001,— KAS KECIL,Lumiera Garden,2025-10-10,Kas Kecil,Reimburse Pak Adhi (Meeting Direksi di Joyoagung),60.104.013 MEETING,,157000,28515503
1,10.101.001,— KAS KECIL,Lumiera Garden,2025-10-10,Kas Kecil,Reimburse Pak Adhi (Weekly Meeting Pak Rendra),60.104.013 MEETING,,293007,28222496
1,10.101.001,— KAS KECIL,Lumiera Garden,2025-10-10,Kas Kecil,DP Umroh 13 hari (6 pack),60.104.001 OPERASIONAL KANTOR,,27000000,1222496
1,10.101.001,— KAS KECIL,Lumiera Garden,2025-10-11,Kas Kecil,Weekly Marcomm,60.104.013 MEETING,,250000,972496
1,10.101.001,— KAS KECIL,Lumiera Garden,2025-10-15,Kas Kecil,Sewa Lapangan Badminton (21.00 s/d 22.00) & Sewa Raket (4 pcs / 3 jam),60.104.001 OPERASIONAL KANTOR,,150000,822496
1,10.101.001,— KAS KECIL,Lumiera Garden,2025-10-16,Kas Kecil,Pengangan mas Andik - Pertamax Zenix (Kunjungan User - Pasuruan/Tim Amin),60.104.007 BENSIN OPERASIONAL,,200000,622496
1,10.101.001,— KAS KECIL,Lumiera Garden,2025-10-16,Kas Kecil,Pengangan mas Andik - Top Up E-Toll (Kunjungan User - Pasuruan/Tim Amin),60.104.011 PERJALANAN DINAS,,100000,522496
1,10.101.001,— KAS KECIL,Lumiera Garden,2025-10-17,Kas Kecil,Pinjaman dari Joyo Agung 2,20.103.009 HUTANG JOYO AGUNG 2,23951785,,24474281
1,10.101.001,— KAS KECIL,Lumiera Garden,2025-10-17,Kas Kecil,Reimburse Pak Adhi (Meja Bulat Abu-abu / 2 pcs),11.101.001 PERALATAN KANTOR,,1798000,22676281
1,10.101.001,— KAS KECIL,Lumiera Garden,2025-10-17,Kas Kecil,Reimburse Pak Adhi (Karpet Cream),11.101.001 PERALATAN KANTOR,,1699000,20977281
1,10.101.001,— KAS KECIL,Lumiera Garden,2025-10-17,Kas Kecil,"Reimburse Pak Adhi (Set Sofa Abu 3,2,1)",11.101.001 PERALATAN KANTOR,,10999000,9978281
1,10.101.001,— KAS KECIL,Lumiera Garden,2025-10-17,Kas Kecil,Reimburse Pak Adhi (Meja Kotak Abu-abu),11.101.001 PERALATAN KANTOR,,4999000,4979281
1,10.101.001,— KAS KECIL,Lumiera Garden,2025-10-17,Kas Kecil,Reimburse Pak Adhi (Keset Informa),11.101.001 PERALATAN KANTOR,,229000,4750281
1,10.101.001,— KAS KECIL,Lumiera Garden,2025-10-17,Kas Kecil,Reimburse Pak Adhi (Vas Hiasan Meja),11.101.001 PERALATAN KANTOR,,299000,4451281
1,10.101.001,— KAS KECIL,Lumiera Garden,2025-10-17,Kas Kecil,Reimburse Pak Adhi (Alat Kebersihan Marketing Gallery / 2 Nota),60.104.001 OPERASIONAL KANTOR,,370700,4080581
1,10.101.001,— KAS KECIL,Lumiera Garden,2025-10-17,Kas Kecil,Reimburse Pak Adhi (Weekly Meeting Direksi Komisaris),60.104.013 MEETING,,833085,3247496
1,10.101.001,— KAS KECIL,Lumiera Garden,2025-10-17,Kas Kecil,"Reimburse Pak Adhi (Ongkos Bersih"" Marketing Gallery)",60.104.001 OPERASIONAL KANTOR,,100000,3147496
1,10.101.001,— KAS KECIL,Lumiera Garden,2025-10-17,Kas Kecil,Reimburse Pak Adhi (Vaksi Meningitis+Polio),60.104.011 PERJALANAN DINAS,,2625000,522496
1,10.101.001,— KAS KECIL,Lumiera Garden,2025-10-21,Kas Kecil,Pinjaman dari Joyo Agung 2,20.103.009 HUTANG JOYO AGUNG 2,36110000,,36632496
1,10.101.001,— KAS KECIL,Lumiera Garden,2025-10-21,Kas Kecil,Komisi Marketing Kavling LK-19,60.101.002 INSENTIF/KOMISI,,16125000,20507496
1,10.101.001,— KAS KECIL,Lumiera Garden,2025-10-21,Kas Kecil,BLT Marketing Kavling LK-19,60.101.001 BLT,,1000000,19507496
1,10.101.001,— KAS KECIL,Lumiera Garden,2025-10-21,Kas Kecil,Komisi SPV Marketing Kavling LK-19,60.101.002 INSENTIF/KOMISI,,5375000,14132496
1,10.101.001,— KAS KECIL,Lumiera Garden,2025-10-21,Kas Kecil,BLT SPV Marketing Kavling LK-19,60.101.001 BLT,,2000000,12132496
1,10.101.001,— KAS KECIL,Lumiera Garden,2025-10-21,Kas Kecil,Komisi Direktur Utama Kavling LK-19,60.101.002 INSENTIF/KOMISI,,2150000,9982496
1,10.101.001,— KAS KECIL,Lumiera Garden,2025-10-21,Kas Kecil,Komisi Direktur Operasional Kavling LK-19,60.101.002 INSENTIF/KOMISI,,2150000,7832496
1,10.101.001,— KAS KECIL,Lumiera Garden,2025-10-21,Kas Kecil,Komisi Direktur B&D Kavling LK-19,60.101.002 INSENTIF/KOMISI,,2150000,5682496
1,10.101.001,— KAS KECIL,Lumiera Garden,2025-10-21,Kas Kecil,Komisi Komisaris Kavling LK-19,60.101.002 INSENTIF/KOMISI,,2150000,3532496
1,10.101.001,— KAS KECIL,Lumiera Garden,2025-10-21,Kas Kecil,Komisi Direktur Teknik Kavling LK-19,60.101.002 INSENTIF/KOMISI,,2150000,1382496
1,10.101.001,— KAS KECIL,Lumiera Garden,2025-10-21,Kas Kecil,Komisi Marcomm Kavling LK-19,60.101.002 INSENTIF/KOMISI,,197800,1184696
1,10.101.001,— KAS KECIL,Lumiera Garden,2025-10-21,Kas Kecil,Komisi Marcomm Kavling LK-19,60.101.002 INSENTIF/KOMISI,,129000,1055696
1,10.101.001,— KAS KECIL,Lumiera Garden,2025-10-21,Kas Kecil,Komisi Marcomm Kavling LK-19,60.101.002 INSENTIF/KOMISI,,120400,935296
1,10.101.001,— KAS KECIL,Lumiera Garden,2025-10-21,Kas Kecil,Komisi Marcomm Kavling LK-19,60.101.002 INSENTIF/KOMISI,,137600,797696
1,10.101.001,— KAS KECIL,Lumiera Garden,2025-10-21,Kas Kecil,Komisi Marcomm Kavling LK-19,60.101.002 INSENTIF/KOMISI,,137600,660096
1,10.101.001,— KAS KECIL,Lumiera Garden,2025-10-21,Kas Kecil,Komisi Marcomm Kavling LK-19,60.101.002 INSENTIF/KOMISI,,137600,522496
1,10.101.001,— KAS KECIL,Lumiera Garden,2025-10-22,Kas Kecil,Pinjaman dari Joyo Agung 2,20.103.009 HUTANG JOYO AGUNG 2,39200000,,39722496
1,10.101.001,— KAS KECIL,Lumiera Garden,2025-10-22,Kas Kecil,Komisi Marketing Kavling LK-17,60.101.002 INSENTIF/KOMISI,,17625000,22097496
1,10.101.001,— KAS KECIL,Lumiera Garden,2025-10-22,Kas Kecil,BLT Marketing Kavling LK-17,60.101.001 BLT,,1000000,21097496
1,10.101.001,— KAS KECIL,Lumiera Garden,2025-10-22,Kas Kecil,Komisi SPV Marketing Kavling LK-17,60.101.002 INSENTIF/KOMISI,,5875000,15222496
1,10.101.001,— KAS KECIL,Lumiera Garden,2025-10-22,Kas Kecil,BLT SPV Marketing Kavling LK-17,60.101.001 BLT,,2000000,13222496
1,10.101.001,— KAS KECIL,Lumiera Garden,2025-10-22,Kas Kecil,Komisi Direktur Utama Kavling LK-17,60.101.002 INSENTIF/KOMISI,,2350000,10872496
1,10.101.001,— KAS KECIL,Lumiera Garden,2025-10-22,Kas Kecil,Komisi Direktur Operasional Kavling LK-17,60.101.002 INSENTIF/KOMISI,,2350000,8522496
1,10.101.001,— KAS KECIL,Lumiera Garden,2025-10-22,Kas Kecil,Komisi Direktur B&D Kavling LK-17,60.101.002 INSENTIF/KOMISI,,2350000,6172496
1,10.101.001,— KAS KECIL,Lumiera Garden,2025-10-22,Kas Kecil,Komisi Komisaris Kavling LK-17,60.101.002 INSENTIF/KOMISI,,2350000,3822496
1,10.101.001,— KAS KECIL,Lumiera Garden,2025-10-22,Kas Kecil,Komisi Direktur Teknik Kavling LK-17,60.101.002 INSENTIF/KOMISI,,2350000,1472496
1,10.101.001,— KAS KECIL,Lumiera Garden,2025-10-22,Kas Kecil,Komisi Marcomm Kavling LK-17,60.101.002 INSENTIF/KOMISI,,216200,1256296
1,10.101.001,— KAS KECIL,Lumiera Garden,2025-10-22,Kas Kecil,Komisi Marcomm Kavling LK-17,60.101.002 INSENTIF/KOMISI,,141000,1115296
1,10.101.001,— KAS KECIL,Lumiera Garden,2025-10-22,Kas Kecil,Komisi Marcomm Kavling LK-17,60.101.002 INSENTIF/KOMISI,,131600,983696
1,10.101.001,— KAS KECIL,Lumiera Garden,2025-10-22,Kas Kecil,Komisi Marcomm Kavling LK-17,60.101.002 INSENTIF/KOMISI,,150400,833296
1,10.101.001,— KAS KECIL,Lumiera Garden,2025-10-22,Kas Kecil,Komisi Marcomm Kavling LK-17,60.101.002 INSENTIF/KOMISI,,150400,682896
1,10.101.001,— KAS KECIL,Lumiera Garden,2025-10-22,Kas Kecil,Komisi Marcomm Kavling LK-17,60.101.002 INSENTIF/KOMISI,,150400,532496
1,10.101.001,— KAS KECIL,Lumiera Garden,2025-10-23,Kas Kecil,Property Konten (Take Video di LG),60.104.001 OPERASIONAL KANTOR,,107700,424796
1,10.101.001,— KAS KECIL,Lumiera Garden,2025-10-24,Kas Kecil,Pembayaran Hutang Ke Sigura-Gura,20.103.006 HUTANG SIGURA-GURA,,281600816,-281176020
1,10.101.001,— KAS KECIL,Lumiera Garden,2025-10-24,Kas Kecil,Bensin Zenix (PPJB LK-24 / Sidoarjo),60.104.007 BENSIN OPERASIONAL,,200000,-281376020
1,10.101.001,— KAS KECIL,Lumiera Garden,2025-10-24,Kas Kecil,Top Up E-Toll (PPJB LK-24 / Sidoarjo),60.104.011 PERJALANAN DINAS,,200000,-281576020
1,10.101.001,— KAS KECIL,Lumiera Garden,2025-10-24,,Pindah Saldo,10.101.002 CASH/TUNAI,282587400,,1011380
1,10.101.001,— KAS KECIL,Lumiera Garden,2025-10-25,Kas Kecil,"Kopi JM Tulen (1,5 kg)",60.104.001 OPERASIONAL KANTOR,,102000,909380
1,10.101.001,— KAS KECIL,Lumiera Garden,2025-10-25,Kas Kecil,Komisi Marketing Kavling C-04,60.101.002 INSENTIF/KOMISI,,10440000,-9530620
1,10.101.001,— KAS KECIL,Lumiera Garden,2025-10-25,Kas Kecil,BLT Marketing Kavling C-04,60.101.001 BLT,,1000000,-10530620
1,10.101.001,— KAS KECIL,Lumiera Garden,2025-10-25,Kas Kecil,Komisi SPV Marketing Kavling C-04,60.101.002 INSENTIF/KOMISI,,3480000,-14010620
1,10.101.001,— KAS KECIL,Lumiera Garden,2025-10-25,Kas Kecil,BLT SPV Marketing Kavling C-04,60.101.001 BLT,,2000000,-16010620
1,10.101.001,— KAS KECIL,Lumiera Garden,2025-10-25,Kas Kecil,Komisi Direktur Utama Kavling C-04,60.101.002 INSENTIF/KOMISI,,1392000,-17402620
1,10.101.001,— KAS KECIL,Lumiera Garden,2025-10-25,Kas Kecil,Komisi Direktur Operasional Kavling C-04,60.101.002 INSENTIF/KOMISI,,1392000,-18794620
1,10.101.001,— KAS KECIL,Lumiera Garden,2025-10-25,Kas Kecil,Komisi Direktur B&D Kavling C-04,60.101.002 INSENTIF/KOMISI,,1392000,-20186620
1,10.101.001,— KAS KECIL,Lumiera Garden,2025-10-25,Kas Kecil,Komisi Komisaris Kavling C-04,60.101.002 INSENTIF/KOMISI,,1392000,-21578620
1,10.101.001,— KAS KECIL,Lumiera Garden,2025-10-25,Kas Kecil,Komisi Direktur Teknik Kavling C-04,60.101.002 INSENTIF/KOMISI,,1392000,-22970620
1,10.101.001,— KAS KECIL,Lumiera Garden,2025-10-25,Kas Kecil,Komisi Marcomm Kavling C-04,60.101.002 INSENTIF/KOMISI,,116928,-23087548
1,10.101.001,— KAS KECIL,Lumiera Garden,2025-10-25,Kas Kecil,Komisi Marcomm Kavling C-04,60.101.002 INSENTIF/KOMISI,,89088,-23176636
1,10.101.001,— KAS KECIL,Lumiera Garden,2025-10-25,Kas Kecil,Komisi Marcomm Kavling C-04,60.101.002 INSENTIF/KOMISI,,83520,-23260156
1,10.101.001,— KAS KECIL,Lumiera Garden,2025-10-25,Kas Kecil,Komisi Marcomm Kavling C-04,60.101.002 INSENTIF/KOMISI,,89088,-23349244
1,10.101.001,— KAS KECIL,Lumiera Garden,2025-10-25,Kas Kecil,Komisi Marcomm Kavling C-04,60.101.002 INSENTIF/KOMISI,,89088,-23438332
1,10.101.001,— KAS KECIL,Lumiera Garden,2025-10-25,Kas Kecil,Komisi Marcomm Kavling C-04,60.101.002 INSENTIF/KOMISI,,89088,-23527420
1,10.101.001,— KAS KECIL,Lumiera Garden,2025-10-25,Kas Kecil,Pembayaran Hutang Ke Sigura-Gura,20.103.006 HUTANG SIGURA-GURA,,400000,-23927420
1,10.101.001,— KAS KECIL,Lumiera Garden,2025-10-25,Kas Kecil,Weekly Marcomm,10.101.004 SILANG KAS,,250000,-24177420
1,10.101.001,— KAS KECIL,Lumiera Garden,2025-10-25,Kas Kecil,Pembelian Pupuk Gramoxone 1 L,60.104.001 OPERASIONAL KANTOR,,65000,-24242420
1,10.101.001,— KAS KECIL,Lumiera Garden,2025-10-25,Kas Kecil,Parkir BCA Basrah,60.104.001 OPERASIONAL KANTOR,,2000,-24244420
1,10.101.001,— KAS KECIL,Lumiera Garden,2025-10-25,,Pindah Saldo,10.101.002 CASH/TUNAI,25000000,,755580
1,10.101.001,— KAS KECIL,Lumiera Garden,2025-10-27,Kas Kecil,Addendum Galeri Marketing,10.202.017 GALLERY MARKETING,,18820000,-18064420
1,10.101.001,— KAS KECIL,Lumiera Garden,2025-10-27,Kas Kecil,Property Konten (Take Video di LG),60.104.001 OPERASIONAL KANTOR,,25000,-18089420
1,10.101.001,— KAS KECIL,Lumiera Garden,2025-10-27,Kas Kecil,Kirim berkas PPJB LK-17 an Muhammad Nassar + Parkir,60.104.009 PERANGKO/KIRIMAN SRT & DOK,,74500,-18163920
1,10.101.001,— KAS KECIL,Lumiera Garden,2025-10-27,Kas Kecil,Kirim berkas belanko pembukaan rekening baru escrow,60.104.009 PERANGKO/KIRIMAN SRT & DOK,,17500,-18181420
1,10.101.001,— KAS KECIL,Lumiera Garden,2025-10-27,Kas Kecil,Iuran Sampah Kantor/Ruko bulan Oktober 2025,60.104.012 KEAMANAN DAN KEBERSIHAN,,75000,-18256420
1,10.101.001,— KAS KECIL,Lumiera Garden,2025-10-27,,Pindah Saldo,10.101.002 CASH/TUNAI,19000000,,743580
1,10.101.001,— KAS KECIL,Lumiera Garden,2025-10-28,Kas Kecil,Pegangan Mas Andik (Kue Basah+Mineral - Meeting Marketing 29/10/25),60.104.013 MEETING,,172000,571580
1,10.101.001,— KAS KECIL,Lumiera Garden,2025-10-29,Kas Kecil,Pegangan Mas Andik (Bensin Zenix),60.104.007 BENSIN OPERASIONAL,,320000,251580
1,10.101.001,— KAS KECIL,Lumiera Garden,2025-10-29,Kas Kecil,Pegangan Mas Andik (Cuci Mobil),60.104.001 OPERASIONAL KANTOR,,43000,208580
1,10.101.001,— KAS KECIL,Lumiera Garden,2025-10-30,Kas Kecil,Kontribusi Lingkungan & Sosial RW.04 Jatimulyo (September - Oktober 2025),60.104.001 OPERASIONAL KANTOR,,100000,108580
1,10.101.001,— KAS KECIL,Lumiera Garden,2025-10-30,Kas Kecil,Print Desain Kawasan SG & LG,60.104.001 OPERASIONAL KANTOR,,22800,85780
1,10.101.001,— KAS KECIL,Lumiera Garden,2025-10-30,Kas Kecil,"Galon Refil (Cleo 4, Aqua 1)",60.104.001 OPERASIONAL KANTOR,,88500,-2720
1,10.101.001,— KAS KECIL,Lumiera Garden,2025-10-30,,Pindah Saldo,10.101.002 CASH/TUNAI,400000,,397280
1,10.101.001,— KAS KECIL,Lumiera Garden,2025-10-31,Kas Kecil,Insentif - Investor Pemilik Lahan / Tanah Jati Lumiera (P. Dedy),10.201.026 KOMISI PEMBELIAN TANAH,,15870000,-15472720
1,10.101.001,— KAS KECIL,Lumiera Garden,2025-10-31,Kas Kecil,Reimburse Pak Adhi ( Meeting Direksi /221025),60.104.013 MEETING,,146255,-15618975
1,10.101.001,— KAS KECIL,Lumiera Garden,2025-10-31,Kas Kecil,Reimburse Pak Adhi ( Meeting Direksi /231025),60.104.013 MEETING,,90903,-15709878
1,10.101.001,— KAS KECIL,Lumiera Garden,2025-10-31,Kas Kecil,Reimburse Pak Adhi (Pompa Air Kolam),10.202.017 GALLERY MARKETING,,475000,-16184878
1,10.101.001,— KAS KECIL,Lumiera Garden,2025-10-31,Kas Kecil,Reimburse Pak Adhi (Meeting Direksi /241025),60.104.013 MEETING,,109000,-16293878
1,10.101.001,— KAS KECIL,Lumiera Garden,2025-10-31,Kas Kecil,Reimbusre Pak Adhi (Bensin pemotong rumput),60.104.001 OPERASIONAL KANTOR,,50000,-16343878
1,10.101.001,— KAS KECIL,Lumiera Garden,2025-10-31,Kas Kecil,Reimburse Pak Adhi (Cuci Mobil),60.104.001 OPERASIONAL KANTOR,,50000,-16393878
1,10.101.001,— KAS KECIL,Lumiera Garden,2025-10-31,Kas Kecil,Reimburse Pak Adhi (Weekly Meeting Pak Rendra / 271025),60.104.013 MEETING,,417607,-16811485
1,10.101.001,— KAS KECIL,Lumiera Garden,2025-10-31,,Pindah Saldo,10.101.002 CASH/TUNAI,18000000,,1188515
1,10.101.001,— KAS KECIL,Lumiera Garden,2025-11-04,Kas Kecil,Galon Refil untuk proyek (4 Aqua) - 3 nota,60.104.001 OPERASIONAL KANTOR,,82000,1106515
1,10.101.001,— KAS KECIL,Lumiera Garden,2025-11-04,Kas Kecil,Pegangan Novia (Galon Aqua 2),60.104.001 OPERASIONAL KANTOR,,42000,1064515
1,10.101.001,— KAS KECIL,Lumiera Garden,2025-11-04,Kas Kecil,Pencairan Cek,10.101.004 SILANG KAS,200000000,,201064515
1,10.101.001,— KAS KECIL,Lumiera Garden,2025-11-04,Kas Kecil,Pelunasan Umroh 13 hari (6 pack),60.104.001 OPERASIONAL KANTOR,,199400000,1664515
1,10.101.001,— KAS KECIL,Lumiera Garden,2025-11-04,Kas Kecil,Pembayaran Hutang Ke Sigura-Gura,20.103.006 HUTANG SIGURA-GURA,,500000,1164515
1,10.101.001,— KAS KECIL,Lumiera Garden,2025-11-04,Kas Kecil,Reward Karyawan bulan Oktober 2025,60.104.002 SUMBANGAN/REWARD,,146000,1018515
1,10.101.001,— KAS KECIL,Lumiera Garden,2025-11-06,Kas Kecil,Reimburse Pak Dedy (Member Badminton Bulan November),60.104.001 OPERASIONAL KANTOR,,480000,538515
1,10.101.001,— KAS KECIL,Lumiera Garden,2025-11-06,Kas Kecil,LPJ 3kg (Kantor),60.104.001 OPERASIONAL KANTOR,,22000,516515
1,10.101.001,— KAS KECIL,Lumiera Garden,2025-11-07,Kas Kecil,Kirim Berkas PPJB LK-21 an E Wida Kusumawati,60.104.009 PERANGKO/KIRIMAN SRT & DOK,,19000,497515
1,10.101.001,— KAS KECIL,Lumiera Garden,2025-11-07,Kas Kecil,Pelunasan Open Table MOG (1-31 Oktober 2025),60.101.006 EXPO,,28000000,-27502485
1,10.101.001,— KAS KECIL,Lumiera Garden,2025-11-07,,Pindah Saldo,10.101.002 CASH/TUNAI,29300000,,1797515
1,10.101.001,— KAS KECIL,Lumiera Garden,2025-11-08,Kas Kecil,Weekly Marcomm,60.104.013 MEETING,,250000,1547515
1,10.101.001,— KAS KECIL,Lumiera Garden,2025-11-08,Kas Kecil,Pinjaman dari Sigura-Gura,20.103.006 HUTANG SIGURA-GURA,50000000,,51547515
1,10.101.001,— KAS KECIL,Lumiera Garden,2025-11-08,Kas Kecil,Termin 50% Kavling LK-6 (43/SPK.ADP/VIII/2025) - Arya Desta,10.203.001 PERSEDIAAN BANGUNAN,,163625000,-112077485
1,10.101.001,— KAS KECIL,Lumiera Garden,2025-11-08,,Pindah Saldo,10.101.002 CASH/TUNAI,114000000,,1922515
1,10.101.001,— KAS KECIL,Lumiera Garden,2025-11-11,Kas Kecil,Cuci Mobil Pick Up (061125),60.104.001 OPERASIONAL KANTOR,,38000,1884515
1,10.101.001,— KAS KECIL,Lumiera Garden,2025-11-11,Kas Kecil,Instalasi & Material CCTV Tandon - Suwandi,10.202.020 TANDON AIR,,1300000,584515
1,10.101.001,— KAS KECIL,Lumiera Garden,2025-11-12,Kas Kecil,Pinjaman dari Sigura-Gura,20.103.006 HUTANG SIGURA-GURA,38500000,,39084515
1,10.101.001,— KAS KECIL,Lumiera Garden,2025-11-12,Kas Kecil,Komisi Marketing Kavling LK-21,60.101.002 INSENTIF/KOMISI,,17625000,21459515
1,10.101.001,— KAS KECIL,Lumiera Garden,2025-11-12,Kas Kecil,Komisi SPV Marketing Kavling LK-21,60.101.002 INSENTIF/KOMISI,,5875000,15584515
1,10.101.001,— KAS KECIL,Lumiera Garden,2025-11-12,Kas Kecil,BLT SPV Marketing Kavling LK-21,60.101.001 BLT,,2000000,13584515
1,10.101.001,— KAS KECIL,Lumiera Garden,2025-11-12,Kas Kecil,Komisi Direktur Utama Kavling LK-21,60.101.002 INSENTIF/KOMISI,,2350000,11234515
1,10.101.001,— KAS KECIL,Lumiera Garden,2025-11-12,Kas Kecil,Komisi Direktur Operasional Kavling LK-21,60.101.002 INSENTIF/KOMISI,,2350000,8884515
1,10.101.001,— KAS KECIL,Lumiera Garden,2025-11-12,Kas Kecil,Komisi Direktur B&D Kavling LK-21,60.101.002 INSENTIF/KOMISI,,2350000,6534515
1,10.101.001,— KAS KECIL,Lumiera Garden,2025-11-12,Kas Kecil,Komisi Komisaris Kavling LK-21,60.101.002 INSENTIF/KOMISI,,2350000,4184515
1,10.101.001,— KAS KECIL,Lumiera Garden,2025-11-12,Kas Kecil,Komisi Direktur Teknik Kavling LK-21,60.101.002 INSENTIF/KOMISI,,2350000,1834515
1,10.101.001,— KAS KECIL,Lumiera Garden,2025-11-12,Kas Kecil,Komisi Marcomm SPV (21%) Kavling LK-21,60.101.002 INSENTIF/KOMISI,,197400,1637115
1,10.101.001,— KAS KECIL,Lumiera Garden,2025-11-12,Kas Kecil,Komisi Marcomm Videografer (16%) Kavling LK-21,60.101.002 INSENTIF/KOMISI,,150400,1486715
1,10.101.001,— KAS KECIL,Lumiera Garden,2025-11-12,Kas Kecil,Komisi Admin Sosmed (15%) Kavling LK-21,60.101.002 INSENTIF/KOMISI,,141000,1345715
1,10.101.001,— KAS KECIL,Lumiera Garden,2025-11-12,Kas Kecil,Komisi Marcomm Desain Grafis (16%) Kavling LK-21,60.101.002 INSENTIF/KOMISI,,150400,1195315
1,10.101.001,— KAS KECIL,Lumiera Garden,2025-11-12,Kas Kecil,Komisi Marcomm Konten Kreator (16%) Kavling LK-21,60.101.002 INSENTIF/KOMISI,,150400,1044915
1,10.101.001,— KAS KECIL,Lumiera Garden,2025-11-12,Kas Kecil,Komisi Marcomm Desain Grafis (16%) Kavling LK-21,60.101.002 INSENTIF/KOMISI,,150400,894515
1,10.101.001,— KAS KECIL,Lumiera Garden,2025-11-13,Kas Kecil,Kembalian sisa dana belanja air mineral eternalplus,10.101.004 SILANG KAS,45000,,939515
1,10.101.001,— KAS KECIL,Lumiera Garden,2025-11-13,Kas Kecil,Reimburse Andik (Beli Refil Galon Project),60.104.001 OPERASIONAL KANTOR,,21000,918515
1,10.101.001,— KAS KECIL,Lumiera Garden,2025-11-13,Kas Kecil,"Kebutuhan Kantor (Sabun Cuci Piring, Keset, Trashbag 80x100 / 3 nota)",60.104.001 OPERASIONAL KANTOR,,107000,811515
1,10.101.001,— KAS KECIL,Lumiera Garden,2025-11-13,Kas Kecil,Meeting Koordinasi Delegasi Tugas Sementara,60.104.013 MEETING,,744700,66815
1,10.101.001,— KAS KECIL,Lumiera Garden,2025-11-14,Kas Kecil,Pinjaman dari Joyo Agung 2,20.103.009 HUTANG JOYO AGUNG 2,7000000,,7066815
1,10.101.001,— KAS KECIL,Lumiera Garden,2025-11-14,Kas Kecil,Tipping Guide Umroh,60.104.001 OPERASIONAL KANTOR,,4231080,2835735
1,10.101.001,— KAS KECIL,Lumiera Garden,2025-11-14,Kas Kecil,Reimburse Pak Adhi (Lemari Pintu Sliding 2 Pintu),11.101.001 PERALATAN KANTOR,,1699000,1136735
1,10.101.001,— KAS KECIL,Lumiera Garden,2025-11-14,Kas Kecil,Reimburse Pak Adhi (Kursi Duduk Hijau Tua / 4 pcs),11.101.001 PERALATAN KANTOR,,1276000,-139265
1,10.101.001,— KAS KECIL,Lumiera Garden,2025-11-14,Kas Kecil,Reimburse Pak Adhi (1 Set Meja 2 Kursi),11.101.001 PERALATAN KANTOR,,659000,-798265
1,10.101.001,— KAS KECIL,Lumiera Garden,2025-11-14,Kas Kecil,Reimburse Pak Adhi (Weekly Meeting Pak Rendra),60.104.013 MEETING,,315458,-1113723
1,10.101.001,— KAS KECIL,Lumiera Garden,2025-11-14,,Pindah Saldo,10.101.002 CASH/TUNAI,1600000,,486277
1,10.101.001,— KAS KECIL,Lumiera Garden,2025-11-17,Kas Kecil,"Galon Refil (Cleo 4, Aqua 1)",60.104.001 OPERASIONAL KANTOR,,89000,397277
1,10.101.001,— KAS KECIL,Lumiera Garden,2025-11-19,Kas Kecil,Kopi JM Tulen (All 5 kg),60.104.001 OPERASIONAL KANTOR,,120000,277277
1,10.101.001,— KAS KECIL,Lumiera Garden,2025-11-20,Kas Kecil,Pegangan Novia,10.101.004 SILANG KAS,,50000,227277
1,10.101.001,— KAS KECIL,Lumiera Garden,2025-11-21,Kas Kecil,Reimburse Hasan (Konsumsi Take Konten LG / 2 nota),60.104.001 OPERASIONAL KANTOR,,19200,208077
1,10.101.001,— KAS KECIL,Lumiera Garden,2025-11-22,Kas Kecil,Pinjaman dari Sigura-Gura,20.103.006 HUTANG SIGURA-GURA,5000000,,5208077
1,10.101.001,— KAS KECIL,Lumiera Garden,2025-11-22,Kas Kecil,Pasang PJU + Instalasi (3 unit) - Suwandi,10.202.012 PENERANGAN JALAN UMUM,,4500000,708077
1,10.101.001,— KAS KECIL,Lumiera Garden,2025-11-22,Kas Kecil,Pasang Lampu Pagar Sisi Sungai (4 unit) - Suwandi,10.202.012 PENERANGAN JALAN UMUM,,300000,408077
1,10.101.001,— KAS KECIL,Lumiera Garden,2025-11-22,Kas Kecil,Weekly Marcomm,60.104.013 MEETING,,250000,158077
1,10.101.001,— KAS KECIL,Lumiera Garden,2025-11-24,Kas Kecil,Pinjaman dari Joyo Agung 2,20.103.009 HUTANG JOYO AGUNG 2,200000,,358077
1,10.101.001,— KAS KECIL,Lumiera Garden,2025-11-24,Kas Kecil,Biaya Kelurahan untuk keterangan jalan masuk Lumiera Garden,10.201.011 PERIJINAN,,250000,108077
1,10.101.001,— KAS KECIL,Lumiera Garden,2025-11-25,Kas Kecil,Bensin Mesin Pemotong Rumput,60.104.001 OPERASIONAL KANTOR,,50000,58077
1,10.101.001,— KAS KECIL,Lumiera Garden,2025-11-27,Kas Kecil,Pinjaman dari Joyo Agung 2,20.103.009 HUTANG JOYO AGUNG 2,600000,,658077
1,10.101.001,— KAS KECIL,Lumiera Garden,2025-11-27,Kas Kecil,Iuran Sampah Kantor/Ruko bulan November 2025,60.104.012 KEAMANAN DAN KEBERSIHAN,,75000,583077
1,10.101.001,— KAS KECIL,Lumiera Garden,2025-11-28,Kas Kecil,Pembayaran Hutang Ke Sigura-Gura,20.103.006 HUTANG SIGURA-GURA,,121010600,-120427523
1,10.101.001,— KAS KECIL,Lumiera Garden,2025-11-28,Kas Kecil,Reimburse Pak Adhi (Tiket Masuk Museum Topkapi Turki / 6 pack),60.104.001 OPERASIONAL KANTOR,,8160000,-128587523
1,10.101.001,— KAS KECIL,Lumiera Garden,2025-11-28,,Pindah Saldo,10.101.002 CASH/TUNAI,129170600,,583077
1,10.101.001,— KAS KECIL,Lumiera Garden,2025-11-29,Kas Kecil,Weekly Marcomm,10.101.004 SILANG KAS,,150000,433077
1,10.101.001,— KAS KECIL,Lumiera Garden,2025-11-29,Kas Kecil,Tali Rafia (Kebutuhan Expo),60.104.001 OPERASIONAL KANTOR,,5500,427577
1,10.101.001,— KAS KECIL,Lumiera Garden,2025-11-29,Kas Kecil,LPJ 3Kg (Galeri Marketing),60.104.001 OPERASIONAL KANTOR,,22000,405577
1,10.101.001,— KAS KECIL,Lumiera Garden,2025-11-29,Kas Kecil,Pengembalian Sisa Dana Budgeting CRD (010825),10.101.004 SILANG KAS,15000,,420577
1,10.101.001,— KAS KECIL,Lumiera Garden,2025-12-01,Kas Kecil,Cetak Sticker All Marketing (untuk EXPO),60.104.001 OPERASIONAL KANTOR,,315000,105577
1,10.101.001,— KAS KECIL,Lumiera Garden,2025-12-02,Kas Kecil,Kekurangan pembelian gula,60.104.001 OPERASIONAL KANTOR,,10000,95577
1,10.101.001,— KAS KECIL,Lumiera Garden,2025-12-02,Kas Kecil,Kembalian sisa dana belanja kebutuhan EXPO,10.101.004 SILANG KAS,142500,,238077
1,10.101.001,— KAS KECIL,Lumiera Garden,2025-12-02,Kas Kecil,Konsumsi (Minuman Kopi),60.104.001 OPERASIONAL KANTOR,,37200,200877
1,10.101.001,— KAS KECIL,Lumiera Garden,2025-12-02,Kas Kecil,Pegangan Novia,10.101.004 SILANG KAS,,50000,150877
1,10.101.001,— KAS KECIL,Lumiera Garden,2025-12-03,Kas Kecil,Kekurangan Weekly Marcomm,60.104.013 MEETING,,12900,137977
1,10.101.001,— KAS KECIL,Lumiera Garden,2025-12-04,Kas Kecil,Pencairan Cek,10.101.004 SILANG KAS,450000000,,450137977
1,10.101.001,— KAS KECIL,Lumiera Garden,2025-12-04,Kas Kecil,Pencairan Cek,10.101.004 SILANG KAS,80000000,,530137977
1,10.101.001,— KAS KECIL,Lumiera Garden,2025-12-04,Kas Kecil,Pembayaran Hutang Ke Sigura-Gura,20.103.006 HUTANG SIGURA-GURA,,726000000,-195862023
1,10.101.001,— KAS KECIL,Lumiera Garden,2025-12-04,Kas Kecil,Pegangan Pak Dian (Material Lt.3 - Kantor),60.104.019 RENOVASI KANTOR,,200000,-196062023
1,10.101.001,— KAS KECIL,Lumiera Garden,2025-12-04,Kas Kecil,Pegangan Pak Dian (Material Pipa Saluran - Kantor),60.104.019 RENOVASI KANTOR,,300000,-196362023
1,10.101.001,— KAS KECIL,Lumiera Garden,2025-12-04,Kas Kecil,Pegangan Mas Andik (Kebutuhan Expo - Parkir & Bensin),10.101.004 SILANG KAS,,1000000,-197362023
1,10.101.001,— KAS KECIL,Lumiera Garden,2025-12-04,,Pindah Saldo,10.101.002 CASH/TUNAI,200000000,,2637977
1,10.101.001,— KAS KECIL,Lumiera Garden,2025-12-05,Kas Kecil,Kekurangan Material Perbaikan Lt.3 & Saluran - Kantor (6 Nota),60.104.019 RENOVASI KANTOR,,315000,2322977
1,10.101.001,— KAS KECIL,Lumiera Garden,2025-12-05,Kas Kecil,Bensin Pick Up (2 Nota),60.104.007 BENSIN OPERASIONAL,,150000,2172977
1,10.101.001,— KAS KECIL,Lumiera Garden,2025-12-05,Kas Kecil,"Galon Refil (Cleo 4, Aqua 1)",60.104.001 OPERASIONAL KANTOR,,92000,2080977
1,10.101.001,— KAS KECIL,Lumiera Garden,2025-12-05,Kas Kecil,Pencairan Cek,10.101.004 SILANG KAS,37200000,,39280977
1,10.101.001,— KAS KECIL,Lumiera Garden,2025-12-05,Kas Kecil,Pembayaran Hutang Ke Joyo Agung,20.103.009 HUTANG JOYO AGUNG 2,,37200000,2080977
1,10.101.001,— KAS KECIL,Lumiera Garden,2025-12-05,Kas Kecil,Pembelian Materai,60.104.008 MATERAI,,500000,1580977
1,10.101.001,— KAS KECIL,Lumiera Garden,2025-12-06,Kas Kecil,Material Perbaikan Kantor Lt.1 (Lem Rajawali),60.104.019 RENOVASI KANTOR,,20000,1560977
1,10.101.001,— KAS KECIL,Lumiera Garden,2025-12-06,Kas Kecil,Bensin & Oli Mesin Potong Rumput (2 nota),60.104.001 OPERASIONAL KANTOR,,80000,1480977
1,10.101.001,— KAS KECIL,Lumiera Garden,2025-12-09,Kas Kecil,Pembayaran Hutang Ke Sigura-Gura (Biaya Transport Survey Pertek Mayana-Sisi Depan),20.103.006 HUTANG SIGURA-GURA,,500000,980977
1,10.101.001,— KAS KECIL,Lumiera Garden,2025-12-10,Kas Kecil,Pegangan Mas Andik (Bensin Zenix),10.101.004 SILANG KAS,,350000,630977
1,10.101.001,— KAS KECIL,Lumiera Garden,2025-12-11,Kas Kecil,Pegangan Novia (Galon),60.104.001 OPERASIONAL KANTOR,,50000,580977
1,10.101.001,— KAS KECIL,Lumiera Garden,2025-12-11,Kas Kecil,Kembalian sisa dana pegangan Novia (021225),10.101.004 SILANG KAS,33000,,613977
1,10.101.001,— KAS KECIL,Lumiera Garden,2025-12-12,Kas Kecil,Pinjaman dari Sigura-Gura,20.103.006 HUTANG SIGURA-GURA,6362487,,6976464
1,10.101.001,— KAS KECIL,Lumiera Garden,2025-12-12,Kas Kecil,Reimburse Pak Adhi (Makan di Juanda),60.104.001 OPERASIONAL KANTOR,,707000,6269464
1,10.101.001,— KAS KECIL,Lumiera Garden,2025-12-12,Kas Kecil,Reimburse Pak Adhi (Kopi Turki Sofa cafe/3 nota),60.104.001 OPERASIONAL KANTOR,,600600,5668864
1,10.101.001,— KAS KECIL,Lumiera Garden,2025-12-12,Kas Kecil,Reimburse Pak Adhi (Makan Grand Bazar),60.104.001 OPERASIONAL KANTOR,,1817725,3851139
1,10.101.001,— KAS KECIL,Lumiera Garden,2025-12-12,Kas Kecil,Reimburse Pak Adhi (Makan Malam Al Rajbi/2 nota),60.104.001 OPERASIONAL KANTOR,,818100,3033039
1,10.101.001,— KAS KECIL,Lumiera Garden,2025-12-12,Kas Kecil,Reimburse Pak Adhi (Coffee Madinah),60.104.001 OPERASIONAL KANTOR,,290880,2742159
1,10.101.001,— KAS KECIL,Lumiera Garden,2025-12-12,Kas Kecil,Reimburse Pak Adhi (Jabarono Coffee),60.104.001 OPERASIONAL KANTOR,,1090800,1651359
1,10.101.001,— KAS KECIL,Lumiera Garden,2025-12-12,Kas Kecil,Reimburse Pak Adhi (Nasi Bebek Mekkah),60.104.001 OPERASIONAL KANTOR,,386325,1265034
1,10.101.001,— KAS KECIL,Lumiera Garden,2025-12-12,Kas Kecil,Reimburse Pak Adhi (Luckin Coffee),60.104.001 OPERASIONAL KANTOR,,225843,1039191
1,10.101.001,— KAS KECIL,Lumiera Garden,2025-12-12,Kas Kecil,Reimburse Pak Adhi (Meeting Weekly Pak Rendra / 11/11/2025),60.104.013 MEETING,,270456,768735
1,10.101.001,— KAS KECIL,Lumiera Garden,2025-12-12,Kas Kecil,Reimburse Pak Adhi (Meeting Weekly Pak Rendra / 081225),60.104.013 MEETING,,283958,484777
1,10.101.001,— KAS KECIL,Lumiera Garden,2025-12-13,Kas Kecil,Pegangan Mas Andik (Belanja Reward Karyawan Terbaik November - Maria),60.104.002 SUMBANGAN/REWARD,,167000,317777
1,10.101.001,— KAS KECIL,Lumiera Garden,2025-12-13,Kas Kecil,Pengembalian sisa dana (Get Contact / 200325),10.101.004 SILANG KAS,8910,,326687
1,10.101.001,— KAS KECIL,Lumiera Garden,2025-12-13,Kas Kecil,Kekurangan Pembelian Lanyard Marketing 10pcs (030125),60.101.004 BEBAN ADVERTISING,,19240,307447
1,10.101.001,— KAS KECIL,Lumiera Garden,2025-12-13,Kas Kecil,Pengembalian dana Log Stabilizier (170725),60.104.001 OPERASIONAL KANTOR,200000,,507447
1,10.101.001,— KAS KECIL,Lumiera Garden,2025-12-13,Kas Kecil,ATK - Kertas A4 (3 rim)+Kertas F4 (1 rim)+Binder Klip (2),60.104.001 OPERASIONAL KANTOR,,170500,336947
1,10.101.001,— KAS KECIL,Lumiera Garden,2025-12-16,Kas Kecil,Pengembalian sisa dana (kebutuhan EXPO / 041225),10.101.004 SILANG KAS,12500,,349447
1,10.101.001,— KAS KECIL,Lumiera Garden,2025-12-20,Kas Kecil,"Pembelian kebutuhan kantor (sabun cuci piring, gula, kuas - 3 nota)",60.104.001 OPERASIONAL KANTOR,,44800,304647
1,10.101.001,— KAS KECIL,Lumiera Garden,2025-12-23,Kas Kecil,Iuran Sampah Kantor/Ruko bulan Desember 2025,60.104.012 KEAMANAN DAN KEBERSIHAN,,75000,229647
1,10.101.001,— KAS KECIL,Lumiera Garden,2025-12-23,Kas Kecil,Kirim Kwitansi LK-23 an Ririn Yuni Astutik (ke Sidoarjo),60.104.009 PERANGKO/KIRIMAN SRT & DOK,,11500,218147
1,10.101.001,— KAS KECIL,Lumiera Garden,2025-12-24,Kas Kecil,Tambahan pegangan Novia (Galon Aqua),60.104.001 OPERASIONAL KANTOR,,13000,205147
1,10.101.001,— KAS KECIL,Lumiera Garden,2025-12-24,Kas Kecil,Pencairan Cek,10.101.004 SILANG KAS,350000000,,350205147
1,10.101.001,— KAS KECIL,Lumiera Garden,2025-12-24,Kas Kecil,Pembayaran Hutang Ke Joyo Agung,20.103.009 HUTANG JOYO AGUNG 2,,350000000,205147
1,10.101.001,— KAS KECIL,Lumiera Garden,2025-12-27,Kas Kecil,Pengembalian sisa dana budgeting (051225),10.101.004 SILANG KAS,21700,,226847
1,10.101.001,— KAS KECIL,Lumiera Garden,2025-12-29,Kas Kecil,Pinjaman dari Joyo Agung (Termin 4 Pak Yayok + Denda),20.103.009 HUTANG JOYO AGUNG 2,503331000,,503557847
1,10.101.001,— KAS KECIL,Lumiera Garden,2025-12-29,Kas Kecil,Pinjaman dari Mayana Resort (Termin 4 Pak Yayok),20.103.010 HUTANG MAYANA RESORT,5000000,,508557847
1,10.101.001,— KAS KECIL,Lumiera Garden,2025-12-29,Kas Kecil,Pinjaman dari Manajemen Kost (Termin 4 Pak Yayok),20.103.011 HUTANG MANAJEMEN KOST,581671500,,1090229347
1,10.101.001,— KAS KECIL,Lumiera Garden,2025-12-29,Kas Kecil,Pembayaran Termin 4 Tanah - Yayok Tuhoyoto Wisanggo,10.201.001 PERSEDIAAN TANAH,,1000000000,90229347
1,10.101.001,— KAS KECIL,Lumiera Garden,2025-12-29,Kas Kecil,Biaya Admin Setoran Tunai (Termin Tanah Pak Yayok),60.104.010 ADMINISTRASI BANK,,2900,90226447
1,10.101.001,— KAS KECIL,Lumiera Garden,2025-12-29,Kas Kecil,Parkir Bank Mandiri,60.104.001 OPERASIONAL KANTOR,,3000,90223447
1,10.101.001,— KAS KECIL,Lumiera Garden,2025-12-29,Kas Kecil,Bayar Denda Termin 4 Pak Yayok (60 hari x Rp.1.500.000),10.201.001 PERSEDIAAN TANAH,,90000000,223447
1,10.101.001,— KAS KECIL,Lumiera Garden,2025-12-29,Kas Kecil,Biaya Transfer Beda Bank,60.104.010 ADMINISTRASI BANK,,2500,220947
1,10.101.001,— KAS KECIL,Subtotal / Saldo Akhir,,,,,0,0,220947
2,10.101.002,— CASH/TUNAI,Saldo Awal,,,,,,,0
2,10.101.002,— CASH/TUNAI,Lumiera Garden,2024-12-19,,ITJ Kavling LK-08,20.101.002 UANG TANDA JADI,5000000,,5000000
2,10.101.002,— CASH/TUNAI,Lumiera Garden,2024-12-19,,Pembayaran Pelunasan kavling LK-08 an Djuwito,20.101.001 UANG MUKA,870000000,,875000000
2,10.101.002,— CASH/TUNAI,Lumiera Garden,2024-12-19,,ITJ Kavling LK-09,20.101.002 UANG TANDA JADI,5000000,,880000000
2,10.101.002,— CASH/TUNAI,Lumiera Garden,2024-12-19,,ITJ Kavling LK-05 an Ninik,20.101.002 UANG TANDA JADI,5000000,,885000000
2,10.101.002,— CASH/TUNAI,Lumiera Garden,2024-12-19,,ITJ Kavling LK-06 an Ninik,20.101.002 UANG TANDA JADI,5000000,,890000000
2,10.101.002,— CASH/TUNAI,Lumiera Garden,2024-12-19,,Pindah Saldo Brankas (Cash Tunai - Cash Kecil),10.101.004 SILANG KAS,,35000000,855000000
2,10.101.002,— CASH/TUNAI,Lumiera Garden,2024-12-19,,Pembayaran Hutang ke Sigura-Sigura,20.103.006 HUTANG SIGURA-GURA,,3550000,851450000
2,10.101.002,— CASH/TUNAI,Lumiera Garden,2024-12-19,,ITJ Kavling LK-07 an Heny Susanti,20.101.002 UANG TANDA JADI,5000000,,856450000
2,10.101.002,— CASH/TUNAI,Lumiera Garden,2024-12-19,,Pembayaran DP 1 & DP 2 Kavling LK-07 an Heny Susanti,20.101.001 UANG MUKA,300000000,,1156450000
2,10.101.002,— CASH/TUNAI,Lumiera Garden,2024-12-24,,Pinjaman untuk Sigura-Gura (Termin Tanah Ahmed),10.102.010 PIUTANG SIGURA-GURA,,400000000,756450000
2,10.101.002,— CASH/TUNAI,Lumiera Garden,2024-12-27,,Pindah Saldo Brankas (Cash Tunai - Cash Kecil),10.101.004 SILANG KAS,,21000000,735450000
2,10.101.002,— CASH/TUNAI,Lumiera Garden,2024-12-27,,Pinjaman untuk Sigura-Gura (Progress Pembangunan B-2),10.102.010 PIUTANG SIGURA-GURA,,305000000,430450000
2,10.101.002,— CASH/TUNAI,Lumiera Garden,2024-12-28,,Pindah Saldo Brankas (Cash Tunai - Cash Kecil),10.101.004 SILANG KAS,,10000000,420450000
2,10.101.002,— CASH/TUNAI,Lumiera Garden,2024-12-30,,Pindah Saldo Brankas (Cash Tunai - Cash Kecil),10.101.004 SILANG KAS,,30000000,390450000
2,10.101.002,— CASH/TUNAI,Lumiera Garden,2024-12-30,,Pinjaman untuk Sigura-Gura (Progress Pembangunan A-7),10.102.010 PIUTANG SIGURA-GURA,,227000000,163450000
2,10.101.002,— CASH/TUNAI,Lumiera Garden,2024-12-31,,Pindah Saldo Brankas (Cash Tunai - Cash Kecil),10.101.004 SILANG KAS,,25700000,137750000
2,10.101.002,— CASH/TUNAI,Lumiera Garden,2024-12-31,,Pencarian Cek,10.101.004 SILANG KAS,800000000,,937750000
2,10.101.002,— CASH/TUNAI,Lumiera Garden,2024-12-31,,Pengembalian Hutang dari Joyo Agung 2,10.102.012 PIUTANG JOYO AGUNG 2,7500000,,945250000
2,10.101.002,— CASH/TUNAI,Lumiera Garden,2024-12-31,,Pembayaran Hutang ke Sigura-Sigura,20.103.006 HUTANG SIGURA-GURA,,1410000,943840000
2,10.101.002,— CASH/TUNAI,Lumiera Garden,2025-01-03,Cash/Tunai,"Sewa Alat EXA PC 78 (A) 40,5 Jam (18-24 Des 2024) - Izuddin",10.202.003 PERATAAN TANAH/CUT & FILL,,13567500,930272500
2,10.101.002,— CASH/TUNAI,Lumiera Garden,2025-01-03,Cash/Tunai,"Sewa Alat EXA PC 78 (B) 30,5 Jam (18-24 Des 2024) - Izuddin",10.202.003 PERATAAN TANAH/CUT & FILL,,10217500,920055000
2,10.101.002,— CASH/TUNAI,Lumiera Garden,2025-01-03,Cash/Tunai,Sirtu 2 Rit (20 Des 2024) - Izuddin,10.202.003 PERATAAN TANAH/CUT & FILL,,1550000,918505000
2,10.101.002,— CASH/TUNAI,Lumiera Garden,2025-01-03,Cash/Tunai,Pekerjaan 100% Plesengan Fasum (32/SPK/XII/2024) - Arifin,10.202.041 PLENGSENG,,220300000,698205000
2,10.101.002,— CASH/TUNAI,Lumiera Garden,2025-01-03,Cash/Tunai,"Reimburse Pak Adhi (Kabel NYM, H&G C Vanilla)",10.202.012 PENERANGAN JALAN UMUM,,891359,697313641
2,10.101.002,— CASH/TUNAI,Lumiera Garden,2025-01-03,Cash/Tunai,Reimburse Pak Adhi (Meeting Direksi 28 Des 2024),60.104.013 MEETING,,246000,697067641
2,10.101.002,— CASH/TUNAI,Lumiera Garden,2025-01-03,Cash/Tunai,Reimburse Pak Adhi (Bangku Besi Kayu Londo Coffe),11.101.001 PERALATAN KANTOR,,2516000,694551641
2,10.101.002,— CASH/TUNAI,Lumiera Garden,2025-01-03,Cash/Tunai,Reimburse Pak Adhi (Kursi Brava Hijau),11.101.001 PERALATAN KANTOR,,625240,693926401
2,10.101.002,— CASH/TUNAI,Lumiera Garden,2025-01-03,Cash/Tunai,Reimburse Pak Adhi (Kursi Brava Light Grey),11.101.001 PERALATAN KANTOR,,625240,693301161
2,10.101.002,— CASH/TUNAI,Lumiera Garden,2025-01-03,Cash/Tunai,Reimburse Pak Adhi (Meja Bundar),11.101.001 PERALATAN KANTOR,,270000,693031161
2,10.101.002,— CASH/TUNAI,Lumiera Garden,2025-01-03,Cash/Tunai,Reimburse Pak Adhi (Meja Kotak Bistro),11.101.001 PERALATAN KANTOR,,319920,692711241
2,10.101.002,— CASH/TUNAI,Lumiera Garden,2025-01-03,Cash/Tunai,Reimburse Pak Adhi (Meeting Direksi 03 Januari 2024),60.104.013 MEETING,,137401,692573840
2,10.101.002,— CASH/TUNAI,Lumiera Garden,2025-01-03,Cash/Tunai,Pelunasan Open Table MOG (1-31 Des 2024) - Ilhami Organizer,60.101.006 EXPO,,18050000,674523840
2,10.101.002,— CASH/TUNAI,Lumiera Garden,2025-01-03,Cash/Tunai,Expo Matos 19 Hari (18 Des 2024 - 5 Januari 2025) - Ilhami Organizer,60.101.006 EXPO,,73125000,601398840
2,10.101.002,— CASH/TUNAI,Lumiera Garden,2025-01-03,Cash/Tunai,Sewa Billboard Melati Husada,60.101.004 BEBAN ADVERTISING,,20000000,581398840
2,10.101.002,— CASH/TUNAI,Lumiera Garden,2025-01-03,Cash/Tunai,Pinjaman untuk Sigura-Gura (DP Furniture B05 & Reimburse Pak Adhi),10.102.010 PIUTANG SIGURA-GURA,,22730000,558668840
2,10.101.002,— CASH/TUNAI,Lumiera Garden,2025-01-03,Cash/Tunai,Komisi Marketing Kavling LK-02,60.101.002 INSENTIF/KOMISI,,13125000,545543840
2,10.101.002,— CASH/TUNAI,Lumiera Garden,2025-01-03,Cash/Tunai,BLT Marketing Kavling LK-02,60.101.001 BLT,,1000000,544543840
2,10.101.002,— CASH/TUNAI,Lumiera Garden,2025-01-03,Cash/Tunai,Komisi SPV Marketing Kavling LK-02,60.101.002 INSENTIF/KOMISI,,4375000,540168840
2,10.101.002,— CASH/TUNAI,Lumiera Garden,2025-01-03,Cash/Tunai,BLT SPV Marketing Kavling LK-02,60.101.001 BLT,,2000000,538168840
2,10.101.002,— CASH/TUNAI,Lumiera Garden,2025-01-03,Cash/Tunai,Komisi Direktur Utama Kavling LK-02,60.101.002 INSENTIF/KOMISI,,1750000,536418840
2,10.101.002,— CASH/TUNAI,Lumiera Garden,2025-01-03,Cash/Tunai,Komisi Direktur Operasional Kavling LK-02,60.101.002 INSENTIF/KOMISI,,1750000,534668840
2,10.101.002,— CASH/TUNAI,Lumiera Garden,2025-01-03,Cash/Tunai,Komisi Direktur B&D Kavling LK-02,60.101.002 INSENTIF/KOMISI,,1750000,532918840
2,10.101.002,— CASH/TUNAI,Lumiera Garden,2025-01-03,Cash/Tunai,Komisi Komisaris Kavling LK-02,60.101.002 INSENTIF/KOMISI,,1750000,531168840
2,10.101.002,— CASH/TUNAI,Lumiera Garden,2025-01-03,Cash/Tunai,Komisi Direktur Teknik Kavling LK-02,60.101.002 INSENTIF/KOMISI,,1750000,529418840
2,10.101.002,— CASH/TUNAI,Lumiera Garden,2025-01-03,Cash/Tunai,Komisi Marcomm Kavling LK-02,60.101.002 INSENTIF/KOMISI,,205625,529213215
2,10.101.002,— CASH/TUNAI,Lumiera Garden,2025-01-03,Cash/Tunai,Komisi Marcomm Kavling LK-02,60.101.002 INSENTIF/KOMISI,,100625,529112590
2,10.101.002,— CASH/TUNAI,Lumiera Garden,2025-01-03,Cash/Tunai,Komisi Marcomm Kavling LK-02,60.101.002 INSENTIF/KOMISI,,65625,529046965
2,10.101.002,— CASH/TUNAI,Lumiera Garden,2025-01-03,Cash/Tunai,Komisi Marcomm Kavling LK-02,60.101.002 INSENTIF/KOMISI,,65625,528981340
2,10.101.002,— CASH/TUNAI,Lumiera Garden,2025-01-06,Cash/Tunai,Pinjaman untuk Sigura-Gura (Pembelian AC B05),10.102.010 PIUTANG SIGURA-GURA,,27000000,501981340
2,10.101.002,— CASH/TUNAI,Lumiera Garden,2025-01-07,Cash/Tunai,Komisi Marketing Kavling LK-12,60.101.002 INSENTIF/KOMISI,,13125000,488856340
2,10.101.002,— CASH/TUNAI,Lumiera Garden,2025-01-07,Cash/Tunai,BLT Marketing Kavling LK-12,60.101.001 BLT,,1000000,487856340
2,10.101.002,— CASH/TUNAI,Lumiera Garden,2025-01-07,Cash/Tunai,Komisi SPV Marketing Kavling LK-12,60.101.002 INSENTIF/KOMISI,,4375000,483481340
2,10.101.002,— CASH/TUNAI,Lumiera Garden,2025-01-07,Cash/Tunai,BLT SPV Marketing Kavling LK-12,60.101.001 BLT,,2000000,481481340
2,10.101.002,— CASH/TUNAI,Lumiera Garden,2025-01-07,Cash/Tunai,Komisi Direktur Utama Kavling LK-12,60.101.002 INSENTIF/KOMISI,,1750000,479731340
2,10.101.002,— CASH/TUNAI,Lumiera Garden,2025-01-07,Cash/Tunai,Komisi Direktur Operasional Kavling LK-12,60.101.002 INSENTIF/KOMISI,,1750000,477981340
2,10.101.002,— CASH/TUNAI,Lumiera Garden,2025-01-07,Cash/Tunai,Komisi Direktur B&D Kavling LK-12,60.101.002 INSENTIF/KOMISI,,1750000,476231340
2,10.101.002,— CASH/TUNAI,Lumiera Garden,2025-01-07,Cash/Tunai,Komisi Komisaris Kavling LK-12,60.101.002 INSENTIF/KOMISI,,1750000,474481340
2,10.101.002,— CASH/TUNAI,Lumiera Garden,2025-01-07,Cash/Tunai,Komisi Direktur Teknik Kavling LK-12,60.101.002 INSENTIF/KOMISI,,1750000,472731340
2,10.101.002,— CASH/TUNAI,Lumiera Garden,2025-01-07,Cash/Tunai,Komisi Marcomm Kavling LK-12,60.101.002 INSENTIF/KOMISI,,205625,472525715
2,10.101.002,— CASH/TUNAI,Lumiera Garden,2025-01-07,Cash/Tunai,Komisi Marcomm Kavling LK-12,60.101.002 INSENTIF/KOMISI,,100625,472425090
2,10.101.002,— CASH/TUNAI,Lumiera Garden,2025-01-07,Cash/Tunai,Komisi Marcomm Kavling LK-12,60.101.002 INSENTIF/KOMISI,,65625,472359465
2,10.101.002,— CASH/TUNAI,Lumiera Garden,2025-01-07,Cash/Tunai,Komisi Marcomm Kavling LK-12,60.101.002 INSENTIF/KOMISI,,65625,472293840
2,10.101.002,— CASH/TUNAI,Lumiera Garden,2025-01-10,Cash/Tunai,Komisi Marketing Kavling LK-03,60.101.002 INSENTIF/KOMISI,,14250000,458043840
2,10.101.002,— CASH/TUNAI,Lumiera Garden,2025-01-10,Cash/Tunai,BLT Marketing Kavling LK-03,60.101.001 BLT,,1000000,457043840
2,10.101.002,— CASH/TUNAI,Lumiera Garden,2025-01-10,Cash/Tunai,Komisi SPV Marketing Kavling LK-03,60.101.002 INSENTIF/KOMISI,,4750000,452293840
2,10.101.002,— CASH/TUNAI,Lumiera Garden,2025-01-10,Cash/Tunai,BLT SPV Marketing Kavling LK-03,60.101.001 BLT,,2000000,450293840
2,10.101.002,— CASH/TUNAI,Lumiera Garden,2025-01-10,Cash/Tunai,Komisi Direktur Utama Kavling LK-03,60.101.002 INSENTIF/KOMISI,,1900000,448393840
2,10.101.002,— CASH/TUNAI,Lumiera Garden,2025-01-10,Cash/Tunai,Komisi Direktur Operasional Kavling LK-03,60.101.002 INSENTIF/KOMISI,,1900000,446493840
2,10.101.002,— CASH/TUNAI,Lumiera Garden,2025-01-10,Cash/Tunai,Komisi Direktur B&D Kavling LK-03,60.101.002 INSENTIF/KOMISI,,1900000,444593840
2,10.101.002,— CASH/TUNAI,Lumiera Garden,2025-01-10,Cash/Tunai,Komisi Komisaris Kavling LK-03,60.101.002 INSENTIF/KOMISI,,1900000,442693840
2,10.101.002,— CASH/TUNAI,Lumiera Garden,2025-01-10,Cash/Tunai,Komisi Direktur Teknik Kavling LK-03,60.101.002 INSENTIF/KOMISI,,1900000,440793840
2,10.101.002,— CASH/TUNAI,Lumiera Garden,2025-01-10,Cash/Tunai,Komisi Marcomm Kavling LK-03,60.101.002 INSENTIF/KOMISI,,223250,440570590
2,10.101.002,— CASH/TUNAI,Lumiera Garden,2025-01-10,Cash/Tunai,Komisi Marcomm Kavling LK-03,60.101.002 INSENTIF/KOMISI,,109250,440461340
2,10.101.002,— CASH/TUNAI,Lumiera Garden,2025-01-10,Cash/Tunai,Komisi Marcomm Kavling LK-03,60.101.002 INSENTIF/KOMISI,,71250,440390090
2,10.101.002,— CASH/TUNAI,Lumiera Garden,2025-01-10,Cash/Tunai,Komisi Marcomm Kavling LK-03,60.101.002 INSENTIF/KOMISI,,71250,440318840
2,10.101.002,— CASH/TUNAI,Lumiera Garden,2025-01-10,Cash/Tunai,Reimburse Pak Adhi (Meeting Tahunan dengan P. Rendra),60.104.013 MEETING,,801800,439517040
2,10.101.002,— CASH/TUNAI,Lumiera Garden,2025-01-10,Cash/Tunai,Reimburse Pak Adhi (Propertax Training),60.104.016 TRAINING KARYAWAN,,1500000,438017040
2,10.101.002,— CASH/TUNAI,Lumiera Garden,2025-01-10,Cash/Tunai,"Sewa EXA PC 78 / 39,5 jam (25-31 Des 2024) - Izuddin",10.202.003 PERATAAN TANAH/CUT & FILL,,13232500,424784540
2,10.101.002,— CASH/TUNAI,Lumiera Garden,2025-01-10,Cash/Tunai,Sewa EXA PC 78 / 34 jam (02-07 Jan 2025) - Izuddin,10.202.003 PERATAAN TANAH/CUT & FILL,,11390000,413394540
2,10.101.002,— CASH/TUNAI,Lumiera Garden,2025-01-10,Cash/Tunai,PO Kanstein & Paving (CO 01228/FC-SO/XII/24) - Focon,10.202.004 PAVING,,85315310,328079230
2,10.101.002,— CASH/TUNAI,Lumiera Garden,2025-01-10,Cash/Tunai,Reimburse Pak Rula (Meeting dengan Perencana - Teras Kota),60.104.013 MEETING,,375000,327704230
2,10.101.002,— CASH/TUNAI,Lumiera Garden,2025-01-10,Cash/Tunai,Reimburse Pak Rula (Pembelian Lampu Taman),10.202.008 TAMAN DAN PENGHIJAUAN,,2585000,325119230
2,10.101.002,— CASH/TUNAI,Lumiera Garden,2025-01-10,Cash/Tunai,Reimburse Pak Dian (Pembelian Material bantu taman),10.202.008 TAMAN DAN PENGHIJAUAN,,70000,325049230
2,10.101.002,— CASH/TUNAI,Lumiera Garden,2025-01-10,Cash/Tunai,Pinjaman untuk Sigura-gura (Reimburse Pak Rula - Smartlock B05),10.102.010 PIUTANG SIGURA-GURA,,3000000,322049230
2,10.101.002,— CASH/TUNAI,Lumiera Garden,2025-01-14,Cash/Tunai,Pembayaran Pelunasan DP Innova,11.103.001 KENDARAAN,,16264358,305784872
2,10.101.002,— CASH/TUNAI,Lumiera Garden,2025-01-14,Cash/Tunai,Biaya Admin (Kartika Sari),11.103.001 KENDARAAN,,9000000,296784872
2,10.101.002,— CASH/TUNAI,Lumiera Garden,2025-01-16,Cash/Tunai,Pencairan Cek,10.101.004 SILANG KAS,1100000000,,1396784872
2,10.101.002,— CASH/TUNAI,Lumiera Garden,2025-01-18,Cash/Tunai,Pinjaman untuk Sigura-gura (Pengembalian Hutang Pak Sam),10.102.010 PIUTANG SIGURA-GURA,,1212500000,184284872
2,10.101.002,— CASH/TUNAI,Lumiera Garden,2025-01-20,Cash/Tunai,Pinjaman untuk Sigura-gura (Belanja Kebutuhan A07 & Budgeting CRD),10.102.010 PIUTANG SIGURA-GURA,,10000000,174284872
2,10.101.002,— CASH/TUNAI,Lumiera Garden,2025-01-21,Cash/Tunai,Pinjaman untuk Joyo Agung (Komisi RK-01),10.102.012 PIUTANG JOYO AGUNG 2,,10000000,164284872
2,10.101.002,— CASH/TUNAI,Lumiera Garden,2025-01-22,Cash/Tunai,Pinjaman untuk Sigura-Gura (Sumur Bor B05),10.102.010 PIUTANG SIGURA-GURA,,950000,163334872
2,10.101.002,— CASH/TUNAI,Lumiera Garden,2025-01-24,Cash/Tunai,Pinjaman untuk Sigura-Gura (Pembayaran Pengajuan 240125),10.102.010 PIUTANG SIGURA-GURA,,73900000,89434872
2,10.101.002,— CASH/TUNAI,Lumiera Garden,2025-01-24,,Pindah Saldo,10.101.001 KAS KECIL,,51100000,38334872
2,10.101.002,— CASH/TUNAI,Lumiera Garden,2025-01-31,Cash/Tunai,Pencairan Cek,10.101.004 SILANG KAS,200000000,,238334872
2,10.101.002,— CASH/TUNAI,Lumiera Garden,2025-01-31,Cash/Tunai,Pinjaman untuk Sigura-Gura (Pengembalian Dana Investor Nanang),10.102.010 PIUTANG SIGURA-GURA,,100000000,138334872
2,10.101.002,— CASH/TUNAI,Lumiera Garden,2025-01-31,,Pindah Saldo,10.101.001 KAS KECIL,,21500000,116834872
2,10.101.002,— CASH/TUNAI,Lumiera Garden,2025-01-31,,Pindah Saldo,10.101.001 KAS KECIL,,50000000,66834872
2,10.101.002,— CASH/TUNAI,Lumiera Garden,2025-02-01,Cash/Tunai,Pembayaran DP Rukost Kavling LK-04 an Endah Kuswantari,20.101.001 UANG MUKA,800000000,,866834872
2,10.101.002,— CASH/TUNAI,Lumiera Garden,2025-02-01,,Pindah Saldo,10.101.001 KAS KECIL,,33000000,833834872
2,10.101.002,— CASH/TUNAI,Lumiera Garden,2025-02-07,Cash/Tunai,Pinjaman untuk Sigura-gura (Survei SLF),10.102.010 PIUTANG SIGURA-GURA,,2000000,831834872
2,10.101.002,— CASH/TUNAI,Lumiera Garden,2025-02-07,Cash/Tunai,Pinjaman untuk Joyo Agung (Bayar Termin Tanah + Profit),10.102.012 PIUTANG JOYO AGUNG 2,,487000000,344834872
2,10.101.002,— CASH/TUNAI,Lumiera Garden,2025-02-14,Cash/Tunai,Pembayaran Komisi Tanah Pak Yazak,10.201.026 KOMISI PEMBELIAN TANAH,,10000000,334834872
2,10.101.002,— CASH/TUNAI,Lumiera Garden,2025-02-14,Cash/Tunai,Pinjaman untuk Sigura-Gura (Reimburse Pak Adhi & PBB 2025),10.102.010 PIUTANG SIGURA-GURA,,10500000,324334872
2,10.101.002,— CASH/TUNAI,Lumiera Garden,2025-02-14,Cash/Tunai,Pinjaman untuk Joyo Agung (Komisaris),10.102.012 PIUTANG JOYO AGUNG 2,,50000000,274334872
2,10.101.002,— CASH/TUNAI,Lumiera Garden,2025-02-14,,Pindah Saldo,10.101.001 KAS KECIL,,6500000,267834872
2,10.101.002,— CASH/TUNAI,Lumiera Garden,2025-02-18,Cash/Tunai,Pembayaran Termin Tanah - Inggrid Permata Lestari,10.201.001 PERSEDIAAN TANAH,,200000000,67834872
2,10.101.002,— CASH/TUNAI,Lumiera Garden,2025-02-21,Cash/Tunai,Pembayaran Hutang ke Joyo Agung,20.103.009 HUTANG JOYO AGUNG 2,,3566000,64268872
2,10.101.002,— CASH/TUNAI,Lumiera Garden,2025-02-21,,Pindah Saldo,10.101.001 KAS KECIL,,2000000,62268872
2,10.101.002,— CASH/TUNAI,Lumiera Garden,2025-03-07,Cash/Tunai,Pengembalian Hutang dari Sigura-Gura,10.102.010 PIUTANG SIGURA-GURA,100400000,,162668872
2,10.101.002,— CASH/TUNAI,Lumiera Garden,2025-03-07,Cash/Tunai,Pelunasan Pek. 100% Plengsengan (29/SPK/XII/2024) - Arifin,10.202.041 PLENGSENG,,91000000,71668872
2,10.101.002,— CASH/TUNAI,Lumiera Garden,2025-03-07,Cash/Tunai,Pekerjaan Pembangunan Gudang Perkakas - Arifin,10.202.025 GUDANG,,9400000,62268872
2,10.101.002,— CASH/TUNAI,Lumiera Garden,2025-03-18,Cash/Tunai,Santunan Anak Yatim / 20 anak (Acara APERSI),60.104.002 SUMBANGAN/REWARD,,1000000,61268872
2,10.101.002,— CASH/TUNAI,Lumiera Garden,2025-03-19,Cash/Tunai,Kompensasi BPN Pertek Lumiera 2000/m (luas 6954),10.201.011 PERIJINAN,,14000000,47268872
2,10.101.002,— CASH/TUNAI,Lumiera Garden,2025-03-26,Cash/Tunai,Pengembalian Hutang dari Sigura-Gura,10.102.010 PIUTANG SIGURA-GURA,100000000,,147268872
2,10.101.002,— CASH/TUNAI,Lumiera Garden,2025-03-26,Cash/Tunai,Termin 100% Pekerjaan Plengseng Timur & Galian (06/SPK-ADP/II/2025) - Arifin,10.202.041 PLENGSENG,,110435000,36833872
2,10.101.002,— CASH/TUNAI,Lumiera Garden,2025-04-09,Cash/Tunai,Pembayaran Hutang ke Joyo Agung (Komisi RK-11),20.103.009 HUTANG JOYO AGUNG 2,,20504000,16329872
2,10.101.002,— CASH/TUNAI,Lumiera Garden,2025-04-11,Cash/Tunai,Pinjaman untuk Sigura-Gura (TTD Fasum - bu Nadia),10.102.010 PIUTANG SIGURA-GURA,,1000000,15329872
2,10.101.002,— CASH/TUNAI,Lumiera Garden,2025-04-19,,Pindah Saldo,10.101.001 KAS KECIL,,450000,14879872
2,10.101.002,— CASH/TUNAI,Lumiera Garden,2025-04-24,,Pindah Saldo,10.101.001 KAS KECIL,,200000,14679872
2,10.101.002,— CASH/TUNAI,Lumiera Garden,2025-05-01,Cash/Tunai,Pembayaran Pelunasan Ke-2 Pembelian Rukost Kavling LK-04 an Endah Kuswintari,20.101.001 UANG MUKA,84000000,,98679872
2,10.101.002,— CASH/TUNAI,Lumiera Garden,2025-05-01,Cash/Tunai,Pengembalian Hutang dari Sigura-Gura,10.102.010 PIUTANG SIGURA-GURA,2400000,,101079872
2,10.101.002,— CASH/TUNAI,Lumiera Garden,2025-05-02,,Pindah Saldo,10.101.001 KAS KECIL,,1000000,100079872
2,10.101.002,— CASH/TUNAI,Lumiera Garden,2025-05-06,,Pindah Saldo,10.101.001 KAS KECIL,,28500000,71579872
2,10.101.002,— CASH/TUNAI,Lumiera Garden,2025-05-16,,Pindah Saldo,10.101.001 KAS KECIL,,12600000,58979872
2,10.101.002,— CASH/TUNAI,Lumiera Garden,2025-06-03,Cash/Tunai,Pengembalian Hutang dari Sigura-Gura,10.102.010 PIUTANG SIGURA-GURA,50000000,,108979872
2,10.101.002,— CASH/TUNAI,Lumiera Garden,2025-06-03,Cash/Tunai,DP Tanah Makam Lumiera Seluas 140m2,10.201.019 KOMPENSASI MAKAM,,100000000,8979872
2,10.101.002,— CASH/TUNAI,Lumiera Garden,2025-06-07,,Pindah Saldo,10.101.001 KAS KECIL,,2000000,6979872
2,10.101.002,— CASH/TUNAI,Lumiera Garden,2025-06-20,,Pindah Saldo,10.101.001 KAS KECIL,,2350000,4629872
2,10.101.002,— CASH/TUNAI,Lumiera Garden,2025-07-03,Cash/Tunai,Pinjaman dari Sigura-Gura,20.103.006 HUTANG SIGURA-GURA,200000000,,204629872
2,10.101.002,— CASH/TUNAI,Lumiera Garden,2025-07-03,Cash/Tunai,Kompensasi Polda Lahan Lumiera,10.201.011 PERIJINAN,,70000000,134629872
2,10.101.002,— CASH/TUNAI,Lumiera Garden,2025-07-03,,Pindah Saldo,10.101.001 KAS KECIL,,5500000,129129872
2,10.101.002,— CASH/TUNAI,Lumiera Garden,2025-07-04,,Pindah Saldo,10.101.001 KAS KECIL,,63600000,65529872
2,10.101.002,— CASH/TUNAI,Lumiera Garden,2025-07-05,,Pindah Saldo,10.101.001 KAS KECIL,,10000000,55529872
2,10.101.002,— CASH/TUNAI,Lumiera Garden,2025-07-18,Cash/Tunai,Pembayaran Hutang ke Joyo Agung (HRIS GajiHub),20.103.009 HUTANG JOYO AGUNG 2,,3200000,52329872
2,10.101.002,— CASH/TUNAI,Lumiera Garden,2025-07-18,,Pindah Saldo,10.101.001 KAS KECIL,,600000,51729872
2,10.101.002,— CASH/TUNAI,Lumiera Garden,2025-07-21,Cash/Tunai,Pinjaman dari Sigura-Gura,20.103.006 HUTANG SIGURA-GURA,200000000,,251729872
2,10.101.002,— CASH/TUNAI,Lumiera Garden,2025-07-21,,Pindah Saldo,10.101.001 KAS KECIL,,249000000,2729872
2,10.101.002,— CASH/TUNAI,Lumiera Garden,2025-07-25,,Pindah Saldo,10.101.001 KAS KECIL,,1000000,1729872
2,10.101.002,— CASH/TUNAI,Lumiera Garden,2025-07-26,,Pindah Saldo,10.101.001 KAS KECIL,,2000900000,-1999170128
2,10.101.002,— CASH/TUNAI,Lumiera Garden,2025-07-30,Cash/Tunai,Pinjaman dari Sigura-Gura,20.103.006 HUTANG SIGURA-GURA,2000000000,,829872
2,10.101.002,— CASH/TUNAI,Lumiera Garden,2025-08-26,Cash/Tunai,Pembayaran DP Ke-2 Pembelian Rukost Kavling LK-22 an Jovita Ika P.,20.101.001 UANG MUKA,253000000,,253829872
2,10.101.002,— CASH/TUNAI,Lumiera Garden,2025-08-27,,Pindah Saldo,10.101.001 KAS KECIL,,34600000,219229872
2,10.101.002,— CASH/TUNAI,Lumiera Garden,2025-08-30,Cash/Tunai,Pembayaran Hutang Ke Sigura-Gura (Termin I B-12),20.103.006 HUTANG SIGURA-GURA,,217600000,1629872
2,10.101.002,— CASH/TUNAI,Lumiera Garden,2025-09-03,Cash/Tunai,Pembayaran Ke-3 Pembelian Rukost Kavling LK-22 an Jovita Ika P.,20.101.001 UANG MUKA,617000000,,618629872
2,10.101.002,— CASH/TUNAI,Lumiera Garden,2025-09-08,,Pindah Saldo,10.101.001 KAS KECIL,,600000,618029872
2,10.101.002,— CASH/TUNAI,Lumiera Garden,2025-09-11,Cash/Tunai,Waarmerking Kwitansi Pelunasan Pembayaran Tanah Lumiera (1682 & 1683),60.104.023 BIAYA ADMINISTRASI WAARMERKING,,800000,617229872
2,10.101.002,— CASH/TUNAI,Lumiera Garden,2025-09-12,Cash/Tunai,Termin I (50%) LK-11 (25/SPK.ADP/V/2025) - Richi Setiawan,10.203.001 PERSEDIAAN BANGUNAN,,166812500,450417372
2,10.101.002,— CASH/TUNAI,Lumiera Garden,2025-09-12,Cash/Tunai,Termin I (50%) C-02 (27/SPK.ADP/V/2025) - Kurniawan Dwi Putro,10.203.001 PERSEDIAAN BANGUNAN,,112500000,337917372
2,10.101.002,— CASH/TUNAI,Lumiera Garden,2025-09-12,Cash/Tunai,Termin I (50%) C-03 (28/SPK.ADP/V/2025) - Kurniawan Dwi Putro,10.203.001 PERSEDIAAN BANGUNAN,,112500000,225417372
2,10.101.002,— CASH/TUNAI,Lumiera Garden,2025-09-12,Cash/Tunai,Taman Sisi Pagar - A. Bobby,10.202.008 TAMAN DAN PENGHIJAUAN,,13850000,211567372
2,10.101.002,— CASH/TUNAI,Lumiera Garden,2025-09-12,Cash/Tunai,Perawatan Tanaman Lumiera (2) - A. Bobby,10.202.008 TAMAN DAN PENGHIJAUAN,,500000,211067372
2,10.101.002,— CASH/TUNAI,Lumiera Garden,2025-09-12,Cash/Tunai,Instalasi Pipa Tandon (46/SPK-ADP/IX/2025) - Syaiful Anwar,10.202.020 TANDON AIR,,21926000,189141372
2,10.101.002,— CASH/TUNAI,Lumiera Garden,2025-09-12,Cash/Tunai,Ads (9.2),60.101.005 BEBAN DIGITAL ADS,,15000000,174141372
2,10.101.002,— CASH/TUNAI,Lumiera Garden,2025-09-19,,Pindah Saldo,10.101.001 KAS KECIL,,151000000,23141372
2,10.101.002,— CASH/TUNAI,Lumiera Garden,2025-09-24,,Pindah Saldo,10.101.001 KAS KECIL,,23105700,35672
2,10.101.002,— CASH/TUNAI,Lumiera Garden,2025-09-26,Cash/Tunai,Pencairan Cek,10.101.004 SILANG KAS,296000000,,296035672
2,10.101.002,— CASH/TUNAI,Lumiera Garden,2025-09-26,Cash/Tunai,Pembayaran Hutang ke Joyo Agung,20.103.009 HUTANG JOYO AGUNG 2,,17500000,278535672
2,10.101.002,— CASH/TUNAI,Lumiera Garden,2025-09-26,Cash/Tunai,Pembayaran Hutang Ke Sigura-Gura,20.103.006 HUTANG SIGURA-GURA,,116997100,161538572
2,10.101.002,— CASH/TUNAI,Lumiera Garden,2025-09-26,Cash/Tunai,Termin 50% Kavling LK-3 (26/SPK.ADP/V/2025) - Riadi,10.203.001 PERSEDIAAN BANGUNAN,,161500000,38572
2,10.101.002,— CASH/TUNAI,Lumiera Garden,2025-09-26,Cash/Tunai,Biaya Admin Setoran Tunai (Termin Kavling LK-3 - Riadi),60.104.010 ADMINISTRASI BANK,,2900,35672
2,10.101.002,— CASH/TUNAI,Lumiera Garden,2025-10-10,Cash/Tunai,Biaya Admin Setoran Tunai (DP Umroh),60.104.010 ADMINISTRASI BANK,,2900,32772
2,10.101.002,— CASH/TUNAI,Lumiera Garden,2025-10-24,Cash/Tunai,Pencairan Cek,10.101.004 SILANG KAS,500000000,,500032772
2,10.101.002,— CASH/TUNAI,Lumiera Garden,2025-10-24,Cash/Tunai,Termin 95% Galeri Marketing (42/SPK.ADP/VIII/2025) - Riadi,10.202.017 GALLERY MARKETING,,54000000,446032772
2,10.101.002,— CASH/TUNAI,Lumiera Garden,2025-10-24,Cash/Tunai,"Pembayaran DP Hunian Kavling C-04 an Budiono, SH.",20.101.001 UANG MUKA,300000000,,746032772
2,10.101.002,— CASH/TUNAI,Lumiera Garden,2025-10-24,Cash/Tunai,DP Pembelian Rukost Kavling LK-24 an Hikmatul Hikmiah,20.101.001 UANG MUKA,50000000,,796032772
2,10.101.002,— CASH/TUNAI,Lumiera Garden,2025-10-24,,Pindah Saldo,10.101.001 KAS KECIL,,282587400,513445372
2,10.101.002,— CASH/TUNAI,Lumiera Garden,2025-10-25,,Pindah Saldo,10.101.001 KAS KECIL,,25000000,488445372
2,10.101.002,— CASH/TUNAI,Lumiera Garden,2025-10-27,Cash/Tunai,Biaya Admin Setoran Tunai (Addendum Galeri Marketing),60.104.010 ADMINISTRASI BANK,,2900,488442472
2,10.101.002,— CASH/TUNAI,Lumiera Garden,2025-10-27,,Pindah Saldo,10.101.001 KAS KECIL,,19000000,469442472
2,10.101.002,— CASH/TUNAI,Lumiera Garden,2025-10-28,Cash/Tunai,Pembayaran Hutang Ke Sigura-Gura,20.103.006 HUTANG SIGURA-GURA,,200000000,269442472
2,10.101.002,— CASH/TUNAI,Lumiera Garden,2025-10-30,,Pindah Saldo,10.101.001 KAS KECIL,,400000,269042472
2,10.101.002,— CASH/TUNAI,Lumiera Garden,2025-10-31,Cash/Tunai,Pembayaran Hutang Ke Sigura-Gura,20.103.006 HUTANG SIGURA-GURA,,106000000,163042472
2,10.101.002,— CASH/TUNAI,Lumiera Garden,2025-10-31,,Pindah Saldo,10.101.001 KAS KECIL,,18000000,145042472
2,10.101.002,— CASH/TUNAI,Lumiera Garden,2025-11-04,Cash/Tunai,Biaya Admin Setoran Tunai (DP Umroh),60.104.010 ADMINISTRASI BANK,,2900,145039572
2,10.101.002,— CASH/TUNAI,Lumiera Garden,2025-11-07,,Pindah Saldo,10.101.001 KAS KECIL,,29300000,115739572
2,10.101.002,— CASH/TUNAI,Lumiera Garden,2025-11-08,,Pindah Saldo,10.101.001 KAS KECIL,,114000000,1739572
2,10.101.002,— CASH/TUNAI,Lumiera Garden,2025-11-14,,Pindah Saldo,10.101.001 KAS KECIL,,1600000,139572
2,10.101.002,— CASH/TUNAI,Lumiera Garden,2025-11-28,Cash/Tunai,Pencairan Cek,10.101.004 SILANG KAS,329170600,,329310172
2,10.101.002,— CASH/TUNAI,Lumiera Garden,2025-11-28,,Pindah Saldo,10.101.001 KAS KECIL,,129170600,200139572
2,10.101.002,— CASH/TUNAI,Lumiera Garden,2025-12-04,,Pindah Saldo,10.101.001 KAS KECIL,,200000000,139572
2,10.101.002,— CASH/TUNAI,Subtotal / Saldo Akhir,,,,,0,0,139572
3,10.101.003,— BCA PT. ADHILAND JOYO AGUNG (8161-960-098),Saldo Awal,,,,,,,0
3,10.101.003,— BCA PT. ADHILAND JOYO AGUNG (8161-960-098),Lumiera Garden,2024-12-12,,Setor Awal Rekening,10.101.004 SILANG KAS,1000000,,1000000
3,10.101.003,— BCA PT. ADHILAND JOYO AGUNG (8161-960-098),Lumiera Garden,2024-12-12,BCA PT. ASA,Biaya Pembuatan Token,60.104.010 ADMINISTRASI BANK,,25000,975000
3,10.101.003,— BCA PT. ADHILAND JOYO AGUNG (8161-960-098),Lumiera Garden,2024-12-25,BCA PT. ASA,ITJ Kavling LK-10 an Mochamad Yunus,20.101.002 UANG TANDA JADI,5000000,,5975000
3,10.101.003,— BCA PT. ADHILAND JOYO AGUNG (8161-960-098),Lumiera Garden,2024-12-25,BCA PT. ASA,Pembayaran DP 1 Kavling LK-10 an Mochamad Yunus,20.101.001 UANG MUKA,45000000,,50975000
3,10.101.003,— BCA PT. ADHILAND JOYO AGUNG (8161-960-098),Lumiera Garden,2024-12-25,BCA PT. ASA,Pembayaran DP Kavling LK-06 an Ninik Yulaikah,20.101.001 UANG MUKA,100000000,,150975000
3,10.101.003,— BCA PT. ADHILAND JOYO AGUNG (8161-960-098),Lumiera Garden,2024-12-27,BCA PT. ASA,Pembayaran DP 2 Kavling LK-10 an Mochamad Yunus,20.101.001 UANG MUKA,450000000,,600975000
3,10.101.003,— BCA PT. ADHILAND JOYO AGUNG (8161-960-098),Lumiera Garden,2024-12-27,BCA PT. ASA,ITJ Kavling LK-02 an Etty Parawati,20.101.002 UANG TANDA JADI,5000000,,605975000
3,10.101.003,— BCA PT. ADHILAND JOYO AGUNG (8161-960-098),Lumiera Garden,2024-12-27,BCA PT. ASA,Pembayaran DP Desain Logo Adhiland,60.101.004 BEBAN ADVERTISING,,4250000,601725000
3,10.101.003,— BCA PT. ADHILAND JOYO AGUNG (8161-960-098),Lumiera Garden,2024-12-27,BCA PT. ASA,Tagihan Taman Behrem & Poros Barat,10.202.008 TAMAN DAN PENGHIJAUAN,,42730000,558995000
3,10.101.003,— BCA PT. ADHILAND JOYO AGUNG (8161-960-098),Lumiera Garden,2024-12-27,BCA PT. ASA,Termin Taman Marketing Gallery,10.202.008 TAMAN DAN PENGHIJAUAN,,8000000,550995000
3,10.101.003,— BCA PT. ADHILAND JOYO AGUNG (8161-960-098),Lumiera Garden,2024-12-27,BCA PT. ASA,Banner Kavling & Ganti Visual Mini Billboard,60.101.004 BEBAN ADVERTISING,,1725000,549270000
3,10.101.003,— BCA PT. ADHILAND JOYO AGUNG (8161-960-098),Lumiera Garden,2024-12-27,BCA PT. ASA,Biaya Admin,60.104.010 ADMINISTRASI BANK,,2500,549267500
3,10.101.003,— BCA PT. ADHILAND JOYO AGUNG (8161-960-098),Lumiera Garden,2024-12-27,BCA PT. ASA,Pelunasan Billboard Tol Singosari,60.101.004 BEBAN ADVERTISING,,35400000,513867500
3,10.101.003,— BCA PT. ADHILAND JOYO AGUNG (8161-960-098),Lumiera Garden,2024-12-27,BCA PT. ASA,Teknik Pompa + air mancur,11.102.001 PERALATAN TEKNIK,,1950000,511917500
3,10.101.003,— BCA PT. ADHILAND JOYO AGUNG (8161-960-098),Lumiera Garden,2024-12-28,BCA PT. ASA,Pembelian Token Listrik + Biaya Admin,10.202.028 LISTRIK LOKASI,,202303,511715197
3,10.101.003,— BCA PT. ADHILAND JOYO AGUNG (8161-960-098),Lumiera Garden,2024-12-30,BCA PT. ASA,Pembayaran DP 1 Kavling LK-02 an Etty Parawati,20.101.001 UANG MUKA,30000000,,541715197
3,10.101.003,— BCA PT. ADHILAND JOYO AGUNG (8161-960-098),Lumiera Garden,2024-12-30,BCA PT. ASA,Pembayaran Pelunasan DP Kavling LK-06 an Ninik Yulaikah,20.101.001 UANG MUKA,166500000,,708215197
3,10.101.003,— BCA PT. ADHILAND JOYO AGUNG (8161-960-098),Lumiera Garden,2024-12-30,BCA PT. ASA,ITJ Kavling LK-11 an Endah Masofi,20.101.002 UANG TANDA JADI,5000000,,713215197
3,10.101.003,— BCA PT. ADHILAND JOYO AGUNG (8161-960-098),Lumiera Garden,2024-12-31,BCA PT. ASA,Pembuatan Buku Cek BG,60.101.004 BEBAN ADVERTISING,,275000,712940197
3,10.101.003,— BCA PT. ADHILAND JOYO AGUNG (8161-960-098),Lumiera Garden,2024-12-31,BCA PT. ASA,Pembayaran DP Kavling LK-09 an Dwi Mulyono,20.101.001 UANG MUKA,650000000,,1362940197
3,10.101.003,— BCA PT. ADHILAND JOYO AGUNG (8161-960-098),Lumiera Garden,2024-12-31,BCA PT. ASA,ITJ Kavling C-03 an Fifin Dwi Andriani,20.101.002 UANG TANDA JADI,5000000,,1367940197
3,10.101.003,— BCA PT. ADHILAND JOYO AGUNG (8161-960-098),Lumiera Garden,2024-12-31,BCA PT. ASA,Komisi Direktur Utama untuk Kavling LK-09,60.101.002 INSENTIF/KOMISI,,1750000,1366190197
3,10.101.003,— BCA PT. ADHILAND JOYO AGUNG (8161-960-098),Lumiera Garden,2024-12-31,BCA PT. ASA,Komisi Direktur Operasional untuk Kavling LK-09,60.101.002 INSENTIF/KOMISI,,1750000,1364440197
3,10.101.003,— BCA PT. ADHILAND JOYO AGUNG (8161-960-098),Lumiera Garden,2024-12-31,BCA PT. ASA,Komisi Direktur B&D untuk Kavling LK-09,60.101.002 INSENTIF/KOMISI,,1750000,1362690197
3,10.101.003,— BCA PT. ADHILAND JOYO AGUNG (8161-960-098),Lumiera Garden,2024-12-31,BCA PT. ASA,Komisi Direktur Teknik untuk Kavling LK-09,60.101.002 INSENTIF/KOMISI,,1750000,1360940197
3,10.101.003,— BCA PT. ADHILAND JOYO AGUNG (8161-960-098),Lumiera Garden,2024-12-31,BCA PT. ASA,Komisi Komisaris untuk Kavling LK-09,60.101.002 INSENTIF/KOMISI,,1750000,1359190197
3,10.101.003,— BCA PT. ADHILAND JOYO AGUNG (8161-960-098),Lumiera Garden,2024-12-31,BCA PT. ASA,Tarikan Tunai,10.101.004 SILANG KAS,,800000000,559190197
3,10.101.003,— BCA PT. ADHILAND JOYO AGUNG (8161-960-098),Lumiera Garden,2024-12-31,BCA PT. ASA,Pinjaman untuk Sigura-Gura (Angsuran BJS),10.102.010 PIUTANG SIGURA-GURA,,53776715,505413482
3,10.101.003,— BCA PT. ADHILAND JOYO AGUNG (8161-960-098),Lumiera Garden,2024-12-31,BCA PT. ASA,HP Call Center,11.101.001 PERALATAN KANTOR,,1500000,503913482
3,10.101.003,— BCA PT. ADHILAND JOYO AGUNG (8161-960-098),Lumiera Garden,2024-12-31,BCA PT. ASA,Biaya Admin,60.104.010 ADMINISTRASI BANK,,2500,503910982
3,10.101.003,— BCA PT. ADHILAND JOYO AGUNG (8161-960-098),Lumiera Garden,2024-12-31,BCA PT. ASA,ITJ Kavling LK-12 an Tina,20.101.002 UANG TANDA JADI,5000000,,508910982
3,10.101.003,— BCA PT. ADHILAND JOYO AGUNG (8161-960-098),Lumiera Garden,2024-12-31,BCA PT. ASA,Biaya Admin (Bulanan),60.104.010 ADMINISTRASI BANK,,30000,508880982
3,10.101.003,— BCA PT. ADHILAND JOYO AGUNG (8161-960-098),Lumiera Garden,2025-01-02,BCA PT. ASA,Pembayaran Angsuran 1 Kavling LK-07 an Neny Susanti,20.101.001 UANG MUKA,50000000,,558880982
3,10.101.003,— BCA PT. ADHILAND JOYO AGUNG (8161-960-098),Lumiera Garden,2025-01-02,BCA PT. ASA,Pembayaran DP II Kavling LK-02 an Etty Parawati,20.101.001 UANG MUKA,240000000,,798880982
3,10.101.003,— BCA PT. ADHILAND JOYO AGUNG (8161-960-098),Lumiera Garden,2025-01-03,BCA PT. ASA,Kirim Bongkaran Truk Besar 4 rit (10 Desember 2024) - Amiet Sewu,10.202.003 PERATAAN TANAH/CUT & FILL,,1400000,797480982
3,10.101.003,— BCA PT. ADHILAND JOYO AGUNG (8161-960-098),Lumiera Garden,2025-01-03,BCA PT. ASA,Kirim Bongkaran Truk Kecil 5 rit (10 Des 2024 s/d 13 Des 2024) - Amiet Sewu,10.202.003 PERATAAN TANAH/CUT & FILL,,625000,796855982
3,10.101.003,— BCA PT. ADHILAND JOYO AGUNG (8161-960-098),Lumiera Garden,2025-01-03,BCA PT. ASA,PO NRCP 400x2400/36 pcs (No.Kw 1919/FI-SO/XII/2024) - Focon,10.202.005 SALURAN,,16783200,780072782
3,10.101.003,— BCA PT. ADHILAND JOYO AGUNG (8161-960-098),Lumiera Garden,2025-01-03,BCA PT. ASA,PO NRCP 400x2400/69 pcs (No.Kw 1890/FI-SO/XII/2024) - Focon,10.202.005 SALURAN,,32167800,747904982
3,10.101.003,— BCA PT. ADHILAND JOYO AGUNG (8161-960-098),Lumiera Garden,2025-01-03,BCA PT. ASA,Reimburse Pak Rula (Sewa Stamper Kodok STrong No.2),10.202.003 PERATAAN TANAH/CUT & FILL,,275000,747629982
3,10.101.003,— BCA PT. ADHILAND JOYO AGUNG (8161-960-098),Lumiera Garden,2025-01-03,BCA PT. ASA,Reimburse Pak Rula (Lampu Tenda Marketing),60.104.001 OPERASIONAL KANTOR,,165000,747464982
3,10.101.003,— BCA PT. ADHILAND JOYO AGUNG (8161-960-098),Lumiera Garden,2025-01-03,BCA PT. ASA,Reimburse Pak Rula (Lampu Taman LK & Area Tenda),10.202.008 TAMAN DAN PENGHIJAUAN,,4759000,742705982
3,10.101.003,— BCA PT. ADHILAND JOYO AGUNG (8161-960-098),Lumiera Garden,2025-01-03,BCA PT. ASA,Pekerjaan Taman Jalan Masuk Tahap 1 - Jaya Abadi Landscape,10.202.008 TAMAN DAN PENGHIJAUAN,,17800000,724905982
3,10.101.003,— BCA PT. ADHILAND JOYO AGUNG (8161-960-098),Lumiera Garden,2025-01-03,BCA PT. ASA,Pelunasan Taman Marketing Gallery - A. Bobby,10.202.008 TAMAN DAN PENGHIJAUAN,,7485000,717420982
3,10.101.003,— BCA PT. ADHILAND JOYO AGUNG (8161-960-098),Lumiera Garden,2025-01-03,BCA PT. ASA,Reimburse Pak Sugeng (Pembelian Material),10.204.003 PERLENGKAPAN PROYEK,,191000,717229982
3,10.101.003,— BCA PT. ADHILAND JOYO AGUNG (8161-960-098),Lumiera Garden,2025-01-03,BCA PT. ASA,Waarmerking LK-07 Henny Susanti - Notaris Ika,60.104.023 BIAYA ADMINISTRASI WAARMERKING,,250000,716979982
3,10.101.003,— BCA PT. ADHILAND JOYO AGUNG (8161-960-098),Lumiera Garden,2025-01-03,BCA PT. ASA,Waarmerking LK-09 Dwi Mulyono - Notaris Ika,60.104.023 BIAYA ADMINISTRASI WAARMERKING,,250000,716729982
3,10.101.003,— BCA PT. ADHILAND JOYO AGUNG (8161-960-098),Lumiera Garden,2025-01-03,BCA PT. ASA,Siteplan 3 project + Sticker Siteplan + Kisscut,60.101.004 BEBAN ADVERTISING,,175500,716554482
3,10.101.003,— BCA PT. ADHILAND JOYO AGUNG (8161-960-098),Lumiera Garden,2025-01-03,BCA PT. ASA,Lanyard + Id Card (10 pcs),60.101.004 BEBAN ADVERTISING,,540000,716014482
3,10.101.003,— BCA PT. ADHILAND JOYO AGUNG (8161-960-098),Lumiera Garden,2025-01-03,BCA PT. ASA,Biaya Admin,60.104.010 ADMINISTRASI BANK,,2500,716011982
3,10.101.003,— BCA PT. ADHILAND JOYO AGUNG (8161-960-098),Lumiera Garden,2025-01-03,BCA PT. ASA,Reimburse Mas Amin (Bensin Avanza),60.104.007 BENSIN OPERASIONAL,,200000,715811982
3,10.101.003,— BCA PT. ADHILAND JOYO AGUNG (8161-960-098),Lumiera Garden,2025-01-03,BCA PT. ASA,Reimburse Mas Amin (Konsumsi & Marketing Tools),60.104.001 OPERASIONAL KANTOR,,152500,715659482
3,10.101.003,— BCA PT. ADHILAND JOYO AGUNG (8161-960-098),Lumiera Garden,2025-01-03,BCA PT. ASA,Reimburse Bella Tele (Tambahan Biaya untuk hp Call Center),11.101.001 PERALATAN KANTOR,,300000,715359482
3,10.101.003,— BCA PT. ADHILAND JOYO AGUNG (8161-960-098),Lumiera Garden,2025-01-03,BCA PT. ASA,Biaya Admin,60.104.010 ADMINISTRASI BANK,,2500,715356982
3,10.101.003,— BCA PT. ADHILAND JOYO AGUNG (8161-960-098),Lumiera Garden,2025-01-03,BCA PT. ASA,Pembayaran Ads,60.101.005 BEBAN DIGITAL ADS,,20000000,695356982
3,10.101.003,— BCA PT. ADHILAND JOYO AGUNG (8161-960-098),Lumiera Garden,2025-01-03,BCA PT. ASA,Biaya Admin,60.104.010 ADMINISTRASI BANK,,2500,695354482
3,10.101.003,— BCA PT. ADHILAND JOYO AGUNG (8161-960-098),Lumiera Garden,2025-01-06,BCA PT. ASA,Pembayaran mesin alkon air teknik,11.102.001 PERALATAN TEKNIK,,4500000,690854482
3,10.101.003,— BCA PT. ADHILAND JOYO AGUNG (8161-960-098),Lumiera Garden,2025-01-06,BCA PT. ASA,Booking Mobil Operasional,11.103.001 KENDARAAN,,5000000,685854482
3,10.101.003,— BCA PT. ADHILAND JOYO AGUNG (8161-960-098),Lumiera Garden,2025-01-07,BCA PT. ASA,Pembayaran DP I Kavling LK-12 an Fitria Agustina,20.101.001 UANG MUKA,300000000,,985854482
3,10.101.003,— BCA PT. ADHILAND JOYO AGUNG (8161-960-098),Lumiera Garden,2025-01-10,BCA PT. ASA,Pembayaran DP Kavling LK-03 an Rachmadiana Sari,20.101.001 UANG MUKA,500000000,,1485854482
3,10.101.003,— BCA PT. ADHILAND JOYO AGUNG (8161-960-098),Lumiera Garden,2025-01-10,BCA PT. ASA,Token Listrik Ruko Suhat (ID Pel : 513110771875),60.104.003 TOKEN PLN,,1002500,1484851982
3,10.101.003,— BCA PT. ADHILAND JOYO AGUNG (8161-960-098),Lumiera Garden,2025-01-10,BCA PT. ASA,Kirim Bongkaran 6 rit (10 Des - 21 Des 2024) - Amiet Sewu,10.202.003 PERATAAN TANAH/CUT & FILL,,750000,1484101982
3,10.101.003,— BCA PT. ADHILAND JOYO AGUNG (8161-960-098),Lumiera Garden,2025-01-10,BCA PT. ASA,Sewa Dump Truk (06 Jan 2025) - Amiet Sewu,10.202.003 PERATAAN TANAH/CUT & FILL,,600000,1483501982
3,10.101.003,— BCA PT. ADHILAND JOYO AGUNG (8161-960-098),Lumiera Garden,2025-01-10,BCA PT. ASA,Reimburse Pak Sugeng Pembayaran Air Kerja Lokasi,60.104.004 TAGIHAN PDAM,,200000,1483301982
3,10.101.003,— BCA PT. ADHILAND JOYO AGUNG (8161-960-098),Lumiera Garden,2025-01-10,BCA PT. ASA,Reimburse Pak Sugeng Pembelian Le Mineral (BM Mart),60.104.001 OPERASIONAL KANTOR,,22000,1483279982
3,10.101.003,— BCA PT. ADHILAND JOYO AGUNG (8161-960-098),Lumiera Garden,2025-01-10,BCA PT. ASA,Reimburse Pak Sugeng Pembelian Bensin Alkon,60.104.001 OPERASIONAL KANTOR,,125000,1483154982
3,10.101.003,— BCA PT. ADHILAND JOYO AGUNG (8161-960-098),Lumiera Garden,2025-01-10,BCA PT. ASA,Reimburse Pak Sugeng Pembelian Alat Kebersihan (Sikat Sodok&Cikrak),60.104.001 OPERASIONAL KANTOR,,52000,1483102982
3,10.101.003,— BCA PT. ADHILAND JOYO AGUNG (8161-960-098),Lumiera Garden,2025-01-10,BCA PT. ASA,Waarmerking Kavling LK-02 an Etty Parawati,60.104.023 BIAYA ADMINISTRASI WAARMERKING,,250000,1482852982
3,10.101.003,— BCA PT. ADHILAND JOYO AGUNG (8161-960-098),Lumiera Garden,2025-01-10,BCA PT. ASA,Waarmerking Kavling LK-06 an Ninik Yulaikah,60.104.023 BIAYA ADMINISTRASI WAARMERKING,,250000,1482602982
3,10.101.003,— BCA PT. ADHILAND JOYO AGUNG (8161-960-098),Lumiera Garden,2025-01-10,BCA PT. ASA,"Waarmerking Kavling LK-10 an Mochamad Yunus, Ir",60.104.023 BIAYA ADMINISTRASI WAARMERKING,,250000,1482352982
3,10.101.003,— BCA PT. ADHILAND JOYO AGUNG (8161-960-098),Lumiera Garden,2025-01-10,BCA PT. ASA,Admin Bank,60.104.010 ADMINISTRASI BANK,,2500,1482350482
3,10.101.003,— BCA PT. ADHILAND JOYO AGUNG (8161-960-098),Lumiera Garden,2025-01-10,BCA PT. ASA,Cetak V Banner 260 x 90 - Sigmaprint,60.101.004 BEBAN ADVERTISING,,17325000,1465025482
3,10.101.003,— BCA PT. ADHILAND JOYO AGUNG (8161-960-098),Lumiera Garden,2025-01-10,BCA PT. ASA,Pasang Bambu - Sigmaprint,60.101.004 BEBAN ADVERTISING,,14850000,1450175482
3,10.101.003,— BCA PT. ADHILAND JOYO AGUNG (8161-960-098),Lumiera Garden,2025-01-10,BCA PT. ASA,Ijin & Pajak - Sigmaprint,60.101.004 BEBAN ADVERTISING,,20250000,1429925482
3,10.101.003,— BCA PT. ADHILAND JOYO AGUNG (8161-960-098),Lumiera Garden,2025-01-10,BCA PT. ASA,DP Open Table MOG (1-31 Januari 2025),60.101.006 EXPO,,18525000,1411400482
3,10.101.003,— BCA PT. ADHILAND JOYO AGUNG (8161-960-098),Lumiera Garden,2025-01-10,BCA PT. ASA,Uang Makan Expo Matos (18 Desember 2024 - 5 Januari 2025) - Aan,60.101.006 EXPO,,500000,1410900482
3,10.101.003,— BCA PT. ADHILAND JOYO AGUNG (8161-960-098),Lumiera Garden,2025-01-10,BCA PT. ASA,Uang Makan Expo Matos (18 Desember 2024 - 5 Januari 2025) - Dinda,60.101.006 EXPO,,450000,1410450482
3,10.101.003,— BCA PT. ADHILAND JOYO AGUNG (8161-960-098),Lumiera Garden,2025-01-10,BCA PT. ASA,Uang Makan Expo Matos (18 Desember 2024 - 5 Januari 2025) - Wiya,60.101.006 EXPO,,550000,1409900482
3,10.101.003,— BCA PT. ADHILAND JOYO AGUNG (8161-960-098),Lumiera Garden,2025-01-10,BCA PT. ASA,Uang Makan Expo Matos (18 Desember 2024 - 5 Januari 2025) - Iwan,60.101.006 EXPO,,400000,1409500482
3,10.101.003,— BCA PT. ADHILAND JOYO AGUNG (8161-960-098),Lumiera Garden,2025-01-10,BCA PT. ASA,Admin Bank,60.104.010 ADMINISTRASI BANK,,2500,1409497982
3,10.101.003,— BCA PT. ADHILAND JOYO AGUNG (8161-960-098),Lumiera Garden,2025-01-10,BCA PT. ASA,Uang Makan Expo Matos (18 Desember 2024 - 5 Januari 2025) - Adib,60.101.006 EXPO,,750000,1408747982
3,10.101.003,— BCA PT. ADHILAND JOYO AGUNG (8161-960-098),Lumiera Garden,2025-01-10,BCA PT. ASA,Uang Makan Expo Matos (18 Desember 2024 - 5 Januari 2025) - Achmad,60.101.006 EXPO,,650000,1408097982
3,10.101.003,— BCA PT. ADHILAND JOYO AGUNG (8161-960-098),Lumiera Garden,2025-01-10,BCA PT. ASA,Uang Makan Expo Matos (18 Desember 2024 - 5 Januari 2025) - Ika,60.101.006 EXPO,,450000,1407647982
3,10.101.003,— BCA PT. ADHILAND JOYO AGUNG (8161-960-098),Lumiera Garden,2025-01-10,BCA PT. ASA,Admin Bank,60.104.010 ADMINISTRASI BANK,,2500,1407645482
3,10.101.003,— BCA PT. ADHILAND JOYO AGUNG (8161-960-098),Lumiera Garden,2025-01-10,BCA PT. Adhiland Sukses Abadi,Refund ITJ LK-11 an Endah Masofi,20.101.002 UANG TANDA JADI,,5000000,1402645482
3,10.101.003,— BCA PT. ADHILAND JOYO AGUNG (8161-960-098),Lumiera Garden,2025-01-16,BCA PT. ASA,Tarikan Tunai,10.101.004 SILANG KAS,,1100000000,302645482
3,10.101.003,— BCA PT. ADHILAND JOYO AGUNG (8161-960-098),Lumiera Garden,2025-01-17,BCA PT. ASA,Listrik Kawasan (ID:513111484250),60.104.003 TOKEN PLN,,203000,302442482
3,10.101.003,— BCA PT. ADHILAND JOYO AGUNG (8161-960-098),Lumiera Garden,2025-01-17,BCA PT. ASA,Sewa PC 78 / 33 Jam (08 Jan - 13 Jan 2025) - Izuddin,10.202.003 PERATAAN TANAH/CUT & FILL,,11055000,291387482
3,10.101.003,— BCA PT. ADHILAND JOYO AGUNG (8161-960-098),Lumiera Garden,2025-01-17,BCA PT. ASA,"PO Paving Abu k-400 / 113,58 M2 (No. KW 1945/FI-SO/XII/2024) - Focon",10.202.004 PAVING,,9833756,281553726
3,10.101.003,— BCA PT. ADHILAND JOYO AGUNG (8161-960-098),Lumiera Garden,2025-01-17,BCA PT. ASA,Reimburse Pak Rula (Meeting Teknik),60.104.013 MEETING,,145000,281408726
3,10.101.003,— BCA PT. ADHILAND JOYO AGUNG (8161-960-098),Lumiera Garden,2025-01-17,BCA PT. ASA,Reimburse Pak Rula (Bensin Operasional),60.104.007 BENSIN OPERASIONAL,,300000,281108726
3,10.101.003,— BCA PT. ADHILAND JOYO AGUNG (8161-960-098),Lumiera Garden,2025-01-17,BCA PT. ASA,Tripod Kamera,11.101.001 PERALATAN KANTOR,,298700,280810026
3,10.101.003,— BCA PT. ADHILAND JOYO AGUNG (8161-960-098),Lumiera Garden,2025-01-17,BCA PT. ASA,Inbex Lighting,11.101.001 PERALATAN KANTOR,,786100,280023926
3,10.101.003,— BCA PT. ADHILAND JOYO AGUNG (8161-960-098),Lumiera Garden,2025-01-17,BCA PT. ASA,Mousepadd (mila),60.104.001 OPERASIONAL KANTOR,,15000,280008926
3,10.101.003,— BCA PT. ADHILAND JOYO AGUNG (8161-960-098),Lumiera Garden,2025-01-17,BCA PT. ASA,Tatakan Laptop (Mila),60.104.001 OPERASIONAL KANTOR,,70000,279938926
3,10.101.003,— BCA PT. ADHILAND JOYO AGUNG (8161-960-098),Lumiera Garden,2025-01-17,BCA PT. ASA,Biaya Admin,60.104.010 ADMINISTRASI BANK,,2500,279936426
3,10.101.003,— BCA PT. ADHILAND JOYO AGUNG (8161-960-098),Lumiera Garden,2025-01-17,BCA PT. ASA,Brosur Lumiera Garden / 2770 pcs,60.101.004 BEBAN ADVERTISING,,11634000,268302426
3,10.101.003,— BCA PT. ADHILAND JOYO AGUNG (8161-960-098),Lumiera Garden,2025-01-17,BCA PT. ASA,Reimburse Pak Dedy (Bensin Operational),60.104.007 BENSIN OPERASIONAL,,200000,268102426
3,10.101.003,— BCA PT. ADHILAND JOYO AGUNG (8161-960-098),Lumiera Garden,2025-01-17,BCA PT. ASA,Ganti Visual Mini Billboard uk 2x3 (5 unit) - StarOne,60.101.004 BEBAN ADVERTISING,,1650000,266452426
3,10.101.003,— BCA PT. ADHILAND JOYO AGUNG (8161-960-098),Lumiera Garden,2025-01-17,BCA PT. ASA,Biaya Admin,60.104.010 ADMINISTRASI BANK,,2500,266449926
3,10.101.003,— BCA PT. ADHILAND JOYO AGUNG (8161-960-098),Lumiera Garden,2025-01-17,BCA PT. ASA,Termin I (40%) Animasi 3D (202501/I/10) - RURA,60.101.004 BEBAN ADVERTISING,,3200000,263249926
3,10.101.003,— BCA PT. ADHILAND JOYO AGUNG (8161-960-098),Lumiera Garden,2025-01-17,BCA PT. ASA,DP EXPO MOG (22 Jan - 2 Feb 2025) - Ilhami Organizer,60.101.006 EXPO,,20000000,243249926
3,10.101.003,— BCA PT. ADHILAND JOYO AGUNG (8161-960-098),Lumiera Garden,2025-01-21,BCA PT. ASA,DP Seragam Kemeja PDH (10 pcs) - Baboon T-Shirt Garment,60.104.001 OPERASIONAL KANTOR,,925000,242324926
3,10.101.003,— BCA PT. ADHILAND JOYO AGUNG (8161-960-098),Lumiera Garden,2025-01-24,BCA PT. ASA,Pembayaran Pelunasan Rukost Kavling LK-12 an Fitria Agustina,20.101.001 UANG MUKA,500000000,,742324926
3,10.101.003,— BCA PT. ADHILAND JOYO AGUNG (8161-960-098),Lumiera Garden,2025-01-24,BCA PT. ASA,Sewa EXA PC 78 / 42 Jam (14 - 20 Januari 2025) - Izuddin,10.202.003 PERATAAN TANAH/CUT & FILL,,14070000,728254926
3,10.101.003,— BCA PT. ADHILAND JOYO AGUNG (8161-960-098),Lumiera Garden,2025-01-24,BCA PT. ASA,PO NRCP / 15 pcs (No.KW 1872/FI-SO/XI/2024) - Focon,10.202.005 SALURAN,,6993000,721261926
3,10.101.003,— BCA PT. ADHILAND JOYO AGUNG (8161-960-098),Lumiera Garden,2025-01-24,BCA PT. ASA,PO Paving 1/2 Block /15 m2 & Tutup Bico /26 pcs (No.KW 1991/FI-SO/XII/2024) - Focon,10.202.004 PAVING,,3507600,717754326
3,10.101.003,— BCA PT. ADHILAND JOYO AGUNG (8161-960-098),Lumiera Garden,2025-01-24,BCA PT. ASA,Pekerjaan 100% Plengsengan (29/SPK/XII/2024) - Arifin,10.202.041 PLENGSENG,,200000000,517754326
3,10.101.003,— BCA PT. ADHILAND JOYO AGUNG (8161-960-098),Lumiera Garden,2025-01-24,BCA PT. ASA,"Reimburse Pak Rula (Pembelian Box Panel, Lampu 100w, dan Kabel 2x1,5 / Gajayana Electronic)",10.202.008 TAMAN DAN PENGHIJAUAN,,1100000,516654326
3,10.101.003,— BCA PT. ADHILAND JOYO AGUNG (8161-960-098),Lumiera Garden,2025-01-24,BCA PT. ASA,Reimburse Pak Rula (Pembelian Pupuk),60.104.001 OPERASIONAL KANTOR,,102000,516552326
3,10.101.003,— BCA PT. ADHILAND JOYO AGUNG (8161-960-098),Lumiera Garden,2025-01-24,BCA PT. ASA,Pembelian Penutup Samping Transparan 2 sisi - Istana Jaya Tenda,11.101.001 PERALATAN KANTOR,,500000,516052326
3,10.101.003,— BCA PT. ADHILAND JOYO AGUNG (8161-960-098),Lumiera Garden,2025-01-24,BCA PT. ASA,Reimburse Pak Dedy (Smartcase Ipad / 999AC),60.104.001 OPERASIONAL KANTOR,,250000,515802326
3,10.101.003,— BCA PT. ADHILAND JOYO AGUNG (8161-960-098),Lumiera Garden,2025-01-24,BCA PT. ASA,Pelunasan Seragam Kemeja PDH / 10 pcs - Baboon T-Shirt Garment,60.104.001 OPERASIONAL KANTOR,,925000,514877326
3,10.101.003,— BCA PT. ADHILAND JOYO AGUNG (8161-960-098),Lumiera Garden,2025-01-24,BCA PT. ASA,Printing Billborad (5m x 10m) - mm/ad,60.101.004 BEBAN ADVERTISING,,1750000,513127326
3,10.101.003,— BCA PT. ADHILAND JOYO AGUNG (8161-960-098),Lumiera Garden,2025-01-24,BCA PT. ASA,Biaya Penurunan & Pemasangan Billboard (5m x 10m) - mm/ad,60.101.004 BEBAN ADVERTISING,,1000000,512127326
3,10.101.003,— BCA PT. ADHILAND JOYO AGUNG (8161-960-098),Lumiera Garden,2025-01-24,BCA PT. ASA,Biaya ganti gambar Exit Tol Singosari Kab Malang - CV. Kaffa Sejati,60.101.004 BEBAN ADVERTISING,,2500000,509627326
3,10.101.003,— BCA PT. ADHILAND JOYO AGUNG (8161-960-098),Lumiera Garden,2025-01-24,BCA PT. ASA,Biaya cetak & pasang Visual Baliho Beji - Indo Citra Mandiri,60.101.004 BEBAN ADVERTISING,,1200000,508427326
3,10.101.003,— BCA PT. ADHILAND JOYO AGUNG (8161-960-098),Lumiera Garden,2025-01-24,BCA PT. ASA,Biaya Admin,60.104.010 ADMINISTRASI BANK,,2500,508424826
3,10.101.003,— BCA PT. ADHILAND JOYO AGUNG (8161-960-098),Lumiera Garden,2025-01-25,BCA PT. ASA,Pembayaran Pelunasan Rukost Kavling LK-12 an Fitria Agustina,20.101.001 UANG MUKA,70000000,,578424826
3,10.101.003,— BCA PT. ADHILAND JOYO AGUNG (8161-960-098),Lumiera Garden,2025-01-25,BCA PT. ASA,Pembayaran Pelunasan Rukost Kavling LK-10 an Mochamad Yunus,20.101.001 UANG MUKA,250000000,,828424826
3,10.101.003,— BCA PT. ADHILAND JOYO AGUNG (8161-960-098),Lumiera Garden,2025-01-25,BCA PT. ASA,ITJ Kavling C-02 an Fitria Amalia Dewi,20.101.002 UANG TANDA JADI,5000000,,833424826
3,10.101.003,— BCA PT. ADHILAND JOYO AGUNG (8161-960-098),Lumiera Garden,2025-01-25,BCA PT. ASA,Pembelian Token Listrik Kawasan,60.104.003 TOKEN PLN,,502300,832922526
3,10.101.003,— BCA PT. ADHILAND JOYO AGUNG (8161-960-098),Lumiera Garden,2025-01-25,BCA PT. ASA,Pembayaran DP 1 Hunian Kavling C-02 an Fitria Amalia Dewi,20.101.001 UANG MUKA,50000000,,882922526
3,10.101.003,— BCA PT. ADHILAND JOYO AGUNG (8161-960-098),Lumiera Garden,2025-01-25,BCA PT. ASA,ITJ Kavling LK-11 an M. P Sitanggang,20.101.002 UANG TANDA JADI,5000000,,887922526
3,10.101.003,— BCA PT. ADHILAND JOYO AGUNG (8161-960-098),Lumiera Garden,2025-01-26,BCA PT. ASA,Pembayaran Pelunasan Rukost Kavling LK-10 an Mochamad Yunus,20.101.001 UANG MUKA,125000000,,1012922526
3,10.101.003,— BCA PT. ADHILAND JOYO AGUNG (8161-960-098),Lumiera Garden,2025-01-27,BCA PT. ASA,ITJ Kavling C-01 an Deny Widyo Purnama,20.101.002 UANG TANDA JADI,5000000,,1017922526
3,10.101.003,— BCA PT. ADHILAND JOYO AGUNG (8161-960-098),Lumiera Garden,2025-01-27,BCA PT. ASA,"ITJ Kavling C-03 an Tri Prasetyaningrum, SE., MM",20.101.002 UANG TANDA JADI,5000000,,1022922526
3,10.101.003,— BCA PT. ADHILAND JOYO AGUNG (8161-960-098),Lumiera Garden,2025-01-27,BCA PT. ASA,ITJ Kavling LK-04 an Endah Kuswintari,20.101.002 UANG TANDA JADI,5000000,,1027922526
3,10.101.003,— BCA PT. ADHILAND JOYO AGUNG (8161-960-098),Lumiera Garden,2025-01-28,BCA PT. ASA,"Pembayaran DP 1 Hunian Kavling C-03 an Tri Prasetyaningrum, SE., MM",20.101.001 UANG MUKA,60000000,,1087922526
3,10.101.003,— BCA PT. ADHILAND JOYO AGUNG (8161-960-098),Lumiera Garden,2025-01-30,BCA PT. ASA,"Pembayaran DP 1 Rukost Kavling LK-11 an Debora Asih Natalia Alle, ST.",20.101.001 UANG MUKA,50000000,,1137922526
3,10.101.003,— BCA PT. ADHILAND JOYO AGUNG (8161-960-098),Lumiera Garden,2025-01-30,BCA PT. ASA,Pembayaran Termin Tanah - Ingrid Permata Les,10.201.001 PERSEDIAAN TANAH,,200000000,937922526
3,10.101.003,— BCA PT. ADHILAND JOYO AGUNG (8161-960-098),Lumiera Garden,2025-01-30,BCA PT. ASA,Admin Bank,60.104.010 ADMINISTRASI BANK,,2500,937920026
3,10.101.003,— BCA PT. ADHILAND JOYO AGUNG (8161-960-098),Lumiera Garden,2025-01-30,BCA PT. ASA,Pembayaran Termin Tanah Toherengga Islah KA,10.201.001 PERSEDIAAN TANAH,,250000000,687920026
3,10.101.003,— BCA PT. ADHILAND JOYO AGUNG (8161-960-098),Lumiera Garden,2025-01-30,BCA PT. ASA,Admin Bank,60.104.010 ADMINISTRASI BANK,,2500,687917526
3,10.101.003,— BCA PT. ADHILAND JOYO AGUNG (8161-960-098),Lumiera Garden,2025-01-30,BCA PT. ASA,Pembayaran Termin Tanah Toherengga Islah KA,10.201.001 PERSEDIAAN TANAH,,250000000,437917526
3,10.101.003,— BCA PT. ADHILAND JOYO AGUNG (8161-960-098),Lumiera Garden,2025-01-30,BCA PT. ASA,Admin Bank,60.104.010 ADMINISTRASI BANK,,2500,437915026
3,10.101.003,— BCA PT. ADHILAND JOYO AGUNG (8161-960-098),Lumiera Garden,2025-01-30,BCA PT. ASA,Pembayaran Termin Tanah Toherengga Islah KA,10.201.001 PERSEDIAAN TANAH,,150000000,287915026
3,10.101.003,— BCA PT. ADHILAND JOYO AGUNG (8161-960-098),Lumiera Garden,2025-01-30,BCA PT. ASA,Admin Bank,60.104.010 ADMINISTRASI BANK,,2500,287912526
3,10.101.003,— BCA PT. ADHILAND JOYO AGUNG (8161-960-098),Lumiera Garden,2025-01-30,BCA PT. ASA,"Pembayaran DP 2 Rukost Kavling C-03 an Tri Prasetyaningrum, SE., MM",20.101.001 UANG MUKA,100000000,,387912526
3,10.101.003,— BCA PT. ADHILAND JOYO AGUNG (8161-960-098),Lumiera Garden,2025-01-30,BCA PT. ASA,Pembayaran DP 2&3 Kavling C-02 an Fitria Amalia Dewi,20.101.001 UANG MUKA,103700000,,491612526
3,10.101.003,— BCA PT. ADHILAND JOYO AGUNG (8161-960-098),Lumiera Garden,2025-01-31,BCA PT. ASA,"Pembayaran DP 2 Rukost Kavling LK-11 an Debora Asih Natalia Alle, ST.",20.101.001 UANG MUKA,450000000,,941612526
3,10.101.003,— BCA PT. ADHILAND JOYO AGUNG (8161-960-098),Lumiera Garden,2025-01-31,BCA PT. ASA,ITJ Kavling LK-19 an Handoko,20.101.002 UANG TANDA JADI,5000000,,946612526
3,10.101.003,— BCA PT. ADHILAND JOYO AGUNG (8161-960-098),Lumiera Garden,2025-01-31,BCA PT. ASA,Tarikan Tunai,10.101.004 SILANG KAS,,200000000,746612526
3,10.101.003,— BCA PT. ADHILAND JOYO AGUNG (8161-960-098),Lumiera Garden,2025-01-31,BCA PT. ASA,Reimburse Pak Roy (Bensin Avanza),60.104.007 BENSIN OPERASIONAL,,300000,746312526
3,10.101.003,— BCA PT. ADHILAND JOYO AGUNG (8161-960-098),Lumiera Garden,2025-01-31,BCA PT. ASA,"Reimburse Pak Sugeng (Bensin Alkon 3,84 liter) - Pom Pokok Berkah",60.104.001 OPERASIONAL KANTOR,,50000,746262526
3,10.101.003,— BCA PT. ADHILAND JOYO AGUNG (8161-960-098),Lumiera Garden,2025-01-31,BCA PT. ASA,Reimburse Pak Sugeng (Pembelian 5 Sapu) - Toko Mayang Grand 1,60.104.001 OPERASIONAL KANTOR,,40000,746222526
3,10.101.003,— BCA PT. ADHILAND JOYO AGUNG (8161-960-098),Lumiera Garden,2025-01-31,BCA PT. ASA,"Reimburse Pak Sugeng (Pembelian Gergaji, Sarplas /lem pvs, Kikir, 2 Sok) - Toko Mayang Grand 1",60.104.001 OPERASIONAL KANTOR,,58000,746164526
3,10.101.003,— BCA PT. ADHILAND JOYO AGUNG (8161-960-098),Lumiera Garden,2025-01-31,BCA PT. ASA,Kirim Bongkaran 6 rit (13 - 14 Desember 2024) - UD. Hidup Baru,10.202.003 PERATAAN TANAH/CUT & FILL,,720000,745444526
3,10.101.003,— BCA PT. ADHILAND JOYO AGUNG (8161-960-098),Lumiera Garden,2025-01-31,BCA PT. ASA,Sewa EXA PC 78 / 32 jam (21 - 25 Januari 2025) - Izuddin,10.202.003 PERATAAN TANAH/CUT & FILL,,10720000,734724526
3,10.101.003,— BCA PT. ADHILAND JOYO AGUNG (8161-960-098),Lumiera Garden,2025-01-31,BCA PT. ASA,"Pekerjaan Fasum (Pasir Paving, Perapian Pasang Paving) - Arifin",10.202.004 PAVING,,7840000,726884526
3,10.101.003,— BCA PT. ADHILAND JOYO AGUNG (8161-960-098),Lumiera Garden,2025-01-31,BCA PT. ASA,Pekerjaan Fasum (Sewa alkon siram tanaman) - Arifin,10.202.008 TAMAN DAN PENGHIJAUAN,,700000,726184526
3,10.101.003,— BCA PT. ADHILAND JOYO AGUNG (8161-960-098),Lumiera Garden,2025-01-31,BCA PT. ASA,Pekerjaan Fasum (Sewa Stamper) - Arifin,10.202.003 PERATAAN TANAH/CUT & FILL,,450000,725734526
3,10.101.003,— BCA PT. ADHILAND JOYO AGUNG (8161-960-098),Lumiera Garden,2025-01-31,BCA PT. ASA,"Pekerjaan Fasum (Harian Pasang NRCP, Tutup NRCP & Bak Kontrol, Pasang Avour Rukost, Pasang Avour Jalan Utama) - Arifin",10.202.005 SALURAN,,3100000,722634526
3,10.101.003,— BCA PT. ADHILAND JOYO AGUNG (8161-960-098),Lumiera Garden,2025-01-31,BCA PT. ASA,PO Kanstein + Paving (No.KW 1998/FI-SO/XII/2024) - Focon,10.202.004 PAVING,,46700364,675934162
3,10.101.003,— BCA PT. ADHILAND JOYO AGUNG (8161-960-098),Lumiera Garden,2025-01-31,BCA PT. ASA,PO Paving + Kanstein (No.KW 2014/FI-SO/2024) - Focon,10.202.004 PAVING,,20892109,655042053
3,10.101.003,— BCA PT. ADHILAND JOYO AGUNG (8161-960-098),Lumiera Garden,2025-01-31,BCA PT. ASA,Termin (95%) Pekerjaan Bronjong Batu (003/SPK.ADP/LG/XI/2024) - Arifin,10.202.007 TURAP,,43200000,611842053
3,10.101.003,— BCA PT. ADHILAND JOYO AGUNG (8161-960-098),Lumiera Garden,2025-01-31,BCA PT. ASA,Waarmerking PPJB Kavling LK-03 an Rachmadiana Sari,60.104.023 BIAYA ADMINISTRASI WAARMERKING,,250000,611592053
3,10.101.003,— BCA PT. ADHILAND JOYO AGUNG (8161-960-098),Lumiera Garden,2025-01-31,BCA PT. ASA,Waarmerking PPJB Kavling LK-12 an Fitria Agustina,60.104.023 BIAYA ADMINISTRASI WAARMERKING,,250000,611342053
3,10.101.003,— BCA PT. ADHILAND JOYO AGUNG (8161-960-098),Lumiera Garden,2025-01-31,BCA PT. ASA,Termin II Animasi 3D (202501/I/25) - Rura,10.201.021 ADVISE PLANNING GAMBAR 3D,,3200000,608142053
3,10.101.003,— BCA PT. ADHILAND JOYO AGUNG (8161-960-098),Lumiera Garden,2025-01-31,BCA PT. ASA,Admin Bank,60.104.010 ADMINISTRASI BANK,,2500,608139553
3,10.101.003,— BCA PT. ADHILAND JOYO AGUNG (8161-960-098),Lumiera Garden,2025-01-31,BCA PT. ASA,Reimburse Maria (Print PPJB C-03),60.104.001 OPERASIONAL KANTOR,,5985,608133568
3,10.101.003,— BCA PT. ADHILAND JOYO AGUNG (8161-960-098),Lumiera Garden,2025-01-31,BCA PT. ASA,Reimburse Maria (Print PPJB C-11),60.104.001 OPERASIONAL KANTOR,,4655,608128913
3,10.101.003,— BCA PT. ADHILAND JOYO AGUNG (8161-960-098),Lumiera Garden,2025-01-31,BCA PT. ASA,Reimburse Maria (Gosend PPJB C-03 Ke Not),60.104.009 PERANGKO/KIRIMAN SRT & DOK,,23500,608105413
3,10.101.003,— BCA PT. ADHILAND JOYO AGUNG (8161-960-098),Lumiera Garden,2025-01-31,BCA PT. ASA,Reimburse Maria (Gosend PPJB C-03 Ke Kantor),60.104.009 PERANGKO/KIRIMAN SRT & DOK,,22500,608082913
3,10.101.003,— BCA PT. ADHILAND JOYO AGUNG (8161-960-098),Lumiera Garden,2025-01-31,BCA PT. ASA,Reimburse Pak Rula (Lampu Sorot 50W dan Kabel NYM),10.202.008 TAMAN DAN PENGHIJAUAN,,5347000,602735913
3,10.101.003,— BCA PT. ADHILAND JOYO AGUNG (8161-960-098),Lumiera Garden,2025-01-31,BCA PT. ASA,Pembelian Kursi Kantor (10 pcs) - Pirnoto,11.101.001 PERALATAN KANTOR,,3650000,599085913
3,10.101.003,— BCA PT. ADHILAND JOYO AGUNG (8161-960-098),Lumiera Garden,2025-01-31,BCA PT. ASA,Admin Bank,60.104.010 ADMINISTRASI BANK,,2500,599083413
3,10.101.003,— BCA PT. ADHILAND JOYO AGUNG (8161-960-098),Lumiera Garden,2025-01-31,BCA PT. ASA,Admin Bank (Potongan Bulanan),60.104.010 ADMINISTRASI BANK,,30000,599053413
3,10.101.003,— BCA PT. ADHILAND JOYO AGUNG (8161-960-098),Lumiera Garden,2025-01-31,BCA PT. Adhiland Sukses Abadi,"Refund ITJ C-03 an Fifin Dwi Andriani, SE",20.101.002 UANG TANDA JADI,,5000000,594053413
3,10.101.003,— BCA PT. ADHILAND JOYO AGUNG (8161-960-098),Lumiera Garden,2025-02-01,BCA PT. ASA,Pembayaran Gaji Karyawan (Januari),60.102.001 GAJI KARYAWAN TETAP,,57481276,536572137
3,10.101.003,— BCA PT. ADHILAND JOYO AGUNG (8161-960-098),Lumiera Garden,2025-02-01,BCA PT. ASA,Admin Bank,60.104.010 ADMINISTRASI BANK,,7500,536564637
3,10.101.003,— BCA PT. ADHILAND JOYO AGUNG (8161-960-098),Lumiera Garden,2025-02-01,BCA PT. ASA,Upah Penjaga Alat /P.Didik (01-31 Januari 2025),10.101.004 SILANG KAS,,1550000,535014637
3,10.101.003,— BCA PT. ADHILAND JOYO AGUNG (8161-960-098),Lumiera Garden,2025-02-03,BCA PT. ASA,Parkir Bulanan Januari (Ruko Suhat) - Pak Raden,60.104.001 OPERASIONAL KANTOR,,350000,534664637
3,10.101.003,— BCA PT. ADHILAND JOYO AGUNG (8161-960-098),Lumiera Garden,2025-02-03,BCA PT. ASA,Tagihan Hallo Call Center (08113646900),60.104.005 TAGIHAN HALO CALL CENTER (08113646900),,20903,534643734
3,10.101.003,— BCA PT. ADHILAND JOYO AGUNG (8161-960-098),Lumiera Garden,2025-02-04,BCA PT. ASA,Pembayaran Angsuran 2 Kavling LK-07 an Heny Susanti,20.101.001 UANG MUKA,50000000,,584643734
3,10.101.003,— BCA PT. ADHILAND JOYO AGUNG (8161-960-098),Lumiera Garden,2025-02-07,BCA PT. ASA,"Reimburse Pak Sugeng (Pilox, Sikat Panjang, Bensin Alkon)",60.104.001 OPERASIONAL KANTOR,,306000,584337734
3,10.101.003,— BCA PT. ADHILAND JOYO AGUNG (8161-960-098),Lumiera Garden,2025-02-07,BCA PT. ASA,PO Paving (No.KW 2018/FI-SO/XII/2024) - Focon,10.202.004 PAVING,,3825970,580511764
3,10.101.003,— BCA PT. ADHILAND JOYO AGUNG (8161-960-098),Lumiera Garden,2025-02-07,BCA PT. ASA,PO LED Visicom Street Light HHE RLB 100W / 10 pcs - PT. Terang Abadi Raya (Visicom),10.202.012 PENERANGAN JALAN UMUM,,16000000,564511764
3,10.101.003,— BCA PT. ADHILAND JOYO AGUNG (8161-960-098),Lumiera Garden,2025-02-07,BCA PT. ASA,Termin 3 Desain Rumah Kos 6 Kamar T85/66 - Rura,10.201.021 ADVISE PLANNING GAMBAR 3D,,3480000,561031764
3,10.101.003,— BCA PT. ADHILAND JOYO AGUNG (8161-960-098),Lumiera Garden,2025-02-07,BCA PT. ASA,Termin 3 Desain Rumah Tinggal T60/60 (202502/I/03) - RURA,10.201.021 ADVISE PLANNING GAMBAR 3D,,2600000,558431764
3,10.101.003,— BCA PT. ADHILAND JOYO AGUNG (8161-960-098),Lumiera Garden,2025-02-07,BCA PT. ASA,Bongkaran Armada Kecil 26 Rit (16-22 Jan 2025) - Amiet Sewu,10.202.003 PERATAAN TANAH/CUT & FILL,,3250000,555181764
3,10.101.003,— BCA PT. ADHILAND JOYO AGUNG (8161-960-098),Lumiera Garden,2025-02-07,BCA PT. ASA,Waarmerking PPJB C-02 an Fitria Amalia,60.104.023 BIAYA ADMINISTRASI WAARMERKING,,250000,554931764
3,10.101.003,— BCA PT. ADHILAND JOYO AGUNG (8161-960-098),Lumiera Garden,2025-02-07,BCA PT. ASA,Waarmerking PPJB C-03 an Tri Prasetya,60.104.023 BIAYA ADMINISTRASI WAARMERKING,,250000,554681764
3,10.101.003,— BCA PT. ADHILAND JOYO AGUNG (8161-960-098),Lumiera Garden,2025-02-07,BCA PT. ASA,Waarmerking PPJB LK-11 an Debora Natalia,60.104.023 BIAYA ADMINISTRASI WAARMERKING,,250000,554431764
3,10.101.003,— BCA PT. ADHILAND JOYO AGUNG (8161-960-098),Lumiera Garden,2025-02-07,BCA PT. ASA,Reimburse Maria (Zoom Premium 1 Bulan),60.104.001 OPERASIONAL KANTOR,,47000,554384764
3,10.101.003,— BCA PT. ADHILAND JOYO AGUNG (8161-960-098),Lumiera Garden,2025-02-07,BCA PT. ASA,Pembayaran Ads,60.101.005 BEBAN DIGITAL ADS,,15000000,539384764
3,10.101.003,— BCA PT. ADHILAND JOYO AGUNG (8161-960-098),Lumiera Garden,2025-02-07,BCA PT. ASA,Admin Bank,60.104.010 ADMINISTRASI BANK,,2500,539382264
3,10.101.003,— BCA PT. ADHILAND JOYO AGUNG (8161-960-098),Lumiera Garden,2025-02-07,BCA PT. ASA,Pelunasan Expo MOG (22 Jan - 2 Feb 2025) - IlhamiOrganizer,60.101.006 EXPO,,67750000,471632264
3,10.101.003,— BCA PT. ADHILAND JOYO AGUNG (8161-960-098),Lumiera Garden,2025-02-07,BCA PT. ASA,Uang Makan Expo MOG - Prayitno,60.101.006 EXPO,,200000,471432264
3,10.101.003,— BCA PT. ADHILAND JOYO AGUNG (8161-960-098),Lumiera Garden,2025-02-07,BCA PT. ASA,Uang Makan Expo MOG - Aan,60.101.006 EXPO,,200000,471232264
3,10.101.003,— BCA PT. ADHILAND JOYO AGUNG (8161-960-098),Lumiera Garden,2025-02-07,BCA PT. ASA,Uang Makan Expo MOG - Wiya,60.101.006 EXPO,,150000,471082264
3,10.101.003,— BCA PT. ADHILAND JOYO AGUNG (8161-960-098),Lumiera Garden,2025-02-07,BCA PT. ASA,Uang Makan Expo MOG - Adinda,60.101.006 EXPO,,200000,470882264
3,10.101.003,— BCA PT. ADHILAND JOYO AGUNG (8161-960-098),Lumiera Garden,2025-02-07,BCA PT. ASA,Uang Makan Expo MOG - Verry,60.101.006 EXPO,,50000,470832264
3,10.101.003,— BCA PT. ADHILAND JOYO AGUNG (8161-960-098),Lumiera Garden,2025-02-07,BCA PT. ASA,Uang Makan Expo MOG - Adib,60.101.006 EXPO,,200000,470632264
3,10.101.003,— BCA PT. ADHILAND JOYO AGUNG (8161-960-098),Lumiera Garden,2025-02-07,BCA PT. ASA,Uang Makan Expo MOG - Achmad,60.101.006 EXPO,,200000,470432264
3,10.101.003,— BCA PT. ADHILAND JOYO AGUNG (8161-960-098),Lumiera Garden,2025-02-07,BCA PT. ASA,Uang Makan Expo MOG - Ika,60.101.006 EXPO,,200000,470232264
3,10.101.003,— BCA PT. ADHILAND JOYO AGUNG (8161-960-098),Lumiera Garden,2025-02-07,BCA PT. ASA,Admin Bank,60.104.010 ADMINISTRASI BANK,,2500,470229764
3,10.101.003,— BCA PT. ADHILAND JOYO AGUNG (8161-960-098),Lumiera Garden,2025-02-07,BCA PT. ASA,Uang Makan Expo MOG - Amin,60.101.006 EXPO,,200000,470029764
3,10.101.003,— BCA PT. ADHILAND JOYO AGUNG (8161-960-098),Lumiera Garden,2025-02-07,BCA PT. ASA,Uang Makan Expo MOG - Andik,60.101.006 EXPO,,200000,469829764
3,10.101.003,— BCA PT. ADHILAND JOYO AGUNG (8161-960-098),Lumiera Garden,2025-02-07,BCA PT. ASA,Pembayaran Pelunasan Billboard Beji,60.101.004 BEBAN ADVERTISING,,15000000,454829764
3,10.101.003,— BCA PT. ADHILAND JOYO AGUNG (8161-960-098),Lumiera Garden,2025-02-07,BCA PT. ASA,Admin Bank,60.104.010 ADMINISTRASI BANK,,2500,454827264
3,10.101.003,— BCA PT. ADHILAND JOYO AGUNG (8161-960-098),Lumiera Garden,2025-02-07,BCA PT. ASA,Reimburse Pak Dedy (Konsumsi Louding Out MOG),60.101.006 EXPO,,468000,454359264
3,10.101.003,— BCA PT. ADHILAND JOYO AGUNG (8161-960-098),Lumiera Garden,2025-02-07,BCA PT. Adhiland Sukses Abadi,Refund ITJ C-01 an Deny Widoyo,20.101.002 UANG TANDA JADI,,5000000,449359264
3,10.101.003,— BCA PT. ADHILAND JOYO AGUNG (8161-960-098),Lumiera Garden,2025-02-10,BCA PT. ASA,ITJ Joyo Agung Kavling RK-11 an Siti Asmaidah SE,20.103.009 HUTANG JOYO AGUNG 2,5000000,,454359264
3,10.101.003,— BCA PT. ADHILAND JOYO AGUNG (8161-960-098),Lumiera Garden,2025-02-10,BCA PT. ASA,Pembayaran Angsuran 1 Kavling LK-03 an Rachmadiana Sari,20.101.001 UANG MUKA,150000000,,604359264
3,10.101.003,— BCA PT. ADHILAND JOYO AGUNG (8161-960-098),Lumiera Garden,2025-02-14,BCA PT. ASA,Token Listrik Ruko Suhat (ID Pel : 513110771875),10.101.004 SILANG KAS,,1002500,603356764
3,10.101.003,— BCA PT. ADHILAND JOYO AGUNG (8161-960-098),Lumiera Garden,2025-02-14,BCA PT. ASA,Brosur 3000 lbr - mm/ad,60.101.004 BEBAN ADVERTISING,,12600000,590756764
3,10.101.003,— BCA PT. ADHILAND JOYO AGUNG (8161-960-098),Lumiera Garden,2025-02-14,BCA PT. ASA,Reimburse Pak Roy (Pembelian Pertamax - Zenix / 7 Feb 2025),60.104.007 BENSIN OPERASIONAL,,500000,590256764
3,10.101.003,— BCA PT. ADHILAND JOYO AGUNG (8161-960-098),Lumiera Garden,2025-02-14,BCA PT. ASA,Reimburse Pak Roy (Top Up E-Toll / Malang-Bondowoso PP / 7 Feb 2025),60.104.011 PERJALANAN DINAS,,253000,590003764
3,10.101.003,— BCA PT. ADHILAND JOYO AGUNG (8161-960-098),Lumiera Garden,2025-02-14,BCA PT. ASA,Bongkaran AB / 73 Rit (13-15 Jan 2025) - Amiet Sewu,10.202.003 PERATAAN TANAH/CUT & FILL,,25550000,564453764
3,10.101.003,— BCA PT. ADHILAND JOYO AGUNG (8161-960-098),Lumiera Garden,2025-02-14,BCA PT. ASA,Sewa EXA PC 78 / 30 Jam (3-10 Feb 2025) - Izuddin,10.202.003 PERATAAN TANAH/CUT & FILL,,10050000,554403764
3,10.101.003,— BCA PT. ADHILAND JOYO AGUNG (8161-960-098),Lumiera Garden,2025-02-14,BCA PT. ASA,Addendum Pek. Bronjong Batu / 12 m3 - Arifin,10.202.007 TURAP,,7200000,547203764
3,10.101.003,— BCA PT. ADHILAND JOYO AGUNG (8161-960-098),Lumiera Garden,2025-02-14,BCA PT. ASA,Addendum Pek. Plengsengan - Arifin,10.202.041 PLENGSENG,,24800000,522403764
3,10.101.003,— BCA PT. ADHILAND JOYO AGUNG (8161-960-098),Lumiera Garden,2025-02-14,BCA PT. ASA,Pekerjaan Cor Beton Depan Pintu Masuk - Arifin,10.202.009 PINTU GERBANG & POS JAGA,,3900000,518503764
3,10.101.003,— BCA PT. ADHILAND JOYO AGUNG (8161-960-098),Lumiera Garden,2025-02-14,BCA PT. ASA,Retensi (5%) Pekerjaan Bronjong Batu (003/SPK.ADP/LG/XI/2024) - Arifin,10.202.009 PINTU GERBANG & POS JAGA,,4800000,513703764
3,10.101.003,— BCA PT. ADHILAND JOYO AGUNG (8161-960-098),Lumiera Garden,2025-02-14,BCA PT. ASA,PO Tiang PJU Double Parabolic / 4 unit - PT. Terang Abadi Raya (Visicom),10.202.012 PENERANGAN JALAN UMUM,,12600000,501103764
3,10.101.003,— BCA PT. ADHILAND JOYO AGUNG (8161-960-098),Lumiera Garden,2025-02-14,BCA PT. ASA,PO Tiang PJU Single Parabolic / 2 unit - PT. Terang Abadi Raya (Visicom),10.202.012 PENERANGAN JALAN UMUM,,5500000,495603764
3,10.101.003,— BCA PT. ADHILAND JOYO AGUNG (8161-960-098),Lumiera Garden,2025-02-14,BCA PT. ASA,Ongkos Kirim Tiang PJU - PT. Terang Abadi Raya (Visicom),10.202.012 PENERANGAN JALAN UMUM,,1500000,494103764
3,10.101.003,— BCA PT. ADHILAND JOYO AGUNG (8161-960-098),Lumiera Garden,2025-02-14,BCA PT. ASA,Reimburse Pak Dian (Pembelian Paku Cor / 1 dus untuk taman),10.202.008 TAMAN DAN PENGHIJAUAN,,15000,494088764
3,10.101.003,— BCA PT. ADHILAND JOYO AGUNG (8161-960-098),Lumiera Garden,2025-02-14,BCA PT. ASA,Reimburse Pak Rula (Pembelian Keramik & Lampu Lt.3),10.102.999 PIUTANG LAINNYA,,589270,493499494
3,10.101.003,— BCA PT. ADHILAND JOYO AGUNG (8161-960-098),Lumiera Garden,2025-02-14,BCA PT. ASA,Reimburse Pak Rula (Pembelian Parfum Mobil Zenix),60.104.001 OPERASIONAL KANTOR,,75080,493424414
3,10.101.003,— BCA PT. ADHILAND JOYO AGUNG (8161-960-098),Lumiera Garden,2025-02-14,BCA PT. ASA,Waarmerking PPJB kav. LK-04 an Endah Kuswintari,60.104.023 BIAYA ADMINISTRASI WAARMERKING,,250000,493174414
3,10.101.003,— BCA PT. ADHILAND JOYO AGUNG (8161-960-098),Lumiera Garden,2025-02-14,BCA PT. ASA,DP 50% Geolistrik Air Bawah Tanah 3 Titik - CV. Madhava Karya Indonesia,10.201.024 IJIN PENGEBORAN,,3000000,490174414
3,10.101.003,— BCA PT. ADHILAND JOYO AGUNG (8161-960-098),Lumiera Garden,2025-02-14,BCA PT. ASA,Admin Bank,60.104.010 ADMINISTRASI BANK,,2500,490171914
3,10.101.003,— BCA PT. ADHILAND JOYO AGUNG (8161-960-098),Lumiera Garden,2025-02-15,BCA PT. ASA,Termin I (Progress 30%) Pekerjaan Renovasi Kantor - Suroso,60.104.019 RENOVASI KANTOR,,5000000,485171914
3,10.101.003,— BCA PT. ADHILAND JOYO AGUNG (8161-960-098),Lumiera Garden,2025-02-18,BCA PT. ASA,Pembayaran Termin Tanah - Ingrid Permata Les (Tarikan Tunai),10.201.001 PERSEDIAAN TANAH,,200000000,285171914
3,10.101.003,— BCA PT. ADHILAND JOYO AGUNG (8161-960-098),Lumiera Garden,2025-02-18,BCA PT. ASA,Pembayaran Denda Termin Tanah 15 hari - Inggrid Permata,10.201.001 PERSEDIAAN TANAH,,9000000,276171914
3,10.101.003,— BCA PT. ADHILAND JOYO AGUNG (8161-960-098),Lumiera Garden,2025-02-18,BCA PT. ASA,Pembayaran DP (1) Pembelian Rukost Kavling LK-05 an Ninik Yulaikah,20.101.001 UANG MUKA,50000000,,326171914
3,10.101.003,— BCA PT. ADHILAND JOYO AGUNG (8161-960-098),Lumiera Garden,2025-02-21,BCA PT. ASA,Pelunasan Logo Desain Lumiera - Hengky Andreas (mm/ad.),60.101.004 BEBAN ADVERTISING,,4250000,321921914
3,10.101.003,— BCA PT. ADHILAND JOYO AGUNG (8161-960-098),Lumiera Garden,2025-02-21,BCA PT. ASA,Bongkaran Armada Besar / 10 rit (18 Feb 2025) - Amiet Sewu,10.202.003 PERATAAN TANAH/CUT & FILL,,3500000,318421914
3,10.101.003,— BCA PT. ADHILAND JOYO AGUNG (8161-960-098),Lumiera Garden,2025-02-21,BCA PT. ASA,Begoan Sampah / 5 rit (3 Feb 2025) - Amiet Sewu,10.202.003 PERATAAN TANAH/CUT & FILL,,1125000,317296914
3,10.101.003,— BCA PT. ADHILAND JOYO AGUNG (8161-960-098),Lumiera Garden,2025-02-21,BCA PT. ASA,Termin Pekerjaan 100% Plengsengan (29/SPK/XII/2024) - Arifin,10.202.041 PLENGSENG,,50000000,267296914
3,10.101.003,— BCA PT. ADHILAND JOYO AGUNG (8161-960-098),Lumiera Garden,2025-02-21,BCA PT. ASA,Supply NRCP 400x2400 / 29 pcs (No.KW 0059/FI-SO/I/2025) - Focon,10.202.005 SALURAN,,13519800,253777114
3,10.101.003,— BCA PT. ADHILAND JOYO AGUNG (8161-960-098),Lumiera Garden,2025-02-21,BCA PT. ASA,Reimburse Pak Sugeng (Bensin Alkon),60.104.001 OPERASIONAL KANTOR,,200000,253577114
3,10.101.003,— BCA PT. ADHILAND JOYO AGUNG (8161-960-098),Lumiera Garden,2025-02-21,BCA PT. ASA,Reimburse Pak Sugeng (Galon Le Mineral),60.104.001 OPERASIONAL KANTOR,,44000,253533114
3,10.101.003,— BCA PT. ADHILAND JOYO AGUNG (8161-960-098),Lumiera Garden,2025-02-21,BCA PT. ASA,Reimburse Pak Sugeng (Gembok),60.104.001 OPERASIONAL KANTOR,,28000,253505114
3,10.101.003,— BCA PT. ADHILAND JOYO AGUNG (8161-960-098),Lumiera Garden,2025-02-21,BCA PT. ASA,Reimburse Pak Sugeng (Pembelian 1kg Paku 3 & 1/4 Kg Paku 1),60.104.001 OPERASIONAL KANTOR,,25000,253480114
3,10.101.003,— BCA PT. ADHILAND JOYO AGUNG (8161-960-098),Lumiera Garden,2025-02-21,BCA PT. ASA,Sirtu 20rit (11-14 Feb 2025) -Izuddin,10.202.003 PERATAAN TANAH/CUT & FILL,,15500000,237980114
3,10.101.003,— BCA PT. ADHILAND JOYO AGUNG (8161-960-098),Lumiera Garden,2025-02-21,BCA PT. ASA,Sewa EXA PC 78 / 27 Jam (11-14 Feb 2025) - Izuddin,10.202.003 PERATAAN TANAH/CUT & FILL,,9045000,228935114
3,10.101.003,— BCA PT. ADHILAND JOYO AGUNG (8161-960-098),Lumiera Garden,2025-02-21,BCA PT. ASA,Sewa Vibro 13 jam (14-15 Feb 2025) - Izuddin,10.202.003 PERATAAN TANAH/CUT & FILL,,4550000,224385114
3,10.101.003,— BCA PT. ADHILAND JOYO AGUNG (8161-960-098),Lumiera Garden,2025-02-21,BCA PT. ASA,MOB D' MOB Vibro - Izuddin,10.202.003 PERATAAN TANAH/CUT & FILL,,3500000,220885114
3,10.101.003,— BCA PT. ADHILAND JOYO AGUNG (8161-960-098),Lumiera Garden,2025-02-21,BCA PT. ASA,Pelunasan Termin 1 (Progress 30%) Pek. Renovasi Kantor (05/SPK-ADP/II/2025) - Suroso,60.104.019 RENOVASI KANTOR,,5000000,215885114
3,10.101.003,— BCA PT. ADHILAND JOYO AGUNG (8161-960-098),Lumiera Garden,2025-02-21,BCA PT. ASA,Pelunasan Pekerjaan Geolistrik - CV. Madhava Karya Indonesia,10.201.024 IJIN PENGEBORAN,,3000000,212885114
3,10.101.003,— BCA PT. ADHILAND JOYO AGUNG (8161-960-098),Lumiera Garden,2025-02-21,BCA PT. ASA,Admin Bank,60.104.010 ADMINISTRASI BANK,,2500,212882614
3,10.101.003,— BCA PT. ADHILAND JOYO AGUNG (8161-960-098),Lumiera Garden,2025-02-21,BCA PT. ASA,Sewa Billboard Melati Husada (1-31 Januari 2025) - mm/ad,60.101.004 BEBAN ADVERTISING,,20000000,192882614
3,10.101.003,— BCA PT. ADHILAND JOYO AGUNG (8161-960-098),Lumiera Garden,2025-02-21,BCA PT. ASA,Pembayaran Pelunasan 1 C-02 an Fitria Amalia Dewi,20.101.001 UANG MUKA,100000000,,292882614
3,10.101.003,— BCA PT. ADHILAND JOYO AGUNG (8161-960-098),Lumiera Garden,2025-02-28,BCA PT. ASA,Reimburse Pak Adhi (Meeting dengan Polda),60.104.013 MEETING,,333000,292549614
3,10.101.003,— BCA PT. ADHILAND JOYO AGUNG (8161-960-098),Lumiera Garden,2025-02-28,BCA PT. ASA,Reimburse Pak Adhi (Isi E-Toll Sidoarjo PP),60.104.001 OPERASIONAL KANTOR,,100000,292449614
3,10.101.003,— BCA PT. ADHILAND JOYO AGUNG (8161-960-098),Lumiera Garden,2025-02-28,BCA PT. ASA,Reimburse Pak Adhi (Meeting Direksi),60.104.013 MEETING,,99000,292350614
3,10.101.003,— BCA PT. ADHILAND JOYO AGUNG (8161-960-098),Lumiera Garden,2025-02-28,BCA PT. ASA,Reimburse Pak Adhi (Weekly Meeting Pak Rendra),60.104.013 MEETING,,320204,292030410
3,10.101.003,— BCA PT. ADHILAND JOYO AGUNG (8161-960-098),Lumiera Garden,2025-02-28,BCA PT. ASA,Muat Sampah 1 rit (13 Feb 2025) - Amiet Sewu,10.202.003 PERATAAN TANAH/CUT & FILL,,225000,291805410
3,10.101.003,— BCA PT. ADHILAND JOYO AGUNG (8161-960-098),Lumiera Garden,2025-02-28,BCA PT. ASA,Termin 1 Bongkaran Armada Besar 75 rit - Amiet Sewu,10.202.003 PERATAAN TANAH/CUT & FILL,,13250000,278555410
3,10.101.003,— BCA PT. ADHILAND JOYO AGUNG (8161-960-098),Lumiera Garden,2025-02-28,BCA PT. ASA,Termin 2 (Progress 60%) Pek. Renovasi Kantor (05/SPK-ADP/II/2025) - Suroso,60.104.019 RENOVASI KANTOR,,10000000,268555410
3,10.101.003,— BCA PT. ADHILAND JOYO AGUNG (8161-960-098),Lumiera Garden,2025-02-28,BCA PT. ASA,Open Table MOG (1-28 Feb 2025) - IlhamiOrganizer,60.101.006 EXPO,,18525000,250030410
3,10.101.003,— BCA PT. ADHILAND JOYO AGUNG (8161-960-098),Lumiera Garden,2025-02-28,BCA PT. ASA,Pemasangan Wifi Biznet 200 Mbps,60.104.006 TAGIHAN WIFI,,971250,249059160
3,10.101.003,— BCA PT. ADHILAND JOYO AGUNG (8161-960-098),Lumiera Garden,2025-02-28,BCA PT. ASA,Biaya Admin (Potongan Bulanan),60.104.010 ADMINISTRASI BANK,,30000,249029160
3,10.101.003,— BCA PT. ADHILAND JOYO AGUNG (8161-960-098),Lumiera Garden,2025-02-28,BCA PT. ASA,Bunga Bank,40.102.001 BUNGA BANK,77243,,249106403
3,10.101.003,— BCA PT. ADHILAND JOYO AGUNG (8161-960-098),Lumiera Garden,2025-02-28,BCA PT. ASA,Pajak Bunga,60.104.029 BEBAN PAJAK LAINNYA/PAJAK BUNGA,,15449,249090955
3,10.101.003,— BCA PT. ADHILAND JOYO AGUNG (8161-960-098),Lumiera Garden,2025-03-01,BCA PT. ASA,Pembayaran Gaji Karyawan (Februari),60.102.001 GAJI KARYAWAN TETAP,,60219738,188871217
3,10.101.003,— BCA PT. ADHILAND JOYO AGUNG (8161-960-098),Lumiera Garden,2025-03-01,BCA PT. ASA,Pelunasan Seragam Kemeja & Polo - Baboon T-Shirt Garment,60.104.001 OPERASIONAL KANTOR,,6660000,182211217
3,10.101.003,— BCA PT. ADHILAND JOYO AGUNG (8161-960-098),Lumiera Garden,2025-03-01,BCA PT. ASA,Upah Penjaga Alat /P.Didik (1-28 Februari 2025),10.101.004 SILANG KAS,,1400000,180811217
3,10.101.003,— BCA PT. ADHILAND JOYO AGUNG (8161-960-098),Lumiera Garden,2025-03-03,BCA PT. ASA,Pembelian AC Kantor Lt.3 - Universal Joyo Lestari,11.101.001 PERALATAN KANTOR,,3048000,177763217
3,10.101.003,— BCA PT. ADHILAND JOYO AGUNG (8161-960-098),Lumiera Garden,2025-03-04,BCA PT. ASA,Pembayaran Angsuran Ke-3 Rukost Kavling LK-07 an Heny Susanti,20.101.001 UANG MUKA,50000000,,227763217
3,10.101.003,— BCA PT. ADHILAND JOYO AGUNG (8161-960-098),Lumiera Garden,2025-03-06,BCA PT. ASA,"Pembayaran Pelunasan Rukost Kavling LK-11 an Debora Asih Natalia Alle, ST",20.101.001 UANG MUKA,459000000,,686763217
3,10.101.003,— BCA PT. ADHILAND JOYO AGUNG (8161-960-098),Lumiera Garden,2025-03-06,BCA PT. ASA,Pembayaran Angsuran 2 Kavling LK-03 an Rachmadiana Sari,20.101.001 UANG MUKA,150000000,,836763217
3,10.101.003,— BCA PT. ADHILAND JOYO AGUNG (8161-960-098),Lumiera Garden,2025-03-07,BCA PT. ASA,Budgeting Acara Buka Bersama,60.104.018 EVENT KANTOR,,15000000,821763217
3,10.101.003,— BCA PT. ADHILAND JOYO AGUNG (8161-960-098),Lumiera Garden,2025-03-07,BCA PT. ASA,Reimburse Pak Roy (Bensin Pertamax Avanza / 010325),60.104.007 BENSIN OPERASIONAL,,300000,821463217
3,10.101.003,— BCA PT. ADHILAND JOYO AGUNG (8161-960-098),Lumiera Garden,2025-03-07,BCA PT. ASA,Komisi Tanah Pak Yazak,10.201.026 KOMISI PEMBELIAN TANAH,,15200000,806263217
3,10.101.003,— BCA PT. ADHILAND JOYO AGUNG (8161-960-098),Lumiera Garden,2025-03-07,BCA PT. ASA,Termin II Pek. Paving & Kanstin (29/SPK.ADP-LG/XII/2024) - Agus Hasan Ashari,10.202.004 PAVING,,13716500,792546717
3,10.101.003,— BCA PT. ADHILAND JOYO AGUNG (8161-960-098),Lumiera Garden,2025-03-07,BCA PT. ASA,Admin Bank,60.104.010 ADMINISTRASI BANK,,2500,792544217
3,10.101.003,— BCA PT. ADHILAND JOYO AGUNG (8161-960-098),Lumiera Garden,2025-03-07,BCA PT. ASA,CCTV Hight Tec,60.104.012 KEAMANAN DAN KEBERSIHAN,,1892000,790652217
3,10.101.003,— BCA PT. ADHILAND JOYO AGUNG (8161-960-098),Lumiera Garden,2025-03-07,BCA PT. ASA,"Refund ITJ Kavling RK-11 an Siti Asmaidah, SE",20.103.009 HUTANG JOYO AGUNG 2,,5000000,785652217
3,10.101.003,— BCA PT. ADHILAND JOYO AGUNG (8161-960-098),Lumiera Garden,2025-03-07,BCA PT. ASA,Sewa Billboard bulan Februari 2025 / Melati Husada - mm/ad,60.101.004 BEBAN ADVERTISING,,20000000,765652217
3,10.101.003,— BCA PT. ADHILAND JOYO AGUNG (8161-960-098),Lumiera Garden,2025-03-07,BCA PT. ASA,Budgeting CRD Operasional,10.101.004 SILANG KAS,,846000,764806217
3,10.101.003,— BCA PT. ADHILAND JOYO AGUNG (8161-960-098),Lumiera Garden,2025-03-07,BCA PT. ASA,Sound Advance M10BT - Marcomm,60.104.001 OPERASIONAL KANTOR,,298300,764507917
3,10.101.003,— BCA PT. ADHILAND JOYO AGUNG (8161-960-098),Lumiera Garden,2025-03-08,BCA PT. ASA,Pelunasan Bongkaran Armada Besar 75 rit - Amiet Sewu,10.202.003 PERATAAN TANAH/CUT & FILL,,13000000,751507917
3,10.101.003,— BCA PT. ADHILAND JOYO AGUNG (8161-960-098),Lumiera Garden,2025-03-11,BCA PT. ASA,SPS Pertek (Penerimaan Negara),10.201.011 PERIJINAN,,628160,750879757
3,10.101.003,— BCA PT. ADHILAND JOYO AGUNG (8161-960-098),Lumiera Garden,2025-03-11,BCA PT. ASA,Pembayaran DP 2 Pembelian Rukost Kavling LK-05 an Ninik Yulaikah (1),20.101.001 UANG MUKA,50000000,,800879757
3,10.101.003,— BCA PT. ADHILAND JOYO AGUNG (8161-960-098),Lumiera Garden,2025-03-11,BCA PT. ASA,Pembayaran DP 2 Pembelian Rukost Kavling LK-05 an Ninik Yulaikah (2),20.101.001 UANG MUKA,25000000,,825879757
3,10.101.003,— BCA PT. ADHILAND JOYO AGUNG (8161-960-098),Lumiera Garden,2025-03-11,BCA PT. ASA,Pembayaran DP 2 Pembelian Rukost Kavling LK-05 an Ninik Yulaikah (3),20.101.001 UANG MUKA,25000000,,850879757
3,10.101.003,— BCA PT. ADHILAND JOYO AGUNG (8161-960-098),Lumiera Garden,2025-03-11,BCA PT. ASA,Pembayaran Pelunasan Ke-1 Pembelian Rukost Kavling LK-04 an Endah Kuswintari,20.101.001 UANG MUKA,100000000,,950879757
3,10.101.003,— BCA PT. ADHILAND JOYO AGUNG (8161-960-098),Lumiera Garden,2025-03-14,BCA PT. ASA,DP Perhitungan Struktur Bangunan,10.201.011 PERIJINAN,,1000000,949879757
3,10.101.003,— BCA PT. ADHILAND JOYO AGUNG (8161-960-098),Lumiera Garden,2025-03-14,BCA PT. ASA,Pembayaran Call Center (08113646900),60.104.005 TAGIHAN HALO CALL CENTER (08113646900),,102800,949776957
3,10.101.003,— BCA PT. ADHILAND JOYO AGUNG (8161-960-098),Lumiera Garden,2025-03-14,BCA PT. ASA,Token Listrik Ruko Suhat (ID Pel : 513110771875 an Wisnu Novianto),60.104.003 TOKEN PLN,,1002500,948774457
3,10.101.003,— BCA PT. ADHILAND JOYO AGUNG (8161-960-098),Lumiera Garden,2025-03-14,BCA PT. ASA,Reimburse Pak Sugeng (Pembelian Bensin Alcon / 2 Nota),60.104.001 OPERASIONAL KANTOR,,100000,948674457
3,10.101.003,— BCA PT. ADHILAND JOYO AGUNG (8161-960-098),Lumiera Garden,2025-03-14,BCA PT. ASA,Reimburse Pak Sugeng (Pembelian pilox + semen untuk pekerjaan paving / 2 Nota),10.202.004 PAVING,,248000,948426457
3,10.101.003,— BCA PT. ADHILAND JOYO AGUNG (8161-960-098),Lumiera Garden,2025-03-14,BCA PT. ASA,Reimburse Pak Sugeng (Pembelian semen untuk pekerjaan paving),10.202.004 PAVING,,60000,948366457
3,10.101.003,— BCA PT. ADHILAND JOYO AGUNG (8161-960-098),Lumiera Garden,2025-03-14,BCA PT. ASA,Sewa Alat Stamper Kodok (Pekerjaan Paving) - Mitra Kuli,10.202.003 PERATAAN TANAH/CUT & FILL,,700000,947666457
3,10.101.003,— BCA PT. ADHILAND JOYO AGUNG (8161-960-098),Lumiera Garden,2025-03-14,BCA PT. ASA,Pembelian Afur / 10 pcs - Duta Beton Group,10.202.004 PAVING,,180000,947486457
3,10.101.003,— BCA PT. ADHILAND JOYO AGUNG (8161-960-098),Lumiera Garden,2025-03-14,BCA PT. ASA,"Pembelian Paving 6cm uk 10 x 5 x 10,5 / 4 m2 dan biaya ongkos kirim - Duta Beton Group",10.202.004 PAVING,,410000,947076457
3,10.101.003,— BCA PT. ADHILAND JOYO AGUNG (8161-960-098),Lumiera Garden,2025-03-14,BCA PT. ASA,Termin 3 Animasi 3D (202502/I/03) - Rura,10.201.021 ADVISE PLANNING GAMBAR 3D,,1600000,945476457
3,10.101.003,— BCA PT. ADHILAND JOYO AGUNG (8161-960-098),Lumiera Garden,2025-03-14,BCA PT. ASA,DP 50% Map Adhiland uk.33 x 46 (Terbuka),60.104.001 OPERASIONAL KANTOR,,2750000,942726457
3,10.101.003,— BCA PT. ADHILAND JOYO AGUNG (8161-960-098),Lumiera Garden,2025-03-14,BCA PT. ASA,Pembayaran Ads,60.101.005 BEBAN DIGITAL ADS,,10000000,932726457
3,10.101.003,— BCA PT. ADHILAND JOYO AGUNG (8161-960-098),Lumiera Garden,2025-03-14,BCA PT. ASA,Biaya Admin,60.104.010 ADMINISTRASI BANK,,2500,932723957
3,10.101.003,— BCA PT. ADHILAND JOYO AGUNG (8161-960-098),Lumiera Garden,2025-03-14,BCA PT. ASA,Pelunasan Hitung Struktur Bangunan,10.201.011 PERIJINAN,,1500000,931223957
3,10.101.003,— BCA PT. ADHILAND JOYO AGUNG (8161-960-098),Lumiera Garden,2025-03-14,BCA PT. ASA,Instalasi AC Ruko Suhat Lt.3 - Dany Service,60.104.019 RENOVASI KANTOR,,2406000,928817957
3,10.101.003,— BCA PT. ADHILAND JOYO AGUNG (8161-960-098),Lumiera Garden,2025-03-17,BCA PT. ASA,Budgeting Parcel Lebaran,60.102.009 PARCEL LEBARAN,,16000000,912817957
3,10.101.003,— BCA PT. ADHILAND JOYO AGUNG (8161-960-098),Lumiera Garden,2025-03-18,BCA PT. ASA,PC Marcomm - Galaxy Solusindo,11.101.001 PERALATAN KANTOR,,21664000,891153957
3,10.101.003,— BCA PT. ADHILAND JOYO AGUNG (8161-960-098),Lumiera Garden,2025-03-21,BCA PT. ASA,Pembelian Tempat Tisu Lt.3,60.104.001 OPERASIONAL KANTOR,,22701,891131256
3,10.101.003,— BCA PT. ADHILAND JOYO AGUNG (8161-960-098),Lumiera Garden,2025-03-21,BCA PT. ASA,Pembelian Tempat Sampah Lt.3,60.104.001 OPERASIONAL KANTOR,,47107,891084149
3,10.101.003,— BCA PT. ADHILAND JOYO AGUNG (8161-960-098),Lumiera Garden,2025-03-21,BCA PT. ASA,Pembelian Tempat Pensil Lt.3,60.104.001 OPERASIONAL KANTOR,,15332,891068817
3,10.101.003,— BCA PT. ADHILAND JOYO AGUNG (8161-960-098),Lumiera Garden,2025-03-21,BCA PT. ASA,DP Neon Box - CV. Sinar Prima Indonesia,60.101.004 BEBAN ADVERTISING,,6250000,884818817
3,10.101.003,— BCA PT. ADHILAND JOYO AGUNG (8161-960-098),Lumiera Garden,2025-03-21,BCA PT. ASA,Biaya Admin,60.104.010 ADMINISTRASI BANK,,2500,884816317
3,10.101.003,— BCA PT. ADHILAND JOYO AGUNG (8161-960-098),Lumiera Garden,2025-03-21,BCA PT. ASA,DP Cetak+Pasang+Izin V Banner Adhiland,60.101.004 BEBAN ADVERTISING,,29125000,855691317
3,10.101.003,— BCA PT. ADHILAND JOYO AGUNG (8161-960-098),Lumiera Garden,2025-03-21,BCA PT. ASA,Open Table MOG (1-31 Maret 2025),60.101.006 EXPO,,19000000,836691317
3,10.101.003,— BCA PT. ADHILAND JOYO AGUNG (8161-960-098),Lumiera Garden,2025-03-21,BCA PT. ASA,Budgeting CRD Listrik & Sabit,10.101.004 SILANG KAS,,913000,835778317
3,10.101.003,— BCA PT. ADHILAND JOYO AGUNG (8161-960-098),Lumiera Garden,2025-03-21,BCA PT. ASA,Pembayaran Hutang ke Joyo Agung (Komisi Operasional Komisaris),20.103.009 HUTANG JOYO AGUNG 2,,50000000,785778317
3,10.101.003,— BCA PT. ADHILAND JOYO AGUNG (8161-960-098),Lumiera Garden,2025-03-21,BCA PT. ASA,Reimburse Pak Roy (Pertamax Zenix),60.104.007 BENSIN OPERASIONAL,,300000,785478317
3,10.101.003,— BCA PT. ADHILAND JOYO AGUNG (8161-960-098),Lumiera Garden,2025-03-21,BCA PT. ASA,Reimburse Pak Adhi (Weekly Meeting Pak Rendra),60.104.013 MEETING,,297904,785180413
3,10.101.003,— BCA PT. ADHILAND JOYO AGUNG (8161-960-098),Lumiera Garden,2025-03-21,BCA PT. ASA,Reimburse Pak Adhi (Top Up E-Toll - SIPA),60.104.011 PERJALANAN DINAS,,100000,785080413
3,10.101.003,— BCA PT. ADHILAND JOYO AGUNG (8161-960-098),Lumiera Garden,2025-03-21,BCA PT. ASA,Retensi 5% Pekerjaan Pasang Paving Stone (29/SPK.ADP-LG/XII/2024) - Agus Hasan Ashari,10.202.004 PAVING,,2256500,782823913
3,10.101.003,— BCA PT. ADHILAND JOYO AGUNG (8161-960-098),Lumiera Garden,2025-03-21,BCA PT. ASA,Biaya Admin,60.104.010 ADMINISTRASI BANK,,2500,782821413
3,10.101.003,— BCA PT. ADHILAND JOYO AGUNG (8161-960-098),Lumiera Garden,2025-03-21,BCA PT. ASA,Reimburse Pak Dian (Pembelian Stopkontak CCTV Lumiera),10.202.015 KEAMANAN,,20000,782801413
3,10.101.003,— BCA PT. ADHILAND JOYO AGUNG (8161-960-098),Lumiera Garden,2025-03-21,BCA PT. ASA,Pembelian Pasir Paving untuk / 15 Rit (16 Feb - 01 Mar 2025) -Arifin,10.202.004 PAVING,,14250000,768551413
3,10.101.003,— BCA PT. ADHILAND JOYO AGUNG (8161-960-098),Lumiera Garden,2025-03-21,BCA PT. ASA,"Pekerjaan Bongkar Pasang Paving, Avour, Sudet - Arifin",10.202.004 PAVING,,4660000,763891413
3,10.101.003,— BCA PT. ADHILAND JOYO AGUNG (8161-960-098),Lumiera Garden,2025-03-21,BCA PT. ASA,Supply Kanstein & Paving (No.KW 0203/FI-SO/II/2025) - Focon,10.202.004 PAVING,,111640093,652251320
3,10.101.003,— BCA PT. ADHILAND JOYO AGUNG (8161-960-098),Lumiera Garden,2025-03-21,BCA PT. ASA,Instalasi AC Ruko Suhat Lt.1 - Dany Service,60.104.019 RENOVASI KANTOR,,1017500,651233820
3,10.101.003,— BCA PT. ADHILAND JOYO AGUNG (8161-960-098),Lumiera Garden,2025-03-21,BCA PT. ASA,"Perbaikan Kantor Lt.3 (Atap, Lampu, Lantai) - Suroso",60.104.019 RENOVASI KANTOR,,1300000,649933820
3,10.101.003,— BCA PT. ADHILAND JOYO AGUNG (8161-960-098),Lumiera Garden,2025-03-21,BCA PT. ASA,Reimburse Yusril (Bensin Marcomm),60.104.001 OPERASIONAL KANTOR,,30000,649903820
3,10.101.003,— BCA PT. ADHILAND JOYO AGUNG (8161-960-098),Lumiera Garden,2025-03-22,BCA PT. ASA,THR Lebaran 2025,60.102.006 THR,,112867666,537036154
3,10.101.003,— BCA PT. ADHILAND JOYO AGUNG (8161-960-098),Lumiera Garden,2025-03-25,BCA PT. ASA,"Pembayaran Pelunasan (1) Pembelian Unit Rumah Kav. C-03 an Tri Prasetyaningrum, SE.,MM",20.101.001 UANG MUKA,350000000,,887036154
3,10.101.003,— BCA PT. ADHILAND JOYO AGUNG (8161-960-098),Lumiera Garden,2025-03-26,BCA PT. ASA,Renovasi Kantor Ruang Direksi - Suroso,60.104.019 RENOVASI KANTOR,,9000000,878036154
3,10.101.003,— BCA PT. ADHILAND JOYO AGUNG (8161-960-098),Lumiera Garden,2025-03-26,BCA PT. ASA,Supply Paving (No. KW 0252/FI-SO/II/2025) - Focon,10.202.004 PAVING,,5220774,872815380
3,10.101.003,— BCA PT. ADHILAND JOYO AGUNG (8161-960-098),Lumiera Garden,2025-03-26,BCA PT. ASA,Supply Paving (No. KW 0214/FI-SO/II/2025) - Focon,10.202.004 PAVING,,12837083,859978297
3,10.101.003,— BCA PT. ADHILAND JOYO AGUNG (8161-960-098),Lumiera Garden,2025-03-26,BCA PT. ASA,Reimburse Pak Sugeng (Pembelian Material Bouwplank Kavling),10.202.002 PENGUKURAN BLOK-KAVLING,,65000,859913297
3,10.101.003,— BCA PT. ADHILAND JOYO AGUNG (8161-960-098),Lumiera Garden,2025-03-26,BCA PT. ASA,Reimburse Pak Sugeng (Pembelian Sapu Lidi untuk pembersihan jalan),60.104.001 OPERASIONAL KANTOR,,30000,859883297
3,10.101.003,— BCA PT. ADHILAND JOYO AGUNG (8161-960-098),Lumiera Garden,2025-03-26,BCA PT. ASA,Reimburse Pak Sugeng (Pembelian Le Mineral),60.104.001 OPERASIONAL KANTOR,,22000,859861297
3,10.101.003,— BCA PT. ADHILAND JOYO AGUNG (8161-960-098),Lumiera Garden,2025-03-26,BCA PT. ASA,"Budgeting Kue Lebaran (Kue, Mineral, Permen)",60.104.001 OPERASIONAL KANTOR,,1782000,858079297
3,10.101.003,— BCA PT. ADHILAND JOYO AGUNG (8161-960-098),Lumiera Garden,2025-03-26,BCA PT. ASA,Umbul-umbul uk 500 x 85 / 20 pcs,60.101.004 BEBAN ADVERTISING,,3050000,855029297
3,10.101.003,— BCA PT. ADHILAND JOYO AGUNG (8161-960-098),Lumiera Garden,2025-03-26,BCA PT. ASA,Admin Bank,60.104.010 ADMINISTRASI BANK,,2500,855026797
3,10.101.003,— BCA PT. ADHILAND JOYO AGUNG (8161-960-098),Lumiera Garden,2025-03-26,BCA PT. ASA,Pembayaran Hutang ke Joyo Agung (Termin 50% Pembangunan Kav. RK-09 - Dudun Jaenal),20.103.009 HUTANG JOYO AGUNG 2,,179400000,675626797
3,10.101.003,— BCA PT. ADHILAND JOYO AGUNG (8161-960-098),Lumiera Garden,2025-03-26,BCA PT. ASA,Pembayaran Hutang ke Joyo Agung (Pelunasan Cetak V Banner Adhiland+Pasang+Izin),20.103.009 HUTANG JOYO AGUNG 2,,14562500,661064297
3,10.101.003,— BCA PT. ADHILAND JOYO AGUNG (8161-960-098),Lumiera Garden,2025-03-26,BCA PT. ASA,"Pembayaran Pelunasan (2) Pembelian Unit Rumah Kav. C-03 an Tri Prasetyaningrum, SE.,MM",20.101.001 UANG MUKA,14000000,,675064297
3,10.101.003,— BCA PT. ADHILAND JOYO AGUNG (8161-960-098),Lumiera Garden,2025-03-27,BCA PT. ASA,Pembayaran Hutang ke Joyo Agung (Termin 50% Pembangunan Kav. RK-12 - Dwi Arie),20.103.009 HUTANG JOYO AGUNG 2,,167875000,507189297
3,10.101.003,— BCA PT. ADHILAND JOYO AGUNG (8161-960-098),Lumiera Garden,2025-03-27,BCA PT. ASA,Pembelian Kabel NYM 2x15 (Project) - Warung Listrik Warlis,10.202.012 PENERANGAN JALAN UMUM,,450000,506739297
3,10.101.003,— BCA PT. ADHILAND JOYO AGUNG (8161-960-098),Lumiera Garden,2025-03-27,BCA PT. ASA,Pembelian Stopkontak & Saklar (Kantor) - Warung Listrik Warlis,60.104.001 OPERASIONAL KANTOR,,80000,506659297
3,10.101.003,— BCA PT. ADHILAND JOYO AGUNG (8161-960-098),Lumiera Garden,2025-03-27,BCA PT. ASA,Admin Bank,60.104.010 ADMINISTRASI BANK,,2500,506656797
3,10.101.003,— BCA PT. ADHILAND JOYO AGUNG (8161-960-098),Lumiera Garden,2025-03-27,BCA PT. ASA,Gaji Karyawan bulan Maret 2025,60.102.001 GAJI KARYAWAN TETAP,,131285847,375370950
3,10.101.003,— BCA PT. ADHILAND JOYO AGUNG (8161-960-098),Lumiera Garden,2025-03-27,BCA PT. ASA,Pelunasan Neon Box Stand,60.101.004 BEBAN ADVERTISING,,6250000,369120950
3,10.101.003,— BCA PT. ADHILAND JOYO AGUNG (8161-960-098),Lumiera Garden,2025-03-27,BCA PT. ASA,Admin Bank,60.104.010 ADMINISTRASI BANK,,2500,369118450
3,10.101.003,— BCA PT. ADHILAND JOYO AGUNG (8161-960-098),Lumiera Garden,2025-03-27,BCA PT. ASA,Termin 1 Perpanjangan Billboard Kawi,60.101.004 BEBAN ADVERTISING,,20000000,349118450
3,10.101.003,— BCA PT. ADHILAND JOYO AGUNG (8161-960-098),Lumiera Garden,2025-03-27,BCA PT. ASA,Tambah Daya PLN (PJU Lumiera),10.202.028 LISTRIK LOKASI,,2153550,346964900
3,10.101.003,— BCA PT. ADHILAND JOYO AGUNG (8161-960-098),Lumiera Garden,2025-03-27,BCA PT. ASA,Wifi Project bulan Maret (Biznet Home),60.104.006 TAGIHAN WIFI,,416250,346548650
3,10.101.003,— BCA PT. ADHILAND JOYO AGUNG (8161-960-098),Lumiera Garden,2025-03-31,BCA PT. ASA,Admin Bank (Potongan Bulanan),60.104.010 ADMINISTRASI BANK,,30000,346518650
3,10.101.003,— BCA PT. ADHILAND JOYO AGUNG (8161-960-098),Lumiera Garden,2025-03-31,BCA PT. ASA,Bunga Bank,40.102.001 BUNGA BANK,2477,,346521126
3,10.101.003,— BCA PT. ADHILAND JOYO AGUNG (8161-960-098),Lumiera Garden,2025-03-31,BCA PT. ASA,Pajak Bunga,60.104.029 BEBAN PAJAK LAINNYA/PAJAK BUNGA,,495,346520631
3,10.101.003,— BCA PT. ADHILAND JOYO AGUNG (8161-960-098),Lumiera Garden,2025-04-03,BCA PT. ASA,ITJ Kavling LK-15 an Dimas Perdana,20.101.002 UANG TANDA JADI,5000000,,351520631
3,10.101.003,— BCA PT. ADHILAND JOYO AGUNG (8161-960-098),Lumiera Garden,2025-04-04,BCA PT. ASA,Pembayaran Angsuran Ke-4 Rukost Kavling LK-07 an Heny Susanti,20.101.001 UANG MUKA,50000000,,401520631
3,10.101.003,— BCA PT. ADHILAND JOYO AGUNG (8161-960-098),Lumiera Garden,2025-04-10,BCA PT. ASA,Pembayaran Pelunasan / Angsuran 3 Kavling LK-03 an Rachmadiana Sari,20.101.001 UANG MUKA,145000000,,546520631
3,10.101.003,— BCA PT. ADHILAND JOYO AGUNG (8161-960-098),Lumiera Garden,2025-04-10,BCA PT. ASA,Ads,60.101.005 BEBAN DIGITAL ADS,,10000000,536520631
3,10.101.003,— BCA PT. ADHILAND JOYO AGUNG (8161-960-098),Lumiera Garden,2025-04-10,BCA PT. ASA,Biaya Admin,60.104.010 ADMINISTRASI BANK,,2500,536518131
3,10.101.003,— BCA PT. ADHILAND JOYO AGUNG (8161-960-098),Lumiera Garden,2025-04-11,BCA PT. ASA,Pembayaran Halo Call Center (08113646900),60.104.005 TAGIHAN HALO CALL CENTER (08113646900),,202800,536315331
3,10.101.003,— BCA PT. ADHILAND JOYO AGUNG (8161-960-098),Lumiera Garden,2025-04-11,BCA PT. ASA,Pembelian Token Listrik Ruko Suhat (ID Pel : 513110771875 an Wisnu Novianto),60.104.003 TOKEN PLN,,1003000,535312331
3,10.101.003,— BCA PT. ADHILAND JOYO AGUNG (8161-960-098),Lumiera Garden,2025-04-11,BCA PT. ASA,Pembelian Pompa Galon Lt.3,60.104.001 OPERASIONAL KANTOR,,39000,535273331
3,10.101.003,— BCA PT. ADHILAND JOYO AGUNG (8161-960-098),Lumiera Garden,2025-04-11,BCA PT. ASA,Pembelian Tatakan Galon Lt.3,60.104.001 OPERASIONAL KANTOR,,76600,535196731
3,10.101.003,— BCA PT. ADHILAND JOYO AGUNG (8161-960-098),Lumiera Garden,2025-04-11,BCA PT. ASA,Pembelian Tatakan Laptop Tellemarketing,60.104.001 OPERASIONAL KANTOR,,46900,535149831
3,10.101.003,— BCA PT. ADHILAND JOYO AGUNG (8161-960-098),Lumiera Garden,2025-04-11,BCA PT. ASA,Reimburse Pak Rula (Monthly Direksi - 030325),60.104.013 MEETING,,200000,534949831
3,10.101.003,— BCA PT. ADHILAND JOYO AGUNG (8161-960-098),Lumiera Garden,2025-04-11,BCA PT. ASA,Reimburse Pak Rula (Pertamax Avanza - 260325),60.104.007 BENSIN OPERASIONAL,,200000,534749831
3,10.101.003,— BCA PT. ADHILAND JOYO AGUNG (8161-960-098),Lumiera Garden,2025-04-11,BCA PT. ASA,Wifi Project bulan April (Biznet Home),60.104.006 TAGIHAN WIFI,,416250,534333581
3,10.101.003,— BCA PT. ADHILAND JOYO AGUNG (8161-960-098),Lumiera Garden,2025-04-11,BCA PT. ASA,DP 20% Pek. Pengeboran Sumur (11/SPK-ADB/IV/2025) - Kasmari,10.202.022 PENGEBORAN AIR BERSIH/SUMUR,,13000000,521333581
3,10.101.003,— BCA PT. ADHILAND JOYO AGUNG (8161-960-098),Lumiera Garden,2025-04-11,BCA PT. ASA,Reimburse Pak Rula (Upah Pasang & Material MCB Tambah Daya Listrik Fasum),10.202.028 LISTRIK LOKASI,,350000,520983581
3,10.101.003,— BCA PT. ADHILAND JOYO AGUNG (8161-960-098),Lumiera Garden,2025-04-11,BCA PT. ASA,Reimburse Amin (Kekurangan dana Kue Lebaran),60.104.001 OPERASIONAL KANTOR,,358700,520624881
3,10.101.003,— BCA PT. ADHILAND JOYO AGUNG (8161-960-098),Lumiera Garden,2025-04-11,BCA PT. ASA,Budgeting CRD Listrik & Pupuk,10.101.004 SILANG KAS,,1153000,519471881
3,10.101.003,— BCA PT. ADHILAND JOYO AGUNG (8161-960-098),Lumiera Garden,2025-04-15,BCA PT. ASA,Pembelian Material Kabel TC 60m & STK Listrik Kerja - Warung Listrik (Warlis),10.202.028 LISTRIK LOKASI,,505000,518966881
3,10.101.003,— BCA PT. ADHILAND JOYO AGUNG (8161-960-098),Lumiera Garden,2025-04-15,BCA PT. ASA,Biaya Admin,60.104.010 ADMINISTRASI BANK,,2500,518964381
3,10.101.003,— BCA PT. ADHILAND JOYO AGUNG (8161-960-098),Lumiera Garden,2025-04-16,BCA PT. ASA,DP Seragam Kemeja PDH (Warna Biru) / 3 pcs - Baboon T-Shirt Garment,60.104.001 OPERASIONAL KANTOR,,300000,518664381
3,10.101.003,— BCA PT. ADHILAND JOYO AGUNG (8161-960-098),Lumiera Garden,2025-04-16,BCA PT. ASA,DP Seragam Kemeja PDH (Warna Kuning) / 3 pcs - Baboon T-Shirt Garment,60.104.001 OPERASIONAL KANTOR,,277500,518386881
3,10.101.003,— BCA PT. ADHILAND JOYO AGUNG (8161-960-098),Lumiera Garden,2025-04-16,BCA PT. ASA,DP Seragam Poloshirt (Warna Biru & Putih) / 2 pcs - Baboon T-Shirt Garment,60.104.001 OPERASIONAL KANTOR,,160000,518226881
3,10.101.003,— BCA PT. ADHILAND JOYO AGUNG (8161-960-098),Lumiera Garden,2025-04-19,BCA PT. ASA,Kas Bon Karyawan (Security / Della Herman Wahyudi),10.102.011 PIUTANG KARYAWAN,,400000,517826881
3,10.101.003,— BCA PT. ADHILAND JOYO AGUNG (8161-960-098),Lumiera Garden,2025-04-19,BCA PT. ASA,Kas Bon Karyawan (OB / Andik Sutrisno),10.102.011 PIUTANG KARYAWAN,,3000000,514826881
3,10.101.003,— BCA PT. ADHILAND JOYO AGUNG (8161-960-098),Lumiera Garden,2025-04-19,BCA PT. ASA,Pemindahan Taman Kavling 5-12 & Pembuatan Taman Lumiera Kav. C-5 - LK-1 2- Jasa Landscape Abadi,10.202.008 TAMAN DAN PENGHIJAUAN,,7000000,507826881
3,10.101.003,— BCA PT. ADHILAND JOYO AGUNG (8161-960-098),Lumiera Garden,2025-04-24,BCA PT. ASA,Jasa Ukur BPN,"10.201.012 PENGUKURAN ""BPN""",,2000000,505826881
3,10.101.003,— BCA PT. ADHILAND JOYO AGUNG (8161-960-098),Lumiera Garden,2025-04-24,BCA PT. ASA,DP Gambar DED Tandon - Sandy Hermawan,10.202.020 TANDON AIR,,1000000,504826881
3,10.101.003,— BCA PT. ADHILAND JOYO AGUNG (8161-960-098),Lumiera Garden,2025-04-24,BCA PT. ASA,Pelunasan Seragam Kemeja PDH (Warna Biru) / 3 pcs - Baboon T-Shirt Garment,60.104.001 OPERASIONAL KANTOR,,300000,504526881
3,10.101.003,— BCA PT. ADHILAND JOYO AGUNG (8161-960-098),Lumiera Garden,2025-04-24,BCA PT. ASA,Pelunasan Seragam Kemeja PDH (Warna Kuning) / 3 pcs - Baboon T-Shirt Garment,60.104.001 OPERASIONAL KANTOR,,277500,504249381
3,10.101.003,— BCA PT. ADHILAND JOYO AGUNG (8161-960-098),Lumiera Garden,2025-04-24,BCA PT. ASA,Pelunasan Seragam Poloshirt (Warna Biru & Putih) / 2 pcs - Baboon T-Shirt Garment,60.104.001 OPERASIONAL KANTOR,,160000,504089381
3,10.101.003,— BCA PT. ADHILAND JOYO AGUNG (8161-960-098),Lumiera Garden,2025-04-25,BCA PT. ASA,Budgeting CRD Listrik Kawasan,10.101.004 SILANG KAS,,1003000,503086381
3,10.101.003,— BCA PT. ADHILAND JOYO AGUNG (8161-960-098),Lumiera Garden,2025-04-25,BCA PT. ASA,Reimburse Pak Roy (Top Up E- Toll / 2 nota),60.104.011 PERJALANAN DINAS,,150000,502936381
3,10.101.003,— BCA PT. ADHILAND JOYO AGUNG (8161-960-098),Lumiera Garden,2025-04-25,BCA PT. ASA,Reimburse Pak Roy (Pertalite Avanza / 230425),60.104.007 BENSIN OPERASIONAL,,300000,502636381
3,10.101.003,— BCA PT. ADHILAND JOYO AGUNG (8161-960-098),Lumiera Garden,2025-04-25,BCA PT. ASA,"Reimburse Pak Sugeng (bensin alkon,oli alkon, kresek sampah, sapu, bendrat - 6 nota)",60.104.001 OPERASIONAL KANTOR,,230000,502406381
3,10.101.003,— BCA PT. ADHILAND JOYO AGUNG (8161-960-098),Lumiera Garden,2025-04-25,BCA PT. ASA,"Reimburse Pak Sugeng (inventaris batu asah inax, meteran 7,5 - 2 nota)",60.104.001 OPERASIONAL KANTOR,,64000,502342381
3,10.101.003,— BCA PT. ADHILAND JOYO AGUNG (8161-960-098),Lumiera Garden,2025-04-25,BCA PT. ASA,Reimburse Pak Sugeng (Upah pasang patok beton BPN),"10.201.012 PENGUKURAN ""BPN""",,100000,502242381
3,10.101.003,— BCA PT. ADHILAND JOYO AGUNG (8161-960-098),Lumiera Garden,2025-04-25,BCA PT. ASA,DP 50% Pemasangan Pipa Jaringan Kawasan (20/SPK-ADP/IV/2025) - Saiful Anwar,10.202.018 SALURAN DISTRIBUSI AIR,,21775000,480467381
3,10.101.003,— BCA PT. ADHILAND JOYO AGUNG (8161-960-098),Lumiera Garden,2025-04-25,BCA PT. ASA,Biaya Admin,60.104.010 ADMINISTRASI BANK,,2500,480464881
3,10.101.003,— BCA PT. ADHILAND JOYO AGUNG (8161-960-098),Lumiera Garden,2025-04-25,BCA PT. ASA,Reimburse Pak Dian (sparepart alkon & baliho - 2 nota),60.104.001 OPERASIONAL KANTOR,,208000,480256881
3,10.101.003,— BCA PT. ADHILAND JOYO AGUNG (8161-960-098),Lumiera Garden,2025-04-25,BCA PT. ASA,Reimburse Pak Rula (Upah perbaikan alkon),60.104.001 OPERASIONAL KANTOR,,150000,480106881
3,10.101.003,— BCA PT. ADHILAND JOYO AGUNG (8161-960-098),Lumiera Garden,2025-04-25,BCA PT. ASA,Reimburse Pak Yasin (Patok BPN / 5 pcs),"10.201.012 PENGUKURAN ""BPN""",,250000,479856881
3,10.101.003,— BCA PT. ADHILAND JOYO AGUNG (8161-960-098),Lumiera Garden,2025-04-25,BCA PT. ASA,Termin II Perpanjangan Billboard Kawi,60.101.004 BEBAN ADVERTISING,,20000000,459856881
3,10.101.003,— BCA PT. ADHILAND JOYO AGUNG (8161-960-098),Lumiera Garden,2025-04-25,BCA PT. ASA,Pelunasan Map Adhiland uk.33 x 46 (Terbuka),60.104.001 OPERASIONAL KANTOR,,2750000,457106881
3,10.101.003,— BCA PT. ADHILAND JOYO AGUNG (8161-960-098),Lumiera Garden,2025-04-25,BCA PT. ASA,Reimburse Pak Roy (Ongkir - Pengiriman seragam dari baboon ke lokasi SG),60.104.001 OPERASIONAL KANTOR,,25000,457081881
3,10.101.003,— BCA PT. ADHILAND JOYO AGUNG (8161-960-098),Lumiera Garden,2025-04-25,BCA PT. ASA,Reimburse Bella (Gosend - Pengiriman seragam ke baboon),60.104.001 OPERASIONAL KANTOR,,19000,457062881
3,10.101.003,— BCA PT. ADHILAND JOYO AGUNG (8161-960-098),Lumiera Garden,2025-04-30,BCA PT. ASA,Pembayaran DP 3 Pembelian Rukost Kavling LK-05 an Ninik Yulaikah,20.101.001 UANG MUKA,30000000,,487062881
3,10.101.003,— BCA PT. ADHILAND JOYO AGUNG (8161-960-098),Lumiera Garden,2025-04-30,BCA PT. ASA,Pelunasan Workshop Depart Bisnis - Tranceformasi Indo,60.104.016 TRAINING KARYAWAN,,19300000,467762881
3,10.101.003,— BCA PT. ADHILAND JOYO AGUNG (8161-960-098),Lumiera Garden,2025-04-30,BCA PT. ASA,Admin Bank (Potongan Bulanan),60.104.010 ADMINISTRASI BANK,,30000,467732881
3,10.101.003,— BCA PT. ADHILAND JOYO AGUNG (8161-960-098),Lumiera Garden,2025-04-30,BCA PT. ASA,Bunga Bank,40.102.001 BUNGA BANK,74485,,467807366
3,10.101.003,— BCA PT. ADHILAND JOYO AGUNG (8161-960-098),Lumiera Garden,2025-04-30,BCA PT. ASA,Pajak Bunga,60.104.029 BEBAN PAJAK LAINNYA/PAJAK BUNGA,,14897,467792469
3,10.101.003,— BCA PT. ADHILAND JOYO AGUNG (8161-960-098),Lumiera Garden,2025-05-01,BCA PT. ASA,Gaji Karyawan bulan April 2025,60.102.001 GAJI KARYAWAN TETAP,,64778075,403014394
3,10.101.003,— BCA PT. ADHILAND JOYO AGUNG (8161-960-098),Lumiera Garden,2025-05-01,BCA PT. ASA,Gaji Karyawan bulan April 2025,60.102.001 GAJI KARYAWAN TETAP,,980769,402033625
3,10.101.003,— BCA PT. ADHILAND JOYO AGUNG (8161-960-098),Lumiera Garden,2025-05-01,BCA PT. ASA,Biaya Admin,60.104.010 ADMINISTRASI BANK,,2500,402031125
3,10.101.003,— BCA PT. ADHILAND JOYO AGUNG (8161-960-098),Lumiera Garden,2025-05-02,BCA PT. ASA,Pekerjaan Pembuatan Sumur Resapan Dia.1 meter - Riadi,10.202.022 PENGEBORAN AIR BERSIH/SUMUR,,1345000,400686125
3,10.101.003,— BCA PT. ADHILAND JOYO AGUNG (8161-960-098),Lumiera Garden,2025-05-02,BCA PT. ASA,Biaya Admin,60.104.010 ADMINISTRASI BANK,,2500,400683625
3,10.101.003,— BCA PT. ADHILAND JOYO AGUNG (8161-960-098),Lumiera Garden,2025-05-02,BCA PT. ASA,Pinjaman untuk Sigura-gura (Perawatan Taman & Penggantian Tanaman Communal),10.102.010 PIUTANG SIGURA-GURA,,2400000,398283625
3,10.101.003,— BCA PT. ADHILAND JOYO AGUNG (8161-960-098),Lumiera Garden,2025-05-02,BCA PT. ASA,Ads (5.1),60.101.005 BEBAN DIGITAL ADS,,10000000,388283625
3,10.101.003,— BCA PT. ADHILAND JOYO AGUNG (8161-960-098),Lumiera Garden,2025-05-02,BCA PT. ASA,Biaya Admin,60.104.010 ADMINISTRASI BANK,,2500,388281125
3,10.101.003,— BCA PT. ADHILAND JOYO AGUNG (8161-960-098),Lumiera Garden,2025-05-02,BCA PT. ASA,Upah Penjaga Alat /P.Didik (28-31 Maret 2025 dan 1-25 April 2025 total 29 hari),60.103.001 HONOR,,1450000,386831125
3,10.101.003,— BCA PT. ADHILAND JOYO AGUNG (8161-960-098),Lumiera Garden,2025-05-02,BCA PT. ASA,Pembayaran DP 4 Pembelian Rukost Kavling LK-05 an Ninik Yulaikah,20.101.001 UANG MUKA,90000000,,476831125
3,10.101.003,— BCA PT. ADHILAND JOYO AGUNG (8161-960-098),Lumiera Garden,2025-05-02,BCA PT. ASA,Biaya Admin,60.104.010 ADMINISTRASI BANK,,2500,476828625
3,10.101.003,— BCA PT. ADHILAND JOYO AGUNG (8161-960-098),Lumiera Garden,2025-05-02,BCA PT. Adhiland Sukses Abadi,Refund ITJ LK-15 an Dimas Perdana,20.101.002 UANG TANDA JADI,,5000000,471828625
3,10.101.003,— BCA PT. ADHILAND JOYO AGUNG (8161-960-098),Lumiera Garden,2025-05-03,BCA PT. ASA,DP EXPO MOG (1-12 Mei 2025),60.101.006 EXPO,,25000000,446828625
3,10.101.003,— BCA PT. ADHILAND JOYO AGUNG (8161-960-098),Lumiera Garden,2025-05-05,BCA PT. ASA,Pembayaran Cicilan Angsuran Ke-5 Rukost Kavling LK-07 an Heny Susanti,20.101.001 UANG MUKA,20000000,,466828625
3,10.101.003,— BCA PT. ADHILAND JOYO AGUNG (8161-960-098),Lumiera Garden,2025-05-07,BCA PT. ASA,Komisi Marcomm Kavling LK-05,60.101.002 INSENTIF/KOMISI,,131250,466697375
3,10.101.003,— BCA PT. ADHILAND JOYO AGUNG (8161-960-098),Lumiera Garden,2025-05-07,BCA PT. ASA,Komisi Marcomm Kavling LK-05,60.101.002 INSENTIF/KOMISI,,100625,466596750
3,10.101.003,— BCA PT. ADHILAND JOYO AGUNG (8161-960-098),Lumiera Garden,2025-05-07,BCA PT. ASA,Komisi Marcomm Kavling LK-05,60.101.002 INSENTIF/KOMISI,,100625,466496125
3,10.101.003,— BCA PT. ADHILAND JOYO AGUNG (8161-960-098),Lumiera Garden,2025-05-07,BCA PT. ASA,Komisi Marcomm Kavling LK-05,60.101.002 INSENTIF/KOMISI,,105000,466391125
3,10.101.003,— BCA PT. ADHILAND JOYO AGUNG (8161-960-098),Lumiera Garden,2025-05-07,BCA PT. ASA,Bensin Operasional (Innova Zenix),60.104.007 BENSIN OPERASIONAL,,300000,466091125
3,10.101.003,— BCA PT. ADHILAND JOYO AGUNG (8161-960-098),Lumiera Garden,2025-05-08,BCA PT. ASA,Pembelian Token Listrik Ruko Suhat (ID Pel : 513110771875 an Wisnu Novianto),60.104.003 TOKEN PLN,,1003000,465088125
3,10.101.003,— BCA PT. ADHILAND JOYO AGUNG (8161-960-098),Lumiera Garden,2025-05-09,BCA PT. ASA,Pembayaran Halo Call Center (08113646900),60.104.005 TAGIHAN HALO CALL CENTER (08113646900),,202800,464885325
3,10.101.003,— BCA PT. ADHILAND JOYO AGUNG (8161-960-098),Lumiera Garden,2025-05-09,BCA PT. ASA,Wifi Project bulan Mei (Biznet Home),60.104.006 TAGIHAN WIFI,,416250,464469075
3,10.101.003,— BCA PT. ADHILAND JOYO AGUNG (8161-960-098),Lumiera Garden,2025-05-09,BCA PT. ASA,"Termin 2 (45%) Pek. 100% Pipa Air Bersih Kawasan (20/SPK.ADP/IV/2025) & Addendum Pipa 1,5",10.202.018 SALURAN DISTRIBUSI AIR,,28597500,435871575
3,10.101.003,— BCA PT. ADHILAND JOYO AGUNG (8161-960-098),Lumiera Garden,2025-05-09,BCA PT. ASA,Biaya Admin,60.104.010 ADMINISTRASI BANK,,2500,435869075
3,10.101.003,— BCA PT. ADHILAND JOYO AGUNG (8161-960-098),Lumiera Garden,2025-05-09,BCA PT. ASA,Pelunasan Pekerjaan Bor Sumur Artesis (11/SPK.ADP/IV/2025),10.202.022 PENGEBORAN AIR BERSIH/SUMUR,,48750000,387119075
3,10.101.003,— BCA PT. ADHILAND JOYO AGUNG (8161-960-098),Lumiera Garden,2025-05-09,BCA PT. ASA,SKA Arsitek Lumiera,10.201.013 SITE PLAN,,2000000,385119075
3,10.101.003,— BCA PT. ADHILAND JOYO AGUNG (8161-960-098),Lumiera Garden,2025-05-09,BCA PT. ASA,Gambar DWG Siteplan Lumiera,10.201.013 SITE PLAN,,1000000,384119075
3,10.101.003,— BCA PT. ADHILAND JOYO AGUNG (8161-960-098),Lumiera Garden,2025-05-09,BCA PT. ASA,Budgeting CRD Listrik Kawasan,10.101.004 SILANG KAS,,1003000,383116075
3,10.101.003,— BCA PT. ADHILAND JOYO AGUNG (8161-960-098),Lumiera Garden,2025-05-09,BCA PT. ASA,Kas Bon Karyawan,10.102.011 PIUTANG KARYAWAN,,6000000,377116075
3,10.101.003,— BCA PT. ADHILAND JOYO AGUNG (8161-960-098),Lumiera Garden,2025-05-09,BCA PT. ASA,Pelunasan Gambar DED Tandon - Sandy Hermawan,10.202.020 TANDON AIR,,500000,376616075
3,10.101.003,— BCA PT. ADHILAND JOYO AGUNG (8161-960-098),Lumiera Garden,2025-05-09,BCA PT. ASA,Kas Bon Karyawan,10.102.011 PIUTANG KARYAWAN,,50000000,326616075
3,10.101.003,— BCA PT. ADHILAND JOYO AGUNG (8161-960-098),Lumiera Garden,2025-05-09,BCA PT. ASA,Godox SL-100 BI LED Continous Light,11.101.001 PERALATAN KANTOR,,3761000,322855075
3,10.101.003,— BCA PT. ADHILAND JOYO AGUNG (8161-960-098),Lumiera Garden,2025-05-09,BCA PT. ASA,Perhitungan Struktur Tandon,10.202.020 TANDON AIR,,2000000,320855075
3,10.101.003,— BCA PT. ADHILAND JOYO AGUNG (8161-960-098),Lumiera Garden,2025-05-10,BCA PT. ASA,"Lensa FE 35 mm 1,8",11.101.001 PERALATAN KANTOR,,8658100,312196975
3,10.101.003,— BCA PT. ADHILAND JOYO AGUNG (8161-960-098),Lumiera Garden,2025-05-14,BCA PT. ASA,"Budgeting Kabel BC 3x2,5 mm (Fasum Sumur Bor)",10.202.022 PENGEBORAN AIR BERSIH/SUMUR,,3400000,308796975
3,10.101.003,— BCA PT. ADHILAND JOYO AGUNG (8161-960-098),Lumiera Garden,2025-05-16,BCA PT. ASA,Doorprize Gathering Bali Adhiland,60.104.018 EVENT KANTOR,,7100000,301696975
3,10.101.003,— BCA PT. ADHILAND JOYO AGUNG (8161-960-098),Lumiera Garden,2025-05-16,BCA PT. ASA,Reimburse Pak Yasin (Bensin untuk ke perizinan KKPR Lummiera),60.104.007 BENSIN OPERASIONAL,,20000,301676975
3,10.101.003,— BCA PT. ADHILAND JOYO AGUNG (8161-960-098),Lumiera Garden,2025-05-16,BCA PT. ASA,Waarmerking PPJB Kavling LK-05 an Ninik Yulaikah,60.104.023 BIAYA ADMINISTRASI WAARMERKING,,250000,301426975
3,10.101.003,— BCA PT. ADHILAND JOYO AGUNG (8161-960-098),Lumiera Garden,2025-05-16,BCA PT. ASA,Uang Makan Marketing EXPO - Fahmi,60.101.006 EXPO,,350000,301076975
3,10.101.003,— BCA PT. ADHILAND JOYO AGUNG (8161-960-098),Lumiera Garden,2025-05-16,BCA PT. ASA,Uang Makan Marketing EXPO - Nanda,60.101.006 EXPO,,400000,300676975
3,10.101.003,— BCA PT. ADHILAND JOYO AGUNG (8161-960-098),Lumiera Garden,2025-05-16,BCA PT. ASA,Biaya Admin,60.104.010 ADMINISTRASI BANK,,2500,300674475
3,10.101.003,— BCA PT. ADHILAND JOYO AGUNG (8161-960-098),Lumiera Garden,2025-05-16,BCA PT. ASA,Uang Makan Marketing EXPO - Adib,60.101.006 EXPO,,450000,300224475
3,10.101.003,— BCA PT. ADHILAND JOYO AGUNG (8161-960-098),Lumiera Garden,2025-05-16,BCA PT. ASA,Uang Makan Marketing EXPO - Ika,60.101.006 EXPO,,400000,299824475
3,10.101.003,— BCA PT. ADHILAND JOYO AGUNG (8161-960-098),Lumiera Garden,2025-05-16,BCA PT. ASA,Pelunasan Stan EXPO MOG (1-12 Mei 2025 / 12 Hari),60.101.006 EXPO,,65000000,234824475
3,10.101.003,— BCA PT. ADHILAND JOYO AGUNG (8161-960-098),Lumiera Garden,2025-05-16,BCA PT. ASA,Cetak V Banner 260x90 + Pasang Bambu + Ijin & Pajak - Sigmaprint,60.101.004 BEBAN ADVERTISING,,29125000,205699475
3,10.101.003,— BCA PT. ADHILAND JOYO AGUNG (8161-960-098),Lumiera Garden,2025-05-16,BCA PT. ASA,Budgeting CRD Listrik Kawasan,10.101.004 SILANG KAS,,1506000,204193475
3,10.101.003,— BCA PT. ADHILAND JOYO AGUNG (8161-960-098),Lumiera Garden,2025-05-16,BCA PT. ASA,Kas Bon Karyawan - Security,10.102.011 PIUTANG KARYAWAN,,3000000,201193475
3,10.101.003,— BCA PT. ADHILAND JOYO AGUNG (8161-960-098),Lumiera Garden,2025-05-18,BCA PT. ASA,Pelunasan Gathering Bali (4 hari 2 malam),60.104.018 EVENT KANTOR,,78000000,123193475
3,10.101.003,— BCA PT. ADHILAND JOYO AGUNG (8161-960-098),Lumiera Garden,2025-05-25,BCA PT. ASA,ITJ Kavling LK-18 an Nor Hedayanti,20.101.002 UANG TANDA JADI,5000000,,128193475
3,10.101.003,— BCA PT. ADHILAND JOYO AGUNG (8161-960-098),Lumiera Garden,2025-05-27,BCA PT. ASA,ITJ Kavling LK-17 an Dyah Ratnawati,20.101.002 UANG TANDA JADI,2000000,,130193475
3,10.101.003,— BCA PT. ADHILAND JOYO AGUNG (8161-960-098),Lumiera Garden,2025-05-28,BCA PT. ASA,Upah instalasi listrik kerja & Material panel listrik,10.202.023 JARINGAN LISTRIK PROYEK,,1250000,128943475
3,10.101.003,— BCA PT. ADHILAND JOYO AGUNG (8161-960-098),Lumiera Garden,2025-05-28,BCA PT. Adhiland Sukses Abadi,Refund ITJ LK-17 an Dyah Ratnawati,20.101.002 UANG TANDA JADI,,2000000,126943475
3,10.101.003,— BCA PT. ADHILAND JOYO AGUNG (8161-960-098),Lumiera Garden,2025-05-31,BCA PT. ASA,Biaya Admin,60.104.010 ADMINISTRASI BANK,,2500,126940975
3,10.101.003,— BCA PT. ADHILAND JOYO AGUNG (8161-960-098),Lumiera Garden,2025-05-31,BCA PT. ASA,Reimburse Pak Muliyawan (Tiket PP Sby-Dps / Dps-Sby),60.104.018 EVENT KANTOR,,2715003,124225972
3,10.101.003,— BCA PT. ADHILAND JOYO AGUNG (8161-960-098),Lumiera Garden,2025-05-31,BCA PT. ASA,Pembayaran Ke-3 Komisi Tanah Pak Yazak,10.201.026 KOMISI PEMBELIAN TANAH,,10000000,114225972
3,10.101.003,— BCA PT. ADHILAND JOYO AGUNG (8161-960-098),Lumiera Garden,2025-05-31,BCA PT. ASA,Reimburse Pak Sugeng (Pembelian material pipa PVC tandon air kerja / 4 nota),10.202.020 TANDON AIR,,193000,114032972
3,10.101.003,— BCA PT. ADHILAND JOYO AGUNG (8161-960-098),Lumiera Garden,2025-05-31,BCA PT. ASA,Reimburse Pak Sugeng (Pembelian bensin mesin potong rumput / 2 nota),60.104.001 OPERASIONAL KANTOR,,100000,113932972
3,10.101.003,— BCA PT. ADHILAND JOYO AGUNG (8161-960-098),Lumiera Garden,2025-05-31,BCA PT. ASA,Reimburse Pak Sugeng (Sewa armada angkat drum dari SG ke LG),10.202.003 PERATAAN TANAH/CUT & FILL,,140000,113792972
3,10.101.003,— BCA PT. ADHILAND JOYO AGUNG (8161-960-098),Lumiera Garden,2025-05-31,BCA PT. ASA,Reimburse Pak Sugeng (Pembelian sapu lidi u/ kebersihan),60.104.001 OPERASIONAL KANTOR,,30000,113762972
3,10.101.003,— BCA PT. ADHILAND JOYO AGUNG (8161-960-098),Lumiera Garden,2025-05-31,BCA PT. ASA,Reimburse Pak Rula (Material panel pompa sumur),10.202.022 PENGEBORAN AIR BERSIH/SUMUR,,400000,113362972
3,10.101.003,— BCA PT. ADHILAND JOYO AGUNG (8161-960-098),Lumiera Garden,2025-05-31,BCA PT. ASA,Reimburse Pak Rula (Material perubahan jalur listrik kawasan),10.202.023 JARINGAN LISTRIK PROYEK,,1230000,112132972
3,10.101.003,— BCA PT. ADHILAND JOYO AGUNG (8161-960-098),Lumiera Garden,2025-05-31,BCA PT. ASA,Ads (5.4),60.101.005 BEBAN DIGITAL ADS,,10000000,102132972
3,10.101.003,— BCA PT. ADHILAND JOYO AGUNG (8161-960-098),Lumiera Garden,2025-05-31,BCA PT. ASA,Biaya Admin,60.104.010 ADMINISTRASI BANK,,2500,102130472
3,10.101.003,— BCA PT. ADHILAND JOYO AGUNG (8161-960-098),Lumiera Garden,2025-05-31,BCA PT. ASA,Termin III Perpanjangan Billboard Kawi,60.101.004 BEBAN ADVERTISING,,20000000,82130472
3,10.101.003,— BCA PT. ADHILAND JOYO AGUNG (8161-960-098),Lumiera Garden,2025-05-31,BCA PT. ASA,Admin Bank (Potongan Bulanan),60.104.010 ADMINISTRASI BANK,,30000,82100472
3,10.101.003,— BCA PT. ADHILAND JOYO AGUNG (8161-960-098),Lumiera Garden,2025-05-31,BCA PT. ASA,Bunga Bank,40.102.001 BUNGA BANK,2754,,82103226
3,10.101.003,— BCA PT. ADHILAND JOYO AGUNG (8161-960-098),Lumiera Garden,2025-05-31,BCA PT. ASA,Pajak Bunga,60.104.029 BEBAN PAJAK LAINNYA/PAJAK BUNGA,,551,82102675
3,10.101.003,— BCA PT. ADHILAND JOYO AGUNG (8161-960-098),Lumiera Garden,2025-06-01,BCA PT. ASA,Gaji Karyawan bulan Mei 2025,60.102.001 GAJI KARYAWAN TETAP,,67249707,14852968
3,10.101.003,— BCA PT. ADHILAND JOYO AGUNG (8161-960-098),Lumiera Garden,2025-06-01,BCA PT. ASA,Biaya Admin (TF beda bank),60.104.010 ADMINISTRASI BANK,,5000,14847968
3,10.101.003,— BCA PT. ADHILAND JOYO AGUNG (8161-960-098),Lumiera Garden,2025-06-03,BCA PT. ASA,Pembayaran Cicilan Pelunasan Kavling LK-02 an Etty Parawati,20.101.001 UANG MUKA,120000000,,134847968
3,10.101.003,— BCA PT. ADHILAND JOYO AGUNG (8161-960-098),Lumiera Garden,2025-06-05,BCA PT. ASA,Pembelian Token Listrik Ruko Suhat (ID Pel : 513110771875 an Wisnu Novianto),60.104.003 TOKEN PLN,,1003000,133844968
3,10.101.003,— BCA PT. ADHILAND JOYO AGUNG (8161-960-098),Lumiera Garden,2025-06-05,BCA PT. Adhiland Sukses Abadi,Refund ITJ Kavling LK-18 an Nor Hedayanti,20.101.002 UANG TANDA JADI,,5000000,128844968
3,10.101.003,— BCA PT. ADHILAND JOYO AGUNG (8161-960-098),Lumiera Garden,2025-06-07,BCA PT. ASA,Pembayaran Halo Call Center (08113646900),60.104.005 TAGIHAN HALO CALL CENTER (08113646900),,202800,128642168
3,10.101.003,— BCA PT. ADHILAND JOYO AGUNG (8161-960-098),Lumiera Garden,2025-06-07,BCA PT. ASA,Wifi Project bulan Juni (Biznet Home),60.104.006 TAGIHAN WIFI,,416250,128225918
3,10.101.003,— BCA PT. ADHILAND JOYO AGUNG (8161-960-098),Lumiera Garden,2025-06-07,BCA PT. ASA,Pemindahan Area Kavling LK-02 - LK-06 & Pembuatan Kontur Taman A5 - A7,10.202.008 TAMAN DAN PENGHIJAUAN,,4000000,124225918
3,10.101.003,— BCA PT. ADHILAND JOYO AGUNG (8161-960-098),Lumiera Garden,2025-06-07,BCA PT. ASA,Budgeting CRD Listrik Kawasan & Pupuk,10.101.004 SILANG KAS,,1153000,123072918
3,10.101.003,— BCA PT. ADHILAND JOYO AGUNG (8161-960-098),Lumiera Garden,2025-06-09,BCA PT. ASA,Pembayaran Cicilan Angsuran Ke-6 Rukost Kavling LK-07 an Heny Susanti,20.101.001 UANG MUKA,20000000,,143072918
3,10.101.003,— BCA PT. ADHILAND JOYO AGUNG (8161-960-098),Lumiera Garden,2025-06-13,BCA PT. ASA,"Penanaman Taman Berem Kavling LK-24, LK-25 & Communal, Pemindahan & Penanaman Pohon",10.202.008 TAMAN DAN PENGHIJAUAN,,6445000,136627918
3,10.101.003,— BCA PT. ADHILAND JOYO AGUNG (8161-960-098),Lumiera Garden,2025-06-13,BCA PT. ASA,Reimburse Pak Rula (Pemindahan Kabel PLN diatas Kavling LK-12),10.202.028 LISTRIK LOKASI,,450000,136177918
3,10.101.003,— BCA PT. ADHILAND JOYO AGUNG (8161-960-098),Lumiera Garden,2025-06-13,BCA PT. ASA,UM EXPO Matos 29 Mei - 08 Juni 2025 (Nanda),60.101.006 EXPO,,350000,135827918
3,10.101.003,— BCA PT. ADHILAND JOYO AGUNG (8161-960-098),Lumiera Garden,2025-06-13,BCA PT. ASA,Biaya Admin,60.104.010 ADMINISTRASI BANK,,2500,135825418
3,10.101.003,— BCA PT. ADHILAND JOYO AGUNG (8161-960-098),Lumiera Garden,2025-06-13,BCA PT. ASA,UM EXPO Matos 29 Mei - 08 Juni 2025 (Ika),60.101.006 EXPO,,350000,135475418
3,10.101.003,— BCA PT. ADHILAND JOYO AGUNG (8161-960-098),Lumiera Garden,2025-06-13,BCA PT. ASA,UM EXPO Matos 29 Mei - 08 Juni 2025 (Andik),60.101.006 EXPO,,550000,134925418
3,10.101.003,— BCA PT. ADHILAND JOYO AGUNG (8161-960-098),Lumiera Garden,2025-06-13,BCA PT. ASA,Pemindahan Gudang Proyek - Riadi,10.202.025 GUDANG,,1000000,133925418
3,10.101.003,— BCA PT. ADHILAND JOYO AGUNG (8161-960-098),Lumiera Garden,2025-06-13,BCA PT. ASA,Biaya Admin,60.104.010 ADMINISTRASI BANK,,2500,133922918
3,10.101.003,— BCA PT. ADHILAND JOYO AGUNG (8161-960-098),Lumiera Garden,2025-06-13,BCA PT. ASA,Perbaikan Sumur Resapan - Riadi,10.202.022 PENGEBORAN AIR BERSIH/SUMUR,,300000,133622918
3,10.101.003,— BCA PT. ADHILAND JOYO AGUNG (8161-960-098),Lumiera Garden,2025-06-13,BCA PT. ASA,Biaya Admin,60.104.010 ADMINISTRASI BANK,,2500,133620418
3,10.101.003,— BCA PT. ADHILAND JOYO AGUNG (8161-960-098),Lumiera Garden,2025-06-13,BCA PT. ASA,Reimburse Pak Dedy (Loding Out Expo Matos),60.101.006 EXPO,,432000,133188418
3,10.101.003,— BCA PT. ADHILAND JOYO AGUNG (8161-960-098),Lumiera Garden,2025-06-20,BCA PT. ASA,Buang Tanah Kav. LK-2 & LK-3 (8 rit / 3-5 Juni 2025) - Musla/Riadi,10.203.999 LAIN-LAIN,,1600000,131588418
3,10.101.003,— BCA PT. ADHILAND JOYO AGUNG (8161-960-098),Lumiera Garden,2025-06-20,BCA PT. ASA,Biaya Admin,60.104.010 ADMINISTRASI BANK,,2500,131585918
3,10.101.003,— BCA PT. ADHILAND JOYO AGUNG (8161-960-098),Lumiera Garden,2025-06-20,BCA PT. ASA,Budgeting CRD Listrik Kawasan,10.101.004 SILANG KAS,,1003000,130582918
3,10.101.003,— BCA PT. ADHILAND JOYO AGUNG (8161-960-098),Lumiera Garden,2025-06-20,BCA PT. ASA,Headset Bluetooth (Telle Marketing / 2 pcs),11.101.001 PERALATAN KANTOR,,356200,130226718
3,10.101.003,— BCA PT. ADHILAND JOYO AGUNG (8161-960-098),Lumiera Garden,2025-06-20,BCA PT. ASA,Get Contact LG + Admin (Telle),60.104.001 OPERASIONAL KANTOR,,24090,130202628
3,10.101.003,— BCA PT. ADHILAND JOYO AGUNG (8161-960-098),Lumiera Garden,2025-06-24,BCA PT. ASA,DP Mobil Pick Up,11.103.001 KENDARAAN,,80000000,50202628
3,10.101.003,— BCA PT. ADHILAND JOYO AGUNG (8161-960-098),Lumiera Garden,2025-06-25,BCA PT. ASA,Pelunasan Pembelian Mobil Pick Up,11.103.001 KENDARAAN,,39000000,11202628
3,10.101.003,— BCA PT. ADHILAND JOYO AGUNG (8161-960-098),Lumiera Garden,2025-06-26,BCA PT. ASA,Kas Bon Karyawan - Security (Della Herman),10.102.011 PIUTANG KARYAWAN,,3000000,8202628
3,10.101.003,— BCA PT. ADHILAND JOYO AGUNG (8161-960-098),Lumiera Garden,2025-06-26,BCA PT. ASA,"Reimburse P. Sugeng ( Bensin, Gembok, dll / 4 Nota)",60.104.001 OPERASIONAL KANTOR,,190800,8011828
3,10.101.003,— BCA PT. ADHILAND JOYO AGUNG (8161-960-098),Lumiera Garden,2025-06-26,BCA PT. ASA,Reimburse P. Rula (Lampu Jalan Masuk LED 60 Watt / 3 pcs),10.202.012 PENERANGAN JALAN UMUM,,339000,7672828
3,10.101.003,— BCA PT. ADHILAND JOYO AGUNG (8161-960-098),Lumiera Garden,2025-06-26,BCA PT. ASA,Reimburse P. Dian ( Kebutuhan Bensin Mesin Pemotong Rumput),60.104.001 OPERASIONAL KANTOR,,50000,7622828
3,10.101.003,— BCA PT. ADHILAND JOYO AGUNG (8161-960-098),Lumiera Garden,2025-06-28,BCA PT. ASA,"Pembayaran Pelunasan Ke-1 Kavling LK-09 an Dwi Mulyono, ST",20.101.001 UANG MUKA,40000000,,47622828
3,10.101.003,— BCA PT. ADHILAND JOYO AGUNG (8161-960-098),Lumiera Garden,2025-06-30,BCA PT. ASA,ND Filter Kamera,11.101.001 PERALATAN KANTOR,,1280380,46342448
3,10.101.003,— BCA PT. ADHILAND JOYO AGUNG (8161-960-098),Lumiera Garden,2025-06-30,BCA PT. ASA,Admin Bank (Potongan Bulanan),60.104.010 ADMINISTRASI BANK,,30000,46312448
3,10.101.003,— BCA PT. ADHILAND JOYO AGUNG (8161-960-098),Lumiera Garden,2025-07-01,BCA PT. ASA,Gaji Karyawan bulan Juni 2025,60.102.001 GAJI KARYAWAN TETAP,,30784323,15528125
3,10.101.003,— BCA PT. ADHILAND JOYO AGUNG (8161-960-098),Lumiera Garden,2025-07-01,BCA PT. ASA,Gaji bulan Juni 2025 - Andy Ilham,60.102.001 GAJI KARYAWAN TETAP,,1500000,14028125
3,10.101.003,— BCA PT. ADHILAND JOYO AGUNG (8161-960-098),Lumiera Garden,2025-07-01,BCA PT. ASA,Biaya Admin,60.104.010 ADMINISTRASI BANK,,2500,14025625
3,10.101.003,— BCA PT. ADHILAND JOYO AGUNG (8161-960-098),Lumiera Garden,2025-07-01,BCA PT. ASA,Gaji bulan Juni 2025 - Novia Hiqmah,60.102.001 GAJI KARYAWAN TETAP,,692308,13333317
3,10.101.003,— BCA PT. ADHILAND JOYO AGUNG (8161-960-098),Lumiera Garden,2025-07-01,BCA PT. ASA,Biaya Admin,60.104.010 ADMINISTRASI BANK,,2500,13330817
3,10.101.003,— BCA PT. ADHILAND JOYO AGUNG (8161-960-098),Lumiera Garden,2025-07-02,BCA PT. ASA,Pembelian Pohon Pule,10.202.008 TAMAN DAN PENGHIJAUAN,,10000000,3330817
3,10.101.003,— BCA PT. ADHILAND JOYO AGUNG (8161-960-098),Lumiera Garden,2025-07-04,BCA PT. ASA,Reimburse Pak Ahmad (Bensin Avanza),60.104.007 BENSIN OPERASIONAL,,100000,3230817
3,10.101.003,— BCA PT. ADHILAND JOYO AGUNG (8161-960-098),Lumiera Garden,2025-07-11,BCA PT. ASA,Pembayaran Halo Call Center (08113646900),60.104.005 TAGIHAN HALO CALL CENTER (08113646900),,202800,3028017
3,10.101.003,— BCA PT. ADHILAND JOYO AGUNG (8161-960-098),Lumiera Garden,2025-07-11,BCA PT. ASA,Wifi Project bulan Juli (01000557664),60.104.006 TAGIHAN WIFI,,416250,2611767
3,10.101.003,— BCA PT. ADHILAND JOYO AGUNG (8161-960-098),Lumiera Garden,2025-07-11,BCA PT. ASA,Wifi Kantor Ruko Suhat bulan Juli (01000274460),60.104.006 TAGIHAN WIFI,,416250,2195517
3,10.101.003,— BCA PT. ADHILAND JOYO AGUNG (8161-960-098),Lumiera Garden,2025-07-11,BCA PT. ASA,Reimburse Pak Dian (Material Bantu Listrik Kerja),10.202.028 LISTRIK LOKASI,,18000,2177517
3,10.101.003,— BCA PT. ADHILAND JOYO AGUNG (8161-960-098),Lumiera Garden,2025-07-11,BCA PT. ASA,Reimburse Galih (Brainstorming / 3 Nota),60.104.013 MEETING,,302200,1875317
3,10.101.003,— BCA PT. ADHILAND JOYO AGUNG (8161-960-098),Lumiera Garden,2025-07-11,BCA PT. ASA,Reimburse Pak Dedy (Bensin Pick Up),60.104.007 BENSIN OPERASIONAL,,150000,1725317
3,10.101.003,— BCA PT. ADHILAND JOYO AGUNG (8161-960-098),Lumiera Garden,2025-07-11,BCA PT. ASA,Get Contact LG (Telle),60.104.001 OPERASIONAL KANTOR,,22090,1703227
3,10.101.003,— BCA PT. ADHILAND JOYO AGUNG (8161-960-098),Lumiera Garden,2025-07-16,BCA PT. ASA,Pembayaran Pelunasan Kavling LK-02 an Etty Parawati,20.101.001 UANG MUKA,480000000,,481703227
3,10.101.003,— BCA PT. ADHILAND JOYO AGUNG (8161-960-098),Lumiera Garden,2025-07-16,BCA PT. ASA,Pembayaran PTB Kavling LK-02 an Etty Parawati,20.101.001 UANG MUKA,3798000,,485501227
3,10.101.003,— BCA PT. ADHILAND JOYO AGUNG (8161-960-098),Lumiera Garden,2025-07-18,BCA PT. ASA,Pembayaran Angsuran Ke 1-7 Pembelian Rukost Kavling LK-06 an Ninik Yulaikah,20.101.001 UANG MUKA,354375000,,839876227
3,10.101.003,— BCA PT. ADHILAND JOYO AGUNG (8161-960-098),Lumiera Garden,2025-07-18,BCA PT. ASA,Pembayaran Cicilan Angsuran Ke-1 Pembelian Rukost Kavling LK-05 an Ninik Yulaikah,20.101.001 UANG MUKA,45625000,,885501227
3,10.101.003,— BCA PT. ADHILAND JOYO AGUNG (8161-960-098),Lumiera Garden,2025-07-18,BCA PT. ASA,"Reimburse Pak Rula (Kabel NYM 2x1,5 mm Taman Communal / 100m)",10.202.008 TAMAN DAN PENGHIJAUAN,,1650000,883851227
3,10.101.003,— BCA PT. ADHILAND JOYO AGUNG (8161-960-098),Lumiera Garden,2025-07-18,BCA PT. ASA,Reimburse Pak Rula (Lampu Inlite 30W/4 unit & 50W/2 unit Taman Communal),10.202.008 TAMAN DAN PENGHIJAUAN,,896000,882955227
3,10.101.003,— BCA PT. ADHILAND JOYO AGUNG (8161-960-098),Lumiera Garden,2025-07-18,BCA PT. ASA,Upah Instalasi Lampu Taman / 12 titik - Edy Priono,10.202.008 TAMAN DAN PENGHIJAUAN,,780000,882175227
3,10.101.003,— BCA PT. ADHILAND JOYO AGUNG (8161-960-098),Lumiera Garden,2025-07-18,BCA PT. ASA,Reimburse Pak Dian (Bensin Alkon & Roundap Taman - 2 nota),60.104.001 OPERASIONAL KANTOR,,230000,881945227
3,10.101.003,— BCA PT. ADHILAND JOYO AGUNG (8161-960-098),Lumiera Garden,2025-07-18,BCA PT. ASA,Ads (7.3),60.101.005 BEBAN DIGITAL ADS,,5000000,876945227
3,10.101.003,— BCA PT. ADHILAND JOYO AGUNG (8161-960-098),Lumiera Garden,2025-07-18,BCA PT. ASA,Biaya Admin,60.104.010 ADMINISTRASI BANK,,2500,876942727
3,10.101.003,— BCA PT. ADHILAND JOYO AGUNG (8161-960-098),Lumiera Garden,2025-07-18,BCA PT. ASA,DP Open Table MOG (01 -31 Juli 2025),60.101.006 EXPO,,10000000,866942727
3,10.101.003,— BCA PT. ADHILAND JOYO AGUNG (8161-960-098),Lumiera Garden,2025-07-25,BCA PT. ASA,Retensi 5% Pekerjaan Sumur Athesis (11/SPK/ADP/IV/2025),10.202.022 PENGEBORAN AIR BERSIH/SUMUR,,3250000,863692727
3,10.101.003,— BCA PT. ADHILAND JOYO AGUNG (8161-960-098),Lumiera Garden,2025-07-25,BCA PT. ASA,"Reimburse Pak Dian (Pupuk Taman , Bensin Alkon / 2 Nota)",60.104.001 OPERASIONAL KANTOR,,200000,863492727
3,10.101.003,— BCA PT. ADHILAND JOYO AGUNG (8161-960-098),Lumiera Garden,2025-07-25,BCA PT. ASA,Reimburse Pak Dian (Bensin Pick Up),60.104.007 BENSIN OPERASIONAL,,100000,863392727
3,10.101.003,— BCA PT. ADHILAND JOYO AGUNG (8161-960-098),Lumiera Garden,2025-07-25,BCA PT. ASA,Ganti Visual Mini Billboard 2x3 (Gambar Adhiland - 5 Titik),60.101.004 BEBAN ADVERTISING,,1650000,861742727
3,10.101.003,— BCA PT. ADHILAND JOYO AGUNG (8161-960-098),Lumiera Garden,2025-07-25,BCA PT. ASA,Biaya Admin,60.104.010 ADMINISTRASI BANK,,2500,861740227
3,10.101.003,— BCA PT. ADHILAND JOYO AGUNG (8161-960-098),Lumiera Garden,2025-07-25,BCA PT. ASA,Reimburse Galih (Meeting Marcomm / 3 Nota),60.104.013 MEETING,,271000,861469227
3,10.101.003,— BCA PT. ADHILAND JOYO AGUNG (8161-960-098),Lumiera Garden,2025-07-29,BCA PT. ASA,Kas Bon Karyawan (OB / Andik Sutrisno),10.102.011 PIUTANG KARYAWAN,,500000,860969227
3,10.101.003,— BCA PT. ADHILAND JOYO AGUNG (8161-960-098),Lumiera Garden,2025-07-31,BCA PT. ASA,Ads (8.1),60.101.005 BEBAN DIGITAL ADS,,5000000,855969227
3,10.101.003,— BCA PT. ADHILAND JOYO AGUNG (8161-960-098),Lumiera Garden,2025-07-31,BCA PT. ASA,Biaya Admin,60.104.010 ADMINISTRASI BANK,,2500,855966727
3,10.101.003,— BCA PT. ADHILAND JOYO AGUNG (8161-960-098),Lumiera Garden,2025-07-31,BCA PT. ASA,Admin Bank (Potongan Bulanan),60.104.010 ADMINISTRASI BANK,,30000,855936727
3,10.101.003,— BCA PT. ADHILAND JOYO AGUNG (8161-960-098),Lumiera Garden,2025-08-01,BCA PT. ASA,Gaji Karyawan bulan Juli 2025,60.102.001 GAJI KARYAWAN TETAP,,143387936,712548791
3,10.101.003,— BCA PT. ADHILAND JOYO AGUNG (8161-960-098),Lumiera Garden,2025-08-01,BCA PT. ASA,Biaya Admin (TF beda bank),60.104.010 ADMINISTRASI BANK,,5000,712543791
3,10.101.003,— BCA PT. ADHILAND JOYO AGUNG (8161-960-098),Lumiera Garden,2025-08-01,BCA PT. ASA,Token Listrik Kawasan,60.104.003 TOKEN PLN,,1003000,711540791
3,10.101.003,— BCA PT. ADHILAND JOYO AGUNG (8161-960-098),Lumiera Garden,2025-08-01,BCA PT. ASA,Reimburse Pak Roy (Konsumsi pertemuan dengan pemilik tanah dau),60.104.013 MEETING,,1000500,710540291
3,10.101.003,— BCA PT. ADHILAND JOYO AGUNG (8161-960-098),Lumiera Garden,2025-08-01,BCA PT. ASA,Reimburse Pak Roy (Konsumsi Lahan Baru),60.104.013 MEETING,,117000,710423291
3,10.101.003,— BCA PT. ADHILAND JOYO AGUNG (8161-960-098),Lumiera Garden,2025-08-01,BCA PT. ASA,Reimburse Pak Dian (Bensin alkon untuk perawatan taman / 3 nota),60.104.001 OPERASIONAL KANTOR,,150000,710273291
3,10.101.003,— BCA PT. ADHILAND JOYO AGUNG (8161-960-098),Lumiera Garden,2025-08-01,BCA PT. ASA,Reimburse Pak Dian (Bensin mobil pick up / 2 nota),60.104.007 BENSIN OPERASIONAL,,200000,710073291
3,10.101.003,— BCA PT. ADHILAND JOYO AGUNG (8161-960-098),Lumiera Garden,2025-08-01,BCA PT. ASA,Pelunasan Open Table MOG (01-31 Juli 2025),60.101.006 EXPO,,28000000,682073291
3,10.101.003,— BCA PT. ADHILAND JOYO AGUNG (8161-960-098),Lumiera Garden,2025-08-01,BCA PT. ASA,Reimburse Ida (Weekly Marcomm),60.104.013 MEETING,,98500,681974791
3,10.101.003,— BCA PT. ADHILAND JOYO AGUNG (8161-960-098),Lumiera Garden,2025-08-01,BCA PT. ASA,Budgeting CRD (Senter),10.101.004 SILANG KAS,,200000,681774791
3,10.101.003,— BCA PT. ADHILAND JOYO AGUNG (8161-960-098),Lumiera Garden,2025-08-01,BCA PT. ASA,UB MEDCOM (Program PKKMaba),60.101.999 BEBAN PROMOSI LAIN-LAIN,,16000000,665774791
3,10.101.003,— BCA PT. ADHILAND JOYO AGUNG (8161-960-098),Lumiera Garden,2025-08-01,BCA PT. ASA,Biaya Admin (TF beda bank),60.104.010 ADMINISTRASI BANK,,2500,665772291
3,10.101.003,— BCA PT. ADHILAND JOYO AGUNG (8161-960-098),Lumiera Garden,2025-08-01,BCA PT. ASA,Pembayaran Komisi Tanah Pak Yazak,10.201.026 KOMISI PEMBELIAN TANAH,,29900000,635872291
3,10.101.003,— BCA PT. ADHILAND JOYO AGUNG (8161-960-098),Lumiera Garden,2025-08-02,BCA PT. ASA,Parkir Ruko Suhat,60.104.001 OPERASIONAL KANTOR,,350000,635522291
3,10.101.003,— BCA PT. ADHILAND JOYO AGUNG (8161-960-098),Lumiera Garden,2025-08-02,BCA PT. ASA,Upah Penjaga Alat / P.Didik (26 Juni - 31 Juli 2025),60.103.001 HONOR,,1800000,633722291
3,10.101.003,— BCA PT. ADHILAND JOYO AGUNG (8161-960-098),Lumiera Garden,2025-08-02,BCA PT. ASA,Pembayaran Pelunasan 1 C-02 an Fitria Amalia Dewi,20.101.001 UANG MUKA,100000000,,733722291
3,10.101.003,— BCA PT. ADHILAND JOYO AGUNG (8161-960-098),Lumiera Garden,2025-08-04,BCA PT. ASA,Cetak V Banner 260x90 + Pasang Bambu (250) & Ijin Pajak (125) - Sigmaprint,60.101.004 BEBAN ADVERTISING,,29125000,704597291
3,10.101.003,— BCA PT. ADHILAND JOYO AGUNG (8161-960-098),Lumiera Garden,2025-08-05,BCA PT. ASA,Ads (8.1),60.101.005 BEBAN DIGITAL ADS,,5000000,699597291
3,10.101.003,— BCA PT. ADHILAND JOYO AGUNG (8161-960-098),Lumiera Garden,2025-08-05,BCA PT. ASA,Biaya Admin (TF beda bank),60.104.010 ADMINISTRASI BANK,,2500,699594791
3,10.101.003,— BCA PT. ADHILAND JOYO AGUNG (8161-960-098),Lumiera Garden,2025-08-08,BCA PT. ASA,Pembayaran Halo Call Center Agustus (08113646900),60.104.005 TAGIHAN HALO CALL CENTER (08113646900),,202800,699391991
3,10.101.003,— BCA PT. ADHILAND JOYO AGUNG (8161-960-098),Lumiera Garden,2025-08-08,BCA PT. ASA,Wifi Project bulan Agustus (01000557664),60.104.006 TAGIHAN WIFI,,416250,698975741
3,10.101.003,— BCA PT. ADHILAND JOYO AGUNG (8161-960-098),Lumiera Garden,2025-08-08,BCA PT. ASA,Wifi Kantor Ruko Suhat bulan Agustus (01000274460),60.104.006 TAGIHAN WIFI,,416250,698559491
3,10.101.003,— BCA PT. ADHILAND JOYO AGUNG (8161-960-098),Lumiera Garden,2025-08-08,BCA PT. ASA,Pemasangan Lampu Tangga Taman Lumiera / 15 pcs,10.202.008 TAMAN DAN PENGHIJAUAN,,900000,697659491
3,10.101.003,— BCA PT. ADHILAND JOYO AGUNG (8161-960-098),Lumiera Garden,2025-08-08,BCA PT. ASA,Reimburse Galih (Weekly Marcom / 4 Nota),60.104.013 MEETING,,344000,697315491
3,10.101.003,— BCA PT. ADHILAND JOYO AGUNG (8161-960-098),Lumiera Garden,2025-08-08,BCA PT. ASA,Reimburse Pak Dedy (Bensin Avanza / 060825),60.104.007 BENSIN OPERASIONAL,,200000,697115491
3,10.101.003,— BCA PT. ADHILAND JOYO AGUNG (8161-960-098),Lumiera Garden,2025-08-08,BCA PT. ASA,Reimburse Pak Rula (Hembodus Kotak/s - 15bj - Taman Komunal),10.202.008 TAMAN DAN PENGHIJAUAN,,75000,697040491
3,10.101.003,— BCA PT. ADHILAND JOYO AGUNG (8161-960-098),Lumiera Garden,2025-08-13,BCA PT. ASA,Budgeting Event Agustusan,60.104.018 EVENT KANTOR,,2500000,694540491
3,10.101.003,— BCA PT. ADHILAND JOYO AGUNG (8161-960-098),Lumiera Garden,2025-08-13,BCA PT. ASA,Ads (8.3),60.101.005 BEBAN DIGITAL ADS,,5000000,689540491
3,10.101.003,— BCA PT. ADHILAND JOYO AGUNG (8161-960-098),Lumiera Garden,2025-08-13,BCA PT. ASA,Biaya Admin (TF beda bank),60.104.010 ADMINISTRASI BANK,,2500,689537991
3,10.101.003,— BCA PT. ADHILAND JOYO AGUNG (8161-960-098),Lumiera Garden,2025-08-15,BCA PT. ASA,Mousepad Tele & Videografer (Vanda & Hasan),60.104.001 OPERASIONAL KANTOR,,45426,689492565
3,10.101.003,— BCA PT. ADHILAND JOYO AGUNG (8161-960-098),Lumiera Garden,2025-08-15,BCA PT. ASA,Tatakan Laptop (Vanda),60.104.001 OPERASIONAL KANTOR,,56000,689436565
3,10.101.003,— BCA PT. ADHILAND JOYO AGUNG (8161-960-098),Lumiera Garden,2025-08-15,BCA PT. ASA,Kas Bon Karyawan (Direksi/ Pak Dedy),10.102.011 PIUTANG KARYAWAN,,80000000,609436565
3,10.101.003,— BCA PT. ADHILAND JOYO AGUNG (8161-960-098),Lumiera Garden,2025-08-15,BCA PT. ASA,Kas Bon Karyawan (Marketing / Silvia),10.102.011 PIUTANG KARYAWAN,,2000000,607436565
3,10.101.003,— BCA PT. ADHILAND JOYO AGUNG (8161-960-098),Lumiera Garden,2025-08-15,BCA PT. ASA,Reimburse Pak Dian (Bensin Pick Up),60.104.007 BENSIN OPERASIONAL,,100000,607336565
3,10.101.003,— BCA PT. ADHILAND JOYO AGUNG (8161-960-098),Lumiera Garden,2025-08-15,BCA PT. ASA,Reimburse Pak Dian (Bensin Alkon),60.104.001 OPERASIONAL KANTOR,,50000,607286565
3,10.101.003,— BCA PT. ADHILAND JOYO AGUNG (8161-960-098),Lumiera Garden,2025-08-15,BCA PT. ASA,Reimburse Pak Dian (Kotak Sekrup & Obeng),60.104.001 OPERASIONAL KANTOR,,45000,607241565
3,10.101.003,— BCA PT. ADHILAND JOYO AGUNG (8161-960-098),Lumiera Garden,2025-08-15,BCA PT. ASA,Kirim Bongkaran 1 Rit (7 Agt 2025) - Amiet Sewu,10.202.003 PERATAAN TANAH/CUT & FILL,,125000,607116565
3,10.101.003,— BCA PT. ADHILAND JOYO AGUNG (8161-960-098),Lumiera Garden,2025-08-15,BCA PT. ASA,"Seragam Marketing (Kemeja Biru & Polo Biru Putih/ masing"" 6 pcs) - Baboon",60.104.001 OPERASIONAL KANTOR,,2220000,604896565
3,10.101.003,— BCA PT. ADHILAND JOYO AGUNG (8161-960-098),Lumiera Garden,2025-08-15,BCA PT. ASA,Reimburse Galih (Weekly Marcomm / 3 nota),60.104.013 MEETING,,394000,604502565
3,10.101.003,— BCA PT. ADHILAND JOYO AGUNG (8161-960-098),Lumiera Garden,2025-08-17,BCA PT. ASA,ITJ Kavling LK-22 an Jovita Ika Pramyas,20.101.002 UANG TANDA JADI,5000000,,609502565
3,10.101.003,— BCA PT. ADHILAND JOYO AGUNG (8161-960-098),Lumiera Garden,2025-08-17,BCA PT. ASA,ITJ Kavling LK-18 an Mohamad Ikhwan OR,20.101.002 UANG TANDA JADI,5000000,,614502565
3,10.101.003,— BCA PT. ADHILAND JOYO AGUNG (8161-960-098),Lumiera Garden,2025-08-20,BCA PT. ASA,DP Kavling LK-22 an Jovita Ika Pramyas,20.101.001 UANG MUKA,50000000,,664502565
3,10.101.003,— BCA PT. ADHILAND JOYO AGUNG (8161-960-098),Lumiera Garden,2025-08-22,BCA PT. ASA,Reimburse Pak Roy (Konsumsi Meeting dengan Mas Uki / 20 Agt 2025),60.104.013 MEETING,,233502,664269063
3,10.101.003,— BCA PT. ADHILAND JOYO AGUNG (8161-960-098),Lumiera Garden,2025-08-22,BCA PT. ASA,Open Table MOG (01 - 31 Agustus 2025),60.101.006 EXPO,,38000000,626269063
3,10.101.003,— BCA PT. ADHILAND JOYO AGUNG (8161-960-098),Lumiera Garden,2025-08-22,BCA PT. ASA,Reimburse Pak Verry (Top Up E-Toll Canvas Surabaya & FU user Surabaya),60.104.011 PERJALANAN DINAS,,138000,626131063
3,10.101.003,— BCA PT. ADHILAND JOYO AGUNG (8161-960-098),Lumiera Garden,2025-08-25,BCA PT. ASA,Reimburse Pak Rula (Bensin Pick Up),60.104.007 BENSIN OPERASIONAL,,100000,626031063
3,10.101.003,— BCA PT. ADHILAND JOYO AGUNG (8161-960-098),Lumiera Garden,2025-08-25,BCA PT. ASA,Reimburse Adib (Bensin Zenix),60.104.007 BENSIN OPERASIONAL,,200000,625831063
3,10.101.003,— BCA PT. ADHILAND JOYO AGUNG (8161-960-098),Lumiera Garden,2025-08-26,BCA PT. ASA,"Pembayaran Cicilan Pelunasan Ke-2 Kavling LK-09 an Dwi Mulyono, ST",20.101.001 UANG MUKA,35000000,,660831063
3,10.101.003,— BCA PT. ADHILAND JOYO AGUNG (8161-960-098),Lumiera Garden,2025-08-27,BCA PT. ASA,Token Listrik Kawasan (513111484250 / PJU Lumiera Joyo Agung),60.104.003 TOKEN PLN,,1003000,659828063
3,10.101.003,— BCA PT. ADHILAND JOYO AGUNG (8161-960-098),Lumiera Garden,2025-08-29,BCA PT. ASA,Reimburse Pak Dedy (Bensin Alkon),60.104.001 OPERASIONAL KANTOR,,100000,659728063
3,10.101.003,— BCA PT. ADHILAND JOYO AGUNG (8161-960-098),Lumiera Garden,2025-08-29,BCA PT. ASA,Reimburse Pak Dedy (Bensin Pick Up),60.104.007 BENSIN OPERASIONAL,,100000,659628063
3,10.101.003,— BCA PT. ADHILAND JOYO AGUNG (8161-960-098),Lumiera Garden,2025-08-29,BCA PT. ASA,Instalasi Pipa & Kabel AC Kav. LK-7 & LK-8,10.203.005 AC,,3000000,656628063
3,10.101.003,— BCA PT. ADHILAND JOYO AGUNG (8161-960-098),Lumiera Garden,2025-08-29,BCA PT. ASA,Biaya Admin (TF beda bank),60.104.010 ADMINISTRASI BANK,,2500,656625563
3,10.101.003,— BCA PT. ADHILAND JOYO AGUNG (8161-960-098),Lumiera Garden,2025-08-29,BCA PT. ASA,"Legalisir 3 bendel (Sertifikat Yayok, Inggrid, Tohrengga)",10.201.009 AJB & AKTA PELEPASAN HAK,,750000,655875563
3,10.101.003,— BCA PT. ADHILAND JOYO AGUNG (8161-960-098),Lumiera Garden,2025-08-29,BCA PT. ASA,Akta Pelepasan Induk Sertifikat D (Yayok Tuhoyoto),10.201.009 AJB & AKTA PELEPASAN HAK,,2500000,653375563
3,10.101.003,— BCA PT. ADHILAND JOYO AGUNG (8161-960-098),Lumiera Garden,2025-08-29,BCA PT. ASA,Rekom Validasi Pajak (Sertifikat Yayok),10.201.009 AJB & AKTA PELEPASAN HAK,,1500000,651875563
3,10.101.003,— BCA PT. ADHILAND JOYO AGUNG (8161-960-098),Lumiera Garden,2025-08-29,BCA PT. ASA,Waarmerking PPJB Kav. LK-22 an Jovita,60.104.023 BIAYA ADMINISTRASI WAARMERKING,,250000,651625563
3,10.101.003,— BCA PT. ADHILAND JOYO AGUNG (8161-960-098),Lumiera Garden,2025-08-29,BCA PT. ASA,"Umbul"" Uk.500x85 (15 pcs)",60.101.004 BEBAN ADVERTISING,,2287500,649338063
3,10.101.003,— BCA PT. ADHILAND JOYO AGUNG (8161-960-098),Lumiera Garden,2025-08-29,BCA PT. ASA,"Jasa Pasang + Bongkar Umbul"" Uk 500x85 (Bunul) / 15 pcs",60.101.004 BEBAN ADVERTISING,,1050000,648288063
3,10.101.003,— BCA PT. ADHILAND JOYO AGUNG (8161-960-098),Lumiera Garden,2025-08-29,BCA PT. ASA,Fls uk 300 x 55 pla3b3 (8 pcs),60.101.004 BEBAN ADVERTISING,,282400,648005663
3,10.101.003,— BCA PT. ADHILAND JOYO AGUNG (8161-960-098),Lumiera Garden,2025-08-29,BCA PT. ASA,Biaya Admin (TF beda bank),60.104.010 ADMINISTRASI BANK,,2500,648003163
3,10.101.003,— BCA PT. ADHILAND JOYO AGUNG (8161-960-098),Lumiera Garden,2025-08-29,BCA PT. ASA,Ads (8.5),60.101.005 BEBAN DIGITAL ADS,,5000000,643003163
3,10.101.003,— BCA PT. ADHILAND JOYO AGUNG (8161-960-098),Lumiera Garden,2025-08-29,BCA PT. ASA,Biaya Admin (TF beda bank),60.104.010 ADMINISTRASI BANK,,2500,643000663
3,10.101.003,— BCA PT. ADHILAND JOYO AGUNG (8161-960-098),Lumiera Garden,2025-08-29,BCA PT. ASA,DP EXPO MOG (3 -12 September 2025),60.101.006 EXPO,,90000000,553000663
3,10.101.003,— BCA PT. ADHILAND JOYO AGUNG (8161-960-098),Lumiera Garden,2025-08-29,BCA PT. ASA,Sponsorship Kicaumania (Bunul),60.101.004 BEBAN ADVERTISING,,2000000,551000663
3,10.101.003,— BCA PT. ADHILAND JOYO AGUNG (8161-960-098),Lumiera Garden,2025-08-29,BCA PT. ASA,Reimburse Pak Wira (Konsumsi Akad LK-22),60.104.001 OPERASIONAL KANTOR,,146000,550854663
3,10.101.003,— BCA PT. ADHILAND JOYO AGUNG (8161-960-098),Lumiera Garden,2025-08-29,BCA PT. ASA,Biaya Admin (TF beda bank),60.104.010 ADMINISTRASI BANK,,2500,550852163
3,10.101.003,— BCA PT. ADHILAND JOYO AGUNG (8161-960-098),Lumiera Garden,2025-08-29,BCA PT. ASA,Get Contact LG (Telle),60.104.001 OPERASIONAL KANTOR,,22090,550830073
3,10.101.003,— BCA PT. ADHILAND JOYO AGUNG (8161-960-098),Lumiera Garden,2025-08-31,BCA PT. ASA,Admin Bank (Potongan Bulanan),60.104.010 ADMINISTRASI BANK,,30000,550800073
3,10.101.003,— BCA PT. ADHILAND JOYO AGUNG (8161-960-098),Lumiera Garden,2025-09-01,BCA PT. ASA,Biaya Pembuatan Token,60.104.001 OPERASIONAL KANTOR,,50000,550750073
3,10.101.003,— BCA PT. ADHILAND JOYO AGUNG (8161-960-098),Lumiera Garden,2025-09-01,BCA PT. ASA,Gaji Karyawan bulan Agustus 2025,60.102.001 GAJI KARYAWAN TETAP,,144342683,406407390
3,10.101.003,— BCA PT. ADHILAND JOYO AGUNG (8161-960-098),Lumiera Garden,2025-09-01,BCA PT. ASA,Biaya Admin (TF beda bank),60.104.010 ADMINISTRASI BANK,,16500,406390890
3,10.101.003,— BCA PT. ADHILAND JOYO AGUNG (8161-960-098),Lumiera Garden,2025-09-01,BCA PT. ASA,Karangan Bunga (Almarhum ayah Pak Rendra),60.104.002 SUMBANGAN/REWARD,,3300000,403090890
3,10.101.003,— BCA PT. ADHILAND JOYO AGUNG (8161-960-098),Lumiera Garden,2025-09-01,BCA PT. ASA,Pembelian Token Listrik Ruko Suhat (ID Pel : 513110771875 an Wisnu Novianto),60.104.003 TOKEN PLN,,981871,402109019
3,10.101.003,— BCA PT. ADHILAND JOYO AGUNG (8161-960-098),Lumiera Garden,2025-09-01,BCA PT. Adhiland Sukses Abadi,Refund ITJ LK-18 an Mohamad Ikhwan,20.101.002 UANG TANDA JADI,,5000000,397109019
3,10.101.003,— BCA PT. ADHILAND JOYO AGUNG (8161-960-098),Lumiera Garden,2025-09-02,BCA PT. ASA,Budgeting EXPO Belanja (Mas Andik),10.101.004 SILANG KAS,,1390000,395719019
3,10.101.003,— BCA PT. ADHILAND JOYO AGUNG (8161-960-098),Lumiera Garden,2025-09-02,BCA PT. ASA,Upah Penjaga Alat / P. Didik (01 Agt s/d 31 Agt 2025),60.103.001 HONOR,,1550000,394169019
3,10.101.003,— BCA PT. ADHILAND JOYO AGUNG (8161-960-098),Lumiera Garden,2025-09-04,BCA PT. ASA,Token Listrik Kawasan (513111484250 / PJU Lumiera Joyo Agung),60.104.003 TOKEN PLN,,2006000,392163019
3,10.101.003,— BCA PT. ADHILAND JOYO AGUNG (8161-960-098),Lumiera Garden,2025-09-04,BCA PT. ASA,Reimburse Pak Roy (Top Up E-Toll - untuk Perjalanan Melayat),60.104.011 PERJALANAN DINAS,,285000,391878019
3,10.101.003,— BCA PT. ADHILAND JOYO AGUNG (8161-960-098),Lumiera Garden,2025-09-04,BCA PT. ASA,Reimburse Handik (Bensin Pickup / 2 nota),60.104.007 BENSIN OPERASIONAL,,200000,391678019
3,10.101.003,— BCA PT. ADHILAND JOYO AGUNG (8161-960-098),Lumiera Garden,2025-09-04,BCA PT. ASA,Reimburse Pak Rula (Bensin Alkon),60.104.001 OPERASIONAL KANTOR,,100000,391578019
3,10.101.003,— BCA PT. ADHILAND JOYO AGUNG (8161-960-098),Lumiera Garden,2025-09-04,BCA PT. ASA,Reimburse Pak Rula (Pupuk Urea),60.104.001 OPERASIONAL KANTOR,,232000,391346019
3,10.101.003,— BCA PT. ADHILAND JOYO AGUNG (8161-960-098),Lumiera Garden,2025-09-04,BCA PT. ASA,Reimburse Pak Rula (Cat Tandon ABu-abu),10.202.020 TANDON AIR,,1155023,390190996
3,10.101.003,— BCA PT. ADHILAND JOYO AGUNG (8161-960-098),Lumiera Garden,2025-09-04,BCA PT. ASA,Ads (9.1),60.101.005 BEBAN DIGITAL ADS,,5000000,385190996
3,10.101.003,— BCA PT. ADHILAND JOYO AGUNG (8161-960-098),Lumiera Garden,2025-09-04,BCA PT. ASA,Biaya Admin (TF beda bank),60.104.010 ADMINISTRASI BANK,,2500,385188496
3,10.101.003,— BCA PT. ADHILAND JOYO AGUNG (8161-960-098),Lumiera Garden,2025-09-04,BCA PT. ASA,"Reimburse Pak Dian (Oli samping alkon, tongkat pramuka untuk take video / 2 nota)",60.104.001 OPERASIONAL KANTOR,,40000,385148496
3,10.101.003,— BCA PT. ADHILAND JOYO AGUNG (8161-960-098),Lumiera Garden,2025-09-04,BCA PT. ASA,Reimburse Bella (Pengharum Ruangan Marcomm & Telle),60.104.001 OPERASIONAL KANTOR,,87600,385060896
3,10.101.003,— BCA PT. ADHILAND JOYO AGUNG (8161-960-098),Lumiera Garden,2025-09-06,BCA PT. ASA,Pembayaran Cicilan Angsuran Ke7 Rukost Kavling LK-07 an Heny Susanti,20.101.001 UANG MUKA,20000000,,405060896
3,10.101.003,— BCA PT. ADHILAND JOYO AGUNG (8161-960-098),Lumiera Garden,2025-09-07,BCA PT. ASA,ITJ kavling LK-20 an Ramses Indriawan,20.101.002 UANG TANDA JADI,5000000,,410060896
3,10.101.003,— BCA PT. ADHILAND JOYO AGUNG (8161-960-098),Lumiera Garden,2025-09-07,BCA PT. ASA,ITJ kavling LK-21 an Ramses Indriawan,20.101.002 UANG TANDA JADI,5000000,,415060896
3,10.101.003,— BCA PT. ADHILAND JOYO AGUNG (8161-960-098),Lumiera Garden,2025-09-08,BCA PT. ASA,Pengurusan Perizinan SIPA,10.201.011 PERIJINAN,,73000000,342060896
3,10.101.003,— BCA PT. ADHILAND JOYO AGUNG (8161-960-098),Lumiera Garden,2025-09-08,BCA PT. ASA,Pembayaran Hutang ke Sigura-Gura (Termin B-12),20.103.006 HUTANG SIGURA-GURA,,200980000,141080896
3,10.101.003,— BCA PT. ADHILAND JOYO AGUNG (8161-960-098),Lumiera Garden,2025-09-08,BCA PT. ASA,Service Pick Up,60.104.021 MAINTENANCE KENDARAAN,,425000,140655896
3,10.101.003,— BCA PT. ADHILAND JOYO AGUNG (8161-960-098),Lumiera Garden,2025-09-09,BCA PT. ASA,Ganti ban mobil pick up,60.104.021 MAINTENANCE KENDARAAN,,1580000,139075896
3,10.101.003,— BCA PT. ADHILAND JOYO AGUNG (8161-960-098),Lumiera Garden,2025-09-10,BCA PT. ASA,ITJ Kavling LK-23 an Fat Khudin,20.101.002 UANG TANDA JADI,5000000,,144075896
3,10.101.003,— BCA PT. ADHILAND JOYO AGUNG (8161-960-098),Lumiera Garden,2025-09-10,BCA PT. ASA,Workshop CEO Development,60.104.016 TRAINING KARYAWAN,,10000000,134075896
3,10.101.003,— BCA PT. ADHILAND JOYO AGUNG (8161-960-098),Lumiera Garden,2025-09-12,BCA PT. ASA,Pembayaran Halo Call Center September (08113646900),60.104.005 TAGIHAN HALO CALL CENTER (08113646900),,202800,133873096
3,10.101.003,— BCA PT. ADHILAND JOYO AGUNG (8161-960-098),Lumiera Garden,2025-09-12,BCA PT. ASA,Wifi Kantor Ruko Suhat bulan September (01000274460),60.104.006 TAGIHAN WIFI,,416250,133456846
3,10.101.003,— BCA PT. ADHILAND JOYO AGUNG (8161-960-098),Lumiera Garden,2025-09-12,BCA PT. ASA,Tambah Karyawan HRIS GajiHub (5),60.104.001 OPERASIONAL KANTOR,,654511,132802335
3,10.101.003,— BCA PT. ADHILAND JOYO AGUNG (8161-960-098),Lumiera Garden,2025-09-12,BCA PT. ASA,Wifi Project bulan September (01000557664),60.104.006 TAGIHAN WIFI,,416250,132386085
3,10.101.003,— BCA PT. ADHILAND JOYO AGUNG (8161-960-098),Lumiera Garden,2025-09-12,BCA PT. ASA,Kas Bon Karyawan (Security / Sudjarno),10.102.011 PIUTANG KARYAWAN,,3000000,129386085
3,10.101.003,— BCA PT. ADHILAND JOYO AGUNG (8161-960-098),Lumiera Garden,2025-09-12,BCA PT. ASA,Reimburse Pak Rula (Lampu Taman 50W / 2 pcs),10.202.008 TAMAN DAN PENGHIJAUAN,,370000,129016085
3,10.101.003,— BCA PT. ADHILAND JOYO AGUNG (8161-960-098),Lumiera Garden,2025-09-12,BCA PT. ASA,Reimburse Pak Rula (Cat Tandon 8 kg),10.202.020 TANDON AIR,,485695,128530390
3,10.101.003,— BCA PT. ADHILAND JOYO AGUNG (8161-960-098),Lumiera Garden,2025-09-12,BCA PT. ASA,"Reimburse Pak Rula (Kabel AC NYM 2x1,5mm LK-02 (50m))",10.203.005 AC,,725000,127805390
3,10.101.003,— BCA PT. ADHILAND JOYO AGUNG (8161-960-098),Lumiera Garden,2025-09-12,BCA PT. ASA,Reimburse Pak Sugeng (Round up & Galon / 3 nota),60.104.001 OPERASIONAL KANTOR,,174600,127630790
3,10.101.003,— BCA PT. ADHILAND JOYO AGUNG (8161-960-098),Lumiera Garden,2025-09-12,BCA PT. ASA,Reimburse Pak Sugeng (Kekurangan pengajuan tgl 6 Agt 2025),60.104.001 OPERASIONAL KANTOR,,28000,127602790
3,10.101.003,— BCA PT. ADHILAND JOYO AGUNG (8161-960-098),Lumiera Garden,2025-09-12,BCA PT. ASA,Reimburse Pak Dian (Material Tandon Lumiera / 3 nota),10.202.020 TANDON AIR,,98000,127504790
3,10.101.003,— BCA PT. ADHILAND JOYO AGUNG (8161-960-098),Lumiera Garden,2025-09-12,BCA PT. ASA,Reimburse Pak Dian (Sapu Lidi - 10 pcs / 1 nota),60.104.001 OPERASIONAL KANTOR,,50000,127454790
3,10.101.003,— BCA PT. ADHILAND JOYO AGUNG (8161-960-098),Lumiera Garden,2025-09-12,BCA PT. ASA,Reimburse Pak Dedy (Konsumsi Loading EXPO MOG),60.101.006 EXPO,,285000,127169790
3,10.101.003,— BCA PT. ADHILAND JOYO AGUNG (8161-960-098),Lumiera Garden,2025-09-13,BCA PT. ASA,Budgeting Pak Dian (Bensin Pick Up),60.104.007 BENSIN OPERASIONAL,,250000,126919790
3,10.101.003,— BCA PT. ADHILAND JOYO AGUNG (8161-960-098),Lumiera Garden,2025-09-13,BCA PT. ASA,Budgeting Pak Dian (Bensin Alkon),60.104.001 OPERASIONAL KANTOR,,50000,126869790
3,10.101.003,— BCA PT. ADHILAND JOYO AGUNG (8161-960-098),Lumiera Garden,2025-09-13,BCA PT. ASA,Reimburse Pak Rula (Pipa Refrigant AC LK-02 /30m),10.203.005 AC,,2100000,124769790
3,10.101.003,— BCA PT. ADHILAND JOYO AGUNG (8161-960-098),Lumiera Garden,2025-09-14,BCA PT. ASA,ITJ Kavling LK-23 an Ririn Yuni Astutik,20.101.002 UANG TANDA JADI,5000000,,129769790
3,10.101.003,— BCA PT. ADHILAND JOYO AGUNG (8161-960-098),Lumiera Garden,2025-09-16,BCA PT. ASA,Refund ITJ LK-23 an Fat Khudin,20.101.002 UANG TANDA JADI,,5000000,124769790
3,10.101.003,— BCA PT. ADHILAND JOYO AGUNG (8161-960-098),Lumiera Garden,2025-09-19,BCA PT. ASA,Reimburse Pak Rula (Dak Tape LK-02),10.203.005 AC,,45000,124724790
3,10.101.003,— BCA PT. ADHILAND JOYO AGUNG (8161-960-098),Lumiera Garden,2025-09-19,BCA PT. ASA,"Reimburse Pak Yasin (TNT Yamura merah, Cetak Stempel Notaris, Stampad Kenko )",10.201.011 PERIJINAN,,117000,124607790
3,10.101.003,— BCA PT. ADHILAND JOYO AGUNG (8161-960-098),Lumiera Garden,2025-09-19,BCA PT. ASA,Uang Makan EXPO MOG (3-14 Sept 2025) - Wira,60.101.006 EXPO,,450000,124157790
3,10.101.003,— BCA PT. ADHILAND JOYO AGUNG (8161-960-098),Lumiera Garden,2025-09-19,BCA PT. ASA,Uang Makan EXPO MOG (3-14 Sept 2025) - Wiya,60.101.006 EXPO,,450000,123707790
3,10.101.003,— BCA PT. ADHILAND JOYO AGUNG (8161-960-098),Lumiera Garden,2025-09-19,BCA PT. ASA,Uang Makan EXPO MOG (3-14 Sept 2025) - Adit,60.101.006 EXPO,,450000,123257790
3,10.101.003,— BCA PT. ADHILAND JOYO AGUNG (8161-960-098),Lumiera Garden,2025-09-19,BCA PT. ASA,Uang Makan EXPO MOG (3-14 Sept 2025) - Silvia,60.101.006 EXPO,,400000,122857790
3,10.101.003,— BCA PT. ADHILAND JOYO AGUNG (8161-960-098),Lumiera Garden,2025-09-19,BCA PT. ASA,Uang Makan EXPO MOG (3-14 Sept 2025) - Andik,60.101.006 EXPO,,600000,122257790
3,10.101.003,— BCA PT. ADHILAND JOYO AGUNG (8161-960-098),Lumiera Garden,2025-09-19,BCA PT. ASA,Reimburse Pak Dedy (Konsumsi Louding Out MOG),60.101.006 EXPO,,469000,121788790
3,10.101.003,— BCA PT. ADHILAND JOYO AGUNG (8161-960-098),Lumiera Garden,2025-09-20,BCA PT. ASA,ITJ Kavling LK-18 an Ernani Indrawati,20.101.002 UANG TANDA JADI,5000000,,126788790
3,10.101.003,— BCA PT. ADHILAND JOYO AGUNG (8161-960-098),Lumiera Garden,2025-09-21,BCA PT. ASA,Pembayaran DP 1 Pembelian Rukost Kavling LK-23 an Ririn Yuni Astutik,20.101.001 UANG MUKA,20000000,,146788790
3,10.101.003,— BCA PT. ADHILAND JOYO AGUNG (8161-960-098),Lumiera Garden,2025-09-23,BCA PT. ASA,Pembayaran DP 2 Pembelian Rukost Kavling LK-23 an Ririn Yuni Astutik,20.101.001 UANG MUKA,512500000,,659288790
3,10.101.003,— BCA PT. ADHILAND JOYO AGUNG (8161-960-098),Lumiera Garden,2025-09-23,BCA PT. ASA,Pelunasan Pembelian Rukost Kavling LK-22 an Jovita Ika Pramyas,20.101.001 UANG MUKA,100000000,,759288790
3,10.101.003,— BCA PT. ADHILAND JOYO AGUNG (8161-960-098),Lumiera Garden,2025-09-23,BCA PT. ASA,PTB Rukost Kavling LK-22 an Jovita Ika Pramyas,20.101.001 UANG MUKA,720000,,760008790
3,10.101.003,— BCA PT. ADHILAND JOYO AGUNG (8161-960-098),Lumiera Garden,2025-09-23,BCA PT. ASA,Refund ITJ LK-18 an Ernani Indrawati,20.101.002 UANG TANDA JADI,,5000000,755008790
3,10.101.003,— BCA PT. ADHILAND JOYO AGUNG (8161-960-098),Lumiera Garden,2025-09-24,BCA PT. ASA,DP Seragam Kemeja (7 pcs) & Polo (7 pcs) - No. Inv. 3 24/BB/09/2025 - Baboon,60.104.001 OPERASIONAL KANTOR,,1330000,753678790
3,10.101.003,— BCA PT. ADHILAND JOYO AGUNG (8161-960-098),Lumiera Garden,2025-09-25,BCA PT. ASA,Biaya Admin (TF beda bank),60.104.010 ADMINISTRASI BANK,,2500,753676290
3,10.101.003,— BCA PT. ADHILAND JOYO AGUNG (8161-960-098),Lumiera Garden,2025-09-25,BCA PT. ASA,Refund ITJ LK-20 an Ramses Indriawan,20.101.002 UANG TANDA JADI,,5000000,748676290
3,10.101.003,— BCA PT. ADHILAND JOYO AGUNG (8161-960-098),Lumiera Garden,2025-09-25,BCA PT. ASA,Refund ITJ LK-21 an Ramses Indriawan,20.101.002 UANG TANDA JADI,,5000000,743676290
3,10.101.003,— BCA PT. ADHILAND JOYO AGUNG (8161-960-098),Lumiera Garden,2025-09-26,BCA PT. ASA,Tarikan Tunai,10.101.004 SILANG KAS,,296000000,447676290
3,10.101.003,— BCA PT. ADHILAND JOYO AGUNG (8161-960-098),Lumiera Garden,2025-09-26,BCA PT. ASA,Tangga Akses Tandon - Restu Jaya,10.202.020 TANDON AIR,,3200000,444476290
3,10.101.003,— BCA PT. ADHILAND JOYO AGUNG (8161-960-098),Lumiera Garden,2025-09-26,BCA PT. ASA,Pintu Pagar Sisi Sungai - Restu Jaya,10.202.013 PAGAR LINGKUNGAN,,630000,443846290
3,10.101.003,— BCA PT. ADHILAND JOYO AGUNG (8161-960-098),Lumiera Garden,2025-09-26,BCA PT. ASA,Biaya Admin (TF beda bank),60.104.010 ADMINISTRASI BANK,,2500,443843790
3,10.101.003,— BCA PT. ADHILAND JOYO AGUNG (8161-960-098),Lumiera Garden,2025-09-26,BCA PT. ASA,Get Contact LG (Telle),60.104.001 OPERASIONAL KANTOR,,22090,443821700
3,10.101.003,— BCA PT. ADHILAND JOYO AGUNG (8161-960-098),Lumiera Garden,2025-09-26,BCA PT. ASA,Reimburse Wiya (Pembelian Materai u/ akad LK-23),60.104.008 MATERAI,,34500,443787200
3,10.101.003,— BCA PT. ADHILAND JOYO AGUNG (8161-960-098),Lumiera Garden,2025-09-26,BCA PT. ASA,Reimburse Pak Roy (Pertalite Avanza),60.104.007 BENSIN OPERASIONAL,,300000,443487200
3,10.101.003,— BCA PT. ADHILAND JOYO AGUNG (8161-960-098),Lumiera Garden,2025-09-26,BCA PT. ASA,Reimburse Pak Roy (Karangan Bunga / Ayah Adib),60.104.002 SUMBANGAN/REWARD,,500000,442987200
3,10.101.003,— BCA PT. ADHILAND JOYO AGUNG (8161-960-098),Lumiera Garden,2025-09-26,BCA PT. ASA,Reimburse Novi (Karangan Bunga / Ayah Adib),60.104.002 SUMBANGAN/REWARD,,50000,442937200
3,10.101.003,— BCA PT. ADHILAND JOYO AGUNG (8161-960-098),Lumiera Garden,2025-09-26,BCA PT. ASA,Reimburse Pak Adhi (Meeting Direksi / 09 September 2025),60.104.013 MEETING,,165000,442772200
3,10.101.003,— BCA PT. ADHILAND JOYO AGUNG (8161-960-098),Lumiera Garden,2025-09-26,BCA PT. ASA,Reimburse Pak Adhi (Gembok Kecil Anti Air),60.104.001 OPERASIONAL KANTOR,,46900,442725300
3,10.101.003,— BCA PT. ADHILAND JOYO AGUNG (8161-960-098),Lumiera Garden,2025-09-26,BCA PT. ASA,Reimburse Pak Adhi (Tempat Sampah Dorong 120L Warna Kuning),11.101.001 PERALATAN KANTOR,,479900,442245400
3,10.101.003,— BCA PT. ADHILAND JOYO AGUNG (8161-960-098),Lumiera Garden,2025-09-26,BCA PT. ASA,Reimburse Pak Rula (Alat Potong Taman),60.104.001 OPERASIONAL KANTOR,,176000,442069400
3,10.101.003,— BCA PT. ADHILAND JOYO AGUNG (8161-960-098),Lumiera Garden,2025-09-26,BCA PT. ASA,Reimburse Pak Rula (Bensin mesin potong rumput & Alkon),60.104.001 OPERASIONAL KANTOR,,100000,441969400
3,10.101.003,— BCA PT. ADHILAND JOYO AGUNG (8161-960-098),Lumiera Garden,2025-09-26,BCA PT. ASA,Reimburse Pak Rula (Kran Taman / 4 pcs),10.202.008 TAMAN DAN PENGHIJAUAN,,60000,441909400
3,10.101.003,— BCA PT. ADHILAND JOYO AGUNG (8161-960-098),Lumiera Garden,2025-09-26,BCA PT. ASA,Reimburse Maria (Periksa Air Minum Rumah Tangga),60.104.999 LAIN-LAIN,,184260,441725140
3,10.101.003,— BCA PT. ADHILAND JOYO AGUNG (8161-960-098),Lumiera Garden,2025-09-26,BCA PT. ASA,Waarmerking Perjanjian Kerjasama Sunarya & PT. ASA,60.104.023 BIAYA ADMINISTRASI WAARMERKING,,250000,441475140
3,10.101.003,— BCA PT. ADHILAND JOYO AGUNG (8161-960-098),Lumiera Garden,2025-09-26,BCA PT. ASA,Akta Perjanjian Kerjasama (Ely Suryana - PT. ASA),10.201.022 AKTA KERJASAMA,,2500000,438975140
3,10.101.003,— BCA PT. ADHILAND JOYO AGUNG (8161-960-098),Lumiera Garden,2025-09-26,BCA PT. ASA,Reimburse Bella Telle (Bonding Marketing / 3 Nota),60.104.013 MEETING,,125000,438850140
3,10.101.003,— BCA PT. ADHILAND JOYO AGUNG (8161-960-098),Lumiera Garden,2025-09-26,BCA PT. ASA,Brosur LG uk 63x25cm / 3000 lbr - micky mouse,60.101.004 BEBAN ADVERTISING,,12000000,426850140
3,10.101.003,— BCA PT. ADHILAND JOYO AGUNG (8161-960-098),Lumiera Garden,2025-09-26,BCA PT. ASA,Papan Kavling LG (Rukost & Hunian) / 20 pcs - StarOne,60.101.004 BEBAN ADVERTISING,,60000,426790140
3,10.101.003,— BCA PT. ADHILAND JOYO AGUNG (8161-960-098),Lumiera Garden,2025-09-26,BCA PT. ASA,Biaya Admin (TF beda bank),60.104.010 ADMINISTRASI BANK,,2500,426787640
3,10.101.003,— BCA PT. ADHILAND JOYO AGUNG (8161-960-098),Lumiera Garden,2025-09-26,BCA PT. ASA,Reimburse Pak Dedy (Meeting SPV),60.104.013 MEETING,,107000,426680640
3,10.101.003,— BCA PT. ADHILAND JOYO AGUNG (8161-960-098),Lumiera Garden,2025-09-26,BCA PT. ASA,Reimburse Pak Dedy (Akomodasi Akad LK-23 / 4 Nota),60.104.011 PERJALANAN DINAS,,637500,426043140
3,10.101.003,— BCA PT. ADHILAND JOYO AGUNG (8161-960-098),Lumiera Garden,2025-09-30,BCA PT. ASA,Admin Bank (Potongan Bulanan),60.104.010 ADMINISTRASI BANK,,30000,426013140
3,10.101.003,— BCA PT. ADHILAND JOYO AGUNG (8161-960-098),Lumiera Garden,2025-09-30,BCA PT. ASA,Bunga Bank,40.102.001 BUNGA BANK,62562,,426075702
3,10.101.003,— BCA PT. ADHILAND JOYO AGUNG (8161-960-098),Lumiera Garden,2025-09-30,BCA PT. ASA,Pajak Bunga,60.104.029 BEBAN PAJAK LAINNYA/PAJAK BUNGA,,12512,426063190
3,10.101.003,— BCA PT. ADHILAND JOYO AGUNG (8161-960-098),Lumiera Garden,2025-10-01,BCA PT. ASA,Gaji Karyawan bulan September 2025 (Payroll),60.102.001 GAJI KARYAWAN TETAP,,140428298,285634892
3,10.101.003,— BCA PT. ADHILAND JOYO AGUNG (8161-960-098),Lumiera Garden,2025-10-01,BCA PT. ASA,Gaji Karyawan bulan September 2025 (Non Payroll),60.102.001 GAJI KARYAWAN TETAP,,9694976,275939916
3,10.101.003,— BCA PT. ADHILAND JOYO AGUNG (8161-960-098),Lumiera Garden,2025-10-01,BCA PT. ASA,Biaya Admin (TF beda bank),60.104.010 ADMINISTRASI BANK,,17500,275922416
3,10.101.003,— BCA PT. ADHILAND JOYO AGUNG (8161-960-098),Lumiera Garden,2025-10-01,BCA PT. ASA,Upah Penjaga Alat / P. Didik (01 Sept s/d 30 Sept 2025),60.103.001 HONOR,,1500000,274422416
3,10.101.003,— BCA PT. ADHILAND JOYO AGUNG (8161-960-098),Lumiera Garden,2025-10-03,BCA PT. ASA,Reimburse Pak Rula (Material Panel & Indikator Tandon) - 5 Nota,10.202.020 TANDON AIR,,1796000,272626416
3,10.101.003,— BCA PT. ADHILAND JOYO AGUNG (8161-960-098),Lumiera Garden,2025-10-03,BCA PT. ASA,Reimburse Pak Rula (Material AC Gallery Marketing ),10.202.017 GALLERY MARKETING,,3082000,269544416
3,10.101.003,— BCA PT. ADHILAND JOYO AGUNG (8161-960-098),Lumiera Garden,2025-10-03,BCA PT. ASA,Pelunasan Open Table MOG (01 - 30 Sept 2025),60.101.006 EXPO,,28000000,241544416
3,10.101.003,— BCA PT. ADHILAND JOYO AGUNG (8161-960-098),Lumiera Garden,2025-10-03,BCA PT. ASA,Reimburse Pak Achmad (Bensin Zenix - Kunjungan User),60.104.007 BENSIN OPERASIONAL,,150000,241394416
3,10.101.003,— BCA PT. ADHILAND JOYO AGUNG (8161-960-098),Lumiera Garden,2025-10-03,BCA PT. ASA,Token Listrik Kawasan (513111484250 / PJU Lumiera Joyo Agung),60.104.003 TOKEN PLN,,2006000,239388416
3,10.101.003,— BCA PT. ADHILAND JOYO AGUNG (8161-960-098),Lumiera Garden,2025-10-07,BCA PT. ASA,ITJ Kavling LK-21 an Agus Tanzili,20.101.002 UANG TANDA JADI,5000000,,244388416
3,10.101.003,— BCA PT. ADHILAND JOYO AGUNG (8161-960-098),Lumiera Garden,2025-10-09,BCA PT. ASA,ITJ Kavling LK-24 an Hikmatul Hikmiah,20.101.002 UANG TANDA JADI,5000000,,249388416
3,10.101.003,— BCA PT. ADHILAND JOYO AGUNG (8161-960-098),Lumiera Garden,2025-10-10,BCA PT. ASA,Pembayaran Halo Call Center Oktober (08113646900),60.104.005 TAGIHAN HALO CALL CENTER (08113646900),,202800,249185616
3,10.101.003,— BCA PT. ADHILAND JOYO AGUNG (8161-960-098),Lumiera Garden,2025-10-10,BCA PT. ASA,Wifi Kantor Ruko Suhat bulan Oktober (01000274460),60.104.006 TAGIHAN WIFI,,416250,248769366
3,10.101.003,— BCA PT. ADHILAND JOYO AGUNG (8161-960-098),Lumiera Garden,2025-10-10,BCA PT. ASA,Wifi Project bulan Oktober (01000557664),60.104.006 TAGIHAN WIFI,,416250,248353116
3,10.101.003,— BCA PT. ADHILAND JOYO AGUNG (8161-960-098),Lumiera Garden,2025-10-10,BCA PT. ASA,Kas Bon Karyawan (Security / Yossy),10.102.011 PIUTANG KARYAWAN,,1000000,247353116
3,10.101.003,— BCA PT. ADHILAND JOYO AGUNG (8161-960-098),Lumiera Garden,2025-10-10,BCA PT. ASA,Reimburse Pak Rula (Pipa Refrigrant AC LK-3 / 30m),10.203.005 AC,,2100000,245253116
3,10.101.003,— BCA PT. ADHILAND JOYO AGUNG (8161-960-098),Lumiera Garden,2025-10-10,BCA PT. ASA,"Reimburse Pak Rula (Kabel NYM 2x1,5 mm AC LK-3 / 50m)",10.203.005 AC,,700000,244553116
3,10.101.003,— BCA PT. ADHILAND JOYO AGUNG (8161-960-098),Lumiera Garden,2025-10-10,BCA PT. ASA,Reimburse Pak Rula (Instalasi Listrik Galeri Marketing),10.202.017 GALLERY MARKETING,,1290000,243263116
3,10.101.003,— BCA PT. ADHILAND JOYO AGUNG (8161-960-098),Lumiera Garden,2025-10-10,BCA PT. ASA,Instalasi Pipa AC LK-2 (6 unit),10.203.005 AC,,1500000,241763116
3,10.101.003,— BCA PT. ADHILAND JOYO AGUNG (8161-960-098),Lumiera Garden,2025-10-10,BCA PT. ASA,Biaya Admin (TF beda bank),60.104.010 ADMINISTRASI BANK,,2500,241760616
3,10.101.003,— BCA PT. ADHILAND JOYO AGUNG (8161-960-098),Lumiera Garden,2025-10-10,BCA PT. ASA,Instalasi Pipa AC LK-3 (6 unit),10.203.005 AC,,1500000,240260616
3,10.101.003,— BCA PT. ADHILAND JOYO AGUNG (8161-960-098),Lumiera Garden,2025-10-10,BCA PT. ASA,Biaya Admin (TF beda bank),60.104.010 ADMINISTRASI BANK,,2500,240258116
3,10.101.003,— BCA PT. ADHILAND JOYO AGUNG (8161-960-098),Lumiera Garden,2025-10-10,BCA PT. ASA,Reimburse Pak Rula (Jas Hujan untuk orang harian / 3 pcs),60.104.001 OPERASIONAL KANTOR,,210000,240048116
3,10.101.003,— BCA PT. ADHILAND JOYO AGUNG (8161-960-098),Lumiera Garden,2025-10-10,BCA PT. ASA,Reimburse Adib (Pembayaran Open Table WW 04-05 Okt 2025),60.101.006 EXPO,,400000,239648116
3,10.101.003,— BCA PT. ADHILAND JOYO AGUNG (8161-960-098),Lumiera Garden,2025-10-10,BCA PT. ASA,Reimburse Pak Dedy (Bensin Pick Up),60.104.007 BENSIN OPERASIONAL,,200000,239448116
3,10.101.003,— BCA PT. ADHILAND JOYO AGUNG (8161-960-098),Lumiera Garden,2025-10-11,BCA PT. ASA,Pelunasan Seragam Kemeja (7 pcs) & Polo (7 pcs) - No. Inv. 3 24/BB/09/2025 - Baboon,60.104.001 OPERASIONAL KANTOR,,1330000,238118116
3,10.101.003,— BCA PT. ADHILAND JOYO AGUNG (8161-960-098),Lumiera Garden,2025-10-11,BCA PT. ASA,ITJ Kavling LK-01 an Hari Purwanto Adi / Erni Dwi Retnowati,20.101.002 UANG TANDA JADI,5000000,,243118116
3,10.101.003,— BCA PT. ADHILAND JOYO AGUNG (8161-960-098),Lumiera Garden,2025-10-11,BCA PT. ASA,ITJ Kavling LK-13 an Podang Peksiadji,20.101.002 UANG TANDA JADI,5000000,,248118116
3,10.101.003,— BCA PT. ADHILAND JOYO AGUNG (8161-960-098),Lumiera Garden,2025-10-13,BCA PT. ASA,ITJ Kavling LK-19 an Farida Budi Wijaya,20.101.002 UANG TANDA JADI,5000000,,253118116
3,10.101.003,— BCA PT. ADHILAND JOYO AGUNG (8161-960-098),Lumiera Garden,2025-10-14,BCA PT. ASA,Pembayaran Cicilan Angsuran Ke-8 Rukost Kavling LK-07 an Heny Susanti,20.101.001 UANG MUKA,20000000,,273118116
3,10.101.003,— BCA PT. ADHILAND JOYO AGUNG (8161-960-098),Lumiera Garden,2025-10-14,BCA PT. ASA,Tambah Daya PLN (PJU Lumiera dari 4.400 VA ke 5.500 VA),10.202.028 LISTRIK LOKASI,,1115900,272002216
3,10.101.003,— BCA PT. ADHILAND JOYO AGUNG (8161-960-098),Lumiera Garden,2025-10-14,BCA PT. ASA,Biaya Admin,60.104.010 ADMINISTRASI BANK,,6000,271996216
3,10.101.003,— BCA PT. ADHILAND JOYO AGUNG (8161-960-098),Lumiera Garden,2025-10-17,BCA PT. ASA,Pembayaran Pelunasan Angsuran Ke-5-8 Rukost Kavling LK-07 an Heny Susanti,20.101.001 UANG MUKA,120000000,,391996216
3,10.101.003,— BCA PT. ADHILAND JOYO AGUNG (8161-960-098),Lumiera Garden,2025-10-17,BCA PT. ASA,Pembayaran Cicilan Angsuran Ke-9 Rukost Kavling LK-07 an Heny Susanti,20.101.001 UANG MUKA,30000000,,421996216
3,10.101.003,— BCA PT. ADHILAND JOYO AGUNG (8161-960-098),Lumiera Garden,2025-10-17,BCA PT. ASA,Instalasi & Pasang AC Galleri Marketing (2 unit),10.202.017 GALLERY MARKETING,,920000,421076216
3,10.101.003,— BCA PT. ADHILAND JOYO AGUNG (8161-960-098),Lumiera Garden,2025-10-17,BCA PT. ASA,Biaya Admin (TF beda bank),60.104.010 ADMINISTRASI BANK,,2500,421073716
3,10.101.003,— BCA PT. ADHILAND JOYO AGUNG (8161-960-098),Lumiera Garden,2025-10-17,BCA PT. ASA,Reimburse Pak Rula (Obeng & Kunci T),60.104.001 OPERASIONAL KANTOR,,109500,420964216
3,10.101.003,— BCA PT. ADHILAND JOYO AGUNG (8161-960-098),Lumiera Garden,2025-10-17,BCA PT. ASA,Biaya Admin (TF beda bank),60.104.010 ADMINISTRASI BANK,,2500,420961716
3,10.101.003,— BCA PT. ADHILAND JOYO AGUNG (8161-960-098),Lumiera Garden,2025-10-17,BCA PT. ASA,Reimburse Bella (Langganan WPS Pro),60.104.001 OPERASIONAL KANTOR,,320790,420640926
3,10.101.003,— BCA PT. ADHILAND JOYO AGUNG (8161-960-098),Lumiera Garden,2025-10-17,BCA PT. ASA,Reimburse Bella (bonding Marketing),60.104.013 MEETING,,75000,420565926
3,10.101.003,— BCA PT. ADHILAND JOYO AGUNG (8161-960-098),Lumiera Garden,2025-10-17,BCA PT. ASA,Budgeting Mas Andik Bensin & E-Toll (Kunjungan User - Jombang - Tim P. Verry),10.101.004 SILANG KAS,,400000,420165926
3,10.101.003,— BCA PT. ADHILAND JOYO AGUNG (8161-960-098),Lumiera Garden,2025-10-17,BCA PT. ASA,Refund ITJ LK-21 an Agus Tanzili,20.101.002 UANG TANDA JADI,,5000000,415165926
3,10.101.003,— BCA PT. ADHILAND JOYO AGUNG (8161-960-098),Lumiera Garden,2025-10-18,BCA PT. ASA,Pembayaran Pelunasan Angsuran Ke-9 Rukost Kavling LK-07 an Heny Susanti,20.101.001 UANG MUKA,20000000,,435165926
3,10.101.003,— BCA PT. ADHILAND JOYO AGUNG (8161-960-098),Lumiera Garden,2025-10-18,BCA PT. ASA,Pembayaran Angsuran Ke-10 & 11 Rukost Kavling LK-07 an Heny Susanti,20.101.001 UANG MUKA,100000000,,535165926
3,10.101.003,— BCA PT. ADHILAND JOYO AGUNG (8161-960-098),Lumiera Garden,2025-10-18,BCA PT. ASA,ITJ Kavling LK-17 an Muhammad Nassar,20.101.002 UANG TANDA JADI,5000000,,540165926
3,10.101.003,— BCA PT. ADHILAND JOYO AGUNG (8161-960-098),Lumiera Garden,2025-10-19,BCA PT. ASA,ITJ Kavling C-4 an Raka Aditya,20.101.002 UANG TANDA JADI,5000000,,545165926
3,10.101.003,— BCA PT. ADHILAND JOYO AGUNG (8161-960-098),Lumiera Garden,2025-10-21,BCA PT. ASA,Pembayaran DP Rukost Kavling LK-17 an Muhammad Nassar,20.101.001 UANG MUKA,587500000,,1132665926
3,10.101.003,— BCA PT. ADHILAND JOYO AGUNG (8161-960-098),Lumiera Garden,2025-10-22,BCA PT. ASA,Drone Marcomm,11.101.001 PERALATAN KANTOR,,32994000,1099671926
3,10.101.003,— BCA PT. ADHILAND JOYO AGUNG (8161-960-098),Lumiera Garden,2025-10-23,BCA PT. ASA,Budgeting Perabot Marketing Galeri / CRD,10.101.004 SILANG KAS,,5129000,1094542926
3,10.101.003,— BCA PT. ADHILAND JOYO AGUNG (8161-960-098),Lumiera Garden,2025-10-23,BCA PT. ASA,Ads,60.101.005 BEBAN DIGITAL ADS,,5000000,1089542926
3,10.101.003,— BCA PT. ADHILAND JOYO AGUNG (8161-960-098),Lumiera Garden,2025-10-23,BCA PT. ASA,Biaya Admin (TF beda bank),60.104.010 ADMINISTRASI BANK,,2500,1089540426
3,10.101.003,— BCA PT. ADHILAND JOYO AGUNG (8161-960-098),Lumiera Garden,2025-10-24,BCA PT. ASA,"Pembayaran DP Hunian Kavling C-04 an Budiono, SH.",20.101.001 UANG MUKA,50000000,,1139540426
3,10.101.003,— BCA PT. ADHILAND JOYO AGUNG (8161-960-098),Lumiera Garden,2025-10-24,BCA PT. ASA,Kas Bon Karyawan (Security / Suliaji),10.102.011 PIUTANG KARYAWAN,,600000,1138940426
3,10.101.003,— BCA PT. ADHILAND JOYO AGUNG (8161-960-098),Lumiera Garden,2025-10-24,BCA PT. ASA,Biaya Admin (TF beda bank),60.104.010 ADMINISTRASI BANK,,2500,1138937926
3,10.101.003,— BCA PT. ADHILAND JOYO AGUNG (8161-960-098),Lumiera Garden,2025-10-24,BCA PT. ASA,Reimburse Pak Adhi (Weekly Meeting Pak Rendra),60.104.013 MEETING,,714715,1138223211
3,10.101.003,— BCA PT. ADHILAND JOYO AGUNG (8161-960-098),Lumiera Garden,2025-10-24,BCA PT. ASA,Taman Galeri Marketing,10.202.017 GALLERY MARKETING,,6000000,1132223211
3,10.101.003,— BCA PT. ADHILAND JOYO AGUNG (8161-960-098),Lumiera Garden,2025-10-24,BCA PT. ASA,Akta Pelepasan SHM 2432 & 2433 an Farida Budi Wijayanti,10.201.009 AJB & AKTA PELEPASAN HAK,,6000000,1126223211
3,10.101.003,— BCA PT. ADHILAND JOYO AGUNG (8161-960-098),Lumiera Garden,2025-10-24,BCA PT. ASA,DP Open Table MOG (1-31 Oktober 2025),60.101.006 EXPO,,10000000,1116223211
3,10.101.003,— BCA PT. ADHILAND JOYO AGUNG (8161-960-098),Lumiera Garden,2025-10-24,BCA PT. ASA,Get Contact LG (Telle),60.104.001 OPERASIONAL KANTOR,,22090,1116201121
3,10.101.003,— BCA PT. ADHILAND JOYO AGUNG (8161-960-098),Lumiera Garden,2025-10-24,BCA PT. ASA,Waarmerking PPJB Kav. LK-23 an Ririn Yuni Astutik,60.104.023 BIAYA ADMINISTRASI WAARMERKING,,250000,1115951121
3,10.101.003,— BCA PT. ADHILAND JOYO AGUNG (8161-960-098),Lumiera Garden,2025-10-24,BCA PT. ASA,Tarikan Tunai,10.101.004 SILANG KAS,,500000000,615951121
3,10.101.003,— BCA PT. ADHILAND JOYO AGUNG (8161-960-098),Lumiera Garden,2025-10-26,BCA PT. ASA,"Pembayaran Cicilan Pelunasan Ke-3 Kavling LK-09 an Dwi Mulyono, ST",20.101.001 UANG MUKA,15000000,,630951121
3,10.101.003,— BCA PT. ADHILAND JOYO AGUNG (8161-960-098),Lumiera Garden,2025-10-28,BCA PT. ASA,Konsumsi Meeting Marketing (29 Okt 2025 / 20 kotak),60.104.013 MEETING,,460000,630491121
3,10.101.003,— BCA PT. ADHILAND JOYO AGUNG (8161-960-098),Lumiera Garden,2025-10-28,BCA PT. ASA,Biaya Admin (TF beda bank),60.104.010 ADMINISTRASI BANK,,2500,630488621
3,10.101.003,— BCA PT. ADHILAND JOYO AGUNG (8161-960-098),Lumiera Garden,2025-10-29,BCA PT. ASA,Cashback Kavling C-04 (Free Sewa Kost Kavling RK-04 Kamar 1 / Nov 25 - Apr 26),60.101.999 BEBAN PROMOSI LAIN-LAIN,,9000000,621488621
3,10.101.003,— BCA PT. ADHILAND JOYO AGUNG (8161-960-098),Lumiera Garden,2025-10-29,BCA PT. ASA,ITJ Kavling LK-01 an Debora,20.101.002 UANG TANDA JADI,5000000,,626488621
3,10.101.003,— BCA PT. ADHILAND JOYO AGUNG (8161-960-098),Lumiera Garden,2025-10-30,BCA PT. ASA,"Reimburse Pak Rula (Lampu Sorot 50w & Kabel Twist 2x1,5mm - Taman Sisi Sungai)",10.202.008 TAMAN DAN PENGHIJAUAN,,2485000,624003621
3,10.101.003,— BCA PT. ADHILAND JOYO AGUNG (8161-960-098),Lumiera Garden,2025-10-31,BCA PT. ASA,ESCROW - Biaya Penyambungan 84 Token,10.202.032 PLN UNIT,,102312000,521691621
3,10.101.003,— BCA PT. ADHILAND JOYO AGUNG (8161-960-098),Lumiera Garden,2025-10-31,BCA PT. ASA,ESCROW - Biaya Uang Jaminan Pelanggan 12 Unit,10.202.032 PLN UNIT,,2074800,519616821
3,10.101.003,— BCA PT. ADHILAND JOYO AGUNG (8161-960-098),Lumiera Garden,2025-10-31,BCA PT. ASA,ESCROW - Token Perdana 72 Token,10.202.032 PLN UNIT,,3600000,516016821
3,10.101.003,— BCA PT. ADHILAND JOYO AGUNG (8161-960-098),Lumiera Garden,2025-10-31,BCA PT. ASA,Biaya Admin (TF beda bank),60.104.010 ADMINISTRASI BANK,,2500,516014321
3,10.101.003,— BCA PT. ADHILAND JOYO AGUNG (8161-960-098),Lumiera Garden,2025-10-31,BCA PT. ASA,Pembuatan Taman Sisi Gudang,10.202.008 TAMAN DAN PENGHIJAUAN,,3700000,512314321
3,10.101.003,— BCA PT. ADHILAND JOYO AGUNG (8161-960-098),Lumiera Garden,2025-10-31,BCA PT. ASA,Reimburse Pak Rula (Pupuk Taman Fasum),60.104.001 OPERASIONAL KANTOR,,450000,511864321
3,10.101.003,— BCA PT. ADHILAND JOYO AGUNG (8161-960-098),Lumiera Garden,2025-10-31,BCA PT. ASA,Waarmerking PPJB LK-19 an Farida Budi W.,60.104.023 BIAYA ADMINISTRASI WAARMERKING,,250000,511614321
3,10.101.003,— BCA PT. ADHILAND JOYO AGUNG (8161-960-098),Lumiera Garden,2025-10-31,BCA PT. ASA,Percepatan Checking SHM 2432 & 2433 an Farida Budi,10.201.015 SERTIFIKAT INDUK,,1000000,510614321
3,10.101.003,— BCA PT. ADHILAND JOYO AGUNG (8161-960-098),Lumiera Garden,2025-10-31,BCA PT. ASA,Perhitungan Teknis MEP Rumah Kost Lumiera Garden dan SKK Ahli Elektrikal Bangunan Gedung (Untuk pengurusan PBG),10.201.027 PBG,,2500000,508114321
3,10.101.003,— BCA PT. ADHILAND JOYO AGUNG (8161-960-098),Lumiera Garden,2025-10-31,BCA PT. ASA,Ads,60.101.005 BEBAN DIGITAL ADS,,5000000,503114321
3,10.101.003,— BCA PT. ADHILAND JOYO AGUNG (8161-960-098),Lumiera Garden,2025-10-31,BCA PT. ASA,Biaya Admin (TF beda bank),60.104.010 ADMINISTRASI BANK,,2500,503111821
3,10.101.003,— BCA PT. ADHILAND JOYO AGUNG (8161-960-098),Lumiera Garden,2025-10-31,BCA PT. ASA,Reimburse Pak Dedy (Bensin Pick Up / 2 nota),60.104.007 BENSIN OPERASIONAL,,400000,502711821
3,10.101.003,— BCA PT. ADHILAND JOYO AGUNG (8161-960-098),Lumiera Garden,2025-10-31,BCA PT. ASA,Reimburse Maria (Konsumsi PPJB LK-24 / SIdoarjo),60.104.001 OPERASIONAL KANTOR,,57600,502654221
3,10.101.003,— BCA PT. ADHILAND JOYO AGUNG (8161-960-098),Lumiera Garden,2025-10-31,BCA PT. ASA,Reimburse Pak Achmad (Konsumsi PPJB LK-24 / Sidoarjo),60.104.001 OPERASIONAL KANTOR,,334000,502320221
3,10.101.003,— BCA PT. ADHILAND JOYO AGUNG (8161-960-098),Lumiera Garden,2025-10-31,BCA PT. ASA,Biaya Admin (TF beda bank),60.104.010 ADMINISTRASI BANK,,2500,502317721
3,10.101.003,— BCA PT. ADHILAND JOYO AGUNG (8161-960-098),Lumiera Garden,2025-10-31,BCA PT. ASA,Budgeting CRD (Listrik Kawasan),10.101.004 SILANG KAS,,2006000,500311721
3,10.101.003,— BCA PT. ADHILAND JOYO AGUNG (8161-960-098),Lumiera Garden,2025-10-31,BCA PT. ASA,Admin Bank (Potongan Bulanan),60.104.010 ADMINISTRASI BANK,,30000,500281721
3,10.101.003,— BCA PT. ADHILAND JOYO AGUNG (8161-960-098),Lumiera Garden,2025-10-31,BCA PT. ASA,Bunga Bank,40.102.001 BUNGA BANK,97890,,500379611
3,10.101.003,— BCA PT. ADHILAND JOYO AGUNG (8161-960-098),Lumiera Garden,2025-10-31,BCA PT. ASA,Pajak Bunga,60.104.029 BEBAN PAJAK LAINNYA/PAJAK BUNGA,,19578,500360033
3,10.101.003,— BCA PT. ADHILAND JOYO AGUNG (8161-960-098),Lumiera Garden,2025-10-31,BCA PT. ASA,Refund ITJ LK-01 an Erni Dwi Retnowati,20.101.002 UANG TANDA JADI,,5000000,495360033
3,10.101.003,— BCA PT. ADHILAND JOYO AGUNG (8161-960-098),Lumiera Garden,2025-11-01,BCA PT. ASA,Gaji Karyawan bulan Oktober 2025 (Payroll),60.102.001 GAJI KARYAWAN TETAP,,126488819,368871214
3,10.101.003,— BCA PT. ADHILAND JOYO AGUNG (8161-960-098),Lumiera Garden,2025-11-01,BCA PT. ASA,Biaya Admin (TF beda bank),60.104.010 ADMINISTRASI BANK,,5000,368866214
3,10.101.003,— BCA PT. ADHILAND JOYO AGUNG (8161-960-098),Lumiera Garden,2025-11-01,BCA PT. ASA,Upah Penjaga Alat / P. Didik (01 Okt s/d 28 Okt 2025),60.103.001 HONOR,,1400000,367466214
3,10.101.003,— BCA PT. ADHILAND JOYO AGUNG (8161-960-098),Lumiera Garden,2025-11-03,BCA PT. ASA,Pembayaran Pelunasan Rukost Kavling LK-07 an Heny Susanti,20.101.001 UANG MUKA,134000000,,501466214
3,10.101.003,— BCA PT. ADHILAND JOYO AGUNG (8161-960-098),Lumiera Garden,2025-11-03,BCA PT. ASA,ITJ kavling LK-21 an E Wida Kusumawati,20.101.002 UANG TANDA JADI,5000000,,506466214
3,10.101.003,— BCA PT. ADHILAND JOYO AGUNG (8161-960-098),Lumiera Garden,2025-11-04,BCA PT. ASA,Tarikan Tunai (Cek 620438),10.101.004 SILANG KAS,,200000000,306466214
3,10.101.003,— BCA PT. ADHILAND JOYO AGUNG (8161-960-098),Lumiera Garden,2025-11-07,BCA PT. ASA,Fee Konsultan Pajak,60.104.035 KONSULTAN,,500000,305966214
3,10.101.003,— BCA PT. ADHILAND JOYO AGUNG (8161-960-098),Lumiera Garden,2025-11-07,BCA PT. ASA,Reimburse Pak Rula (Bensin Mesin Potong Rumput),60.104.001 OPERASIONAL KANTOR,,50000,305916214
3,10.101.003,— BCA PT. ADHILAND JOYO AGUNG (8161-960-098),Lumiera Garden,2025-11-07,BCA PT. ASA,Reimburse Pak Rula (Material Filter Kolam Galeri Marketing),10.202.017 GALLERY MARKETING,,475000,305441214
3,10.101.003,— BCA PT. ADHILAND JOYO AGUNG (8161-960-098),Lumiera Garden,2025-11-07,BCA PT. ASA,Pasang Baru Listrik - SLO & NIDI LK-7 an Heny Susanti (7 Unit),10.202.032 PLN UNIT,,910000,304531214
3,10.101.003,— BCA PT. ADHILAND JOYO AGUNG (8161-960-098),Lumiera Garden,2025-11-07,BCA PT. ASA,Pasang Baru Listrik - SLO & NIDI LK-8 an Agustina Irawati (7 Unit),10.202.032 PLN UNIT,,910000,303621214
3,10.101.003,— BCA PT. ADHILAND JOYO AGUNG (8161-960-098),Lumiera Garden,2025-11-07,BCA PT. ASA,Pasang Baru Listrik - SLO & NIDI LK-9 an Dwi Mulyono (7 Unit),10.202.032 PLN UNIT,,910000,302711214
3,10.101.003,— BCA PT. ADHILAND JOYO AGUNG (8161-960-098),Lumiera Garden,2025-11-07,BCA PT. ASA,Pasang Baru Listrik - SLO & NIDI LK-10 an M Yunus (7 Unit),10.202.032 PLN UNIT,,910000,301801214
3,10.101.003,— BCA PT. ADHILAND JOYO AGUNG (8161-960-098),Lumiera Garden,2025-11-07,BCA PT. ASA,Pasang Baru Listrik - SLO & NIDI LK-12 an Fitri Agustina (7 Unit),10.202.032 PLN UNIT,,910000,300891214
3,10.101.003,— BCA PT. ADHILAND JOYO AGUNG (8161-960-098),Lumiera Garden,2025-11-07,BCA PT. ASA,Ads (11.1),60.101.005 BEBAN DIGITAL ADS,,5000000,295891214
3,10.101.003,— BCA PT. ADHILAND JOYO AGUNG (8161-960-098),Lumiera Garden,2025-11-07,BCA PT. ASA,Biaya Admin (TF beda bank),60.104.010 ADMINISTRASI BANK,,2500,295888714
3,10.101.003,— BCA PT. ADHILAND JOYO AGUNG (8161-960-098),Lumiera Garden,2025-11-07,BCA PT. ASA,Budgeting Belanja Mineral Galeri Marketing,10.101.004 SILANG KAS,,1260000,294628714
3,10.101.003,— BCA PT. ADHILAND JOYO AGUNG (8161-960-098),Lumiera Garden,2025-11-07,BCA PT. ASA,Tas Drone,11.101.001 PERALATAN KANTOR,,283700,294345014
3,10.101.003,— BCA PT. ADHILAND JOYO AGUNG (8161-960-098),Lumiera Garden,2025-11-07,BCA PT. ASA,Tas Kamera,11.101.001 PERALATAN KANTOR,,504500,293840514
3,10.101.003,— BCA PT. ADHILAND JOYO AGUNG (8161-960-098),Lumiera Garden,2025-11-07,BCA PT. ASA,Refund ITJ LK-01 an Debora,20.101.002 UANG TANDA JADI,,5000000,288840514
3,10.101.003,— BCA PT. ADHILAND JOYO AGUNG (8161-960-098),Lumiera Garden,2025-11-10,BCA PT. ASA,Kas Bon Karyawan (Security / Dian Nuri),10.102.011 PIUTANG KARYAWAN,,1500000,287340514
3,10.101.003,— BCA PT. ADHILAND JOYO AGUNG (8161-960-098),Lumiera Garden,2025-11-11,BCA PT. ASA,"Pembayaran DP Pembelian Rukost Kavling LK-21 an E. Wida Kusumawati, AMD",20.101.001 UANG MUKA,1000000000,,1287340514
3,10.101.003,— BCA PT. ADHILAND JOYO AGUNG (8161-960-098),Lumiera Garden,2025-11-11,BCA PT. ASA,Kasur 90x200cm dan Bantal Guling - Galeri Marketing - Pirnoto,11.101.001 PERALATAN KANTOR,,1000000,1286340514
3,10.101.003,— BCA PT. ADHILAND JOYO AGUNG (8161-960-098),Lumiera Garden,2025-11-11,BCA PT. ASA,Biaya Admin (TF beda bank),60.104.010 ADMINISTRASI BANK,,2500,1286338014
3,10.101.003,— BCA PT. ADHILAND JOYO AGUNG (8161-960-098),Lumiera Garden,2025-11-13,BCA PT. ASA,Akomodasi Bondowoso,10.101.004 SILANG KAS,,900000,1285438014
3,10.101.003,— BCA PT. ADHILAND JOYO AGUNG (8161-960-098),Lumiera Garden,2025-11-14,BCA PT. ASA,Pembayaran Halo Call Center November (08113646900),60.104.005 TAGIHAN HALO CALL CENTER (08113646900),,202800,1285235214
3,10.101.003,— BCA PT. ADHILAND JOYO AGUNG (8161-960-098),Lumiera Garden,2025-11-14,BCA PT. ASA,Wifi Kantor Ruko Suhat bulan November (01000274460),60.104.006 TAGIHAN WIFI,,416250,1284818964
3,10.101.003,— BCA PT. ADHILAND JOYO AGUNG (8161-960-098),Lumiera Garden,2025-11-14,BCA PT. ASA,Wifi Project bulan November (01000557664),60.104.006 TAGIHAN WIFI,,416250,1284402714
3,10.101.003,— BCA PT. ADHILAND JOYO AGUNG (8161-960-098),Lumiera Garden,2025-11-14,BCA PT. ASA,Akomodasi Umroh Komisaris Utama,60.104.001 OPERASIONAL KANTOR,,10000000,1274402714
3,10.101.003,— BCA PT. ADHILAND JOYO AGUNG (8161-960-098),Lumiera Garden,2025-11-14,BCA PT. ASA,Akomodasi Umroh Komisaris Independen,60.104.001 OPERASIONAL KANTOR,,10000000,1264402714
3,10.101.003,— BCA PT. ADHILAND JOYO AGUNG (8161-960-098),Lumiera Garden,2025-11-14,BCA PT. ASA,Akomodasi Umroh Direktur Utama,60.104.001 OPERASIONAL KANTOR,,10000000,1254402714
3,10.101.003,— BCA PT. ADHILAND JOYO AGUNG (8161-960-098),Lumiera Garden,2025-11-14,BCA PT. ASA,Akomodasi Umroh Direktur Operasional,60.104.001 OPERASIONAL KANTOR,,10000000,1244402714
3,10.101.003,— BCA PT. ADHILAND JOYO AGUNG (8161-960-098),Lumiera Garden,2025-11-14,BCA PT. ASA,Akomodasi Umroh Direktur B&D,60.104.001 OPERASIONAL KANTOR,,10000000,1234402714
3,10.101.003,— BCA PT. ADHILAND JOYO AGUNG (8161-960-098),Lumiera Garden,2025-11-14,BCA PT. ASA,Akomodasi Umroh Direktur Teknik,60.104.001 OPERASIONAL KANTOR,,10000000,1224402714
3,10.101.003,— BCA PT. ADHILAND JOYO AGUNG (8161-960-098),Lumiera Garden,2025-11-14,BCA PT. ASA,Kas Bon Karyawan (Umum / Sukamto),10.102.011 PIUTANG KARYAWAN,,1000000,1223402714
3,10.101.003,— BCA PT. ADHILAND JOYO AGUNG (8161-960-098),Lumiera Garden,2025-11-14,BCA PT. ASA,Biaya Admin (TF beda bank),60.104.010 ADMINISTRASI BANK,,2500,1223400214
3,10.101.003,— BCA PT. ADHILAND JOYO AGUNG (8161-960-098),Lumiera Garden,2025-11-14,BCA PT. ASA,Komisi Makelar Tanah / Pak Yazak,10.201.026 KOMISI PEMBELIAN TANAH,,10000000,1213400214
3,10.101.003,— BCA PT. ADHILAND JOYO AGUNG (8161-960-098),Lumiera Garden,2025-11-14,BCA PT. ASA,Waarmerking PPJB LK-17 an M. Nassar,60.104.023 BIAYA ADMINISTRASI WAARMERKING,,250000,1213150214
3,10.101.003,— BCA PT. ADHILAND JOYO AGUNG (8161-960-098),Lumiera Garden,2025-11-14,BCA PT. ASA,DP Open Table MOG (1 - 30 Nov 2025),60.101.006 EXPO,,10000000,1203150214
3,10.101.003,— BCA PT. ADHILAND JOYO AGUNG (8161-960-098),Lumiera Garden,2025-11-14,BCA PT. ASA,Kekurangan Belanja Kebutuhan Galeri Marketing,60.104.001 OPERASIONAL KANTOR,,720040,1202430174
3,10.101.003,— BCA PT. ADHILAND JOYO AGUNG (8161-960-098),Lumiera Garden,2025-11-14,BCA PT. ASA,Reimburse Pak Adhi (Laptop Digital Marketing - Asus Gaming V16 V3607VU-1545B7T-HM ),11.101.001 PERALATAN KANTOR,,13191950,1189238224
3,10.101.003,— BCA PT. ADHILAND JOYO AGUNG (8161-960-098),Lumiera Garden,2025-11-14,BCA PT. ASA,Pembayaran Angsuran Ke-1 Pembelian Rukost Kavling LK-23 an Ririn Yuni Astutik,20.101.001 UANG MUKA,180000000,,1369238224
3,10.101.003,— BCA PT. ADHILAND JOYO AGUNG (8161-960-098),Lumiera Garden,2025-11-15,BCA PT. ASA,"Pembayaran Cicilan Pelunasan Ke-4 Kavling LK-09 an Dwi Mulyono, ST",20.101.001 UANG MUKA,30000000,,1399238224
3,10.101.003,— BCA PT. ADHILAND JOYO AGUNG (8161-960-098),Lumiera Garden,2025-11-15,BCA PT. ASA,Token Listrik Kawasan (513111484250 / PJU Lumiera Joyo Agung),60.104.003 TOKEN PLN,,2004301,1397233923
3,10.101.003,— BCA PT. ADHILAND JOYO AGUNG (8161-960-098),Lumiera Garden,2025-11-17,BCA PT. ASA,Konsumsi Meeting Marketing (17 Nov 2025 / 20 kotak),60.104.013 MEETING,,475000,1396758923
3,10.101.003,— BCA PT. ADHILAND JOYO AGUNG (8161-960-098),Lumiera Garden,2025-11-17,BCA PT. ASA,Biaya Admin (TF beda bank),60.104.010 ADMINISTRASI BANK,,2500,1396756423
3,10.101.003,— BCA PT. ADHILAND JOYO AGUNG (8161-960-098),Lumiera Garden,2025-11-17,BCA PT. ASA,Tarikan Tunai (Pengembalian Hutang Sigura-Gura),20.103.006 HUTANG SIGURA-GURA,,800000000,596756423
3,10.101.003,— BCA PT. ADHILAND JOYO AGUNG (8161-960-098),Lumiera Garden,2025-11-18,BCA PT. ASA,"Akomodasi Mengantarkan Bapak"" DIreksi ke Juanda",10.101.004 SILANG KAS,,900000,595856423
3,10.101.003,— BCA PT. ADHILAND JOYO AGUNG (8161-960-098),Lumiera Garden,2025-11-21,BCA PT. ASA,Pembayaran Ke-1 Pembelian Rukost LK-17 an Muhammad Nassar,20.101.001 UANG MUKA,200000000,,795856423
3,10.101.003,— BCA PT. ADHILAND JOYO AGUNG (8161-960-098),Lumiera Garden,2025-11-21,BCA PT. ASA,"Pembayaran Ke-1 Pembelian Unit Kavling C-04 an Budiono, SH.",20.101.001 UANG MUKA,150000000,,945856423
3,10.101.003,— BCA PT. ADHILAND JOYO AGUNG (8161-960-098),Lumiera Garden,2025-11-21,BCA PT. ASA,Reimburse Pak Roy (Nota D' Garden Resto & Cafe / Perjalanan ke Bondowoso),60.104.001 OPERASIONAL KANTOR,,592000,945264423
3,10.101.003,— BCA PT. ADHILAND JOYO AGUNG (8161-960-098),Lumiera Garden,2025-11-21,BCA PT. ASA,Pasang CCTV Kawasan + Instalasi - Oxygen CCTV,60.104.012 KEAMANAN DAN KEBERSIHAN,,1690000,943574423
3,10.101.003,— BCA PT. ADHILAND JOYO AGUNG (8161-960-098),Lumiera Garden,2025-11-21,BCA PT. ASA,Reimburse Pak Verry (Bensin Pick Up),60.104.007 BENSIN OPERASIONAL,,200000,943374423
3,10.101.003,— BCA PT. ADHILAND JOYO AGUNG (8161-960-098),Lumiera Garden,2025-11-25,BCA PT. ASA,Lampu Bohlam Jalan Masuk (3 unit) - Gajayana Electronic,10.202.012 PENERANGAN JALAN UMUM,,540000,942834423
3,10.101.003,— BCA PT. ADHILAND JOYO AGUNG (8161-960-098),Lumiera Garden,2025-11-26,BCA PT. ASA,Bensin Pick Up (Pak Dian),10.101.004 SILANG KAS,,200000,942634423
3,10.101.003,— BCA PT. ADHILAND JOYO AGUNG (8161-960-098),Lumiera Garden,2025-11-28,BCA PT. ASA,Roundap & Gramoxone,60.104.001 OPERASIONAL KANTOR,,145000,942489423
3,10.101.003,— BCA PT. ADHILAND JOYO AGUNG (8161-960-098),Lumiera Garden,2025-11-28,BCA PT. ASA,Tarikan Tunai,10.101.004 SILANG KAS,,329170600,613318823
3,10.101.003,— BCA PT. ADHILAND JOYO AGUNG (8161-960-098),Lumiera Garden,2025-11-28,BCA PT. ASA,"Peralatan Taman (pisau potong rumput, senarpotong rumput, bluck cutter, sekrop, pacul, arit)",60.104.001 OPERASIONAL KANTOR,,405000,612913823
3,10.101.003,— BCA PT. ADHILAND JOYO AGUNG (8161-960-098),Lumiera Garden,2025-11-28,BCA PT. ASA,Reimburse Handik (obat kolam ikan),60.104.001 OPERASIONAL KANTOR,,43000,612870823
3,10.101.003,— BCA PT. ADHILAND JOYO AGUNG (8161-960-098),Lumiera Garden,2025-11-28,BCA PT. ASA,Reimburse Pak Dedy (Tambal Pres + Bongkar Pasang - Mobil Zenix),60.104.001 OPERASIONAL KANTOR,,150000,612720823
3,10.101.003,— BCA PT. ADHILAND JOYO AGUNG (8161-960-098),Lumiera Garden,2025-11-28,BCA PT. ASA,Domain Renewal - lumieragarden.id - 1 Years (17 Des 2025 s/d 16 Des 2026) + DNS Management,60.101.005 BEBAN DIGITAL ADS,,300000,612420823
3,10.101.003,— BCA PT. ADHILAND JOYO AGUNG (8161-960-098),Lumiera Garden,2025-11-28,BCA PT. ASA,Domain Registration - adhiland.com - 1 Years (14 Nov 2025 s/d 13 Nov 2026) + DNS Management,60.101.005 BEBAN DIGITAL ADS,,150000,612270823
3,10.101.003,— BCA PT. ADHILAND JOYO AGUNG (8161-960-098),Lumiera Garden,2025-11-28,BCA PT. ASA,Kas Bon Karyawan (Wira / Marketing),10.102.011 PIUTANG KARYAWAN,,10000000,602270823
3,10.101.003,— BCA PT. ADHILAND JOYO AGUNG (8161-960-098),Lumiera Garden,2025-11-29,BCA PT. ASA,"Budgeting EXPO (air mineral, permen, tissu)",10.101.004 SILANG KAS,,1640000,600630823
3,10.101.003,— BCA PT. ADHILAND JOYO AGUNG (8161-960-098),Lumiera Garden,2025-11-29,BCA PT. ASA,Akomodasi Direksi (Jemput dari Juanda),10.101.004 SILANG KAS,,900000,599730823
3,10.101.003,— BCA PT. ADHILAND JOYO AGUNG (8161-960-098),Lumiera Garden,2025-11-30,BCA PT. ASA,Admin Bank (Potongan Bulanan),60.104.010 ADMINISTRASI BANK,,30000,599700823
3,10.101.003,— BCA PT. ADHILAND JOYO AGUNG (8161-960-098),Lumiera Garden,2025-11-30,BCA PT. ASA,Bunga Bank,40.102.001 BUNGA BANK,5034,,599705857
3,10.101.003,— BCA PT. ADHILAND JOYO AGUNG (8161-960-098),Lumiera Garden,2025-11-30,BCA PT. ASA,Pajak Bunga,60.104.029 BEBAN PAJAK LAINNYA/PAJAK BUNGA,,1007,599704850
3,10.101.003,— BCA PT. ADHILAND JOYO AGUNG (8161-960-098),Lumiera Garden,2025-12-01,BCA PT. ASA,Gaji Karyawan bulan November 2025 (Payroll),60.102.001 GAJI KARYAWAN TETAP,,126581234,473123616
3,10.101.003,— BCA PT. ADHILAND JOYO AGUNG (8161-960-098),Lumiera Garden,2025-12-01,BCA PT. ASA,Biaya Admin (TF beda bank),60.104.010 ADMINISTRASI BANK,,14000,473109616
3,10.101.003,— BCA PT. ADHILAND JOYO AGUNG (8161-960-098),Lumiera Garden,2025-12-01,BCA PT. ASA,"ITJ kavling LK-01 an Dyah Lusita Risdhianti Werdiningsih, S.PSi",20.101.002 UANG TANDA JADI,5000000,,478109616
3,10.101.003,— BCA PT. ADHILAND JOYO AGUNG (8161-960-098),Lumiera Garden,2025-12-01,BCA PT. ASA,Cat Mobil Zenix,60.104.021 MAINTENANCE KENDARAAN,,700000,477409616
3,10.101.003,— BCA PT. ADHILAND JOYO AGUNG (8161-960-098),Lumiera Garden,2025-12-01,BCA PT. ASA,Biaya Admin (TF beda bank),60.104.010 ADMINISTRASI BANK,,2500,477407116
3,10.101.003,— BCA PT. ADHILAND JOYO AGUNG (8161-960-098),Lumiera Garden,2025-12-02,BCA PT. ASA,Budgeting CRD (Listrik Kawasan),10.101.004 SILANG KAS,,2006000,475401116
3,10.101.003,— BCA PT. ADHILAND JOYO AGUNG (8161-960-098),Lumiera Garden,2025-12-03,BCA PT. ASA,Pembayaran Angsuran Ke-2 Pembelian Rukost Kavling LK-23 an Ririn Yuni Astutik,20.101.001 UANG MUKA,180000000,,655401116
3,10.101.003,— BCA PT. ADHILAND JOYO AGUNG (8161-960-098),Lumiera Garden,2025-12-03,BCA PT. ASA,"Pembayaran Cicilan Pelunasan Ke-5 Kavling LK-09 an Dwi Mulyono, ST",20.101.001 UANG MUKA,10000000,,665401116
3,10.101.003,— BCA PT. ADHILAND JOYO AGUNG (8161-960-098),Lumiera Garden,2025-12-04,BCA PT. ASA,Tarikan Tunai,10.101.004 SILANG KAS,,80000000,585401116
3,10.101.003,— BCA PT. ADHILAND JOYO AGUNG (8161-960-098),Lumiera Garden,2025-12-04,BCA PT. ASA,Tarikan Tunai,10.101.004 SILANG KAS,,450000000,135401116
3,10.101.003,— BCA PT. ADHILAND JOYO AGUNG (8161-960-098),Lumiera Garden,2025-12-04,BCA PT. ASA,Bantuan Kemanusiaan Bencana Sumatera,60.104.002 SUMBANGAN/REWARD,,2000000,133401116
3,10.101.003,— BCA PT. ADHILAND JOYO AGUNG (8161-960-098),Lumiera Garden,2025-12-04,BCA PT. ASA,Biaya Admin (TF beda bank),60.104.010 ADMINISTRASI BANK,,2500,133398616
3,10.101.003,— BCA PT. ADHILAND JOYO AGUNG (8161-960-098),Lumiera Garden,2025-12-05,BCA PT. ASA,Tarikan Tunai,10.101.004 SILANG KAS,,37200000,96198616
3,10.101.003,— BCA PT. ADHILAND JOYO AGUNG (8161-960-098),Lumiera Garden,2025-12-05,BCA PT. ASA,Fee Konsultan Pajak,60.104.035 KONSULTAN,,500000,95698616
3,10.101.003,— BCA PT. ADHILAND JOYO AGUNG (8161-960-098),Lumiera Garden,2025-12-05,BCA PT. ASA,Ads (12.1),60.101.005 BEBAN DIGITAL ADS,,5000000,90698616
3,10.101.003,— BCA PT. ADHILAND JOYO AGUNG (8161-960-098),Lumiera Garden,2025-12-05,BCA PT. ASA,Biaya Admin (TF beda bank),60.104.010 ADMINISTRASI BANK,,2500,90696116
3,10.101.003,— BCA PT. ADHILAND JOYO AGUNG (8161-960-098),Lumiera Garden,2025-12-05,BCA PT. ASA,Pelunasan Open Table MOG (1-30 November 2025),60.101.006 EXPO,,28000000,62696116
3,10.101.003,— BCA PT. ADHILAND JOYO AGUNG (8161-960-098),Lumiera Garden,2025-12-05,BCA PT. ASA,DP Expo MOG (3-14 Desember 2025),60.101.006 EXPO,,10000000,52696116
3,10.101.003,— BCA PT. ADHILAND JOYO AGUNG (8161-960-098),Lumiera Garden,2025-12-05,BCA PT. ASA,Budgeting CRD (Kebutuhan Insidentil),10.101.004 SILANG KAS,,200000,52496116
3,10.101.003,— BCA PT. ADHILAND JOYO AGUNG (8161-960-098),Lumiera Garden,2025-12-08,BCA PT. ASA,"Pembayaran Cicilan Pelunasan Ke-6 Kavling LK-09 an Dwi Mulyono, ST",20.101.001 UANG MUKA,10000000,,62496116
3,10.101.003,— BCA PT. ADHILAND JOYO AGUNG (8161-960-098),Lumiera Garden,2025-12-11,BCA PT. ASA,"Pembayaran Cicilan Pelunasan Ke-7 Kavling LK-09 an Dwi Mulyono, ST",20.101.001 UANG MUKA,25000000,,87496116
3,10.101.003,— BCA PT. ADHILAND JOYO AGUNG (8161-960-098),Lumiera Garden,2025-12-12,BCA PT. ASA,Pembayaran Halo Call Center Desember (08113646900),60.104.005 TAGIHAN HALO CALL CENTER (08113646900),,202800,87293316
3,10.101.003,— BCA PT. ADHILAND JOYO AGUNG (8161-960-098),Lumiera Garden,2025-12-12,BCA PT. ASA,Wifi Kantor Ruko Suhat bulan Desember (01000274460),60.104.006 TAGIHAN WIFI,,416250,86877066
3,10.101.003,— BCA PT. ADHILAND JOYO AGUNG (8161-960-098),Lumiera Garden,2025-12-12,BCA PT. ASA,Wifi Project bulan Desember (01000557664),60.104.006 TAGIHAN WIFI,,416250,86460816
3,10.101.003,— BCA PT. ADHILAND JOYO AGUNG (8161-960-098),Lumiera Garden,2025-12-12,BCA PT. ASA,Kas Bon Karyawan (Dian Priyanto / Umum),10.102.011 PIUTANG KARYAWAN,,3000000,83460816
3,10.101.003,— BCA PT. ADHILAND JOYO AGUNG (8161-960-098),Lumiera Garden,2025-12-12,BCA PT. ASA,Perpanjangan Apersi 2026 PT Adhiland Sukses Abadi,60.104.999 LAIN-LAIN,,4000000,79460816
3,10.101.003,— BCA PT. ADHILAND JOYO AGUNG (8161-960-098),Lumiera Garden,2025-12-12,BCA PT. ASA,Biaya Admin (TF beda bank),60.104.010 ADMINISTRASI BANK,,2500,79458316
3,10.101.003,— BCA PT. ADHILAND JOYO AGUNG (8161-960-098),Lumiera Garden,2025-12-12,BCA PT. ASA,Ads (12.2),60.101.005 BEBAN DIGITAL ADS,,5000000,74458316
3,10.101.003,— BCA PT. ADHILAND JOYO AGUNG (8161-960-098),Lumiera Garden,2025-12-12,BCA PT. ASA,Biaya Admin (TF beda bank),60.104.010 ADMINISTRASI BANK,,2500,74455816
3,10.101.003,— BCA PT. ADHILAND JOYO AGUNG (8161-960-098),Lumiera Garden,2025-12-12,BCA PT. ASA,DP Open Table MOG (01-31 Desember 2025),60.101.006 EXPO,,10000000,64455816
3,10.101.003,— BCA PT. ADHILAND JOYO AGUNG (8161-960-098),Lumiera Garden,2025-12-12,BCA PT. ASA,Budgeting CRD (Listrik Kawasan),10.101.004 SILANG KAS,,2006000,62449816
3,10.101.003,— BCA PT. ADHILAND JOYO AGUNG (8161-960-098),Lumiera Garden,2025-12-12,BCA PT. ASA,Papan Karangan bunga ucapan pernikahan,60.104.002 SUMBANGAN/REWARD,,500000,61949816
3,10.101.003,— BCA PT. ADHILAND JOYO AGUNG (8161-960-098),Lumiera Garden,2025-12-19,BCA PT. ASA,Reimburse Pak Adhi (Weekly Meeting Direksi),60.104.013 MEETING,,234906,61714910
3,10.101.003,— BCA PT. ADHILAND JOYO AGUNG (8161-960-098),Lumiera Garden,2025-12-19,BCA PT. ASA,Reimburse Pak Adhi (Weekly Meeting Pak Rendra),60.104.013 MEETING,,373000,61341910
3,10.101.003,— BCA PT. ADHILAND JOYO AGUNG (8161-960-098),Lumiera Garden,2025-12-19,BCA PT. ASA,Reimburse Pak Dian (Bensin alat pemotong),60.104.001 OPERASIONAL KANTOR,,50000,61291910
3,10.101.003,— BCA PT. ADHILAND JOYO AGUNG (8161-960-098),Lumiera Garden,2025-12-19,BCA PT. ASA,Reimburse Pak Sugeng (Kran air fasum),10.202.024 FASUM,,134000,61157910
3,10.101.003,— BCA PT. ADHILAND JOYO AGUNG (8161-960-098),Lumiera Garden,2025-12-19,BCA PT. ASA,UM Expo MOG (3-14 Des 2025) - Ika,60.101.006 EXPO,,450000,60707910
3,10.101.003,— BCA PT. ADHILAND JOYO AGUNG (8161-960-098),Lumiera Garden,2025-12-19,BCA PT. ASA,UM Expo MOG (3-14 Des 2025) - Nanda,60.101.006 EXPO,,450000,60257910
3,10.101.003,— BCA PT. ADHILAND JOYO AGUNG (8161-960-098),Lumiera Garden,2025-12-19,BCA PT. ASA,UM Expo MOG (3-14 Des 2025) - Dinda,60.101.006 EXPO,,400000,59857910
3,10.101.003,— BCA PT. ADHILAND JOYO AGUNG (8161-960-098),Lumiera Garden,2025-12-19,BCA PT. ASA,UM Expo MOG (3-14 Des 2025) - Adib,60.101.006 EXPO,,400000,59457910
3,10.101.003,— BCA PT. ADHILAND JOYO AGUNG (8161-960-098),Lumiera Garden,2025-12-20,BCA PT. ASA,"Pembayaran Cicilan Pelunasan Ke-8 Kavling LK-09 an Dwi Mulyono, ST",20.101.001 UANG MUKA,35000000,,94457910
3,10.101.003,— BCA PT. ADHILAND JOYO AGUNG (8161-960-098),Lumiera Garden,2025-12-22,BCA PT. ASA,Pembayaran Ke-2 Pembelian Rukost LK-17 an Muhammad Nassar,20.101.001 UANG MUKA,200000000,,294457910
3,10.101.003,— BCA PT. ADHILAND JOYO AGUNG (8161-960-098),Lumiera Garden,2025-12-22,BCA PT. ASA,"Pembayaran Pelunasan Pembelian Rukost Kavling LK-09 an Dwi Mulyono, ST",20.101.001 UANG MUKA,20000000,,314457910
3,10.101.003,— BCA PT. ADHILAND JOYO AGUNG (8161-960-098),Lumiera Garden,2025-12-22,BCA PT. ASA,Pembayaran Pelunasan Pembelian Rukost Kavling LK-23 an Ririn Yuni Astutik,20.101.001 UANG MUKA,177500000,,491957910
3,10.101.003,— BCA PT. ADHILAND JOYO AGUNG (8161-960-098),Lumiera Garden,2025-12-24,BCA PT. ASA,Tarikan Tunai,10.101.004 SILANG KAS,,350000000,141957910
3,10.101.003,— BCA PT. ADHILAND JOYO AGUNG (8161-960-098),Lumiera Garden,2025-12-24,BCA PT. ASA,Refund ITJ LK-24 an Hikmatul Hikmiyah,20.101.002 UANG TANDA JADI,,5000000,136957910
3,10.101.003,— BCA PT. ADHILAND JOYO AGUNG (8161-960-098),Lumiera Garden,2025-12-24,BCA PT. ASA,Refund DP LK-24 an Hikmatul Hikmiyah,20.101.001 UANG MUKA,,50000000,86957910
3,10.101.003,— BCA PT. ADHILAND JOYO AGUNG (8161-960-098),Lumiera Garden,2025-12-24,BCA PT. ASA,Refund IJT LK-13 an Podang,20.101.002 UANG TANDA JADI,,5000000,81957910
3,10.101.003,— BCA PT. ADHILAND JOYO AGUNG (8161-960-098),Lumiera Garden,2025-12-27,BCA PT. ASA,Retensi 5% Galeri Marketing (42/SPK.ADP/VIII/2025) - Riadi,10.202.017 GALLERY MARKETING,,6000000,75957910
3,10.101.003,— BCA PT. ADHILAND JOYO AGUNG (8161-960-098),Lumiera Garden,2025-12-27,BCA PT. ASA,Biaya Admin (TF beda bank),60.104.010 ADMINISTRASI BANK,,2500,75955410
3,10.101.003,— BCA PT. ADHILAND JOYO AGUNG (8161-960-098),Lumiera Garden,2025-12-30,BCA PT. ASA,Token Listrik Kawasan (513111484250 / PJU Lumiera Joyo Agung),60.104.003 TOKEN PLN,,1003000,74952410
3,10.101.003,— BCA PT. ADHILAND JOYO AGUNG (8161-960-098),Lumiera Garden,2025-12-31,BCA PT. ASA,Admin Bank (Potongan Bulanan),60.104.010 ADMINISTRASI BANK,,30000,74922410
3,10.101.003,— BCA PT. ADHILAND JOYO AGUNG (8161-960-098),Lumiera Garden,2025-12-31,BCA PT. ASA,Bunga Bank,40.102.001 BUNGA BANK,31943,,74954353
3,10.101.003,— BCA PT. ADHILAND JOYO AGUNG (8161-960-098),Lumiera Garden,2025-12-31,BCA PT. ASA,Pajak Bunga,60.104.029 BEBAN PAJAK LAINNYA/PAJAK BUNGA,,6389,74947964
3,10.101.003,— BCA PT. ADHILAND JOYO AGUNG (8161-960-098),Subtotal / Saldo Akhir,,,,,0,0,74947964
4,10.101.004,— SILANG KAS,Saldo Awal,,,,,,,0
4,10.101.004,— SILANG KAS,Lumiera Garden,2024-12-12,,Setoran Awal Pembukaan Rekening - BCA PT. ASA,10.101.001 KAS KECIL,1000000,,1000000
4,10.101.004,— SILANG KAS,Lumiera Garden,2024-12-12,,Setor Awal Rekening,10.101.003 BCA (8162440909 an PT. Adhiland Sukses Abadi),,1000000,0
4,10.101.004,— SILANG KAS,Lumiera Garden,2024-12-19,,Pindah Saldo Brankas (Cash Tunai - Cash Kecil),10.101.002 CASH/TUNAI,35000000,,35000000
4,10.101.004,— SILANG KAS,Lumiera Garden,2024-12-19,,Penerimaan Cash Kecil dari Brankas,10.101.001 KAS KECIL,,35000000,0
4,10.101.004,— SILANG KAS,Lumiera Garden,2024-12-27,,Pindah Saldo Brankas (Cash Tunai - Cash Kecil),10.101.002 CASH/TUNAI,21000000,,21000000
4,10.101.004,— SILANG KAS,Lumiera Garden,2024-12-27,,Penerimaan Cash Kecil dari Brankas,10.101.001 KAS KECIL,,21000000,0
4,10.101.004,— SILANG KAS,Lumiera Garden,2024-12-28,,Pindah Saldo Brankas (Cash Tunai - Cash Kecil),10.101.002 CASH/TUNAI,10000000,,10000000
4,10.101.004,— SILANG KAS,Lumiera Garden,2024-12-28,,Penerimaan Cash Kecil dari Brankas,10.101.001 KAS KECIL,,10000000,0
4,10.101.004,— SILANG KAS,Lumiera Garden,2024-12-30,,Pindah Saldo Brankas (Cash Tunai - Cash Kecil),10.101.002 CASH/TUNAI,30000000,,30000000
4,10.101.004,— SILANG KAS,Lumiera Garden,2024-12-30,,Penerimaan Cash Kecil dari Brankas,10.101.001 KAS KECIL,,30000000,0
4,10.101.004,— SILANG KAS,Lumiera Garden,2024-12-31,,Pindah Saldo Brankas (Cash Tunai - Cash Kecil),10.101.002 CASH/TUNAI,25700000,,25700000
4,10.101.004,— SILANG KAS,Lumiera Garden,2024-12-31,,Penerimaan Cash Kecil dari Brankas,10.101.001 KAS KECIL,,25700000,0
4,10.101.004,— SILANG KAS,Lumiera Garden,2024-12-31,,Pencarian Cek,10.101.002 CASH/TUNAI,,800000000,-800000000
4,10.101.004,— SILANG KAS,Lumiera Garden,2024-12-31,BCA PT. ASA,Tarikan Tunai,10.101.003 BCA (8162440909 an PT. Adhiland Sukses Abadi),800000000,,0
4,10.101.004,— SILANG KAS,Lumiera Garden,2025-01-16,Cash/Tunai,Pencairan Cek,10.101.002 CASH/TUNAI,,1100000000,-1100000000
4,10.101.004,— SILANG KAS,Lumiera Garden,2025-01-16,BCA PT. ASA,Tarikan Tunai,10.101.003 BCA (8162440909 an PT. Adhiland Sukses Abadi),1100000000,,0
4,10.101.004,— SILANG KAS,Lumiera Garden,2025-01-31,Cash/Tunai,Pencairan Cek,10.101.002 CASH/TUNAI,,200000000,-200000000
4,10.101.004,— SILANG KAS,Lumiera Garden,2025-01-31,BCA PT. ASA,Tarikan Tunai,10.101.003 BCA (8162440909 an PT. Adhiland Sukses Abadi),200000000,,0
4,10.101.004,— SILANG KAS,Lumiera Garden,2025-02-01,Kas Kecil,Penerimaan Pindah Buku dari BCA PT. ASA (Upah Penjaga Alat - P.Didik (01-31 Januari),10.101.001 KAS KECIL,,1550000,-1550000
4,10.101.004,— SILANG KAS,Lumiera Garden,2025-02-01,BCA PT. ASA,Upah Penjaga Alat /P.Didik (01-31 Januari 2025),10.101.003 BCA (8162440909 an PT. Adhiland Sukses Abadi),1550000,,0
4,10.101.004,— SILANG KAS,Lumiera Garden,2025-02-14,Kas Kecil,Penerimaan Pindah Buku dari BCA PT. ASA - Token Listrik Ruko Suhat (ID Pel : 513110771875),10.101.001 KAS KECIL,,1002500,-1002500
4,10.101.004,— SILANG KAS,Lumiera Garden,2025-02-14,BCA PT. ASA,Token Listrik Ruko Suhat (ID Pel : 513110771875),10.101.003 BCA (8162440909 an PT. Adhiland Sukses Abadi),1002500,,0
4,10.101.004,— SILANG KAS,Lumiera Garden,2025-03-01,Kas Kecil,Penerimaan Pindah Buku dari BCA PT. ASA - Upah Penjaga Alat / P.Didik (01-28 Februari 2025),10.101.001 KAS KECIL,,1400000,-1400000
4,10.101.004,— SILANG KAS,Lumiera Garden,2025-03-01,BCA PT. ASA,Upah Penjaga Alat /P.Didik (1-28 Februari 2025),10.101.003 BCA (8162440909 an PT. Adhiland Sukses Abadi),1400000,,0
4,10.101.004,— SILANG KAS,Lumiera Garden,2025-03-07,BCA PT. ASA,Budgeting CRD Operasional,10.101.003 BCA (8162440909 an PT. Adhiland Sukses Abadi),846000,,846000
4,10.101.004,— SILANG KAS,Lumiera Garden,2025-03-07,,Listrik Kawasan (24/02/25 - Pengembalian anggaran M. Kost JA),60.104.003 TOKEN PLN,,103000,743000
4,10.101.004,— SILANG KAS,Lumiera Garden,2025-03-07,,Listrik Kawasan (12/03/25),60.104.003 TOKEN PLN,,503000,240000
4,10.101.004,— SILANG KAS,Lumiera Garden,2025-03-20,Kas Kecil,Get Contact LG (Telle),10.101.001 KAS KECIL,30000,,270000
4,10.101.004,— SILANG KAS,Lumiera Garden,2025-03-20,,Get Contact Lumiera,60.104.001 OPERASIONAL KANTOR,,21090,248910
4,10.101.004,— SILANG KAS,Lumiera Garden,2025-03-21,BCA PT. ASA,Budgeting CRD Listrik & Sabit,10.101.003 BCA (8162440909 an PT. Adhiland Sukses Abadi),913000,,1161910
4,10.101.004,— SILANG KAS,Lumiera Garden,2025-03-21,,Listrik Kawasan (26 & 29 Mar 2025),60.104.003 TOKEN PLN,,1006000,155910
4,10.101.004,— SILANG KAS,Lumiera Garden,2025-03-21,,Pilox,60.104.001 OPERASIONAL KANTOR,,35000,120910
4,10.101.004,— SILANG KAS,Lumiera Garden,2025-04-11,BCA PT. ASA,Budgeting CRD Listrik & Pupuk,10.101.003 BCA (8162440909 an PT. Adhiland Sukses Abadi),1153000,,1273910
4,10.101.004,— SILANG KAS,Lumiera Garden,2025-04-11,,Listrik Kawasan (18/04/25),60.104.003 TOKEN PLN,,1003000,270910
4,10.101.004,— SILANG KAS,Lumiera Garden,2025-04-11,,Pupuk 1L (Tani Mart - 16/04/25),60.104.001 OPERASIONAL KANTOR,,128000,142910
4,10.101.004,— SILANG KAS,Lumiera Garden,2025-04-25,BCA PT. ASA,Budgeting CRD Listrik Kawasan,10.101.003 BCA (8162440909 an PT. Adhiland Sukses Abadi),1003000,,1145910
4,10.101.004,— SILANG KAS,Lumiera Garden,2025-04-25,,Listrik Kawasan (28/04/25),60.104.003 TOKEN PLN,,1003000,142910
4,10.101.004,— SILANG KAS,Lumiera Garden,2025-05-09,BCA PT. ASA,Budgeting CRD Listrik Kawasan,10.101.003 BCA (8162440909 an PT. Adhiland Sukses Abadi),1003000,,1145910
4,10.101.004,— SILANG KAS,Lumiera Garden,2025-05-09,,Listrik Kawasan (13/05/25),60.104.003 TOKEN PLN,,1003000,142910
4,10.101.004,— SILANG KAS,Lumiera Garden,2025-05-16,BCA PT. ASA,Budgeting CRD Listrik Kawasan,10.101.003 BCA (8162440909 an PT. Adhiland Sukses Abadi),1506000,,1648910
4,10.101.004,— SILANG KAS,Lumiera Garden,2025-05-16,,Listrik Kawasan (17/05/25),60.104.003 TOKEN PLN,,1506000,142910
4,10.101.004,— SILANG KAS,Lumiera Garden,2025-06-07,BCA PT. ASA,Budgeting CRD Listrik Kawasan & Pupuk,10.101.003 BCA (8162440909 an PT. Adhiland Sukses Abadi),1153000,,1295910
4,10.101.004,— SILANG KAS,Lumiera Garden,2025-06-07,,Listrik Kawasan (10/06/25),60.104.003 TOKEN PLN,,1003000,292910
4,10.101.004,— SILANG KAS,Lumiera Garden,2025-06-20,BCA PT. ASA,Budgeting CRD Listrik Kawasan,10.101.003 BCA (8162440909 an PT. Adhiland Sukses Abadi),1003000,,1295910
4,10.101.004,— SILANG KAS,Lumiera Garden,2025-06-20,,Listrik Kawasan (25/06/25),60.104.003 TOKEN PLN,,1003000,292910
4,10.101.004,— SILANG KAS,Lumiera Garden,2025-07-03,Kas Kecil,Pengembalian Sisa Dana Budgeting CRD,10.101.001 KAS KECIL,,284000,8910
4,10.101.004,— SILANG KAS,Lumiera Garden,2025-08-01,BCA PT. ASA,Budgeting CRD (Senter),10.101.003 BCA (8162440909 an PT. Adhiland Sukses Abadi),200000,,208910
4,10.101.004,— SILANG KAS,Lumiera Garden,2025-08-31,,Senter (Sinar Sakti - 09/08/25),60.104.001 OPERASIONAL KANTOR,,115000,93910
4,10.101.004,— SILANG KAS,Lumiera Garden,2025-08-31,,Minuman Kerja Bakti (Gigantops - 16/08/25),60.104.001 OPERASIONAL KANTOR,,70000,23910
4,10.101.004,— SILANG KAS,Lumiera Garden,2025-09-01,Kas Kecil,Pegangan Pak Roy (Bensin & Cuci Mobil),10.101.001 KAS KECIL,350000,,373910
4,10.101.004,— SILANG KAS,Lumiera Garden,2025-09-01,,Pegangan Pak Roy (Bensin Zenix),60.104.007 BENSIN OPERASIONAL,,300000,73910
4,10.101.004,— SILANG KAS,Lumiera Garden,2025-09-01,,Pegangan Pak Roy (Cuci Mobil Zenix),60.104.001 OPERASIONAL KANTOR,,35000,38910
4,10.101.004,— SILANG KAS,Lumiera Garden,2025-09-02,BCA PT. ASA,Budgeting EXPO Belanja (Mas Andik),10.101.003 BCA (8162440909 an PT. Adhiland Sukses Abadi),1390000,,1428910
4,10.101.004,— SILANG KAS,Lumiera Garden,2025-09-02,,"Minuman E+ 250ml, Kunir Asem, Tissue",60.104.001 OPERASIONAL KANTOR,,1027000,401910
4,10.101.004,— SILANG KAS,Lumiera Garden,2025-09-02,,"Permen, dll - Expo",60.104.001 OPERASIONAL KANTOR,,188600,213310
4,10.101.004,— SILANG KAS,Lumiera Garden,2025-09-04,,Reimburse Pak Roy (Top Up E-Toll - untuk Perjalanan Melayat),60.104.011 PERJALANAN DINAS,,15000,198310
4,10.101.004,— SILANG KAS,Lumiera Garden,2025-09-22,,Parkir EXPO MOG,60.104.001 OPERASIONAL KANTOR,,174400,23910
4,10.101.004,— SILANG KAS,Lumiera Garden,2025-09-26,Cash/Tunai,Pencairan Cek,10.101.002 CASH/TUNAI,,296000000,-295976090
4,10.101.004,— SILANG KAS,Lumiera Garden,2025-09-26,BCA PT. ASA,Tarikan Tunai,10.101.003 BCA (8162440909 an PT. Adhiland Sukses Abadi),296000000,,23910
4,10.101.004,— SILANG KAS,Lumiera Garden,2025-10-17,BCA PT. ASA,Budgeting Mas Andik Bensin & E-Toll (Kunjungan User - Jombang - Tim P. Verry),10.101.003 BCA (8162440909 an PT. Adhiland Sukses Abadi),400000,,423910
4,10.101.004,— SILANG KAS,Lumiera Garden,2025-10-17,,Bensin Pertamax (Kunjungan User - Jombang - Tim P. Verry),60.104.007 BENSIN OPERASIONAL,,290000,133910
4,10.101.004,— SILANG KAS,Lumiera Garden,2025-10-17,,Pompa Ban (Kunjungan User - Jombang - Tim P. Verry),60.104.001 OPERASIONAL KANTOR,,10000,123910
4,10.101.004,— SILANG KAS,Lumiera Garden,2025-10-17,,E-Toll (Kunjungan User - Jombang - Tim P. Verry),60.104.011 PERJALANAN DINAS,,100000,23910
4,10.101.004,— SILANG KAS,Lumiera Garden,2025-10-23,BCA PT. ASA,Budgeting Perabot Marketing Galeri / CRD,10.101.003 BCA (8162440909 an PT. Adhiland Sukses Abadi),5129000,,5152910
4,10.101.004,— SILANG KAS,Lumiera Garden,2025-10-24,Cash/Tunai,Pencairan Cek,10.101.002 CASH/TUNAI,,500000000,-494847090
4,10.101.004,— SILANG KAS,Lumiera Garden,2025-10-24,BCA PT. ASA,Tarikan Tunai,10.101.003 BCA (8162440909 an PT. Adhiland Sukses Abadi),500000000,,5152910
4,10.101.004,— SILANG KAS,Lumiera Garden,2025-10-25,Kas Kecil,Weekly Marcomm,10.101.001 KAS KECIL,250000,,5402910
4,10.101.004,— SILANG KAS,Lumiera Garden,2025-10-31,BCA PT. ASA,Budgeting CRD (Listrik Kawasan),10.101.003 BCA (8162440909 an PT. Adhiland Sukses Abadi),2006000,,7408910
4,10.101.004,— SILANG KAS,Lumiera Garden,2025-10-31,,Weekly Marcomm (25 Okt 2025),60.104.013 MEETING,,250000,7158910
4,10.101.004,— SILANG KAS,Lumiera Garden,2025-11-04,Kas Kecil,Pencairan Cek,10.101.001 KAS KECIL,,200000000,-192841090
4,10.101.004,— SILANG KAS,Lumiera Garden,2025-11-04,BCA PT. ASA,Tarikan Tunai (Cek 620438),10.101.003 BCA (8162440909 an PT. Adhiland Sukses Abadi),200000000,,7158910
4,10.101.004,— SILANG KAS,Lumiera Garden,2025-11-07,BCA PT. ASA,Budgeting Belanja Mineral Galeri Marketing,10.101.003 BCA (8162440909 an PT. Adhiland Sukses Abadi),1260000,,8418910
4,10.101.004,— SILANG KAS,Lumiera Garden,2025-11-11,,Perlengkapan Gallery Marketing (14 nota),60.104.001 OPERASIONAL KANTOR,,5129000,3289910
4,10.101.004,— SILANG KAS,Lumiera Garden,2025-11-13,Kas Kecil,Kembalian sisa dana belanja air mineral eternalplus,10.101.001 KAS KECIL,,45000,3244910
4,10.101.004,— SILANG KAS,Lumiera Garden,2025-11-13,BCA PT. ASA,Akomodasi Bondowoso,10.101.003 BCA (8162440909 an PT. Adhiland Sukses Abadi),900000,,4144910
4,10.101.004,— SILANG KAS,Lumiera Garden,2025-11-13,,Air Mineral Ternalplus 250ml (6 karton) + Parkir,60.104.001 OPERASIONAL KANTOR,,1215000,2929910
4,10.101.004,— SILANG KAS,Lumiera Garden,2025-11-18,BCA PT. ASA,"Akomodasi Mengantarkan Bapak"" DIreksi ke Juanda",10.101.003 BCA (8162440909 an PT. Adhiland Sukses Abadi),900000,,3829910
4,10.101.004,— SILANG KAS,Lumiera Garden,2025-11-20,Kas Kecil,Pegangan Novia,10.101.001 KAS KECIL,50000,,3879910
4,10.101.004,— SILANG KAS,Lumiera Garden,2025-11-20,,Pertamax Zenix (2 Nota) - Akomodasi Bondowosao,60.104.007 BENSIN OPERASIONAL,,540000,3339910
4,10.101.004,— SILANG KAS,Lumiera Garden,2025-11-20,,Top Up E-Toll - Akomodasi Bondowoso,60.104.011 PERJALANAN DINAS,,300000,3039910
4,10.101.004,— SILANG KAS,Lumiera Garden,2025-11-20,,Cuci Mobil Zenix - Akomodasi Bondowoso,60.104.001 OPERASIONAL KANTOR,,45000,2994910
4,10.101.004,— SILANG KAS,Lumiera Garden,2025-11-20,,Nitrogen Zenix - Akomodasi Bondowoso,60.104.001 OPERASIONAL KANTOR,,15000,2979910
4,10.101.004,— SILANG KAS,Lumiera Garden,2025-11-20,,"Pertamax Zenix - Akomodasi Juanda (Antar Bapak"" Direksi)",60.104.007 BENSIN OPERASIONAL,,265000,2714910
4,10.101.004,— SILANG KAS,Lumiera Garden,2025-11-20,,"Pertalite Avanza - Akomodasi Juanda (Antar Bapak"" Direksi)",60.104.007 BENSIN OPERASIONAL,,300000,2414910
4,10.101.004,— SILANG KAS,Lumiera Garden,2025-11-20,,"Top Up E-Toll (2 Nota) - Akomodasi Juanda (Antar Bapak"" Direksi)",60.104.011 PERJALANAN DINAS,,300000,2114910
4,10.101.004,— SILANG KAS,Lumiera Garden,2025-11-20,,"Cuci Mobil - Akomodasi Juanda (Antar Bapak"" Direksi)",60.104.001 OPERASIONAL KANTOR,,35000,2079910
4,10.101.004,— SILANG KAS,Lumiera Garden,2025-11-26,BCA PT. ASA,Bensin Pick Up (Pak Dian),10.101.003 BCA (8162440909 an PT. Adhiland Sukses Abadi),200000,,2279910
4,10.101.004,— SILANG KAS,Lumiera Garden,2025-11-28,Cash/Tunai,Pencairan Cek,10.101.002 CASH/TUNAI,,329170600,-326890690
4,10.101.004,— SILANG KAS,Lumiera Garden,2025-11-28,BCA PT. ASA,Tarikan Tunai,10.101.003 BCA (8162440909 an PT. Adhiland Sukses Abadi),329170600,,2279910
4,10.101.004,— SILANG KAS,Lumiera Garden,2025-11-29,Kas Kecil,Weekly Marcomm,10.101.001 KAS KECIL,150000,,2429910
4,10.101.004,— SILANG KAS,Lumiera Garden,2025-11-29,Kas Kecil,Pengembalian Sisa Dana Budgeting CRD (010825),10.101.001 KAS KECIL,,15000,2414910
4,10.101.004,— SILANG KAS,Lumiera Garden,2025-11-29,BCA PT. ASA,"Budgeting EXPO (air mineral, permen, tissu)",10.101.003 BCA (8162440909 an PT. Adhiland Sukses Abadi),1640000,,4054910
4,10.101.004,— SILANG KAS,Lumiera Garden,2025-11-29,BCA PT. ASA,Akomodasi Direksi (Jemput dari Juanda),10.101.003 BCA (8162440909 an PT. Adhiland Sukses Abadi),900000,,4954910
4,10.101.004,— SILANG KAS,Lumiera Garden,2025-11-29,,Listrik Kawasan (31/10/25),60.104.003 TOKEN PLN,,2006000,2948910
4,10.101.004,— SILANG KAS,Lumiera Garden,2025-12-02,Kas Kecil,Kembalian sisa dana belanja kebutuhan EXPO,10.101.001 KAS KECIL,,142500,2806410
4,10.101.004,— SILANG KAS,Lumiera Garden,2025-12-02,Kas Kecil,Pegangan Novia,10.101.001 KAS KECIL,50000,,2856410
4,10.101.004,— SILANG KAS,Lumiera Garden,2025-12-02,BCA PT. ASA,Budgeting CRD (Listrik Kawasan),10.101.003 BCA (8162440909 an PT. Adhiland Sukses Abadi),2006000,,4862410
4,10.101.004,— SILANG KAS,Lumiera Garden,2025-12-02,,"MInuman E+ 250ml, Kunir Asem, Tissue, Permen",60.104.001 OPERASIONAL KANTOR,,1297500,3564910
4,10.101.004,— SILANG KAS,Lumiera Garden,2025-12-02,,Pengharum Mobil - Parfum Glate,60.104.001 OPERASIONAL KANTOR,,100000,3464910
4,10.101.004,— SILANG KAS,Lumiera Garden,2025-12-02,,Bensin Avanza (Untuk Keliling Belanja),60.104.007 BENSIN OPERASIONAL,,100000,3364910
4,10.101.004,— SILANG KAS,Lumiera Garden,2025-12-02,,"Pertamax Zenix - Akomodasi Juanda (Jemput Bapak"" Direksi)",60.104.007 BENSIN OPERASIONAL,,300000,3064910
4,10.101.004,— SILANG KAS,Lumiera Garden,2025-12-02,,"Pertamax Avanza - Akomodasi Juanda (Jemput Bapak"" Direksi)",60.104.007 BENSIN OPERASIONAL,,300000,2764910
4,10.101.004,— SILANG KAS,Lumiera Garden,2025-12-02,,"Top Up E-Toll (2 Nota) - Akomodasi Juanda (Jemput Bapak"" Direksi)",60.104.011 PERJALANAN DINAS,,300000,2464910
4,10.101.004,— SILANG KAS,Lumiera Garden,2025-12-02,,Aqua Galon (2pcs) & Gula,60.104.001 OPERASIONAL KANTOR,,50000,2414910
4,10.101.004,— SILANG KAS,Lumiera Garden,2025-12-02,,Bensin Pick Up (Pegangan Pak Dian 26/11/25),60.104.007 BENSIN OPERASIONAL,,150000,2264910
4,10.101.004,— SILANG KAS,Lumiera Garden,2025-12-02,,Bensin Mesin Potong Rumput (Pegangan Pak Dian 26/11/25),60.104.001 OPERASIONAL KANTOR,,50000,2214910
4,10.101.004,— SILANG KAS,Lumiera Garden,2025-12-03,,Weekly Marcomm,60.104.013 MEETING,,150000,2064910
4,10.101.004,— SILANG KAS,Lumiera Garden,2025-12-04,Kas Kecil,Pencairan Cek,10.101.001 KAS KECIL,,450000000,-447935090
4,10.101.004,— SILANG KAS,Lumiera Garden,2025-12-04,Kas Kecil,Pencairan Cek,10.101.001 KAS KECIL,,80000000,-527935090
4,10.101.004,— SILANG KAS,Lumiera Garden,2025-12-04,Kas Kecil,Pegangan Mas Andik (Kebutuhan Expo - Parkir & Bensin),10.101.001 KAS KECIL,1000000,,-526935090
4,10.101.004,— SILANG KAS,Lumiera Garden,2025-12-04,BCA PT. ASA,Tarikan Tunai,10.101.003 BCA (8162440909 an PT. Adhiland Sukses Abadi),80000000,,-446935090
4,10.101.004,— SILANG KAS,Lumiera Garden,2025-12-04,BCA PT. ASA,Tarikan Tunai,10.101.003 BCA (8162440909 an PT. Adhiland Sukses Abadi),450000000,,3064910
4,10.101.004,— SILANG KAS,Lumiera Garden,2025-12-05,Kas Kecil,Pencairan Cek,10.101.001 KAS KECIL,,37200000,-34135090
4,10.101.004,— SILANG KAS,Lumiera Garden,2025-12-05,BCA PT. ASA,Tarikan Tunai,10.101.003 BCA (8162440909 an PT. Adhiland Sukses Abadi),37200000,,3064910
4,10.101.004,— SILANG KAS,Lumiera Garden,2025-12-05,BCA PT. ASA,Budgeting CRD (Kebutuhan Insidentil),10.101.003 BCA (8162440909 an PT. Adhiland Sukses Abadi),200000,,3264910
4,10.101.004,— SILANG KAS,Lumiera Garden,2025-12-05,,Bensin BP Zenix,60.104.007 BENSIN OPERASIONAL,,500000,2764910
4,10.101.004,— SILANG KAS,Lumiera Garden,2025-12-10,Kas Kecil,Pegangan Mas Andik (Bensin Zenix),10.101.001 KAS KECIL,350000,,3114910
4,10.101.004,— SILANG KAS,Lumiera Garden,2025-12-11,Kas Kecil,Kembalian sisa dana pegangan Novia (021225),10.101.001 KAS KECIL,,33000,3081910
4,10.101.004,— SILANG KAS,Lumiera Garden,2025-12-11,,Gula,60.104.001 OPERASIONAL KANTOR,,17000,3064910
4,10.101.004,— SILANG KAS,Lumiera Garden,2025-12-12,BCA PT. ASA,Budgeting CRD (Listrik Kawasan),10.101.003 BCA (8162440909 an PT. Adhiland Sukses Abadi),2006000,,5070910
4,10.101.004,— SILANG KAS,Lumiera Garden,2025-12-13,Kas Kecil,Pengembalian sisa dana (Get Contact / 200325),10.101.001 KAS KECIL,,8910,5062000
4,10.101.004,— SILANG KAS,Lumiera Garden,2025-12-16,Kas Kecil,Pengembalian sisa dana (kebutuhan EXPO / 041225),10.101.001 KAS KECIL,,12500,5049500
4,10.101.004,— SILANG KAS,Lumiera Garden,2025-12-16,,Parkir EXPO MOG (18 Nota),60.104.001 OPERASIONAL KANTOR,,211000,4838500
4,10.101.004,— SILANG KAS,Lumiera Garden,2025-12-16,,Bensin Zenix,60.104.007 BENSIN OPERASIONAL,,100000,4738500
4,10.101.004,— SILANG KAS,Lumiera Garden,2025-12-16,,Cuci Mobil Zenix (2 Nota),60.104.001 OPERASIONAL KANTOR,,95000,4643500
4,10.101.004,— SILANG KAS,Lumiera Garden,2025-12-16,,Kebutuhan Kamar Mandi Galeri & Galon (4 Nota),60.104.001 OPERASIONAL KANTOR,,81500,4562000
4,10.101.004,— SILANG KAS,Lumiera Garden,2025-12-16,,Pertamax Zenix (3 Nota),60.104.007 BENSIN OPERASIONAL,,350000,4212000
4,10.101.004,— SILANG KAS,Lumiera Garden,2025-12-24,Kas Kecil,Pencairan Cek,10.101.001 KAS KECIL,,350000000,-345788000
4,10.101.004,— SILANG KAS,Lumiera Garden,2025-12-24,BCA PT. ASA,Tarikan Tunai,10.101.003 BCA (8162440909 an PT. Adhiland Sukses Abadi),350000000,,4212000
4,10.101.004,— SILANG KAS,Lumiera Garden,2025-12-27,Kas Kecil,Pengembalian sisa dana budgeting (051225),10.101.001 KAS KECIL,,21700,4190300
4,10.101.004,— SILANG KAS,Lumiera Garden,2025-12-27,,"LPJ 3Kg, Pupuk, Superpell, Stella",60.104.001 OPERASIONAL KANTOR,,178300,4012000
4,10.101.004,— SILANG KAS,Lumiera Garden,2025-12-27,,Listrik Kawasan (2 & 14 Des 2025),60.104.003 TOKEN PLN,,4012000,0
4,10.101.004,— SILANG KAS,Subtotal / Saldo Akhir,,,,,0,0,0
5,10.102.010,— PIUTANG SIGURA-GURA,Saldo Awal,,,,,,,0
5,10.102.010,— PIUTANG SIGURA-GURA,Lumiera Garden,2024-12-24,,Pinjaman untuk Sigura-Gura (Termin Tanah Ahmed),10.101.002 CASH/TUNAI,400000000,,400000000
5,10.102.010,— PIUTANG SIGURA-GURA,Lumiera Garden,2024-12-27,,Pinjaman untuk Sigura-Gura (Progress Pembangunan B-2),10.101.002 CASH/TUNAI,305000000,,705000000
5,10.102.010,— PIUTANG SIGURA-GURA,Lumiera Garden,2024-12-30,,Pinjaman untuk Sigura-Gura (Progress Pembangunan A-7),10.101.002 CASH/TUNAI,227000000,,932000000
5,10.102.010,— PIUTANG SIGURA-GURA,Lumiera Garden,2024-12-31,BCA PT. ASA,Pinjaman untuk Sigura-Gura (Angsuran BJS),10.101.003 BCA (8162440909 an PT. Adhiland Sukses Abadi),53776715,,985776715
5,10.102.010,— PIUTANG SIGURA-GURA,Lumiera Garden,2025-01-03,Cash/Tunai,Pinjaman untuk Sigura-Gura (DP Furniture B05 & Reimburse Pak Adhi),10.101.002 CASH/TUNAI,22730000,,1008506715
5,10.102.010,— PIUTANG SIGURA-GURA,Lumiera Garden,2025-01-06,Cash/Tunai,Pinjaman untuk Sigura-Gura (Pembelian AC B05),10.101.002 CASH/TUNAI,27000000,,1035506715
5,10.102.010,— PIUTANG SIGURA-GURA,Lumiera Garden,2025-01-08,Kas Kecil,Pinjaman untuk Sigura-Gura (Exhaust Fan Kavling B05),10.101.001 KAS KECIL,3150000,,1038656715
5,10.102.010,— PIUTANG SIGURA-GURA,Lumiera Garden,2025-01-10,Cash/Tunai,Pinjaman untuk Sigura-gura (Reimburse Pak Rula - Smartlock B05),10.101.002 CASH/TUNAI,3000000,,1041656715
5,10.102.010,— PIUTANG SIGURA-GURA,Lumiera Garden,2025-01-18,Cash/Tunai,Pinjaman untuk Sigura-gura (Pengembalian Hutang Pak Sam),10.101.002 CASH/TUNAI,1212500000,,2254156715
5,10.102.010,— PIUTANG SIGURA-GURA,Lumiera Garden,2025-01-20,Cash/Tunai,Pinjaman untuk Sigura-gura (Belanja Kebutuhan A07 & Budgeting CRD),10.101.002 CASH/TUNAI,10000000,,2264156715
5,10.102.010,— PIUTANG SIGURA-GURA,Lumiera Garden,2025-01-22,Cash/Tunai,Pinjaman untuk Sigura-Gura (Sumur Bor B05),10.101.002 CASH/TUNAI,950000,,2265106715
5,10.102.010,— PIUTANG SIGURA-GURA,Lumiera Garden,2025-01-24,Cash/Tunai,Pinjaman untuk Sigura-Gura (Pembayaran Pengajuan 240125),10.101.002 CASH/TUNAI,73900000,,2339006715
5,10.102.010,— PIUTANG SIGURA-GURA,Lumiera Garden,2025-01-31,Cash/Tunai,Pinjaman untuk Sigura-Gura (Pengembalian Dana Investor Nanang),10.101.002 CASH/TUNAI,100000000,,2439006715
5,10.102.010,— PIUTANG SIGURA-GURA,Lumiera Garden,2025-02-07,Cash/Tunai,Pinjaman untuk Sigura-gura (Survei SLF),10.101.002 CASH/TUNAI,2000000,,2441006715
5,10.102.010,— PIUTANG SIGURA-GURA,Lumiera Garden,2025-02-14,Cash/Tunai,Pinjaman untuk Sigura-Gura (Reimburse Pak Adhi & PBB 2025),10.101.002 CASH/TUNAI,10500000,,2451506715
5,10.102.010,— PIUTANG SIGURA-GURA,Lumiera Garden,2025-02-21,Kas Kecil,Pengembalian Hutang dari Sigura-Gura,10.101.001 KAS KECIL,,508000,2450998715
5,10.102.010,— PIUTANG SIGURA-GURA,Lumiera Garden,2025-03-01,Kas Kecil,Pengembalian Hutang dari Sigura-Gura,10.101.001 KAS KECIL,,5000000,2445998715
5,10.102.010,— PIUTANG SIGURA-GURA,Lumiera Garden,2025-03-01,Kas Kecil,Pengembalian Hutang dari Sigura-Gura,10.101.001 KAS KECIL,,127000,2445871715
5,10.102.010,— PIUTANG SIGURA-GURA,Lumiera Garden,2025-03-07,Cash/Tunai,Pengembalian Hutang dari Sigura-Gura,10.101.002 CASH/TUNAI,,100400000,2345471715
5,10.102.010,— PIUTANG SIGURA-GURA,Lumiera Garden,2025-03-14,Kas Kecil,Pengembalian Hutang dari Sigura-Gura,10.101.001 KAS KECIL,,127000000,2218471715
5,10.102.010,— PIUTANG SIGURA-GURA,Lumiera Garden,2025-03-26,Cash/Tunai,Pengembalian Hutang dari Sigura-Gura,10.101.002 CASH/TUNAI,,100000000,2118471715
5,10.102.010,— PIUTANG SIGURA-GURA,Lumiera Garden,2025-03-26,Kas Kecil,Pengembalian Hutang dari Sigura-Gura,10.101.001 KAS KECIL,,1515000,2116956715
5,10.102.010,— PIUTANG SIGURA-GURA,Lumiera Garden,2025-03-27,Kas Kecil,Pengembalian Hutang dari Sigura-Gura,10.101.001 KAS KECIL,,530000,2116426715
5,10.102.010,— PIUTANG SIGURA-GURA,Lumiera Garden,2025-04-11,Cash/Tunai,Pinjaman untuk Sigura-Gura (TTD Fasum - bu Nadia),10.101.002 CASH/TUNAI,1000000,,2117426715
5,10.102.010,— PIUTANG SIGURA-GURA,Lumiera Garden,2025-04-21,Kas Kecil,Pengembalian Hutang dari Sigura-Gura,10.101.001 KAS KECIL,,846400,2116580315
5,10.102.010,— PIUTANG SIGURA-GURA,Lumiera Garden,2025-04-29,Kas Kecil,Pengembalian Hutang dari Sigura-Gura,10.101.001 KAS KECIL,,2000300000,116280315
5,10.102.010,— PIUTANG SIGURA-GURA,Lumiera Garden,2025-05-01,Cash/Tunai,Pengembalian Hutang dari Sigura-Gura,10.101.002 CASH/TUNAI,,2400000,113880315
5,10.102.010,— PIUTANG SIGURA-GURA,Lumiera Garden,2025-05-02,BCA PT. ASA,Pinjaman untuk Sigura-gura (Perawatan Taman & Penggantian Tanaman Communal),10.101.003 BCA (8162440909 an PT. Adhiland Sukses Abadi),2400000,,116280315
5,10.102.010,— PIUTANG SIGURA-GURA,Lumiera Garden,2025-06-03,Cash/Tunai,Pengembalian Hutang dari Sigura-Gura,10.101.002 CASH/TUNAI,,50000000,66280315
5,10.102.010,— PIUTANG SIGURA-GURA,Lumiera Garden,2025-06-04,Kas Kecil,Pengembalian Hutang dari Sigura-Gura,10.101.001 KAS KECIL,,19000,66261315
5,10.102.010,— PIUTANG SIGURA-GURA,Lumiera Garden,2025-06-05,Kas Kecil,Pengembalian Hutang dari Sigura-Gura,10.101.001 KAS KECIL,,2000000,64261315
5,10.102.010,— PIUTANG SIGURA-GURA,Lumiera Garden,2025-06-13,Kas Kecil,Pengembalian Hutang dari Sigura-Gura,10.101.001 KAS KECIL,,3500000,60761315
5,10.102.010,— PIUTANG SIGURA-GURA,Lumiera Garden,2025-06-26,Kas Kecil,Pengembalian Hutang dari Sigura-Gura,10.101.001 KAS KECIL,,39002500,21758815
5,10.102.010,— PIUTANG SIGURA-GURA,Lumiera Garden,2025-07-01,Kas Kecil,Pengembalian Hutang dari Sigura-Gura,10.101.001 KAS KECIL,,21400000,358815
5,10.102.010,— PIUTANG SIGURA-GURA,Subtotal / Saldo Akhir,,,,,0,0,358815
6,10.102.011,— PIUTANG KARYAWAN,Saldo Awal,,,,,,,0
6,10.102.011,— PIUTANG KARYAWAN,Lumiera Garden,2025-04-19,BCA PT. ASA,Kas Bon Karyawan (Security / Della Herman Wahyudi),10.101.003 BCA (8162440909 an PT. Adhiland Sukses Abadi),400000,,400000
6,10.102.011,— PIUTANG KARYAWAN,Lumiera Garden,2025-04-19,BCA PT. ASA,Kas Bon Karyawan (OB / Andik Sutrisno),10.101.003 BCA (8162440909 an PT. Adhiland Sukses Abadi),3000000,,3400000
6,10.102.011,— PIUTANG KARYAWAN,Lumiera Garden,2025-05-01,,Potongan Kas Bon Karyawan bulan April (Security / Dela Herman),60.102.001 GAJI KARYAWAN TETAP,,200000,3200000
6,10.102.011,— PIUTANG KARYAWAN,Lumiera Garden,2025-05-01,,Potongan Kas Bon Karyawan bulan April (OB / Andik),60.102.001 GAJI KARYAWAN TETAP,,500000,2700000
6,10.102.011,— PIUTANG KARYAWAN,Lumiera Garden,2025-05-09,BCA PT. ASA,Kas Bon Karyawan,10.101.003 BCA (8162440909 an PT. Adhiland Sukses Abadi),6000000,,8700000
6,10.102.011,— PIUTANG KARYAWAN,Lumiera Garden,2025-05-09,BCA PT. ASA,Kas Bon Karyawan,10.101.003 BCA (8162440909 an PT. Adhiland Sukses Abadi),50000000,,58700000
6,10.102.011,— PIUTANG KARYAWAN,Lumiera Garden,2025-05-16,BCA PT. ASA,Kas Bon Karyawan - Security,10.101.003 BCA (8162440909 an PT. Adhiland Sukses Abadi),3000000,,61700000
6,10.102.011,— PIUTANG KARYAWAN,Lumiera Garden,2025-06-01,,Potongan Kas Bon Karyawan bulan Mei (Security / Dela Herman),60.102.001 GAJI KARYAWAN TETAP,,200000,61500000
6,10.102.011,— PIUTANG KARYAWAN,Lumiera Garden,2025-06-01,,Potongan Kas Bon Karyawan bulan Mei (Security / Dian Nuri),60.102.001 GAJI KARYAWAN TETAP,,500000,61000000
6,10.102.011,— PIUTANG KARYAWAN,Lumiera Garden,2025-06-01,,Potongan Kas Bon Karyawan bulan Mei (OB / Andik),60.102.001 GAJI KARYAWAN TETAP,,500000,60500000
6,10.102.011,— PIUTANG KARYAWAN,Lumiera Garden,2025-06-26,BCA PT. ASA,Kas Bon Karyawan - Security (Della Herman),10.101.003 BCA (8162440909 an PT. Adhiland Sukses Abadi),3000000,,63500000
6,10.102.011,— PIUTANG KARYAWAN,Lumiera Garden,2025-07-01,,Potongan Kas Bon Karyawan bulan Juni (Security / Dian Nuri),60.102.001 GAJI KARYAWAN TETAP,,500000,63000000
6,10.102.011,— PIUTANG KARYAWAN,Lumiera Garden,2025-07-01,,Potongan Kas Bon Karyawan bulan Juni (OB / Andik),60.102.001 GAJI KARYAWAN TETAP,,500000,62500000
6,10.102.011,— PIUTANG KARYAWAN,Lumiera Garden,2025-07-01,,Potongan Kas Bon Karyawan bulan Juni (Security / Dela Herman),60.102.001 GAJI KARYAWAN TETAP,,500000,62000000
6,10.102.011,— PIUTANG KARYAWAN,Lumiera Garden,2025-07-29,BCA PT. ASA,Kas Bon Karyawan (OB / Andik Sutrisno),10.101.003 BCA (8162440909 an PT. Adhiland Sukses Abadi),500000,,62500000
6,10.102.011,— PIUTANG KARYAWAN,Lumiera Garden,2025-08-01,,Potongan Kas Bon Karyawan bulan Juli (OB / Andik),60.102.001 GAJI KARYAWAN TETAP,,500000,62000000
6,10.102.011,— PIUTANG KARYAWAN,Lumiera Garden,2025-08-01,,Potongan Kas Bon Karyawan bulan Juli (Security / Dian Nuri),60.102.001 GAJI KARYAWAN TETAP,,500000,61500000
6,10.102.011,— PIUTANG KARYAWAN,Lumiera Garden,2025-08-01,,Potongan Kas Bon Karyawan bulan Juli (Security / Dela Herman),60.102.001 GAJI KARYAWAN TETAP,,500000,61000000
6,10.102.011,— PIUTANG KARYAWAN,Lumiera Garden,2025-08-15,BCA PT. ASA,Kas Bon Karyawan (Direksi/ Pak Dedy),10.101.003 BCA (8162440909 an PT. Adhiland Sukses Abadi),80000000,,141000000
6,10.102.011,— PIUTANG KARYAWAN,Lumiera Garden,2025-08-15,BCA PT. ASA,Kas Bon Karyawan (Marketing / Silvia),10.101.003 BCA (8162440909 an PT. Adhiland Sukses Abadi),2000000,,143000000
6,10.102.011,— PIUTANG KARYAWAN,Lumiera Garden,2025-09-01,,Potongan Kas Bon Karyawan bulan Agustus (OB / Andik),60.102.001 GAJI KARYAWAN TETAP,,500000,142500000
6,10.102.011,— PIUTANG KARYAWAN,Lumiera Garden,2025-09-01,,Potongan Kas Bon Karyawan bulan Agustus (Security / Dian Nuri),60.102.001 GAJI KARYAWAN TETAP,,500000,142000000
6,10.102.011,— PIUTANG KARYAWAN,Lumiera Garden,2025-09-01,,Potongan Kas Bon Karyawan bulan Agustus (Security / Dela Herman),60.102.001 GAJI KARYAWAN TETAP,,500000,141500000
6,10.102.011,— PIUTANG KARYAWAN,Lumiera Garden,2025-09-01,,Potongan Kas Bon Karyawan bulan Agustus (Security / Yusuf Efendi),60.102.001 GAJI KARYAWAN TETAP,,200000,141300000
6,10.102.011,— PIUTANG KARYAWAN,Lumiera Garden,2025-09-01,,Potongan Kas Bon Karyawan bulan Agustus (Marketing / Silvi),60.102.001 GAJI KARYAWAN TETAP,,333333,140966667
6,10.102.011,— PIUTANG KARYAWAN,Lumiera Garden,2025-09-01,,Potongan Kas Bon Karyawan bulan Agustus (Direksi / Dedy Nazarudin),60.102.001 GAJI KARYAWAN TETAP,,500000,140466667
6,10.102.011,— PIUTANG KARYAWAN,Lumiera Garden,2025-09-12,BCA PT. ASA,Kas Bon Karyawan (Security / Sudjarno),10.101.003 BCA (8162440909 an PT. Adhiland Sukses Abadi),3000000,,143466667
6,10.102.011,— PIUTANG KARYAWAN,Lumiera Garden,2025-10-01,,Potongan Kas Bon Karyawan bulan September (OB / Andik),60.102.001 GAJI KARYAWAN TETAP,,500000,142966667
6,10.102.011,— PIUTANG KARYAWAN,Lumiera Garden,2025-10-01,,Potongan Kas Bon Karyawan bulan September (Security / Dian Nuri),60.102.001 GAJI KARYAWAN TETAP,,500000,142466667
6,10.102.011,— PIUTANG KARYAWAN,Lumiera Garden,2025-10-01,,Potongan Kas Bon Karyawan bulan September (Security / Dela Herman),60.102.001 GAJI KARYAWAN TETAP,,500000,141966667
6,10.102.011,— PIUTANG KARYAWAN,Lumiera Garden,2025-10-01,,Potongan Kas Bon Karyawan bulan September (Security / Yusuf Efendi),60.102.001 GAJI KARYAWAN TETAP,,250000,141716667
6,10.102.011,— PIUTANG KARYAWAN,Lumiera Garden,2025-10-01,,Potongan Kas Bon Karyawan bulan September (Marketing / Silvi),60.102.001 GAJI KARYAWAN TETAP,,333333,141383334
6,10.102.011,— PIUTANG KARYAWAN,Lumiera Garden,2025-10-01,,Potongan Kas Bon Karyawan bulan September (Direksi / Dedy Nazarudin),60.102.001 GAJI KARYAWAN TETAP,,500000,140883334
6,10.102.011,— PIUTANG KARYAWAN,Lumiera Garden,2025-10-01,,Potongan Kas Bon Karyawan bulan September (Umum / Sudjarno),60.102.001 GAJI KARYAWAN TETAP,,300000,140583334
6,10.102.011,— PIUTANG KARYAWAN,Lumiera Garden,2025-10-10,BCA PT. ASA,Kas Bon Karyawan (Security / Yossy),10.101.003 BCA (8162440909 an PT. Adhiland Sukses Abadi),1000000,,141583334
6,10.102.011,— PIUTANG KARYAWAN,Lumiera Garden,2025-10-24,BCA PT. ASA,Kas Bon Karyawan (Security / Suliaji),10.101.003 BCA (8162440909 an PT. Adhiland Sukses Abadi),600000,,142183334
6,10.102.011,— PIUTANG KARYAWAN,Lumiera Garden,2025-11-01,,Potongan Kas Bon Karyawan bulan Oktober (Security / Dian Nuri),60.102.001 GAJI KARYAWAN TETAP,,500000,141683334
6,10.102.011,— PIUTANG KARYAWAN,Lumiera Garden,2025-11-01,,Potongan Kas Bon Karyawan bulan Oktober (Security / Yusuf Efendi),60.102.001 GAJI KARYAWAN TETAP,,250000,141433334
6,10.102.011,— PIUTANG KARYAWAN,Lumiera Garden,2025-11-01,,Potongan Kas Bon Karyawan bulan Oktober (Security / Dela Herman),60.102.001 GAJI KARYAWAN TETAP,,500000,140933334
6,10.102.011,— PIUTANG KARYAWAN,Lumiera Garden,2025-11-01,,Potongan Kas Bon Karyawan bulan Oktober (OB / Andik),60.102.001 GAJI KARYAWAN TETAP,,500000,140433334
6,10.102.011,— PIUTANG KARYAWAN,Lumiera Garden,2025-11-01,,Potongan Kas Bon Karyawan bulan Oktober (Direksi / Dedy Nazarudin),60.102.001 GAJI KARYAWAN TETAP,,500000,139933334
6,10.102.011,— PIUTANG KARYAWAN,Lumiera Garden,2025-11-01,,Potongan Kas Bon Karyawan bulan Oktober (Marketing / Silvi),60.102.001 GAJI KARYAWAN TETAP,,333333,139600001
6,10.102.011,— PIUTANG KARYAWAN,Lumiera Garden,2025-11-01,,Potongan Kas Bon Karyawan bulan Oktober (Umum / Sudjarno),60.102.001 GAJI KARYAWAN TETAP,,300000,139300001
6,10.102.011,— PIUTANG KARYAWAN,Lumiera Garden,2025-11-01,,Potongan Kas Bon Karyawan bulan Oktober (Security / Yossi),60.102.001 GAJI KARYAWAN TETAP,,200000,139100001
6,10.102.011,— PIUTANG KARYAWAN,Lumiera Garden,2025-11-01,,Potongan Kas Bon Karyawan bulan Oktober (Security / Suliaji),60.102.001 GAJI KARYAWAN TETAP,,300000,138800001
6,10.102.011,— PIUTANG KARYAWAN,Lumiera Garden,2025-11-10,BCA PT. ASA,Kas Bon Karyawan (Security / Dian Nuri),10.101.003 BCA (8162440909 an PT. Adhiland Sukses Abadi),1500000,,140300001
6,10.102.011,— PIUTANG KARYAWAN,Lumiera Garden,2025-11-14,BCA PT. ASA,Kas Bon Karyawan (Umum / Sukamto),10.101.003 BCA (8162440909 an PT. Adhiland Sukses Abadi),1000000,,141300001
6,10.102.011,— PIUTANG KARYAWAN,Lumiera Garden,2025-11-28,BCA PT. ASA,Kas Bon Karyawan (Wira / Marketing),10.101.003 BCA (8162440909 an PT. Adhiland Sukses Abadi),10000000,,151300001
6,10.102.011,— PIUTANG KARYAWAN,Lumiera Garden,2025-12-01,,Potongan Kas Bon Karyawan bulan November (Security / Dian Nuri),60.102.001 GAJI KARYAWAN TETAP,,500000,150800001
6,10.102.011,— PIUTANG KARYAWAN,Lumiera Garden,2025-12-01,,Potongan Kas Bon Karyawan bulan November (Security / Yusuf Efendi),60.102.001 GAJI KARYAWAN TETAP,,250000,150550001
6,10.102.011,— PIUTANG KARYAWAN,Lumiera Garden,2025-12-01,,Potongan Kas Bon Karyawan bulan November (Security / Dela Herman),60.102.001 GAJI KARYAWAN TETAP,,500000,150050001
6,10.102.011,— PIUTANG KARYAWAN,Lumiera Garden,2025-12-01,,Potongan Kas Bon Karyawan bulan November (Direksi / Dedy Nazarudin),60.102.001 GAJI KARYAWAN TETAP,,500000,149550001
6,10.102.011,— PIUTANG KARYAWAN,Lumiera Garden,2025-12-01,,Potongan Kas Bon Karyawan bulan November (Marketing / Silvi),60.102.001 GAJI KARYAWAN TETAP,,333333,149216668
6,10.102.011,— PIUTANG KARYAWAN,Lumiera Garden,2025-12-01,,Potongan Kas Bon Karyawan bulan November (Umum / Sudjarno),60.102.001 GAJI KARYAWAN TETAP,,300000,148916668
6,10.102.011,— PIUTANG KARYAWAN,Lumiera Garden,2025-12-01,,Potongan Kas Bon Karyawan bulan November (Security / Yossi),60.102.001 GAJI KARYAWAN TETAP,,200000,148716668
6,10.102.011,— PIUTANG KARYAWAN,Lumiera Garden,2025-12-01,,Potongan Kas Bon Karyawan bulan November (Security / Suliaji),60.102.001 GAJI KARYAWAN TETAP,,300000,148416668
6,10.102.011,— PIUTANG KARYAWAN,Lumiera Garden,2025-12-01,,Potongan Kas Bon Karyawan bulan November (Umum / Sukamto),60.102.001 GAJI KARYAWAN TETAP,,200000,148216668
6,10.102.011,— PIUTANG KARYAWAN,Lumiera Garden,2025-12-01,,Potongan Kas Bon Karyawan bulan November (Marketing / Wira),60.102.001 GAJI KARYAWAN TETAP,,1000000,147216668
6,10.102.011,— PIUTANG KARYAWAN,Lumiera Garden,2025-12-12,BCA PT. ASA,Kas Bon Karyawan (Dian Priyanto / Umum),10.101.003 BCA (8162440909 an PT. Adhiland Sukses Abadi),3000000,,150216668
6,10.102.011,— PIUTANG KARYAWAN,Subtotal / Saldo Akhir,,,,,0,0,150216668
7,10.102.012,— PIUTANG PERMATA JINGGA,Saldo Awal,,,,,,,0
7,10.102.012,— PIUTANG PERMATA JINGGA,Lumiera Garden,2024-12-31,,Pinjaman untuk Joyo Agung 2 (Gaji Karyawan),10.101.001 KAS KECIL,7500000,,7500000
7,10.102.012,— PIUTANG PERMATA JINGGA,Lumiera Garden,2024-12-31,,Pengembalian Hutang dari Joyo Agung 2,10.101.002 CASH/TUNAI,,7500000,0
7,10.102.012,— PIUTANG PERMATA JINGGA,Lumiera Garden,2025-01-21,Cash/Tunai,Pinjaman untuk Joyo Agung (Komisi RK-01),10.101.002 CASH/TUNAI,10000000,,10000000
7,10.102.012,— PIUTANG PERMATA JINGGA,Lumiera Garden,2025-02-07,Cash/Tunai,Pinjaman untuk Joyo Agung (Bayar Termin Tanah + Profit),10.101.002 CASH/TUNAI,487000000,,497000000
7,10.102.012,— PIUTANG PERMATA JINGGA,Lumiera Garden,2025-02-14,Cash/Tunai,Pinjaman untuk Joyo Agung (Komisaris),10.101.002 CASH/TUNAI,50000000,,547000000
7,10.102.012,— PIUTANG PERMATA JINGGA,Lumiera Garden,2025-02-18,Kas Kecil,Pengembalian Hutang dari Joyo Agung 2,10.101.001 KAS KECIL,,547000000,0
7,10.102.012,— PIUTANG PERMATA JINGGA,Subtotal / Saldo Akhir,,,,,0,0,0
8,10.102.013,— PIUTANG LUMIERA GARDEN,Saldo Awal,,,,,,,0
8,10.102.013,— PIUTANG LUMIERA GARDEN,Lumiera Garden,2025-08-21,Kas Kecil,"Pinjaman Manajamen Kost (Cetak Tata Tertib & Nomor"" Penting)",10.101.001 KAS KECIL,8600,,8600
8,10.102.013,— PIUTANG LUMIERA GARDEN,Lumiera Garden,2025-08-21,,"Pinjaman Manajamen Kost (Cetak Tata Tertib & Nomor"" Penting)",60.104.001 OPERASIONAL KANTOR,25800,,34400
8,10.102.013,— PIUTANG LUMIERA GARDEN,Subtotal / Saldo Akhir,,,,,0,0,34400
9,10.102.999,— PIUTANG LAINNYA,Saldo Awal,,,,,,,0
9,10.102.999,— PIUTANG LAINNYA,Lumiera Garden,2025-02-14,BCA PT. ASA,Reimburse Pak Rula (Pembelian Keramik & Lampu Lt.3),10.101.003 BCA (8162440909 an PT. Adhiland Sukses Abadi),589270,,589270
9,10.102.999,— PIUTANG LAINNYA,Lumiera Garden,2025-02-14,,Piutang Pemilik Ruko Suhat (Reimburse Pak Rula-Pembelian Keramik & Lampu Lt.3),11.102.001 PERALATAN TEKNIK,479230,,1068500
9,10.102.999,— PIUTANG LAINNYA,Subtotal / Saldo Akhir,,,,,0,0,1068500
10,10.201.001,— PERSEDIAAN TANAH,Saldo Awal,,,,,,,0
10,10.201.001,— PERSEDIAAN TANAH,Lumiera Garden,2024-10-30,,Pembayaran DP Tanah,10.101.001 KAS KECIL,1000000000,,1000000000
10,10.201.001,— PERSEDIAAN TANAH,Lumiera Garden,2025-01-30,Kas Kecil,Pembayaran Termin Tanah Tohrengga,10.101.001 KAS KECIL,650000000,,1650000000
10,10.201.001,— PERSEDIAAN TANAH,Lumiera Garden,2025-01-30,BCA PT. ASA,Pembayaran Termin Tanah - Ingrid Permata Les,10.101.003 BCA (8162440909 an PT. Adhiland Sukses Abadi),200000000,,1850000000
10,10.201.001,— PERSEDIAAN TANAH,Lumiera Garden,2025-01-30,BCA PT. ASA,Pembayaran Termin Tanah Toherengga Islah KA,10.101.003 BCA (8162440909 an PT. Adhiland Sukses Abadi),250000000,,2100000000
10,10.201.001,— PERSEDIAAN TANAH,Lumiera Garden,2025-01-30,BCA PT. ASA,Pembayaran Termin Tanah Toherengga Islah KA,10.101.003 BCA (8162440909 an PT. Adhiland Sukses Abadi),250000000,,2350000000
10,10.201.001,— PERSEDIAAN TANAH,Lumiera Garden,2025-01-30,BCA PT. ASA,Pembayaran Termin Tanah Toherengga Islah KA,10.101.003 BCA (8162440909 an PT. Adhiland Sukses Abadi),150000000,,2500000000
10,10.201.001,— PERSEDIAAN TANAH,Lumiera Garden,2025-02-18,Kas Kecil,Pembayaran Termin Tanah - Inggrid Permata Lestari,10.101.001 KAS KECIL,600000000,,3100000000
10,10.201.001,— PERSEDIAAN TANAH,Lumiera Garden,2025-02-18,Cash/Tunai,Pembayaran Termin Tanah - Inggrid Permata Lestari,10.101.002 CASH/TUNAI,200000000,,3300000000
10,10.201.001,— PERSEDIAAN TANAH,Lumiera Garden,2025-02-18,BCA PT. ASA,Pembayaran Termin Tanah - Ingrid Permata Les (Tarikan Tunai),10.101.003 BCA (8162440909 an PT. Adhiland Sukses Abadi),200000000,,3500000000
10,10.201.001,— PERSEDIAAN TANAH,Lumiera Garden,2025-02-18,BCA PT. ASA,Pembayaran Denda Termin Tanah 15 hari - Inggrid Permata,10.101.003 BCA (8162440909 an PT. Adhiland Sukses Abadi),9000000,,3509000000
10,10.201.001,— PERSEDIAAN TANAH,Lumiera Garden,2025-04-29,Kas Kecil,Pembayaran Termin Tanah - Inggrid Permata,10.101.001 KAS KECIL,2000300000,,5509300000
10,10.201.001,— PERSEDIAAN TANAH,Lumiera Garden,2025-07-30,Kas Kecil,Pembayaran Termin Tanah - Yayok Tuhoyoto Wisanggo,10.101.001 KAS KECIL,2000000000,,7509300000
10,10.201.001,— PERSEDIAAN TANAH,Lumiera Garden,2025-10-20,,Pembelian Tanah -/+ 529 m2 (Tukar Guling Tanah Jati dengan Kavling LK-19 an Farida Budi),20.101.001 UANG MUKA,1070000000,,8579300000
10,10.201.001,— PERSEDIAAN TANAH,Lumiera Garden,2025-10-20,,Hutang Pembelian Tanah Jati (Tukar Guling Tanah Jati dengan Kavling LK-19),20.103.002 HUTANG TANAH,517000000,,9096300000
10,10.201.001,— PERSEDIAAN TANAH,Lumiera Garden,2025-12-29,Kas Kecil,Pembayaran Termin 4 Tanah - Yayok Tuhoyoto Wisanggo,10.101.001 KAS KECIL,1000000000,,10096300000
10,10.201.001,— PERSEDIAAN TANAH,Lumiera Garden,2025-12-29,Kas Kecil,Bayar Denda Termin 4 Pak Yayok (60 hari x Rp.1.500.000),10.101.001 KAS KECIL,90000000,,10186300000
10,10.201.001,— PERSEDIAAN TANAH,Subtotal / Saldo Akhir,,,,,0,0,10186300000
11,10.201.006,— BIAYA BALIK NAMA,Saldo Awal,,,,,,,0
11,10.201.006,— BIAYA BALIK NAMA,Lumiera Garden,2025-07-04,Kas Kecil,Biaya Notaris Balik Nama Tanah C (SHM 2735) an Inggrid - (Pembatalan PPJB & Rekom Validasi Pajak),10.101.001 KAS KECIL,2500000,,2500000
11,10.201.006,— BIAYA BALIK NAMA,Lumiera Garden,2025-07-04,Kas Kecil,Biaya Notaris Balik Nama Tanah A (SHM 2736) an Tohrengga - (Pembatalan PPJB & Rekom Validasi Pajak),10.101.001 KAS KECIL,2500000,,5000000
11,10.201.006,— BIAYA BALIK NAMA,Subtotal / Saldo Akhir,,,,,0,0,5000000
12,10.201.007,— BPHTB - BELI TANAH,Saldo Awal,,,,,,,0
12,10.201.007,— BPHTB - BELI TANAH,Lumiera Garden,2025-07-21,Kas Kecil,Pajak BPHTB Tanah A (SHM 2736) an Tohrengga,10.101.001 KAS KECIL,75661300,,75661300
12,10.201.007,— BPHTB - BELI TANAH,Lumiera Garden,2025-07-21,Kas Kecil,Pajak BPHTB Tanah C (SHM 2735) an Inggrid Permata,10.101.001 KAS KECIL,172962500,,248623800
12,10.201.007,— BPHTB - BELI TANAH,Lumiera Garden,2025-08-20,Kas Kecil,"Pajak BPHTB Sertifikat 2428, Induk D luas 470 M2",10.101.001 KAS KECIL,97642500,,346266300
12,10.201.007,— BPHTB - BELI TANAH,Subtotal / Saldo Akhir,,,,,0,0,346266300
13,10.201.009,— AJB & AKTA PELEPASAN HAK,Saldo Awal,,,,,,,0
13,10.201.009,— AJB & AKTA PELEPASAN HAK,Lumiera Garden,2025-07-04,Kas Kecil,Biaya Notaris Akta Pelepasan Hak an Inggrid Permata Lestari,10.101.001 KAS KECIL,2500000,,2500000
13,10.201.009,— AJB & AKTA PELEPASAN HAK,Lumiera Garden,2025-07-04,Kas Kecil,Biaya Notaris Akta Pelepasan Hak an Tohrengga Islah Kanoman,10.101.001 KAS KECIL,2500000,,5000000
13,10.201.009,— AJB & AKTA PELEPASAN HAK,Lumiera Garden,2025-08-29,BCA PT. ASA,"Legalisir 3 bendel (Sertifikat Yayok, Inggrid, Tohrengga)",10.101.003 BCA (8162440909 an PT. Adhiland Sukses Abadi),750000,,5750000
13,10.201.009,— AJB & AKTA PELEPASAN HAK,Lumiera Garden,2025-08-29,BCA PT. ASA,Akta Pelepasan Induk Sertifikat D (Yayok Tuhoyoto),10.101.003 BCA (8162440909 an PT. Adhiland Sukses Abadi),2500000,,8250000
13,10.201.009,— AJB & AKTA PELEPASAN HAK,Lumiera Garden,2025-08-29,BCA PT. ASA,Rekom Validasi Pajak (Sertifikat Yayok),10.101.003 BCA (8162440909 an PT. Adhiland Sukses Abadi),1500000,,9750000
13,10.201.009,— AJB & AKTA PELEPASAN HAK,Lumiera Garden,2025-09-04,Kas Kecil,Reimburse Pak Yasin (Print Warna untuk berkas kata pelepasan LG),10.101.001 KAS KECIL,4000,,9754000
13,10.201.009,— AJB & AKTA PELEPASAN HAK,Lumiera Garden,2025-10-24,BCA PT. ASA,Akta Pelepasan SHM 2432 & 2433 an Farida Budi Wijayanti,10.101.003 BCA (8162440909 an PT. Adhiland Sukses Abadi),6000000,,15754000
13,10.201.009,— AJB & AKTA PELEPASAN HAK,Subtotal / Saldo Akhir,,,,,0,0,15754000
14,10.201.011,— PERIJINAN,Saldo Awal,,,,,,,0
14,10.201.011,— PERIJINAN,Lumiera Garden,2024-11-14,,Pembayaran untuk Amplop RW,10.101.001 KAS KECIL,500000,,500000
14,10.201.011,— PERIJINAN,Lumiera Garden,2025-03-11,BCA PT. ASA,SPS Pertek (Penerimaan Negara),10.101.003 BCA (8162440909 an PT. Adhiland Sukses Abadi),628160,,1128160
14,10.201.011,— PERIJINAN,Lumiera Garden,2025-03-14,BCA PT. ASA,DP Perhitungan Struktur Bangunan,10.101.003 BCA (8162440909 an PT. Adhiland Sukses Abadi),1000000,,2128160
14,10.201.011,— PERIJINAN,Lumiera Garden,2025-03-14,BCA PT. ASA,Pelunasan Hitung Struktur Bangunan,10.101.003 BCA (8162440909 an PT. Adhiland Sukses Abadi),1500000,,3628160
14,10.201.011,— PERIJINAN,Lumiera Garden,2025-03-19,Cash/Tunai,Kompensasi BPN Pertek Lumiera 2000/m (luas 6954),10.101.002 CASH/TUNAI,14000000,,17628160
14,10.201.011,— PERIJINAN,Lumiera Garden,2025-07-03,Cash/Tunai,Kompensasi Polda Lahan Lumiera,10.101.002 CASH/TUNAI,70000000,,87628160
14,10.201.011,— PERIJINAN,Lumiera Garden,2025-09-08,BCA PT. ASA,Pengurusan Perizinan SIPA,10.101.003 BCA (8162440909 an PT. Adhiland Sukses Abadi),73000000,,160628160
14,10.201.011,— PERIJINAN,Lumiera Garden,2025-09-19,BCA PT. ASA,"Reimburse Pak Yasin (TNT Yamura merah, Cetak Stempel Notaris, Stampad Kenko )",10.101.003 BCA (8162440909 an PT. Adhiland Sukses Abadi),117000,,160745160
14,10.201.011,— PERIJINAN,Lumiera Garden,2025-11-24,Kas Kecil,Biaya Kelurahan untuk keterangan jalan masuk Lumiera Garden,10.101.001 KAS KECIL,250000,,160995160
14,10.201.011,— PERIJINAN,Subtotal / Saldo Akhir,,,,,0,0,160995160
15,10.201.012,"— PENGUKURAN ""BPN""",Saldo Awal,,,,,,,0
15,10.201.012,"— PENGUKURAN ""BPN""",Lumiera Garden,2025-04-19,Kas Kecil,Reimburse Pak Adhi (Pilox Black Doff untuk batas patok / 110425),10.101.001 KAS KECIL,45000,,45000
15,10.201.012,"— PENGUKURAN ""BPN""",Lumiera Garden,2025-04-24,BCA PT. ASA,Jasa Ukur BPN,10.101.003 BCA (8162440909 an PT. Adhiland Sukses Abadi),2000000,,2045000
15,10.201.012,"— PENGUKURAN ""BPN""",Lumiera Garden,2025-04-25,BCA PT. ASA,Reimburse Pak Sugeng (Upah pasang patok beton BPN),10.101.003 BCA (8162440909 an PT. Adhiland Sukses Abadi),100000,,2145000
15,10.201.012,"— PENGUKURAN ""BPN""",Lumiera Garden,2025-04-25,BCA PT. ASA,Reimburse Pak Yasin (Patok BPN / 5 pcs),10.101.003 BCA (8162440909 an PT. Adhiland Sukses Abadi),250000,,2395000
15,10.201.012,"— PENGUKURAN ""BPN""",Subtotal / Saldo Akhir,,,,,0,0,2395000
16,10.201.013,— SITE PLAN,Saldo Awal,,,,,,,0
16,10.201.013,— SITE PLAN,Lumiera Garden,2025-05-09,BCA PT. ASA,SKA Arsitek Lumiera,10.101.003 BCA (8162440909 an PT. Adhiland Sukses Abadi),2000000,,2000000
16,10.201.013,— SITE PLAN,Lumiera Garden,2025-05-09,BCA PT. ASA,Gambar DWG Siteplan Lumiera,10.101.003 BCA (8162440909 an PT. Adhiland Sukses Abadi),1000000,,3000000
16,10.201.013,— SITE PLAN,Lumiera Garden,2025-06-05,Kas Kecil,Survey KKPR Siteplan,10.101.001 KAS KECIL,2000000,,5000000
16,10.201.013,— SITE PLAN,Subtotal / Saldo Akhir,,,,,0,0,5000000
17,10.201.015,— SERTIFIKAT INDUK,Saldo Awal,,,,,,,0
17,10.201.015,— SERTIFIKAT INDUK,Lumiera Garden,2025-10-31,BCA PT. ASA,Percepatan Checking SHM 2432 & 2433 an Farida Budi,10.101.003 BCA (8162440909 an PT. Adhiland Sukses Abadi),1000000,,1000000
17,10.201.015,— SERTIFIKAT INDUK,Subtotal / Saldo Akhir,,,,,0,0,1000000
18,10.201.019,— KOMPENSASI MAKAM,Saldo Awal,,,,,,,0
18,10.201.019,— KOMPENSASI MAKAM,Lumiera Garden,2025-06-03,Cash/Tunai,DP Tanah Makam Lumiera Seluas 140m2,10.101.002 CASH/TUNAI,100000000,,100000000
18,10.201.019,— KOMPENSASI MAKAM,Subtotal / Saldo Akhir,,,,,0,0,100000000
19,10.201.021,— ADVISE PLANNING GAMBAR 3D,Saldo Awal,,,,,,,0
19,10.201.021,— ADVISE PLANNING GAMBAR 3D,Lumiera Garden,2024-11-01,,Pembayaran DP desain gambar RURA - (Termin I Rukos Joyoagung 241031),10.101.001 KAS KECIL,6960000,,6960000
19,10.201.021,— ADVISE PLANNING GAMBAR 3D,Lumiera Garden,2024-11-14,,Pembayaran DP Desain Logo Lumiera,10.101.001 KAS KECIL,4250000,,11210000
19,10.201.021,— ADVISE PLANNING GAMBAR 3D,Lumiera Garden,2024-11-22,,Pembayaran Desain Gambar (Termin II RURA/241031),10.101.001 KAS KECIL,6960000,,18170000
19,10.201.021,— ADVISE PLANNING GAMBAR 3D,Lumiera Garden,2024-11-22,,Pembayaran Desain Gambar (Termin I RURA/241121),10.101.001 KAS KECIL,5200000,,23370000
19,10.201.021,— ADVISE PLANNING GAMBAR 3D,Lumiera Garden,2024-12-13,,Pembayaran Termin II (40%) Desain Rumah Tinggal T60/60 - RURA,10.101.001 KAS KECIL,5200000,,28570000
19,10.201.021,— ADVISE PLANNING GAMBAR 3D,Lumiera Garden,2025-01-31,BCA PT. ASA,Termin II Animasi 3D (202501/I/25) - Rura,10.101.003 BCA (8162440909 an PT. Adhiland Sukses Abadi),3200000,,31770000
19,10.201.021,— ADVISE PLANNING GAMBAR 3D,Lumiera Garden,2025-02-07,BCA PT. ASA,Termin 3 Desain Rumah Kos 6 Kamar T85/66 - Rura,10.101.003 BCA (8162440909 an PT. Adhiland Sukses Abadi),3480000,,35250000
19,10.201.021,— ADVISE PLANNING GAMBAR 3D,Lumiera Garden,2025-02-07,BCA PT. ASA,Termin 3 Desain Rumah Tinggal T60/60 (202502/I/03) - RURA,10.101.003 BCA (8162440909 an PT. Adhiland Sukses Abadi),2600000,,37850000
19,10.201.021,— ADVISE PLANNING GAMBAR 3D,Lumiera Garden,2025-03-14,BCA PT. ASA,Termin 3 Animasi 3D (202502/I/03) - Rura,10.101.003 BCA (8162440909 an PT. Adhiland Sukses Abadi),1600000,,39450000
19,10.201.021,— ADVISE PLANNING GAMBAR 3D,Subtotal / Saldo Akhir,,,,,0,0,39450000
20,10.201.022,— AKTA KERJASAMA,Saldo Awal,,,,,,,0
20,10.201.022,— AKTA KERJASAMA,Lumiera Garden,2024-10-30,,Pembayaran Biaya Notaris,10.101.001 KAS KECIL,31000000,,31000000
20,10.201.022,— AKTA KERJASAMA,Lumiera Garden,2025-09-26,BCA PT. ASA,Akta Perjanjian Kerjasama (Ely Suryana - PT. ASA),10.101.003 BCA (8162440909 an PT. Adhiland Sukses Abadi),2500000,,33500000
20,10.201.022,— AKTA KERJASAMA,Subtotal / Saldo Akhir,,,,,0,0,33500000
21,10.201.024,— IJIN PENGEBORAN,Saldo Awal,,,,,,,0
21,10.201.024,— IJIN PENGEBORAN,Lumiera Garden,2025-02-14,BCA PT. ASA,DP 50% Geolistrik Air Bawah Tanah 3 Titik - CV. Madhava Karya Indonesia,10.101.003 BCA (8162440909 an PT. Adhiland Sukses Abadi),3000000,,3000000
21,10.201.024,— IJIN PENGEBORAN,Lumiera Garden,2025-02-21,BCA PT. ASA,Pelunasan Pekerjaan Geolistrik - CV. Madhava Karya Indonesia,10.101.003 BCA (8162440909 an PT. Adhiland Sukses Abadi),3000000,,6000000
21,10.201.024,— IJIN PENGEBORAN,Subtotal / Saldo Akhir,,,,,0,0,6000000
22,10.201.026,— KOMISI PEMBELIAN TANAH,Saldo Awal,,,,,,,0
22,10.201.026,— KOMISI PEMBELIAN TANAH,Lumiera Garden,2024-11-15,,Pembayaran Komisi Tanah Pak Yazak,10.101.001 KAS KECIL,10500000,,10500000
22,10.201.026,— KOMISI PEMBELIAN TANAH,Lumiera Garden,2025-02-14,Cash/Tunai,Pembayaran Komisi Tanah Pak Yazak,10.101.002 CASH/TUNAI,10000000,,20500000
22,10.201.026,— KOMISI PEMBELIAN TANAH,Lumiera Garden,2025-03-07,BCA PT. ASA,Komisi Tanah Pak Yazak,10.101.003 BCA (8162440909 an PT. Adhiland Sukses Abadi),15200000,,35700000
22,10.201.026,— KOMISI PEMBELIAN TANAH,Lumiera Garden,2025-05-31,BCA PT. ASA,Pembayaran Ke-3 Komisi Tanah Pak Yazak,10.101.003 BCA (8162440909 an PT. Adhiland Sukses Abadi),10000000,,45700000
22,10.201.026,— KOMISI PEMBELIAN TANAH,Lumiera Garden,2025-08-01,BCA PT. ASA,Pembayaran Komisi Tanah Pak Yazak,10.101.003 BCA (8162440909 an PT. Adhiland Sukses Abadi),29900000,,75600000
22,10.201.026,— KOMISI PEMBELIAN TANAH,Lumiera Garden,2025-10-31,Kas Kecil,Insentif - Investor Pemilik Lahan / Tanah Jati Lumiera (P. Dedy),10.101.001 KAS KECIL,15870000,,91470000
22,10.201.026,— KOMISI PEMBELIAN TANAH,Lumiera Garden,2025-11-14,BCA PT. ASA,Komisi Makelar Tanah / Pak Yazak,10.101.003 BCA (8162440909 an PT. Adhiland Sukses Abadi),10000000,,101470000
22,10.201.026,— KOMISI PEMBELIAN TANAH,Subtotal / Saldo Akhir,,,,,0,0,101470000
23,10.201.027,— PAJAK HIBAH,Saldo Awal,,,,,,,0
23,10.201.027,— PAJAK HIBAH,Lumiera Garden,2025-10-31,BCA PT. ASA,Perhitungan Teknis MEP Rumah Kost Lumiera Garden dan SKK Ahli Elektrikal Bangunan Gedung (Untuk pengurusan PBG),10.101.003 BCA (8162440909 an PT. Adhiland Sukses Abadi),2500000,,2500000
23,10.201.027,— PAJAK HIBAH,Subtotal / Saldo Akhir,,,,,0,0,2500000
24,10.202.001,— PEMATANGAN LAHAN,Saldo Awal,,,,,,,0
24,10.202.001,— PEMATANGAN LAHAN,Lumiera Garden,2024-11-11,,Pembayaran DP Sondir,10.101.001 KAS KECIL,3500000,,3500000
24,10.202.001,— PEMATANGAN LAHAN,Lumiera Garden,2024-11-15,,Pembayaran Land Clearing dan Potong Pohon,10.101.001 KAS KECIL,8400000,,11900000
24,10.202.001,— PEMATANGAN LAHAN,Lumiera Garden,2024-11-22,,Pembayaran Pelunasan Sondir,10.101.001 KAS KECIL,3600000,,15500000
24,10.202.001,— PEMATANGAN LAHAN,Subtotal / Saldo Akhir,,,,,0,0,15500000
25,10.202.002,— PENGUKURAN BLOK-KAVLING,Saldo Awal,,,,,,,0
25,10.202.002,— PENGUKURAN BLOK-KAVLING,Lumiera Garden,2024-11-16,,Pembayaran Pengukuran Topografi & Kavling),10.101.001 KAS KECIL,3000000,,3000000
25,10.202.002,— PENGUKURAN BLOK-KAVLING,Lumiera Garden,2025-03-26,BCA PT. ASA,Reimburse Pak Sugeng (Pembelian Material Bouwplank Kavling),10.101.003 BCA (8162440909 an PT. Adhiland Sukses Abadi),65000,,3065000
25,10.202.002,— PENGUKURAN BLOK-KAVLING,Subtotal / Saldo Akhir,,,,,0,0,3065000
26,10.202.003,— PERATAAN TANAH/CUT & FILL,Saldo Awal,,,,,,,0
26,10.202.003,— PERATAAN TANAH/CUT & FILL,Lumiera Garden,2024-11-15,,Pembayaran Mob D'Mob dan Sewa EXA PC 200,10.101.001 KAS KECIL,11750000,,11750000
26,10.202.003,— PERATAAN TANAH/CUT & FILL,Lumiera Garden,2024-11-22,,"Pembayaran Sewa EXA PC 200, Dozer dan Mob D'Mob",10.101.001 KAS KECIL,42995000,,54745000
26,10.202.003,— PERATAAN TANAH/CUT & FILL,Lumiera Garden,2024-11-29,,Pembayaran Sewa Dozer D31 & EXA PC 200,10.101.001 KAS KECIL,37362500,,92107500
26,10.202.003,— PERATAAN TANAH/CUT & FILL,Lumiera Garden,2024-12-06,,Pembayaran Kirim Bongkaran 34 rit (AB) - Amiet Sewu,10.101.001 KAS KECIL,11900000,,104007500
26,10.202.003,— PERATAAN TANAH/CUT & FILL,Lumiera Garden,2024-12-06,,Pembayaran Kirim Bongkaran 73 rit (AK) - Amiet Sewu,10.101.001 KAS KECIL,9125000,,113132500
26,10.202.003,— PERATAAN TANAH/CUT & FILL,Lumiera Garden,2024-12-06,,Pembayaran Kirim Bongkaran 44 rit (AK) - Arjuna Putra,10.101.001 KAS KECIL,15400000,,128532500
26,10.202.003,— PERATAAN TANAH/CUT & FILL,Lumiera Garden,2024-12-06,,Pembayaran Sewa EXA PC 78 (37 jam) - Izuddin,10.101.001 KAS KECIL,12395000,,140927500
26,10.202.003,— PERATAAN TANAH/CUT & FILL,Lumiera Garden,2024-12-06,,Pembayaran Sewa Mob 'D Mob EXA PC 78 - Izuddin,10.101.001 KAS KECIL,2500000,,143427500
26,10.202.003,— PERATAAN TANAH/CUT & FILL,Lumiera Garden,2024-12-13,,Pembayaran Bongkaran (AB) 55 rit - Putra Paringga,10.101.001 KAS KECIL,19250000,,162677500
26,10.202.003,— PERATAAN TANAH/CUT & FILL,Lumiera Garden,2024-12-13,,Pembayaran Bongkaran (AB) 30 rit - Amiet Sewu,10.101.001 KAS KECIL,10500000,,173177500
26,10.202.003,— PERATAAN TANAH/CUT & FILL,Lumiera Garden,2024-12-13,,Pembayaran Bongkaran (AK) 38 rit - Amiet Sewu,10.101.001 KAS KECIL,4750000,,177927500
26,10.202.003,— PERATAAN TANAH/CUT & FILL,Lumiera Garden,2024-12-13,,Pembayaran Sewa Dump Truk - Amiet Sewu,10.101.001 KAS KECIL,700000,,178627500
26,10.202.003,— PERATAAN TANAH/CUT & FILL,Lumiera Garden,2024-12-13,,Pembayaran Time Sheet Dozer D31 (42 jam) - Izuddin,10.101.001 KAS KECIL,14070000,,192697500
26,10.202.003,— PERATAAN TANAH/CUT & FILL,Lumiera Garden,2024-12-13,,Pembayaran Time Sheet Mob 'D Mob Dozer D31 - Izuddin,10.101.001 KAS KECIL,2500000,,195197500
26,10.202.003,— PERATAAN TANAH/CUT & FILL,Lumiera Garden,2024-12-13,,Pembayaran Time Sheet Exa PC 78 (45 jam) - Izuddin,10.101.001 KAS KECIL,15075000,,210272500
26,10.202.003,— PERATAAN TANAH/CUT & FILL,Lumiera Garden,2024-12-13,,Pembayaran Sirtu Songsong 20 rit - Izuddin,10.101.001 KAS KECIL,15500000,,225772500
26,10.202.003,— PERATAAN TANAH/CUT & FILL,Lumiera Garden,2024-12-20,,Pembayaran Kirim Bongkaran Ud. Hidup Baru,10.101.001 KAS KECIL,3480000,,229252500
26,10.202.003,— PERATAAN TANAH/CUT & FILL,Lumiera Garden,2024-12-20,,"Pembayaran sewa Exa PC 78 (A&B), Dozer D31, Vibro, Mob'DMob Vibro & EXA PC 78",10.101.001 KAS KECIL,33972500,,263225000
26,10.202.003,— PERATAAN TANAH/CUT & FILL,Lumiera Garden,2024-12-20,,Pembayaran Sirtu Songsong 20 rit - Izuddin,10.101.001 KAS KECIL,15500000,,278725000
26,10.202.003,— PERATAAN TANAH/CUT & FILL,Lumiera Garden,2024-12-20,,Pembayaran Ongkos Tebang Jati - Arifin,10.101.001 KAS KECIL,1100000,,279825000
26,10.202.003,— PERATAAN TANAH/CUT & FILL,Lumiera Garden,2024-12-20,,Pembayaran Sewa Stemper Kodok,10.101.001 KAS KECIL,425000,,280250000
26,10.202.003,— PERATAAN TANAH/CUT & FILL,Lumiera Garden,2025-01-03,Cash/Tunai,"Sewa Alat EXA PC 78 (A) 40,5 Jam (18-24 Des 2024) - Izuddin",10.101.002 CASH/TUNAI,13567500,,293817500
26,10.202.003,— PERATAAN TANAH/CUT & FILL,Lumiera Garden,2025-01-03,Cash/Tunai,"Sewa Alat EXA PC 78 (B) 30,5 Jam (18-24 Des 2024) - Izuddin",10.101.002 CASH/TUNAI,10217500,,304035000
26,10.202.003,— PERATAAN TANAH/CUT & FILL,Lumiera Garden,2025-01-03,Cash/Tunai,Sirtu 2 Rit (20 Des 2024) - Izuddin,10.101.002 CASH/TUNAI,1550000,,305585000
26,10.202.003,— PERATAAN TANAH/CUT & FILL,Lumiera Garden,2025-01-03,BCA PT. ASA,Kirim Bongkaran Truk Besar 4 rit (10 Desember 2024) - Amiet Sewu,10.101.003 BCA (8162440909 an PT. Adhiland Sukses Abadi),1400000,,306985000
26,10.202.003,— PERATAAN TANAH/CUT & FILL,Lumiera Garden,2025-01-03,BCA PT. ASA,Kirim Bongkaran Truk Kecil 5 rit (10 Des 2024 s/d 13 Des 2024) - Amiet Sewu,10.101.003 BCA (8162440909 an PT. Adhiland Sukses Abadi),625000,,307610000
26,10.202.003,— PERATAAN TANAH/CUT & FILL,Lumiera Garden,2025-01-03,BCA PT. ASA,Reimburse Pak Rula (Sewa Stamper Kodok STrong No.2),10.101.003 BCA (8162440909 an PT. Adhiland Sukses Abadi),275000,,307885000
26,10.202.003,— PERATAAN TANAH/CUT & FILL,Lumiera Garden,2025-01-10,Cash/Tunai,"Sewa EXA PC 78 / 39,5 jam (25-31 Des 2024) - Izuddin",10.101.002 CASH/TUNAI,13232500,,321117500
26,10.202.003,— PERATAAN TANAH/CUT & FILL,Lumiera Garden,2025-01-10,Cash/Tunai,Sewa EXA PC 78 / 34 jam (02-07 Jan 2025) - Izuddin,10.101.002 CASH/TUNAI,11390000,,332507500
26,10.202.003,— PERATAAN TANAH/CUT & FILL,Lumiera Garden,2025-01-10,BCA PT. ASA,Kirim Bongkaran 6 rit (10 Des - 21 Des 2024) - Amiet Sewu,10.101.003 BCA (8162440909 an PT. Adhiland Sukses Abadi),750000,,333257500
26,10.202.003,— PERATAAN TANAH/CUT & FILL,Lumiera Garden,2025-01-10,BCA PT. ASA,Sewa Dump Truk (06 Jan 2025) - Amiet Sewu,10.101.003 BCA (8162440909 an PT. Adhiland Sukses Abadi),600000,,333857500
26,10.202.003,— PERATAAN TANAH/CUT & FILL,Lumiera Garden,2025-01-17,BCA PT. ASA,Sewa PC 78 / 33 Jam (08 Jan - 13 Jan 2025) - Izuddin,10.101.003 BCA (8162440909 an PT. Adhiland Sukses Abadi),11055000,,344912500
26,10.202.003,— PERATAAN TANAH/CUT & FILL,Lumiera Garden,2025-01-24,BCA PT. ASA,Sewa EXA PC 78 / 42 Jam (14 - 20 Januari 2025) - Izuddin,10.101.003 BCA (8162440909 an PT. Adhiland Sukses Abadi),14070000,,358982500
26,10.202.003,— PERATAAN TANAH/CUT & FILL,Lumiera Garden,2025-01-31,BCA PT. ASA,Kirim Bongkaran 6 rit (13 - 14 Desember 2024) - UD. Hidup Baru,10.101.003 BCA (8162440909 an PT. Adhiland Sukses Abadi),720000,,359702500
26,10.202.003,— PERATAAN TANAH/CUT & FILL,Lumiera Garden,2025-01-31,BCA PT. ASA,Sewa EXA PC 78 / 32 jam (21 - 25 Januari 2025) - Izuddin,10.101.003 BCA (8162440909 an PT. Adhiland Sukses Abadi),10720000,,370422500
26,10.202.003,— PERATAAN TANAH/CUT & FILL,Lumiera Garden,2025-01-31,BCA PT. ASA,Pekerjaan Fasum (Sewa Stamper) - Arifin,10.101.003 BCA (8162440909 an PT. Adhiland Sukses Abadi),450000,,370872500
26,10.202.003,— PERATAAN TANAH/CUT & FILL,Lumiera Garden,2025-02-07,BCA PT. ASA,Bongkaran Armada Kecil 26 Rit (16-22 Jan 2025) - Amiet Sewu,10.101.003 BCA (8162440909 an PT. Adhiland Sukses Abadi),3250000,,374122500
26,10.202.003,— PERATAAN TANAH/CUT & FILL,Lumiera Garden,2025-02-14,BCA PT. ASA,Bongkaran AB / 73 Rit (13-15 Jan 2025) - Amiet Sewu,10.101.003 BCA (8162440909 an PT. Adhiland Sukses Abadi),25550000,,399672500
26,10.202.003,— PERATAAN TANAH/CUT & FILL,Lumiera Garden,2025-02-14,BCA PT. ASA,Sewa EXA PC 78 / 30 Jam (3-10 Feb 2025) - Izuddin,10.101.003 BCA (8162440909 an PT. Adhiland Sukses Abadi),10050000,,409722500
26,10.202.003,— PERATAAN TANAH/CUT & FILL,Lumiera Garden,2025-02-21,BCA PT. ASA,Bongkaran Armada Besar / 10 rit (18 Feb 2025) - Amiet Sewu,10.101.003 BCA (8162440909 an PT. Adhiland Sukses Abadi),3500000,,413222500
26,10.202.003,— PERATAAN TANAH/CUT & FILL,Lumiera Garden,2025-02-21,BCA PT. ASA,Begoan Sampah / 5 rit (3 Feb 2025) - Amiet Sewu,10.101.003 BCA (8162440909 an PT. Adhiland Sukses Abadi),1125000,,414347500
26,10.202.003,— PERATAAN TANAH/CUT & FILL,Lumiera Garden,2025-02-21,BCA PT. ASA,Sirtu 20rit (11-14 Feb 2025) -Izuddin,10.101.003 BCA (8162440909 an PT. Adhiland Sukses Abadi),15500000,,429847500
26,10.202.003,— PERATAAN TANAH/CUT & FILL,Lumiera Garden,2025-02-21,BCA PT. ASA,Sewa EXA PC 78 / 27 Jam (11-14 Feb 2025) - Izuddin,10.101.003 BCA (8162440909 an PT. Adhiland Sukses Abadi),9045000,,438892500
26,10.202.003,— PERATAAN TANAH/CUT & FILL,Lumiera Garden,2025-02-21,BCA PT. ASA,Sewa Vibro 13 jam (14-15 Feb 2025) - Izuddin,10.101.003 BCA (8162440909 an PT. Adhiland Sukses Abadi),4550000,,443442500
26,10.202.003,— PERATAAN TANAH/CUT & FILL,Lumiera Garden,2025-02-21,BCA PT. ASA,MOB D' MOB Vibro - Izuddin,10.101.003 BCA (8162440909 an PT. Adhiland Sukses Abadi),3500000,,446942500
26,10.202.003,— PERATAAN TANAH/CUT & FILL,Lumiera Garden,2025-02-28,BCA PT. ASA,Muat Sampah 1 rit (13 Feb 2025) - Amiet Sewu,10.101.003 BCA (8162440909 an PT. Adhiland Sukses Abadi),225000,,447167500
26,10.202.003,— PERATAAN TANAH/CUT & FILL,Lumiera Garden,2025-02-28,BCA PT. ASA,Termin 1 Bongkaran Armada Besar 75 rit - Amiet Sewu,10.101.003 BCA (8162440909 an PT. Adhiland Sukses Abadi),13250000,,460417500
26,10.202.003,— PERATAAN TANAH/CUT & FILL,Lumiera Garden,2025-03-08,BCA PT. ASA,Pelunasan Bongkaran Armada Besar 75 rit - Amiet Sewu,10.101.003 BCA (8162440909 an PT. Adhiland Sukses Abadi),13000000,,473417500
26,10.202.003,— PERATAAN TANAH/CUT & FILL,Lumiera Garden,2025-03-14,BCA PT. ASA,Sewa Alat Stamper Kodok (Pekerjaan Paving) - Mitra Kuli,10.101.003 BCA (8162440909 an PT. Adhiland Sukses Abadi),700000,,474117500
26,10.202.003,— PERATAAN TANAH/CUT & FILL,Lumiera Garden,2025-05-31,BCA PT. ASA,Reimburse Pak Sugeng (Sewa armada angkat drum dari SG ke LG),10.101.003 BCA (8162440909 an PT. Adhiland Sukses Abadi),140000,,474257500
26,10.202.003,— PERATAAN TANAH/CUT & FILL,Lumiera Garden,2025-08-15,BCA PT. ASA,Kirim Bongkaran 1 Rit (7 Agt 2025) - Amiet Sewu,10.101.003 BCA (8162440909 an PT. Adhiland Sukses Abadi),125000,,474382500
26,10.202.003,— PERATAAN TANAH/CUT & FILL,Subtotal / Saldo Akhir,,,,,0,0,474382500
27,10.202.004,— PAVING,Saldo Awal,,,,,,,0
27,10.202.004,— PAVING,Lumiera Garden,2024-12-20,,Pembayaran pasir paving 10 Rit - Arifin (UD. Sidomulyo),10.101.001 KAS KECIL,9600000,,9600000
27,10.202.004,— PAVING,Lumiera Garden,2024-12-20,,Pembayaran Upah Pemasangan Paving,10.101.001 KAS KECIL,24157000,,33757000
27,10.202.004,— PAVING,Lumiera Garden,2025-01-10,Cash/Tunai,PO Kanstein & Paving (CO 01228/FC-SO/XII/24) - Focon,10.101.002 CASH/TUNAI,85315310,,119072310
27,10.202.004,— PAVING,Lumiera Garden,2025-01-17,BCA PT. ASA,"PO Paving Abu k-400 / 113,58 M2 (No. KW 1945/FI-SO/XII/2024) - Focon",10.101.003 BCA (8162440909 an PT. Adhiland Sukses Abadi),9833756,,128906066
27,10.202.004,— PAVING,Lumiera Garden,2025-01-24,BCA PT. ASA,PO Paving 1/2 Block /15 m2 & Tutup Bico /26 pcs (No.KW 1991/FI-SO/XII/2024) - Focon,10.101.003 BCA (8162440909 an PT. Adhiland Sukses Abadi),3507600,,132413666
27,10.202.004,— PAVING,Lumiera Garden,2025-01-31,BCA PT. ASA,"Pekerjaan Fasum (Pasir Paving, Perapian Pasang Paving) - Arifin",10.101.003 BCA (8162440909 an PT. Adhiland Sukses Abadi),7840000,,140253666
27,10.202.004,— PAVING,Lumiera Garden,2025-01-31,BCA PT. ASA,PO Kanstein + Paving (No.KW 1998/FI-SO/XII/2024) - Focon,10.101.003 BCA (8162440909 an PT. Adhiland Sukses Abadi),46700364,,186954030
27,10.202.004,— PAVING,Lumiera Garden,2025-01-31,BCA PT. ASA,PO Paving + Kanstein (No.KW 2014/FI-SO/2024) - Focon,10.101.003 BCA (8162440909 an PT. Adhiland Sukses Abadi),20892109,,207846139
27,10.202.004,— PAVING,Lumiera Garden,2025-02-07,BCA PT. ASA,PO Paving (No.KW 2018/FI-SO/XII/2024) - Focon,10.101.003 BCA (8162440909 an PT. Adhiland Sukses Abadi),3825970,,211672109
27,10.202.004,— PAVING,Lumiera Garden,2025-02-21,Kas Kecil,Pembelian material paving jalan bagian lingkar sungai - Toko Mayang Grand,10.101.001 KAS KECIL,390000,,212062109
27,10.202.004,— PAVING,Lumiera Garden,2025-03-01,Kas Kecil,Kas Bon Pekerjaan Paving & Kanstein (29/SPK.ADP-LG/XII/2024) - Agus Hasan,10.101.001 KAS KECIL,5000000,,217062109
27,10.202.004,— PAVING,Lumiera Garden,2025-03-07,BCA PT. ASA,Termin II Pek. Paving & Kanstin (29/SPK.ADP-LG/XII/2024) - Agus Hasan Ashari,10.101.003 BCA (8162440909 an PT. Adhiland Sukses Abadi),13716500,,230778609
27,10.202.004,— PAVING,Lumiera Garden,2025-03-14,BCA PT. ASA,Reimburse Pak Sugeng (Pembelian pilox + semen untuk pekerjaan paving / 2 Nota),10.101.003 BCA (8162440909 an PT. Adhiland Sukses Abadi),248000,,231026609
27,10.202.004,— PAVING,Lumiera Garden,2025-03-14,BCA PT. ASA,Reimburse Pak Sugeng (Pembelian semen untuk pekerjaan paving),10.101.003 BCA (8162440909 an PT. Adhiland Sukses Abadi),60000,,231086609
27,10.202.004,— PAVING,Lumiera Garden,2025-03-14,BCA PT. ASA,Pembelian Afur / 10 pcs - Duta Beton Group,10.101.003 BCA (8162440909 an PT. Adhiland Sukses Abadi),180000,,231266609
27,10.202.004,— PAVING,Lumiera Garden,2025-03-14,BCA PT. ASA,"Pembelian Paving 6cm uk 10 x 5 x 10,5 / 4 m2 dan biaya ongkos kirim - Duta Beton Group",10.101.003 BCA (8162440909 an PT. Adhiland Sukses Abadi),410000,,231676609
27,10.202.004,— PAVING,Lumiera Garden,2025-03-21,BCA PT. ASA,Retensi 5% Pekerjaan Pasang Paving Stone (29/SPK.ADP-LG/XII/2024) - Agus Hasan Ashari,10.101.003 BCA (8162440909 an PT. Adhiland Sukses Abadi),2256500,,233933109
27,10.202.004,— PAVING,Lumiera Garden,2025-03-21,BCA PT. ASA,Pembelian Pasir Paving untuk / 15 Rit (16 Feb - 01 Mar 2025) -Arifin,10.101.003 BCA (8162440909 an PT. Adhiland Sukses Abadi),14250000,,248183109
27,10.202.004,— PAVING,Lumiera Garden,2025-03-21,BCA PT. ASA,"Pekerjaan Bongkar Pasang Paving, Avour, Sudet - Arifin",10.101.003 BCA (8162440909 an PT. Adhiland Sukses Abadi),4660000,,252843109
27,10.202.004,— PAVING,Lumiera Garden,2025-03-21,BCA PT. ASA,Supply Kanstein & Paving (No.KW 0203/FI-SO/II/2025) - Focon,10.101.003 BCA (8162440909 an PT. Adhiland Sukses Abadi),111640093,,364483202
27,10.202.004,— PAVING,Lumiera Garden,2025-03-26,BCA PT. ASA,Supply Paving (No. KW 0252/FI-SO/II/2025) - Focon,10.101.003 BCA (8162440909 an PT. Adhiland Sukses Abadi),5220774,,369703976
27,10.202.004,— PAVING,Lumiera Garden,2025-03-26,BCA PT. ASA,Supply Paving (No. KW 0214/FI-SO/II/2025) - Focon,10.101.003 BCA (8162440909 an PT. Adhiland Sukses Abadi),12837083,,382541059
27,10.202.004,— PAVING,Subtotal / Saldo Akhir,,,,,0,0,382541059
28,10.202.005,— SALURAN,Saldo Awal,,,,,,,0
28,10.202.005,— SALURAN,Lumiera Garden,2024-12-20,,Pembayaran Harian Pasang NRCP 2 Hari - Arifin,10.101.001 KAS KECIL,250000,,250000
28,10.202.005,— SALURAN,Lumiera Garden,2025-01-03,BCA PT. ASA,PO NRCP 400x2400/36 pcs (No.Kw 1919/FI-SO/XII/2024) - Focon,10.101.003 BCA (8162440909 an PT. Adhiland Sukses Abadi),16783200,,17033200
28,10.202.005,— SALURAN,Lumiera Garden,2025-01-03,BCA PT. ASA,PO NRCP 400x2400/69 pcs (No.Kw 1890/FI-SO/XII/2024) - Focon,10.101.003 BCA (8162440909 an PT. Adhiland Sukses Abadi),32167800,,49201000
28,10.202.005,— SALURAN,Lumiera Garden,2025-01-24,BCA PT. ASA,PO NRCP / 15 pcs (No.KW 1872/FI-SO/XI/2024) - Focon,10.101.003 BCA (8162440909 an PT. Adhiland Sukses Abadi),6993000,,56194000
28,10.202.005,— SALURAN,Lumiera Garden,2025-01-31,BCA PT. ASA,"Pekerjaan Fasum (Harian Pasang NRCP, Tutup NRCP & Bak Kontrol, Pasang Avour Rukost, Pasang Avour Jalan Utama) - Arifin",10.101.003 BCA (8162440909 an PT. Adhiland Sukses Abadi),3100000,,59294000
28,10.202.005,— SALURAN,Lumiera Garden,2025-02-21,BCA PT. ASA,Supply NRCP 400x2400 / 29 pcs (No.KW 0059/FI-SO/I/2025) - Focon,10.101.003 BCA (8162440909 an PT. Adhiland Sukses Abadi),13519800,,72813800
28,10.202.005,— SALURAN,Subtotal / Saldo Akhir,,,,,0,0,72813800
29,10.202.007,— TURAP,Saldo Awal,,,,,,,0
29,10.202.007,— TURAP,Lumiera Garden,2024-12-20,,Pembayaran Termin I 50% Pek. Bronjong Batu (003/SPK.ADP/LG/XI/2024) -Arifin,10.101.001 KAS KECIL,48000000,,48000000
29,10.202.007,— TURAP,Lumiera Garden,2025-01-31,BCA PT. ASA,Termin (95%) Pekerjaan Bronjong Batu (003/SPK.ADP/LG/XI/2024) - Arifin,10.101.003 BCA (8162440909 an PT. Adhiland Sukses Abadi),43200000,,91200000
29,10.202.007,— TURAP,Lumiera Garden,2025-02-14,BCA PT. ASA,Addendum Pek. Bronjong Batu / 12 m3 - Arifin,10.101.003 BCA (8162440909 an PT. Adhiland Sukses Abadi),7200000,,98400000
29,10.202.007,— TURAP,Subtotal / Saldo Akhir,,,,,0,0,98400000
30,10.202.008,— TAMAN DAN PENGHIJAUAN,Saldo Awal,,,,,,,0
30,10.202.008,— TAMAN DAN PENGHIJAUAN,Lumiera Garden,2024-12-14,,Pembayaran DP Pohon Pule,10.101.001 KAS KECIL,13000000,,13000000
30,10.202.008,— TAMAN DAN PENGHIJAUAN,Lumiera Garden,2024-12-18,,Pembayaran Pelunasan Pohon Pule,10.101.001 KAS KECIL,12000000,,25000000
30,10.202.008,— TAMAN DAN PENGHIJAUAN,Lumiera Garden,2024-12-18,,Pembayaran Pembelian Pohon Tabebuya,10.101.001 KAS KECIL,4200000,,29200000
30,10.202.008,— TAMAN DAN PENGHIJAUAN,Lumiera Garden,2024-12-20,,Reimburse Pak Rula - Survey Pohon & Konsumsi Pasang Pohon,10.101.001 KAS KECIL,690500,,29890500
30,10.202.008,— TAMAN DAN PENGHIJAUAN,Lumiera Garden,2024-12-27,BCA PT. ASA,Tagihan Taman Behrem & Poros Barat,10.101.003 BCA (8162440909 an PT. Adhiland Sukses Abadi),42730000,,72620500
30,10.202.008,— TAMAN DAN PENGHIJAUAN,Lumiera Garden,2024-12-27,BCA PT. ASA,Termin Taman Marketing Gallery,10.101.003 BCA (8162440909 an PT. Adhiland Sukses Abadi),8000000,,80620500
30,10.202.008,— TAMAN DAN PENGHIJAUAN,Lumiera Garden,2025-01-03,BCA PT. ASA,Reimburse Pak Rula (Lampu Taman LK & Area Tenda),10.101.003 BCA (8162440909 an PT. Adhiland Sukses Abadi),4759000,,85379500
30,10.202.008,— TAMAN DAN PENGHIJAUAN,Lumiera Garden,2025-01-03,BCA PT. ASA,Pekerjaan Taman Jalan Masuk Tahap 1 - Jaya Abadi Landscape,10.101.003 BCA (8162440909 an PT. Adhiland Sukses Abadi),17800000,,103179500
30,10.202.008,— TAMAN DAN PENGHIJAUAN,Lumiera Garden,2025-01-03,BCA PT. ASA,Pelunasan Taman Marketing Gallery - A. Bobby,10.101.003 BCA (8162440909 an PT. Adhiland Sukses Abadi),7485000,,110664500
30,10.202.008,— TAMAN DAN PENGHIJAUAN,Lumiera Garden,2025-01-10,Cash/Tunai,Reimburse Pak Rula (Pembelian Lampu Taman),10.101.002 CASH/TUNAI,2585000,,113249500
30,10.202.008,— TAMAN DAN PENGHIJAUAN,Lumiera Garden,2025-01-10,Cash/Tunai,Reimburse Pak Dian (Pembelian Material bantu taman),10.101.002 CASH/TUNAI,70000,,113319500
30,10.202.008,— TAMAN DAN PENGHIJAUAN,Lumiera Garden,2025-01-24,BCA PT. ASA,"Reimburse Pak Rula (Pembelian Box Panel, Lampu 100w, dan Kabel 2x1,5 / Gajayana Electronic)",10.101.003 BCA (8162440909 an PT. Adhiland Sukses Abadi),1100000,,114419500
30,10.202.008,— TAMAN DAN PENGHIJAUAN,Lumiera Garden,2025-01-31,BCA PT. ASA,Pekerjaan Fasum (Sewa alkon siram tanaman) - Arifin,10.101.003 BCA (8162440909 an PT. Adhiland Sukses Abadi),700000,,115119500
30,10.202.008,— TAMAN DAN PENGHIJAUAN,Lumiera Garden,2025-01-31,BCA PT. ASA,Reimburse Pak Rula (Lampu Sorot 50W dan Kabel NYM),10.101.003 BCA (8162440909 an PT. Adhiland Sukses Abadi),5347000,,120466500
30,10.202.008,— TAMAN DAN PENGHIJAUAN,Lumiera Garden,2025-02-14,BCA PT. ASA,Reimburse Pak Dian (Pembelian Paku Cor / 1 dus untuk taman),10.101.003 BCA (8162440909 an PT. Adhiland Sukses Abadi),15000,,120481500
30,10.202.008,— TAMAN DAN PENGHIJAUAN,Lumiera Garden,2025-02-14,,Reimburse Pak Rula (Pembelian Lampu Taman / Inlite) -Gajayana Elektronik,11.102.001 PERALATAN TEKNIK,1470770,,121952270
30,10.202.008,— TAMAN DAN PENGHIJAUAN,Lumiera Garden,2025-04-19,BCA PT. ASA,Pemindahan Taman Kavling 5-12 & Pembuatan Taman Lumiera Kav. C-5 - LK-1 2- Jasa Landscape Abadi,10.101.003 BCA (8162440909 an PT. Adhiland Sukses Abadi),7000000,,128952270
30,10.202.008,— TAMAN DAN PENGHIJAUAN,Lumiera Garden,2025-06-07,BCA PT. ASA,Pemindahan Area Kavling LK-02 - LK-06 & Pembuatan Kontur Taman A5 - A7,10.101.003 BCA (8162440909 an PT. Adhiland Sukses Abadi),4000000,,132952270
30,10.202.008,— TAMAN DAN PENGHIJAUAN,Lumiera Garden,2025-06-13,BCA PT. ASA,"Penanaman Taman Berem Kavling LK-24, LK-25 & Communal, Pemindahan & Penanaman Pohon",10.101.003 BCA (8162440909 an PT. Adhiland Sukses Abadi),6445000,,139397270
30,10.202.008,— TAMAN DAN PENGHIJAUAN,Lumiera Garden,2025-06-26,Kas Kecil,Pembuatan Taman Behrem Sisi Timur & Tanaman - A. Bobby,10.101.001 KAS KECIL,10735000,,150132270
30,10.202.008,— TAMAN DAN PENGHIJAUAN,Lumiera Garden,2025-07-02,Kas Kecil,DP Pembelian Pohon Pule,10.101.001 KAS KECIL,5000000,,155132270
30,10.202.008,— TAMAN DAN PENGHIJAUAN,Lumiera Garden,2025-07-02,BCA PT. ASA,Pembelian Pohon Pule,10.101.003 BCA (8162440909 an PT. Adhiland Sukses Abadi),10000000,,165132270
30,10.202.008,— TAMAN DAN PENGHIJAUAN,Lumiera Garden,2025-07-04,Kas Kecil,Taman Communal Space - A. Bobby,10.101.001 KAS KECIL,18745000,,183877270
30,10.202.008,— TAMAN DAN PENGHIJAUAN,Lumiera Garden,2025-07-05,Kas Kecil,Meja Kursi Batu Taman (3 set),10.101.001 KAS KECIL,6000000,,189877270
30,10.202.008,— TAMAN DAN PENGHIJAUAN,Lumiera Garden,2025-07-05,Kas Kecil,Batu Tapak Taman (20 pcs),10.101.001 KAS KECIL,560000,,190437270
30,10.202.008,— TAMAN DAN PENGHIJAUAN,Lumiera Garden,2025-07-07,Kas Kecil,Pelunasan Pembelian Pohon Pule,10.101.001 KAS KECIL,13050000,,203487270
30,10.202.008,— TAMAN DAN PENGHIJAUAN,Lumiera Garden,2025-07-11,Kas Kecil,Tambahan Calatea Communal / 125 pcs - A. Bobby,10.101.001 KAS KECIL,1875000,,205362270
30,10.202.008,— TAMAN DAN PENGHIJAUAN,Lumiera Garden,2025-07-18,BCA PT. ASA,"Reimburse Pak Rula (Kabel NYM 2x1,5 mm Taman Communal / 100m)",10.101.003 BCA (8162440909 an PT. Adhiland Sukses Abadi),1650000,,207012270
30,10.202.008,— TAMAN DAN PENGHIJAUAN,Lumiera Garden,2025-07-18,BCA PT. ASA,Reimburse Pak Rula (Lampu Inlite 30W/4 unit & 50W/2 unit Taman Communal),10.101.003 BCA (8162440909 an PT. Adhiland Sukses Abadi),896000,,207908270
30,10.202.008,— TAMAN DAN PENGHIJAUAN,Lumiera Garden,2025-07-18,BCA PT. ASA,Upah Instalasi Lampu Taman / 12 titik - Edy Priono,10.101.003 BCA (8162440909 an PT. Adhiland Sukses Abadi),780000,,208688270
30,10.202.008,— TAMAN DAN PENGHIJAUAN,Lumiera Garden,2025-07-25,Kas Kecil,Reimburse Pak Adhi (Lampu In Lite 3W / 15 pcs),10.101.001 KAS KECIL,635150,,209323420
30,10.202.008,— TAMAN DAN PENGHIJAUAN,Lumiera Garden,2025-08-08,BCA PT. ASA,Pemasangan Lampu Tangga Taman Lumiera / 15 pcs,10.101.003 BCA (8162440909 an PT. Adhiland Sukses Abadi),900000,,210223420
30,10.202.008,— TAMAN DAN PENGHIJAUAN,Lumiera Garden,2025-08-08,BCA PT. ASA,Reimburse Pak Rula (Hembodus Kotak/s - 15bj - Taman Komunal),10.101.003 BCA (8162440909 an PT. Adhiland Sukses Abadi),75000,,210298420
30,10.202.008,— TAMAN DAN PENGHIJAUAN,Lumiera Garden,2025-09-12,Cash/Tunai,Taman Sisi Pagar - A. Bobby,10.101.002 CASH/TUNAI,13850000,,224148420
30,10.202.008,— TAMAN DAN PENGHIJAUAN,Lumiera Garden,2025-09-12,Cash/Tunai,Perawatan Tanaman Lumiera (2) - A. Bobby,10.101.002 CASH/TUNAI,500000,,224648420
30,10.202.008,— TAMAN DAN PENGHIJAUAN,Lumiera Garden,2025-09-12,BCA PT. ASA,Reimburse Pak Rula (Lampu Taman 50W / 2 pcs),10.101.003 BCA (8162440909 an PT. Adhiland Sukses Abadi),370000,,225018420
30,10.202.008,— TAMAN DAN PENGHIJAUAN,Lumiera Garden,2025-09-26,BCA PT. ASA,Reimburse Pak Rula (Kran Taman / 4 pcs),10.101.003 BCA (8162440909 an PT. Adhiland Sukses Abadi),60000,,225078420
30,10.202.008,— TAMAN DAN PENGHIJAUAN,Lumiera Garden,2025-10-30,BCA PT. ASA,"Reimburse Pak Rula (Lampu Sorot 50w & Kabel Twist 2x1,5mm - Taman Sisi Sungai)",10.101.003 BCA (8162440909 an PT. Adhiland Sukses Abadi),2485000,,227563420
30,10.202.008,— TAMAN DAN PENGHIJAUAN,Lumiera Garden,2025-10-31,BCA PT. ASA,Pembuatan Taman Sisi Gudang,10.101.003 BCA (8162440909 an PT. Adhiland Sukses Abadi),3700000,,231263420
30,10.202.008,— TAMAN DAN PENGHIJAUAN,Subtotal / Saldo Akhir,,,,,0,0,231263420
31,10.202.009,— PINTU GERBANG & POS JAGA,Saldo Awal,,,,,,,0
31,10.202.009,— PINTU GERBANG & POS JAGA,Lumiera Garden,2024-12-11,,Pembayaran Jasa Pemasangan Tiang Cermin,10.101.001 KAS KECIL,150000,,150000
31,10.202.009,— PINTU GERBANG & POS JAGA,Lumiera Garden,2025-02-14,BCA PT. ASA,Pekerjaan Cor Beton Depan Pintu Masuk - Arifin,10.101.003 BCA (8162440909 an PT. Adhiland Sukses Abadi),3900000,,4050000
31,10.202.009,— PINTU GERBANG & POS JAGA,Lumiera Garden,2025-02-14,BCA PT. ASA,Retensi (5%) Pekerjaan Bronjong Batu (003/SPK.ADP/LG/XI/2024) - Arifin,10.101.003 BCA (8162440909 an PT. Adhiland Sukses Abadi),4800000,,8850000
31,10.202.009,— PINTU GERBANG & POS JAGA,Subtotal / Saldo Akhir,,,,,0,0,8850000
32,10.202.010,— NAMA JALAN & RAMBU LALU LINTAS,Saldo Awal,,,,,,,0
32,10.202.010,— NAMA JALAN & RAMBU LALU LINTAS,Lumiera Garden,2024-12-06,,Reimburse Pak Rula Nota Material Kabel,10.101.001 KAS KECIL,460000,,460000
32,10.202.010,— NAMA JALAN & RAMBU LALU LINTAS,Lumiera Garden,2024-12-06,,Reimburse Pak Dian Nota Material Pipa Besi Cermin,10.101.001 KAS KECIL,185000,,645000
32,10.202.010,— NAMA JALAN & RAMBU LALU LINTAS,Subtotal / Saldo Akhir,,,,,0,0,645000
33,10.202.012,— PENERANGAN JALAN UMUM,Saldo Awal,,,,,,,0
33,10.202.012,— PENERANGAN JALAN UMUM,Lumiera Garden,2024-12-12,,Pasang Baru PJU,10.101.001 KAS KECIL,2087000,,2087000
33,10.202.012,— PENERANGAN JALAN UMUM,Lumiera Garden,2025-01-03,Cash/Tunai,"Reimburse Pak Adhi (Kabel NYM, H&G C Vanilla)",10.101.002 CASH/TUNAI,891359,,2978359
33,10.202.012,— PENERANGAN JALAN UMUM,Lumiera Garden,2025-02-07,BCA PT. ASA,PO LED Visicom Street Light HHE RLB 100W / 10 pcs - PT. Terang Abadi Raya (Visicom),10.101.003 BCA (8162440909 an PT. Adhiland Sukses Abadi),16000000,,18978359
33,10.202.012,— PENERANGAN JALAN UMUM,Lumiera Garden,2025-02-14,BCA PT. ASA,PO Tiang PJU Double Parabolic / 4 unit - PT. Terang Abadi Raya (Visicom),10.101.003 BCA (8162440909 an PT. Adhiland Sukses Abadi),12600000,,31578359
33,10.202.012,— PENERANGAN JALAN UMUM,Lumiera Garden,2025-02-14,BCA PT. ASA,PO Tiang PJU Single Parabolic / 2 unit - PT. Terang Abadi Raya (Visicom),10.101.003 BCA (8162440909 an PT. Adhiland Sukses Abadi),5500000,,37078359
33,10.202.012,— PENERANGAN JALAN UMUM,Lumiera Garden,2025-02-14,BCA PT. ASA,Ongkos Kirim Tiang PJU - PT. Terang Abadi Raya (Visicom),10.101.003 BCA (8162440909 an PT. Adhiland Sukses Abadi),1500000,,38578359
33,10.202.012,— PENERANGAN JALAN UMUM,Lumiera Garden,2025-03-27,BCA PT. ASA,Pembelian Kabel NYM 2x15 (Project) - Warung Listrik Warlis,10.101.003 BCA (8162440909 an PT. Adhiland Sukses Abadi),450000,,39028359
33,10.202.012,— PENERANGAN JALAN UMUM,Lumiera Garden,2025-06-26,BCA PT. ASA,Reimburse P. Rula (Lampu Jalan Masuk LED 60 Watt / 3 pcs),10.101.003 BCA (8162440909 an PT. Adhiland Sukses Abadi),339000,,39367359
33,10.202.012,— PENERANGAN JALAN UMUM,Lumiera Garden,2025-07-11,Kas Kecil,Reimburse Pak Adhi (Lampu Dinding Tempel Solar),10.101.001 KAS KECIL,159549,,39526908
33,10.202.012,— PENERANGAN JALAN UMUM,Lumiera Garden,2025-07-11,Kas Kecil,Reimburse Pak Adhi (Lampu Jalan LED Solar 1000watt),10.101.001 KAS KECIL,225898,,39752806
33,10.202.012,— PENERANGAN JALAN UMUM,Lumiera Garden,2025-07-11,Kas Kecil,Reimburse Pak Adhi (Lampu Jalan LED Solar 500watt),10.101.001 KAS KECIL,185898,,39938704
33,10.202.012,— PENERANGAN JALAN UMUM,Lumiera Garden,2025-07-11,Kas Kecil,Pemasangan Tiang PJU Double (4 pcs) - Lumintu,10.101.001 KAS KECIL,14220000,,54158704
33,10.202.012,— PENERANGAN JALAN UMUM,Lumiera Garden,2025-11-22,Kas Kecil,Pasang PJU + Instalasi (3 unit) - Suwandi,10.101.001 KAS KECIL,4500000,,58658704
33,10.202.012,— PENERANGAN JALAN UMUM,Lumiera Garden,2025-11-22,Kas Kecil,Pasang Lampu Pagar Sisi Sungai (4 unit) - Suwandi,10.101.001 KAS KECIL,300000,,58958704
33,10.202.012,— PENERANGAN JALAN UMUM,Lumiera Garden,2025-11-25,BCA PT. ASA,Lampu Bohlam Jalan Masuk (3 unit) - Gajayana Electronic,10.101.003 BCA (8162440909 an PT. Adhiland Sukses Abadi),540000,,59498704
33,10.202.012,— PENERANGAN JALAN UMUM,Subtotal / Saldo Akhir,,,,,0,0,59498704
34,10.202.013,— PAGAR LINGKUNGAN,Saldo Awal,,,,,,,0
34,10.202.013,— PAGAR LINGKUNGAN,Lumiera Garden,2025-08-01,Kas Kecil,Termin 50% Pekerjaan Pagar Kawasan (39/SPK.ADP/VII/2025) - Arifin,10.101.001 KAS KECIL,58500000,,58500000
34,10.202.013,— PAGAR LINGKUNGAN,Lumiera Garden,2025-09-04,Kas Kecil,Termin 95% Pagar Kawasan Belakang (39/SPK.ADP/VII/2025) - Arifin,10.101.001 KAS KECIL,52650000,,111150000
34,10.202.013,— PAGAR LINGKUNGAN,Lumiera Garden,2025-09-04,Kas Kecil,Addendum Pagar Pagar Kawasan Sisi Timur & Bronjong - Arifin,10.101.001 KAS KECIL,25000000,,136150000
34,10.202.013,— PAGAR LINGKUNGAN,Lumiera Garden,2025-09-26,BCA PT. ASA,Pintu Pagar Sisi Sungai - Restu Jaya,10.101.003 BCA (8162440909 an PT. Adhiland Sukses Abadi),630000,,136780000
34,10.202.013,— PAGAR LINGKUNGAN,Subtotal / Saldo Akhir,,,,,0,0,136780000
35,10.202.015,— KEAMANAN,Saldo Awal,,,,,,,0
35,10.202.015,— KEAMANAN,Lumiera Garden,2025-03-21,BCA PT. ASA,Reimburse Pak Dian (Pembelian Stopkontak CCTV Lumiera),10.101.003 BCA (8162440909 an PT. Adhiland Sukses Abadi),20000,,20000
35,10.202.015,— KEAMANAN,Subtotal / Saldo Akhir,,,,,0,0,20000
36,10.202.017,— BAHAN,Saldo Awal,,,,,,,0
36,10.202.017,— BAHAN,Lumiera Garden,2025-09-19,Kas Kecil,Termin 50% Galeri Marketing (42/SPK.ADP/VIII/2025) - Riadi,10.101.001 KAS KECIL,60000000,,60000000
36,10.202.017,— BAHAN,Lumiera Garden,2025-10-03,BCA PT. ASA,Reimburse Pak Rula (Material AC Gallery Marketing ),10.101.003 BCA (8162440909 an PT. Adhiland Sukses Abadi),3082000,,63082000
36,10.202.017,— BAHAN,Lumiera Garden,2025-10-10,Kas Kecil,Reimburse Pak Adhi (AC 1PK untuk Marketing Gallery / 2 unit),10.101.001 KAS KECIL,6798000,,69880000
36,10.202.017,— BAHAN,Lumiera Garden,2025-10-10,Kas Kecil,Reimburse Pak Adhi (Garansi AC Hartono),10.101.001 KAS KECIL,198000,,70078000
36,10.202.017,— BAHAN,Lumiera Garden,2025-10-10,BCA PT. ASA,Reimburse Pak Rula (Instalasi Listrik Galeri Marketing),10.101.003 BCA (8162440909 an PT. Adhiland Sukses Abadi),1290000,,71368000
36,10.202.017,— BAHAN,Lumiera Garden,2025-10-17,BCA PT. ASA,Instalasi & Pasang AC Galleri Marketing (2 unit),10.101.003 BCA (8162440909 an PT. Adhiland Sukses Abadi),920000,,72288000
36,10.202.017,— BAHAN,Lumiera Garden,2025-10-24,Cash/Tunai,Termin 95% Galeri Marketing (42/SPK.ADP/VIII/2025) - Riadi,10.101.002 CASH/TUNAI,54000000,,126288000
36,10.202.017,— BAHAN,Lumiera Garden,2025-10-24,BCA PT. ASA,Taman Galeri Marketing,10.101.003 BCA (8162440909 an PT. Adhiland Sukses Abadi),6000000,,132288000
36,10.202.017,— BAHAN,Lumiera Garden,2025-10-27,Kas Kecil,Addendum Galeri Marketing,10.101.001 KAS KECIL,18820000,,151108000
36,10.202.017,— BAHAN,Lumiera Garden,2025-10-31,Kas Kecil,Reimburse Pak Adhi (Pompa Air Kolam),10.101.001 KAS KECIL,475000,,151583000
36,10.202.017,— BAHAN,Lumiera Garden,2025-11-07,BCA PT. ASA,Reimburse Pak Rula (Material Filter Kolam Galeri Marketing),10.101.003 BCA (8162440909 an PT. Adhiland Sukses Abadi),475000,,152058000
36,10.202.017,— BAHAN,Lumiera Garden,2025-12-27,BCA PT. ASA,Retensi 5% Galeri Marketing (42/SPK.ADP/VIII/2025) - Riadi,10.101.003 BCA (8162440909 an PT. Adhiland Sukses Abadi),6000000,,158058000
36,10.202.017,— BAHAN,Subtotal / Saldo Akhir,,,,,0,0,158058000
37,10.202.018,— SALURAN DISTRIBUSI AIR,Saldo Awal,,,,,,,0
37,10.202.018,— SALURAN DISTRIBUSI AIR,Lumiera Garden,2024-12-14,,Pegangan Pak Dian Belanja Pipa Air Kerja,10.101.001 KAS KECIL,700000,,700000
37,10.202.018,— SALURAN DISTRIBUSI AIR,Lumiera Garden,2025-01-03,Kas Kecil,Reimburse Pak Dian - Material Air Kerja,10.101.001 KAS KECIL,31000,,731000
37,10.202.018,— SALURAN DISTRIBUSI AIR,Lumiera Garden,2025-04-25,BCA PT. ASA,DP 50% Pemasangan Pipa Jaringan Kawasan (20/SPK-ADP/IV/2025) - Saiful Anwar,10.101.003 BCA (8162440909 an PT. Adhiland Sukses Abadi),21775000,,22506000
37,10.202.018,— SALURAN DISTRIBUSI AIR,Lumiera Garden,2025-05-09,BCA PT. ASA,"Termin 2 (45%) Pek. 100% Pipa Air Bersih Kawasan (20/SPK.ADP/IV/2025) & Addendum Pipa 1,5",10.101.003 BCA (8162440909 an PT. Adhiland Sukses Abadi),28597500,,51103500
37,10.202.018,— SALURAN DISTRIBUSI AIR,Subtotal / Saldo Akhir,,,,,0,0,51103500
38,10.202.020,— TANDON AIR,Saldo Awal,,,,,,,0
38,10.202.020,— TANDON AIR,Lumiera Garden,2025-04-24,BCA PT. ASA,DP Gambar DED Tandon - Sandy Hermawan,10.101.003 BCA (8162440909 an PT. Adhiland Sukses Abadi),1000000,,1000000
38,10.202.020,— TANDON AIR,Lumiera Garden,2025-05-09,BCA PT. ASA,Pelunasan Gambar DED Tandon - Sandy Hermawan,10.101.003 BCA (8162440909 an PT. Adhiland Sukses Abadi),500000,,1500000
38,10.202.020,— TANDON AIR,Lumiera Garden,2025-05-09,BCA PT. ASA,Perhitungan Struktur Tandon,10.101.003 BCA (8162440909 an PT. Adhiland Sukses Abadi),2000000,,3500000
38,10.202.020,— TANDON AIR,Lumiera Garden,2025-05-31,BCA PT. ASA,Reimburse Pak Sugeng (Pembelian material pipa PVC tandon air kerja / 4 nota),10.101.003 BCA (8162440909 an PT. Adhiland Sukses Abadi),193000,,3693000
38,10.202.020,— TANDON AIR,Lumiera Garden,2025-06-26,Kas Kecil,Pembelian Tandon 1000L,10.101.001 KAS KECIL,950000,,4643000
38,10.202.020,— TANDON AIR,Lumiera Garden,2025-09-04,Kas Kecil,Termin 95% Tandon Kawasan (32/SPK.ADP/VI/2025) - Arifin,10.101.001 KAS KECIL,188330000,,192973000
38,10.202.020,— TANDON AIR,Lumiera Garden,2025-09-04,BCA PT. ASA,Reimburse Pak Rula (Cat Tandon ABu-abu),10.101.003 BCA (8162440909 an PT. Adhiland Sukses Abadi),1155023,,194128023
38,10.202.020,— TANDON AIR,Lumiera Garden,2025-09-12,Cash/Tunai,Instalasi Pipa Tandon (46/SPK-ADP/IX/2025) - Syaiful Anwar,10.101.002 CASH/TUNAI,21926000,,216054023
38,10.202.020,— TANDON AIR,Lumiera Garden,2025-09-12,BCA PT. ASA,Reimburse Pak Rula (Cat Tandon 8 kg),10.101.003 BCA (8162440909 an PT. Adhiland Sukses Abadi),485695,,216539718
38,10.202.020,— TANDON AIR,Lumiera Garden,2025-09-12,BCA PT. ASA,Reimburse Pak Dian (Material Tandon Lumiera / 3 nota),10.101.003 BCA (8162440909 an PT. Adhiland Sukses Abadi),98000,,216637718
38,10.202.020,— TANDON AIR,Lumiera Garden,2025-09-26,BCA PT. ASA,Tangga Akses Tandon - Restu Jaya,10.101.003 BCA (8162440909 an PT. Adhiland Sukses Abadi),3200000,,219837718
38,10.202.020,— TANDON AIR,Lumiera Garden,2025-10-03,BCA PT. ASA,Reimburse Pak Rula (Material Panel & Indikator Tandon) - 5 Nota,10.101.003 BCA (8162440909 an PT. Adhiland Sukses Abadi),1796000,,221633718
38,10.202.020,— TANDON AIR,Lumiera Garden,2025-10-08,Kas Kecil,Instalasi Panel & Indikator Tandon Kawasan - Suwandi,10.101.001 KAS KECIL,700000,,222333718
38,10.202.020,— TANDON AIR,Lumiera Garden,2025-11-11,Kas Kecil,Instalasi & Material CCTV Tandon - Suwandi,10.101.001 KAS KECIL,1300000,,223633718
38,10.202.020,— TANDON AIR,Subtotal / Saldo Akhir,,,,,0,0,223633718
39,10.202.022,— PENGEBORAN AIR BERSIH/SUMUR,Saldo Awal,,,,,,,0
39,10.202.022,— PENGEBORAN AIR BERSIH/SUMUR,Lumiera Garden,2025-04-11,BCA PT. ASA,DP 20% Pek. Pengeboran Sumur (11/SPK-ADB/IV/2025) - Kasmari,10.101.003 BCA (8162440909 an PT. Adhiland Sukses Abadi),13000000,,13000000
39,10.202.022,— PENGEBORAN AIR BERSIH/SUMUR,Lumiera Garden,2025-05-02,BCA PT. ASA,Pekerjaan Pembuatan Sumur Resapan Dia.1 meter - Riadi,10.101.003 BCA (8162440909 an PT. Adhiland Sukses Abadi),1345000,,14345000
39,10.202.022,— PENGEBORAN AIR BERSIH/SUMUR,Lumiera Garden,2025-05-09,BCA PT. ASA,Pelunasan Pekerjaan Bor Sumur Artesis (11/SPK.ADP/IV/2025),10.101.003 BCA (8162440909 an PT. Adhiland Sukses Abadi),48750000,,63095000
39,10.202.022,— PENGEBORAN AIR BERSIH/SUMUR,Lumiera Garden,2025-05-14,BCA PT. ASA,"Budgeting Kabel BC 3x2,5 mm (Fasum Sumur Bor)",10.101.003 BCA (8162440909 an PT. Adhiland Sukses Abadi),3400000,,66495000
39,10.202.022,— PENGEBORAN AIR BERSIH/SUMUR,Lumiera Garden,2025-05-31,BCA PT. ASA,Reimburse Pak Rula (Material panel pompa sumur),10.101.003 BCA (8162440909 an PT. Adhiland Sukses Abadi),400000,,66895000
39,10.202.022,— PENGEBORAN AIR BERSIH/SUMUR,Lumiera Garden,2025-06-13,BCA PT. ASA,Perbaikan Sumur Resapan - Riadi,10.101.003 BCA (8162440909 an PT. Adhiland Sukses Abadi),300000,,67195000
39,10.202.022,— PENGEBORAN AIR BERSIH/SUMUR,Lumiera Garden,2025-07-25,BCA PT. ASA,Retensi 5% Pekerjaan Sumur Athesis (11/SPK/ADP/IV/2025),10.101.003 BCA (8162440909 an PT. Adhiland Sukses Abadi),3250000,,70445000
39,10.202.022,— PENGEBORAN AIR BERSIH/SUMUR,Subtotal / Saldo Akhir,,,,,0,0,70445000
40,10.202.023,— JARINGAN LISTRIK PROYEK,Saldo Awal,,,,,,,0
40,10.202.023,— JARINGAN LISTRIK PROYEK,Lumiera Garden,2025-05-28,BCA PT. ASA,Upah instalasi listrik kerja & Material panel listrik,10.101.003 BCA (8162440909 an PT. Adhiland Sukses Abadi),1250000,,1250000
40,10.202.023,— JARINGAN LISTRIK PROYEK,Lumiera Garden,2025-05-31,BCA PT. ASA,Reimburse Pak Rula (Material perubahan jalur listrik kawasan),10.101.003 BCA (8162440909 an PT. Adhiland Sukses Abadi),1230000,,2480000
40,10.202.023,— JARINGAN LISTRIK PROYEK,Subtotal / Saldo Akhir,,,,,0,0,2480000
41,10.202.024,— FASUM,Saldo Awal,,,,,,,0
41,10.202.024,— FASUM,Lumiera Garden,2025-06-21,Kas Kecil,Reimburse P. Dian (Pembelian Stopkontak Area Belakang - Jalur Kerja & CCTV),10.101.001 KAS KECIL,55000,,55000
41,10.202.024,— FASUM,Lumiera Garden,2025-12-19,BCA PT. ASA,Reimburse Pak Sugeng (Kran air fasum),10.101.003 BCA (8162440909 an PT. Adhiland Sukses Abadi),134000,,189000
41,10.202.024,— FASUM,Subtotal / Saldo Akhir,,,,,0,0,189000
42,10.202.025,— GUDANG,Saldo Awal,,,,,,,0
42,10.202.025,— GUDANG,Lumiera Garden,2024-12-20,,Pembayaran Pembuatan Gudang - Arifin,10.101.001 KAS KECIL,1710000,,1710000
42,10.202.025,— GUDANG,Lumiera Garden,2025-03-07,Cash/Tunai,Pekerjaan Pembangunan Gudang Perkakas - Arifin,10.101.002 CASH/TUNAI,9400000,,11110000
42,10.202.025,— GUDANG,Lumiera Garden,2025-06-13,BCA PT. ASA,Pemindahan Gudang Proyek - Riadi,10.101.003 BCA (8162440909 an PT. Adhiland Sukses Abadi),1000000,,12110000
42,10.202.025,— GUDANG,Lumiera Garden,2025-09-22,Kas Kecil,Pembelian Material Gudang,10.101.001 KAS KECIL,135000,,12245000
42,10.202.025,— GUDANG,Subtotal / Saldo Akhir,,,,,0,0,12245000
43,10.202.028,— LISTRIK LOKASI,Saldo Awal,,,,,,,0
43,10.202.028,— LISTRIK LOKASI,Lumiera Garden,2024-12-20,,Pembayaran Pasang Listrik Kawasan - Agus Hariono,10.101.001 KAS KECIL,2199000,,2199000
43,10.202.028,— LISTRIK LOKASI,Lumiera Garden,2024-12-23,,Pembelian Token Listrik (ID Pel : 513111484250) + Biaya Admin,10.101.001 KAS KECIL,102500,,2301500
43,10.202.028,— LISTRIK LOKASI,Lumiera Garden,2024-12-28,BCA PT. ASA,Pembelian Token Listrik + Biaya Admin,10.101.003 BCA (8162440909 an PT. Adhiland Sukses Abadi),202303,,2503803
43,10.202.028,— LISTRIK LOKASI,Lumiera Garden,2025-03-27,BCA PT. ASA,Tambah Daya PLN (PJU Lumiera),10.101.003 BCA (8162440909 an PT. Adhiland Sukses Abadi),2153550,,4657353
43,10.202.028,— LISTRIK LOKASI,Lumiera Garden,2025-04-11,BCA PT. ASA,Reimburse Pak Rula (Upah Pasang & Material MCB Tambah Daya Listrik Fasum),10.101.003 BCA (8162440909 an PT. Adhiland Sukses Abadi),350000,,5007353
43,10.202.028,— LISTRIK LOKASI,Lumiera Garden,2025-04-15,BCA PT. ASA,Pembelian Material Kabel TC 60m & STK Listrik Kerja - Warung Listrik (Warlis),10.101.003 BCA (8162440909 an PT. Adhiland Sukses Abadi),505000,,5512353
43,10.202.028,— LISTRIK LOKASI,Lumiera Garden,2025-06-13,BCA PT. ASA,Reimburse Pak Rula (Pemindahan Kabel PLN diatas Kavling LK-12),10.101.003 BCA (8162440909 an PT. Adhiland Sukses Abadi),450000,,5962353
43,10.202.028,— LISTRIK LOKASI,Lumiera Garden,2025-07-11,BCA PT. ASA,Reimburse Pak Dian (Material Bantu Listrik Kerja),10.101.003 BCA (8162440909 an PT. Adhiland Sukses Abadi),18000,,5980353
43,10.202.028,— LISTRIK LOKASI,Lumiera Garden,2025-10-14,BCA PT. ASA,Tambah Daya PLN (PJU Lumiera dari 4.400 VA ke 5.500 VA),10.101.003 BCA (8162440909 an PT. Adhiland Sukses Abadi),1115900,,7096253
43,10.202.028,— LISTRIK LOKASI,Subtotal / Saldo Akhir,,,,,0,0,7096253
44,10.202.032,— PLN UNIT,Saldo Awal,,,,,,,0
44,10.202.032,— PLN UNIT,Lumiera Garden,2025-10-31,BCA PT. ASA,ESCROW - Biaya Penyambungan 84 Token,10.101.003 BCA (8162440909 an PT. Adhiland Sukses Abadi),102312000,,102312000
44,10.202.032,— PLN UNIT,Lumiera Garden,2025-10-31,BCA PT. ASA,ESCROW - Biaya Uang Jaminan Pelanggan 12 Unit,10.101.003 BCA (8162440909 an PT. Adhiland Sukses Abadi),2074800,,104386800
44,10.202.032,— PLN UNIT,Lumiera Garden,2025-10-31,BCA PT. ASA,ESCROW - Token Perdana 72 Token,10.101.003 BCA (8162440909 an PT. Adhiland Sukses Abadi),3600000,,107986800
44,10.202.032,— PLN UNIT,Lumiera Garden,2025-11-07,BCA PT. ASA,Pasang Baru Listrik - SLO & NIDI LK-7 an Heny Susanti (7 Unit),10.101.003 BCA (8162440909 an PT. Adhiland Sukses Abadi),910000,,108896800
44,10.202.032,— PLN UNIT,Lumiera Garden,2025-11-07,BCA PT. ASA,Pasang Baru Listrik - SLO & NIDI LK-8 an Agustina Irawati (7 Unit),10.101.003 BCA (8162440909 an PT. Adhiland Sukses Abadi),910000,,109806800
44,10.202.032,— PLN UNIT,Lumiera Garden,2025-11-07,BCA PT. ASA,Pasang Baru Listrik - SLO & NIDI LK-9 an Dwi Mulyono (7 Unit),10.101.003 BCA (8162440909 an PT. Adhiland Sukses Abadi),910000,,110716800
44,10.202.032,— PLN UNIT,Lumiera Garden,2025-11-07,BCA PT. ASA,Pasang Baru Listrik - SLO & NIDI LK-10 an M Yunus (7 Unit),10.101.003 BCA (8162440909 an PT. Adhiland Sukses Abadi),910000,,111626800
44,10.202.032,— PLN UNIT,Lumiera Garden,2025-11-07,BCA PT. ASA,Pasang Baru Listrik - SLO & NIDI LK-12 an Fitri Agustina (7 Unit),10.101.003 BCA (8162440909 an PT. Adhiland Sukses Abadi),910000,,112536800
44,10.202.032,— PLN UNIT,Subtotal / Saldo Akhir,,,,,0,0,112536800
45,10.202.041,— PLENGSENG,Saldo Awal,,,,,,,0
45,10.202.041,— PLENGSENG,Lumiera Garden,2024-12-20,,Pembayaran Termin I Plengseng (29/SPK/XII/2024)-Arifin,10.101.001 KAS KECIL,100000000,,100000000
45,10.202.041,— PLENGSENG,Lumiera Garden,2025-01-03,Cash/Tunai,Pekerjaan 100% Plesengan Fasum (32/SPK/XII/2024) - Arifin,10.101.002 CASH/TUNAI,220300000,,320300000
45,10.202.041,— PLENGSENG,Lumiera Garden,2025-01-24,Kas Kecil,Pekerjaan 100% Plengsengan (29/SPK/XII/2024) - Arifin,10.101.001 KAS KECIL,50000000,,370300000
45,10.202.041,— PLENGSENG,Lumiera Garden,2025-01-24,BCA PT. ASA,Pekerjaan 100% Plengsengan (29/SPK/XII/2024) - Arifin,10.101.003 BCA (8162440909 an PT. Adhiland Sukses Abadi),200000000,,570300000
45,10.202.041,— PLENGSENG,Lumiera Garden,2025-02-14,BCA PT. ASA,Addendum Pek. Plengsengan - Arifin,10.101.003 BCA (8162440909 an PT. Adhiland Sukses Abadi),24800000,,595100000
45,10.202.041,— PLENGSENG,Lumiera Garden,2025-02-21,BCA PT. ASA,Termin Pekerjaan 100% Plengsengan (29/SPK/XII/2024) - Arifin,10.101.003 BCA (8162440909 an PT. Adhiland Sukses Abadi),50000000,,645100000
45,10.202.041,— PLENGSENG,Lumiera Garden,2025-03-07,Cash/Tunai,Pelunasan Pek. 100% Plengsengan (29/SPK/XII/2024) - Arifin,10.101.002 CASH/TUNAI,91000000,,736100000
45,10.202.041,— PLENGSENG,Lumiera Garden,2025-03-14,Kas Kecil,Termin 50% Pekerjaan Plengseng Timur & Galian (06/SPK-ADP/II/2025) - Arifin,10.101.001 KAS KECIL,110435000,,846535000
45,10.202.041,— PLENGSENG,Lumiera Garden,2025-03-26,Cash/Tunai,Termin 100% Pekerjaan Plengseng Timur & Galian (06/SPK-ADP/II/2025) - Arifin,10.101.002 CASH/TUNAI,110435000,,956970000
45,10.202.041,— PLENGSENG,Subtotal / Saldo Akhir,,,,,0,0,956970000
46,10.202.999,— LAIN-LAIN,Saldo Awal,,,,,,,0
46,10.202.999,— LAIN-LAIN,Lumiera Garden,2024-11-29,,Pembelian Cermin Cembung Jalan,10.101.001 KAS KECIL,500000,,500000
46,10.202.999,— LAIN-LAIN,Lumiera Garden,2025-06-07,Kas Kecil,Reimburse Pak Adhi (Kabel FO 200 m + Router & HTB Pro + Jasa Pasang),10.101.001 KAS KECIL,1270000,,1770000
46,10.202.999,— LAIN-LAIN,Subtotal / Saldo Akhir,,,,,0,0,1770000
47,10.203.001,— PERSEDIAAN BANGUNAN,Saldo Awal,,,,,,,0
47,10.203.001,— PERSEDIAAN BANGUNAN,Lumiera Garden,2025-08-01,Kas Kecil,Termin 50% Pembangunan Unit LK-09 (17/SPK.ADP/IV/2025) - Nirsa Annas,10.101.001 KAS KECIL,170000000,,170000000
47,10.203.001,— PERSEDIAAN BANGUNAN,Lumiera Garden,2025-08-01,Kas Kecil,Termin 50% Pembangunan Unit LK-10 (18/SPK.ADP/IV/2025) - Nirsa Annas,10.101.001 KAS KECIL,170000000,,340000000
47,10.203.001,— PERSEDIAAN BANGUNAN,Lumiera Garden,2025-08-01,Kas Kecil,Termin 50% Pembangunan Unit LK-12 (22/SPK.ADP/IV/2025) - Richi Setiawan,10.101.001 KAS KECIL,165750000,,505750000
47,10.203.001,— PERSEDIAAN BANGUNAN,Lumiera Garden,2025-08-15,Kas Kecil,Termin 50% Kavling LK-7 (15/SPK.ADP/IV/2025) - Liswandi,10.101.001 KAS KECIL,163625000,,669375000
47,10.203.001,— PERSEDIAAN BANGUNAN,Lumiera Garden,2025-08-15,Kas Kecil,Termin 50% Kavling LK-8 (16/SPK.ADP/IV/2025) - Liswandi,10.101.001 KAS KECIL,163625000,,833000000
47,10.203.001,— PERSEDIAAN BANGUNAN,Lumiera Garden,2025-09-04,Kas Kecil,Termin 50% Kavling LK-02 (36/SPK.ADP/VI/2025) - Riadi,10.101.001 KAS KECIL,161500000,,994500000
47,10.203.001,— PERSEDIAAN BANGUNAN,Lumiera Garden,2025-09-12,Cash/Tunai,Termin I (50%) LK-11 (25/SPK.ADP/V/2025) - Richi Setiawan,10.101.002 CASH/TUNAI,166812500,,1161312500
47,10.203.001,— PERSEDIAAN BANGUNAN,Lumiera Garden,2025-09-12,Cash/Tunai,Termin I (50%) C-02 (27/SPK.ADP/V/2025) - Kurniawan Dwi Putro,10.101.002 CASH/TUNAI,112500000,,1273812500
47,10.203.001,— PERSEDIAAN BANGUNAN,Lumiera Garden,2025-09-12,Cash/Tunai,Termin I (50%) C-03 (28/SPK.ADP/V/2025) - Kurniawan Dwi Putro,10.101.002 CASH/TUNAI,112500000,,1386312500
47,10.203.001,— PERSEDIAAN BANGUNAN,Lumiera Garden,2025-09-26,Cash/Tunai,Termin 50% Kavling LK-3 (26/SPK.ADP/V/2025) - Riadi,10.101.002 CASH/TUNAI,161500000,,1547812500
47,10.203.001,— PERSEDIAAN BANGUNAN,Lumiera Garden,2025-10-04,Kas Kecil,Termin 50% Kavling LK-04 (37/SPK.ADP/VII/2025) - Richi Setiawan,10.101.001 KAS KECIL,166812500,,1714625000
47,10.203.001,— PERSEDIAAN BANGUNAN,Lumiera Garden,2025-11-08,Kas Kecil,Termin 50% Kavling LK-6 (43/SPK.ADP/VIII/2025) - Arya Desta,10.101.001 KAS KECIL,163625000,,1878250000
47,10.203.001,— PERSEDIAAN BANGUNAN,Subtotal / Saldo Akhir,,,,,0,0,1878250000
48,10.203.005,— AC,Saldo Awal,,,,,,,0
48,10.203.005,— AC,Lumiera Garden,2025-08-15,Kas Kecil,Reimburse Pak Rula (Pipa AC & Dak Tape Kavling LK-7 / 30 pcs),10.101.001 KAS KECIL,2100000,,2100000
48,10.203.005,— AC,Lumiera Garden,2025-08-15,Kas Kecil,Reimburse Pak Rula (Pipa AC & Dak Tape Kavling LK-8 / 30 pcs),10.101.001 KAS KECIL,2100000,,4200000
48,10.203.005,— AC,Lumiera Garden,2025-08-15,Kas Kecil,Reimburse Pak Rula (Freon R32 Kavling LK-7 & LK-8),10.101.001 KAS KECIL,1306250,,5506250
48,10.203.005,— AC,Lumiera Garden,2025-08-15,Kas Kecil,Reimburse Pak Rula (Daktape Kavling LK-7 & LK-8),10.101.001 KAS KECIL,160000,,5666250
48,10.203.005,— AC,Lumiera Garden,2025-08-15,Kas Kecil,"Reimburse Pak Rula (Kabel NYM 2x1,5 mm / 100m - Kabel Power AC LK-7&8)",10.101.001 KAS KECIL,1400000,,7066250
48,10.203.005,— AC,Lumiera Garden,2025-08-29,BCA PT. ASA,Instalasi Pipa & Kabel AC Kav. LK-7 & LK-8,10.101.003 BCA (8162440909 an PT. Adhiland Sukses Abadi),3000000,,10066250
48,10.203.005,— AC,Lumiera Garden,2025-09-12,BCA PT. ASA,"Reimburse Pak Rula (Kabel AC NYM 2x1,5mm LK-02 (50m))",10.101.003 BCA (8162440909 an PT. Adhiland Sukses Abadi),725000,,10791250
48,10.203.005,— AC,Lumiera Garden,2025-09-13,BCA PT. ASA,Reimburse Pak Rula (Pipa Refrigant AC LK-02 /30m),10.101.003 BCA (8162440909 an PT. Adhiland Sukses Abadi),2100000,,12891250
48,10.203.005,— AC,Lumiera Garden,2025-09-19,BCA PT. ASA,Reimburse Pak Rula (Dak Tape LK-02),10.101.003 BCA (8162440909 an PT. Adhiland Sukses Abadi),45000,,12936250
48,10.203.005,— AC,Lumiera Garden,2025-10-10,BCA PT. ASA,Reimburse Pak Rula (Pipa Refrigrant AC LK-3 / 30m),10.101.003 BCA (8162440909 an PT. Adhiland Sukses Abadi),2100000,,15036250
48,10.203.005,— AC,Lumiera Garden,2025-10-10,BCA PT. ASA,"Reimburse Pak Rula (Kabel NYM 2x1,5 mm AC LK-3 / 50m)",10.101.003 BCA (8162440909 an PT. Adhiland Sukses Abadi),700000,,15736250
48,10.203.005,— AC,Lumiera Garden,2025-10-10,BCA PT. ASA,Instalasi Pipa AC LK-2 (6 unit),10.101.003 BCA (8162440909 an PT. Adhiland Sukses Abadi),1500000,,17236250
48,10.203.005,— AC,Lumiera Garden,2025-10-10,BCA PT. ASA,Instalasi Pipa AC LK-3 (6 unit),10.101.003 BCA (8162440909 an PT. Adhiland Sukses Abadi),1500000,,18736250
48,10.203.005,— AC,Subtotal / Saldo Akhir,,,,,0,0,18736250
49,10.203.999,— LAIN-LAIN,Saldo Awal,,,,,,,0
49,10.203.999,— LAIN-LAIN,Lumiera Garden,2025-02-21,Kas Kecil,Pembelian material bouwplank kavling C-03 - Toko Mayang Grand,10.101.001 KAS KECIL,118000,,118000
49,10.203.999,— LAIN-LAIN,Lumiera Garden,2025-06-20,BCA PT. ASA,Buang Tanah Kav. LK-2 & LK-3 (8 rit / 3-5 Juni 2025) - Musla/Riadi,10.101.003 BCA (8162440909 an PT. Adhiland Sukses Abadi),1600000,,1718000
49,10.203.999,— LAIN-LAIN,Subtotal / Saldo Akhir,,,,,0,0,1718000
50,10.204.003,— PERLENGKAPAN PROYEK,Saldo Awal,,,,,,,0
50,10.204.003,— PERLENGKAPAN PROYEK,Lumiera Garden,2024-12-20,,Pembelian Material & Alat Kebersihan,10.101.001 KAS KECIL,757000,,757000
50,10.204.003,— PERLENGKAPAN PROYEK,Lumiera Garden,2025-01-03,BCA PT. ASA,Reimburse Pak Sugeng (Pembelian Material),10.101.003 BCA (8162440909 an PT. Adhiland Sukses Abadi),191000,,948000
50,10.204.003,— PERLENGKAPAN PROYEK,Subtotal / Saldo Akhir,,,,,0,0,948000
51,11.101.001,— PERALATAN KANTOR,Saldo Awal,,,,,,,0
51,11.101.001,— PERALATAN KANTOR,Lumiera Garden,2024-12-17,,"Pembayaran DP Tenda Marketing, Penutup Samping dan Cover Tenda",10.101.001 KAS KECIL,1000000,,1000000
51,11.101.001,— PERALATAN KANTOR,Lumiera Garden,2024-12-20,,"Pembayaran Pelunasan Tenda Marketing, Penutup Samping dan Cover Tenda",10.101.001 KAS KECIL,7100000,,8100000
51,11.101.001,— PERALATAN KANTOR,Lumiera Garden,2024-12-31,BCA PT. ASA,HP Call Center,10.101.003 BCA (8162440909 an PT. Adhiland Sukses Abadi),1500000,,9600000
51,11.101.001,— PERALATAN KANTOR,Lumiera Garden,2025-01-03,Cash/Tunai,Reimburse Pak Adhi (Bangku Besi Kayu Londo Coffe),10.101.002 CASH/TUNAI,2516000,,12116000
51,11.101.001,— PERALATAN KANTOR,Lumiera Garden,2025-01-03,Cash/Tunai,Reimburse Pak Adhi (Kursi Brava Hijau),10.101.002 CASH/TUNAI,625240,,12741240
51,11.101.001,— PERALATAN KANTOR,Lumiera Garden,2025-01-03,Cash/Tunai,Reimburse Pak Adhi (Kursi Brava Light Grey),10.101.002 CASH/TUNAI,625240,,13366480
51,11.101.001,— PERALATAN KANTOR,Lumiera Garden,2025-01-03,Cash/Tunai,Reimburse Pak Adhi (Meja Bundar),10.101.002 CASH/TUNAI,270000,,13636480
51,11.101.001,— PERALATAN KANTOR,Lumiera Garden,2025-01-03,Cash/Tunai,Reimburse Pak Adhi (Meja Kotak Bistro),10.101.002 CASH/TUNAI,319920,,13956400
51,11.101.001,— PERALATAN KANTOR,Lumiera Garden,2025-01-03,BCA PT. ASA,Reimburse Bella Tele (Tambahan Biaya untuk hp Call Center),10.101.003 BCA (8162440909 an PT. Adhiland Sukses Abadi),300000,,14256400
51,11.101.001,— PERALATAN KANTOR,Lumiera Garden,2025-01-17,BCA PT. ASA,Tripod Kamera,10.101.003 BCA (8162440909 an PT. Adhiland Sukses Abadi),298700,,14555100
51,11.101.001,— PERALATAN KANTOR,Lumiera Garden,2025-01-17,BCA PT. ASA,Inbex Lighting,10.101.003 BCA (8162440909 an PT. Adhiland Sukses Abadi),786100,,15341200
51,11.101.001,— PERALATAN KANTOR,Lumiera Garden,2025-01-24,BCA PT. ASA,Pembelian Penutup Samping Transparan 2 sisi - Istana Jaya Tenda,10.101.003 BCA (8162440909 an PT. Adhiland Sukses Abadi),500000,,15841200
51,11.101.001,— PERALATAN KANTOR,Lumiera Garden,2025-01-31,BCA PT. ASA,Pembelian Kursi Kantor (10 pcs) - Pirnoto,10.101.003 BCA (8162440909 an PT. Adhiland Sukses Abadi),3650000,,19491200
51,11.101.001,— PERALATAN KANTOR,Lumiera Garden,2025-02-21,Kas Kecil,Pembelian Loker Besi (Berkas Legal),10.101.001 KAS KECIL,1500000,,20991200
51,11.101.001,— PERALATAN KANTOR,Lumiera Garden,2025-03-03,BCA PT. ASA,Pembelian AC Kantor Lt.3 - Universal Joyo Lestari,10.101.003 BCA (8162440909 an PT. Adhiland Sukses Abadi),3048000,,24039200
51,11.101.001,— PERALATAN KANTOR,Lumiera Garden,2025-03-14,Kas Kecil,Reimburse Pak Adhi (Pembelian Inventaris Meja Kursi Kantor),10.101.001 KAS KECIL,7750000,,31789200
51,11.101.001,— PERALATAN KANTOR,Lumiera Garden,2025-03-14,Kas Kecil,Reimburse Pak Adhi (Pembelian Kursi Direktur RD322 / 4 pcs),10.101.001 KAS KECIL,5200000,,36989200
51,11.101.001,— PERALATAN KANTOR,Lumiera Garden,2025-03-14,Kas Kecil,Reimburse Pak Adhi (Pembelian Lemari Dokumen 2 laci),10.101.001 KAS KECIL,1250000,,38239200
51,11.101.001,— PERALATAN KANTOR,Lumiera Garden,2025-03-18,BCA PT. ASA,PC Marcomm - Galaxy Solusindo,10.101.003 BCA (8162440909 an PT. Adhiland Sukses Abadi),21664000,,59903200
51,11.101.001,— PERALATAN KANTOR,Lumiera Garden,2025-03-26,Kas Kecil,Reimburse Pak Adhi (Loker 4 Susun Marketing Gallery+Ongkir+Rakit),10.101.001 KAS KECIL,1015000,,60918200
51,11.101.001,— PERALATAN KANTOR,Lumiera Garden,2025-05-09,BCA PT. ASA,Godox SL-100 BI LED Continous Light,10.101.003 BCA (8162440909 an PT. Adhiland Sukses Abadi),3761000,,64679200
51,11.101.001,— PERALATAN KANTOR,Lumiera Garden,2025-05-10,BCA PT. ASA,"Lensa FE 35 mm 1,8",10.101.003 BCA (8162440909 an PT. Adhiland Sukses Abadi),8658100,,73337300
51,11.101.001,— PERALATAN KANTOR,Lumiera Garden,2025-05-16,Kas Kecil,Reimburse Pak Adhi (Meja Gaming Minimalis Modern / Meja Kantor),10.101.001 KAS KECIL,538914,,73876214
51,11.101.001,— PERALATAN KANTOR,Lumiera Garden,2025-05-26,Kas Kecil,Hardisk (Seagate One Touch External HDD / 1 TB USB 3.0),10.101.001 KAS KECIL,975000,,74851214
51,11.101.001,— PERALATAN KANTOR,Lumiera Garden,2025-06-13,Kas Kecil,"Reimburse Pak Adhi (Terpal, Tampar / Qurban)",10.101.001 KAS KECIL,507500,,75358714
51,11.101.001,— PERALATAN KANTOR,Lumiera Garden,2025-06-20,BCA PT. ASA,Headset Bluetooth (Telle Marketing / 2 pcs),10.101.003 BCA (8162440909 an PT. Adhiland Sukses Abadi),356200,,75714914
51,11.101.001,— PERALATAN KANTOR,Lumiera Garden,2025-06-26,Kas Kecil,Reimburse Pak Adhi (Dispenser Miyako Hitam),10.101.001 KAS KECIL,895000,,76609914
51,11.101.001,— PERALATAN KANTOR,Lumiera Garden,2025-06-30,BCA PT. ASA,ND Filter Kamera,10.101.003 BCA (8162440909 an PT. Adhiland Sukses Abadi),1280380,,77890294
51,11.101.001,— PERALATAN KANTOR,Lumiera Garden,2025-08-02,Kas Kecil,Laptop Lenovo IDEAPAD (Telle/Vanda),10.101.001 KAS KECIL,3450000,,81340294
51,11.101.001,— PERALATAN KANTOR,Lumiera Garden,2025-09-26,BCA PT. ASA,Reimburse Pak Adhi (Tempat Sampah Dorong 120L Warna Kuning),10.101.003 BCA (8162440909 an PT. Adhiland Sukses Abadi),479900,,81820194
51,11.101.001,— PERALATAN KANTOR,Lumiera Garden,2025-10-17,Kas Kecil,Reimburse Pak Adhi (Meja Bulat Abu-abu / 2 pcs),10.101.001 KAS KECIL,1798000,,83618194
51,11.101.001,— PERALATAN KANTOR,Lumiera Garden,2025-10-17,Kas Kecil,Reimburse Pak Adhi (Karpet Cream),10.101.001 KAS KECIL,1699000,,85317194
51,11.101.001,— PERALATAN KANTOR,Lumiera Garden,2025-10-17,Kas Kecil,"Reimburse Pak Adhi (Set Sofa Abu 3,2,1)",10.101.001 KAS KECIL,10999000,,96316194
51,11.101.001,— PERALATAN KANTOR,Lumiera Garden,2025-10-17,Kas Kecil,Reimburse Pak Adhi (Meja Kotak Abu-abu),10.101.001 KAS KECIL,4999000,,101315194
51,11.101.001,— PERALATAN KANTOR,Lumiera Garden,2025-10-17,Kas Kecil,Reimburse Pak Adhi (Keset Informa),10.101.001 KAS KECIL,229000,,101544194
51,11.101.001,— PERALATAN KANTOR,Lumiera Garden,2025-10-17,Kas Kecil,Reimburse Pak Adhi (Vas Hiasan Meja),10.101.001 KAS KECIL,299000,,101843194
51,11.101.001,— PERALATAN KANTOR,Lumiera Garden,2025-10-22,BCA PT. ASA,Drone Marcomm,10.101.003 BCA (8162440909 an PT. Adhiland Sukses Abadi),32994000,,134837194
51,11.101.001,— PERALATAN KANTOR,Lumiera Garden,2025-11-07,BCA PT. ASA,Tas Drone,10.101.003 BCA (8162440909 an PT. Adhiland Sukses Abadi),283700,,135120894
51,11.101.001,— PERALATAN KANTOR,Lumiera Garden,2025-11-07,BCA PT. ASA,Tas Kamera,10.101.003 BCA (8162440909 an PT. Adhiland Sukses Abadi),504500,,135625394
51,11.101.001,— PERALATAN KANTOR,Lumiera Garden,2025-11-11,BCA PT. ASA,Kasur 90x200cm dan Bantal Guling - Galeri Marketing - Pirnoto,10.101.003 BCA (8162440909 an PT. Adhiland Sukses Abadi),1000000,,136625394
51,11.101.001,— PERALATAN KANTOR,Lumiera Garden,2025-11-14,Kas Kecil,Reimburse Pak Adhi (Lemari Pintu Sliding 2 Pintu),10.101.001 KAS KECIL,1699000,,138324394
51,11.101.001,— PERALATAN KANTOR,Lumiera Garden,2025-11-14,Kas Kecil,Reimburse Pak Adhi (Kursi Duduk Hijau Tua / 4 pcs),10.101.001 KAS KECIL,1276000,,139600394
51,11.101.001,— PERALATAN KANTOR,Lumiera Garden,2025-11-14,Kas Kecil,Reimburse Pak Adhi (1 Set Meja 2 Kursi),10.101.001 KAS KECIL,659000,,140259394
51,11.101.001,— PERALATAN KANTOR,Lumiera Garden,2025-11-14,BCA PT. ASA,Reimburse Pak Adhi (Laptop Digital Marketing - Asus Gaming V16 V3607VU-1545B7T-HM ),10.101.003 BCA (8162440909 an PT. Adhiland Sukses Abadi),13191950,,153451344
51,11.101.001,— PERALATAN KANTOR,Subtotal / Saldo Akhir,,,,,0,0,153451344
52,11.102.001,— PERALATAN TEKNIK,Saldo Awal,,,,,,,0
52,11.102.001,— PERALATAN TEKNIK,Lumiera Garden,2024-11-22,,Reimburse Pak Rula beli Meja Lapangan (Bar Beer Set Whitegrey),10.101.001 KAS KECIL,999900,,999900
52,11.102.001,— PERALATAN TEKNIK,Lumiera Garden,2024-12-20,,Pembelian selang 4 roll,10.101.001 KAS KECIL,1950000,,2949900
52,11.102.001,— PERALATAN TEKNIK,Lumiera Garden,2024-12-27,BCA PT. ASA,Teknik Pompa + air mancur,10.101.003 BCA (8162440909 an PT. Adhiland Sukses Abadi),1950000,,4899900
52,11.102.001,— PERALATAN TEKNIK,Lumiera Garden,2025-01-06,BCA PT. ASA,Pembayaran mesin alkon air teknik,10.101.003 BCA (8162440909 an PT. Adhiland Sukses Abadi),4500000,,9399900
52,11.102.001,— PERALATAN TEKNIK,Lumiera Garden,2025-02-14,,Reimburse Pak Rula (Pembelian Lampu Taman / Inlite) -Gajayana Elektronik,10.202.008 TAMAN DAN PENGHIJAUAN,,1470770,7929130
52,11.102.001,— PERALATAN TEKNIK,Lumiera Garden,2025-02-14,,Piutang Pemilik Ruko Suhat (Reimburse Pak Rula-Pembelian Keramik & Lampu Lt.3),10.102.999 PIUTANG LAINNYA,,479230,7449900
52,11.102.001,— PERALATAN TEKNIK,Lumiera Garden,2025-03-14,Kas Kecil,Reimburse Pak Adhi (Pembelian Traffic Cone),10.101.001 KAS KECIL,636900,,8086800
52,11.102.001,— PERALATAN TEKNIK,Lumiera Garden,2025-06-13,Kas Kecil,Reimburse Pak Adhi (CCTV+SD Card 64Gb) -Indoor,10.101.001 KAS KECIL,1174080,,9260880
52,11.102.001,— PERALATAN TEKNIK,Lumiera Garden,2025-06-20,Kas Kecil,Reimburse Pak Adhi (CCTV+SD Card 64GB / 2pcs) - Outdoor,10.101.001 KAS KECIL,1850000,,11110880
52,11.102.001,— PERALATAN TEKNIK,Subtotal / Saldo Akhir,,,,,0,0,11110880
53,11.103.001,— KENDARAAN,Saldo Awal,,,,,,,0
53,11.103.001,— KENDARAAN,Lumiera Garden,2025-01-06,BCA PT. ASA,Booking Mobil Operasional,10.101.003 BCA (8162440909 an PT. Adhiland Sukses Abadi),5000000,,5000000
53,11.103.001,— KENDARAAN,Lumiera Garden,2025-01-14,Cash/Tunai,Pembayaran Pelunasan DP Innova,10.101.002 CASH/TUNAI,16264358,,21264358
53,11.103.001,— KENDARAAN,Lumiera Garden,2025-01-14,Cash/Tunai,Biaya Admin (Kartika Sari),10.101.002 CASH/TUNAI,9000000,,30264358
53,11.103.001,— KENDARAAN,Lumiera Garden,2025-06-24,BCA PT. ASA,DP Mobil Pick Up,10.101.003 BCA (8162440909 an PT. Adhiland Sukses Abadi),80000000,,110264358
53,11.103.001,— KENDARAAN,Lumiera Garden,2025-06-25,BCA PT. ASA,Pelunasan Pembelian Mobil Pick Up,10.101.003 BCA (8162440909 an PT. Adhiland Sukses Abadi),39000000,,149264358
53,11.103.001,— KENDARAAN,Lumiera Garden,2025-07-03,Kas Kecil,Karpet New Carry (165 x 260) - Mobil Pick Up,10.101.001 KAS KECIL,700000,,149964358
53,11.103.001,— KENDARAAN,Lumiera Garden,2025-07-05,Kas Kecil,Pagar Mobil + Planger & Pengaman Belakang - Mobil Pick Up,10.101.001 KAS KECIL,1500000,,151464358
53,11.103.001,— KENDARAAN,Subtotal / Saldo Akhir,,,,,0,0,151464358
54,20.101.001,— UANG MUKA,Saldo Awal,,,,,,,0
54,20.101.001,— UANG MUKA,Lumiera Garden,2024-12-19,,Pembayaran Pelunasan kavling LK-08 an Djuwito,10.101.002 CASH/TUNAI,,870000000,870000000
54,20.101.001,— UANG MUKA,Lumiera Garden,2024-12-19,,Pembayaran DP 1 & DP 2 Kavling LK-07 an Heny Susanti,10.101.002 CASH/TUNAI,,300000000,1170000000
54,20.101.001,— UANG MUKA,Lumiera Garden,2024-12-25,BCA PT. ASA,Pembayaran DP 1 Kavling LK-10 an Mochamad Yunus,10.101.003 BCA (8162440909 an PT. Adhiland Sukses Abadi),,45000000,1215000000
54,20.101.001,— UANG MUKA,Lumiera Garden,2024-12-25,BCA PT. ASA,Pembayaran DP Kavling LK-06 an Ninik Yulaikah,10.101.003 BCA (8162440909 an PT. Adhiland Sukses Abadi),,100000000,1315000000
54,20.101.001,— UANG MUKA,Lumiera Garden,2024-12-27,BCA PT. ASA,Pembayaran DP 2 Kavling LK-10 an Mochamad Yunus,10.101.003 BCA (8162440909 an PT. Adhiland Sukses Abadi),,450000000,1765000000
54,20.101.001,— UANG MUKA,Lumiera Garden,2024-12-30,BCA PT. ASA,Pembayaran DP 1 Kavling LK-02 an Etty Parawati,10.101.003 BCA (8162440909 an PT. Adhiland Sukses Abadi),,30000000,1795000000
54,20.101.001,— UANG MUKA,Lumiera Garden,2024-12-30,BCA PT. ASA,Pembayaran Pelunasan DP Kavling LK-06 an Ninik Yulaikah,10.101.003 BCA (8162440909 an PT. Adhiland Sukses Abadi),,166500000,1961500000
54,20.101.001,— UANG MUKA,Lumiera Garden,2024-12-31,BCA PT. ASA,Pembayaran DP Kavling LK-09 an Dwi Mulyono,10.101.003 BCA (8162440909 an PT. Adhiland Sukses Abadi),,650000000,2611500000
54,20.101.001,— UANG MUKA,Lumiera Garden,2025-01-02,BCA PT. ASA,Pembayaran Angsuran 1 Kavling LK-07 an Neny Susanti,10.101.003 BCA (8162440909 an PT. Adhiland Sukses Abadi),,50000000,2661500000
54,20.101.001,— UANG MUKA,Lumiera Garden,2025-01-02,BCA PT. ASA,Pembayaran DP II Kavling LK-02 an Etty Parawati,10.101.003 BCA (8162440909 an PT. Adhiland Sukses Abadi),,240000000,2901500000
54,20.101.001,— UANG MUKA,Lumiera Garden,2025-01-07,BCA PT. ASA,Pembayaran DP I Kavling LK-12 an Fitria Agustina,10.101.003 BCA (8162440909 an PT. Adhiland Sukses Abadi),,300000000,3201500000
54,20.101.001,— UANG MUKA,Lumiera Garden,2025-01-10,BCA PT. ASA,Pembayaran DP Kavling LK-03 an Rachmadiana Sari,10.101.003 BCA (8162440909 an PT. Adhiland Sukses Abadi),,500000000,3701500000
54,20.101.001,— UANG MUKA,Lumiera Garden,2025-01-24,BCA PT. ASA,Pembayaran Pelunasan Rukost Kavling LK-12 an Fitria Agustina,10.101.003 BCA (8162440909 an PT. Adhiland Sukses Abadi),,500000000,4201500000
54,20.101.001,— UANG MUKA,Lumiera Garden,2025-01-25,BCA PT. ASA,Pembayaran Pelunasan Rukost Kavling LK-12 an Fitria Agustina,10.101.003 BCA (8162440909 an PT. Adhiland Sukses Abadi),,70000000,4271500000
54,20.101.001,— UANG MUKA,Lumiera Garden,2025-01-25,BCA PT. ASA,Pembayaran Pelunasan Rukost Kavling LK-10 an Mochamad Yunus,10.101.003 BCA (8162440909 an PT. Adhiland Sukses Abadi),,250000000,4521500000
54,20.101.001,— UANG MUKA,Lumiera Garden,2025-01-25,BCA PT. ASA,Pembayaran DP 1 Hunian Kavling C-02 an Fitria Amalia Dewi,10.101.003 BCA (8162440909 an PT. Adhiland Sukses Abadi),,50000000,4571500000
54,20.101.001,— UANG MUKA,Lumiera Garden,2025-01-26,BCA PT. ASA,Pembayaran Pelunasan Rukost Kavling LK-10 an Mochamad Yunus,10.101.003 BCA (8162440909 an PT. Adhiland Sukses Abadi),,125000000,4696500000
54,20.101.001,— UANG MUKA,Lumiera Garden,2025-01-28,BCA PT. ASA,"Pembayaran DP 1 Hunian Kavling C-03 an Tri Prasetyaningrum, SE., MM",10.101.003 BCA (8162440909 an PT. Adhiland Sukses Abadi),,60000000,4756500000
54,20.101.001,— UANG MUKA,Lumiera Garden,2025-01-30,BCA PT. ASA,"Pembayaran DP 1 Rukost Kavling LK-11 an Debora Asih Natalia Alle, ST.",10.101.003 BCA (8162440909 an PT. Adhiland Sukses Abadi),,50000000,4806500000
54,20.101.001,— UANG MUKA,Lumiera Garden,2025-01-30,BCA PT. ASA,"Pembayaran DP 2 Rukost Kavling C-03 an Tri Prasetyaningrum, SE., MM",10.101.003 BCA (8162440909 an PT. Adhiland Sukses Abadi),,100000000,4906500000
54,20.101.001,— UANG MUKA,Lumiera Garden,2025-01-30,BCA PT. ASA,Pembayaran DP 2&3 Kavling C-02 an Fitria Amalia Dewi,10.101.003 BCA (8162440909 an PT. Adhiland Sukses Abadi),,103700000,5010200000
54,20.101.001,— UANG MUKA,Lumiera Garden,2025-01-31,BCA PT. ASA,"Pembayaran DP 2 Rukost Kavling LK-11 an Debora Asih Natalia Alle, ST.",10.101.003 BCA (8162440909 an PT. Adhiland Sukses Abadi),,450000000,5460200000
54,20.101.001,— UANG MUKA,Lumiera Garden,2025-02-01,Cash/Tunai,Pembayaran DP Rukost Kavling LK-04 an Endah Kuswantari,10.101.002 CASH/TUNAI,,800000000,6260200000
54,20.101.001,— UANG MUKA,Lumiera Garden,2025-02-04,BCA PT. ASA,Pembayaran Angsuran 2 Kavling LK-07 an Heny Susanti,10.101.003 BCA (8162440909 an PT. Adhiland Sukses Abadi),,50000000,6310200000
54,20.101.001,— UANG MUKA,Lumiera Garden,2025-02-10,BCA PT. ASA,Pembayaran Angsuran 1 Kavling LK-03 an Rachmadiana Sari,10.101.003 BCA (8162440909 an PT. Adhiland Sukses Abadi),,150000000,6460200000
54,20.101.001,— UANG MUKA,Lumiera Garden,2025-02-18,BCA PT. ASA,Pembayaran DP (1) Pembelian Rukost Kavling LK-05 an Ninik Yulaikah,10.101.003 BCA (8162440909 an PT. Adhiland Sukses Abadi),,50000000,6510200000
54,20.101.001,— UANG MUKA,Lumiera Garden,2025-02-21,BCA PT. ASA,Pembayaran Pelunasan 1 C-02 an Fitria Amalia Dewi,10.101.003 BCA (8162440909 an PT. Adhiland Sukses Abadi),,100000000,6610200000
54,20.101.001,— UANG MUKA,Lumiera Garden,2025-03-04,BCA PT. ASA,Pembayaran Angsuran Ke-3 Rukost Kavling LK-07 an Heny Susanti,10.101.003 BCA (8162440909 an PT. Adhiland Sukses Abadi),,50000000,6660200000
54,20.101.001,— UANG MUKA,Lumiera Garden,2025-03-06,BCA PT. ASA,"Pembayaran Pelunasan Rukost Kavling LK-11 an Debora Asih Natalia Alle, ST",10.101.003 BCA (8162440909 an PT. Adhiland Sukses Abadi),,459000000,7119200000
54,20.101.001,— UANG MUKA,Lumiera Garden,2025-03-06,BCA PT. ASA,Pembayaran Angsuran 2 Kavling LK-03 an Rachmadiana Sari,10.101.003 BCA (8162440909 an PT. Adhiland Sukses Abadi),,150000000,7269200000
54,20.101.001,— UANG MUKA,Lumiera Garden,2025-03-11,BCA PT. ASA,Pembayaran DP 2 Pembelian Rukost Kavling LK-05 an Ninik Yulaikah (1),10.101.003 BCA (8162440909 an PT. Adhiland Sukses Abadi),,50000000,7319200000
54,20.101.001,— UANG MUKA,Lumiera Garden,2025-03-11,BCA PT. ASA,Pembayaran DP 2 Pembelian Rukost Kavling LK-05 an Ninik Yulaikah (2),10.101.003 BCA (8162440909 an PT. Adhiland Sukses Abadi),,25000000,7344200000
54,20.101.001,— UANG MUKA,Lumiera Garden,2025-03-11,BCA PT. ASA,Pembayaran DP 2 Pembelian Rukost Kavling LK-05 an Ninik Yulaikah (3),10.101.003 BCA (8162440909 an PT. Adhiland Sukses Abadi),,25000000,7369200000
54,20.101.001,— UANG MUKA,Lumiera Garden,2025-03-11,BCA PT. ASA,Pembayaran Pelunasan Ke-1 Pembelian Rukost Kavling LK-04 an Endah Kuswintari,10.101.003 BCA (8162440909 an PT. Adhiland Sukses Abadi),,100000000,7469200000
54,20.101.001,— UANG MUKA,Lumiera Garden,2025-03-25,BCA PT. ASA,"Pembayaran Pelunasan (1) Pembelian Unit Rumah Kav. C-03 an Tri Prasetyaningrum, SE.,MM",10.101.003 BCA (8162440909 an PT. Adhiland Sukses Abadi),,350000000,7819200000
54,20.101.001,— UANG MUKA,Lumiera Garden,2025-03-26,BCA PT. ASA,"Pembayaran Pelunasan (2) Pembelian Unit Rumah Kav. C-03 an Tri Prasetyaningrum, SE.,MM",10.101.003 BCA (8162440909 an PT. Adhiland Sukses Abadi),,14000000,7833200000
54,20.101.001,— UANG MUKA,Lumiera Garden,2025-04-04,BCA PT. ASA,Pembayaran Angsuran Ke-4 Rukost Kavling LK-07 an Heny Susanti,10.101.003 BCA (8162440909 an PT. Adhiland Sukses Abadi),,50000000,7883200000
54,20.101.001,— UANG MUKA,Lumiera Garden,2025-04-10,BCA PT. ASA,Pembayaran Pelunasan / Angsuran 3 Kavling LK-03 an Rachmadiana Sari,10.101.003 BCA (8162440909 an PT. Adhiland Sukses Abadi),,145000000,8028200000
54,20.101.001,— UANG MUKA,Lumiera Garden,2025-04-30,BCA PT. ASA,Pembayaran DP 3 Pembelian Rukost Kavling LK-05 an Ninik Yulaikah,10.101.003 BCA (8162440909 an PT. Adhiland Sukses Abadi),,30000000,8058200000
54,20.101.001,— UANG MUKA,Lumiera Garden,2025-05-01,Cash/Tunai,Pembayaran Pelunasan Ke-2 Pembelian Rukost Kavling LK-04 an Endah Kuswintari,10.101.002 CASH/TUNAI,,84000000,8142200000
54,20.101.001,— UANG MUKA,Lumiera Garden,2025-05-02,BCA PT. ASA,Pembayaran DP 4 Pembelian Rukost Kavling LK-05 an Ninik Yulaikah,10.101.003 BCA (8162440909 an PT. Adhiland Sukses Abadi),,90000000,8232200000
54,20.101.001,— UANG MUKA,Lumiera Garden,2025-05-05,BCA PT. ASA,Pembayaran Cicilan Angsuran Ke-5 Rukost Kavling LK-07 an Heny Susanti,10.101.003 BCA (8162440909 an PT. Adhiland Sukses Abadi),,20000000,8252200000
54,20.101.001,— UANG MUKA,Lumiera Garden,2025-06-03,BCA PT. ASA,Pembayaran Cicilan Pelunasan Kavling LK-02 an Etty Parawati,10.101.003 BCA (8162440909 an PT. Adhiland Sukses Abadi),,120000000,8372200000
54,20.101.001,— UANG MUKA,Lumiera Garden,2025-06-09,BCA PT. ASA,Pembayaran Cicilan Angsuran Ke-6 Rukost Kavling LK-07 an Heny Susanti,10.101.003 BCA (8162440909 an PT. Adhiland Sukses Abadi),,20000000,8392200000
54,20.101.001,— UANG MUKA,Lumiera Garden,2025-06-28,BCA PT. ASA,"Pembayaran Pelunasan Ke-1 Kavling LK-09 an Dwi Mulyono, ST",10.101.003 BCA (8162440909 an PT. Adhiland Sukses Abadi),,40000000,8432200000
54,20.101.001,— UANG MUKA,Lumiera Garden,2025-07-16,BCA PT. ASA,Pembayaran Pelunasan Kavling LK-02 an Etty Parawati,10.101.003 BCA (8162440909 an PT. Adhiland Sukses Abadi),,480000000,8912200000
54,20.101.001,— UANG MUKA,Lumiera Garden,2025-07-16,BCA PT. ASA,Pembayaran PTB Kavling LK-02 an Etty Parawati,10.101.003 BCA (8162440909 an PT. Adhiland Sukses Abadi),,3798000,8915998000
54,20.101.001,— UANG MUKA,Lumiera Garden,2025-07-18,BCA PT. ASA,Pembayaran Angsuran Ke 1-7 Pembelian Rukost Kavling LK-06 an Ninik Yulaikah,10.101.003 BCA (8162440909 an PT. Adhiland Sukses Abadi),,354375000,9270373000
54,20.101.001,— UANG MUKA,Lumiera Garden,2025-07-18,BCA PT. ASA,Pembayaran Cicilan Angsuran Ke-1 Pembelian Rukost Kavling LK-05 an Ninik Yulaikah,10.101.003 BCA (8162440909 an PT. Adhiland Sukses Abadi),,45625000,9315998000
54,20.101.001,— UANG MUKA,Lumiera Garden,2025-08-02,BCA PT. ASA,Pembayaran Pelunasan 1 C-02 an Fitria Amalia Dewi,10.101.003 BCA (8162440909 an PT. Adhiland Sukses Abadi),,100000000,9415998000
54,20.101.001,— UANG MUKA,Lumiera Garden,2025-08-20,BCA PT. ASA,DP Kavling LK-22 an Jovita Ika Pramyas,10.101.003 BCA (8162440909 an PT. Adhiland Sukses Abadi),,50000000,9465998000
54,20.101.001,— UANG MUKA,Lumiera Garden,2025-08-26,Cash/Tunai,Pembayaran DP Ke-2 Pembelian Rukost Kavling LK-22 an Jovita Ika P.,10.101.002 CASH/TUNAI,,253000000,9718998000
54,20.101.001,— UANG MUKA,Lumiera Garden,2025-08-26,BCA PT. ASA,"Pembayaran Cicilan Pelunasan Ke-2 Kavling LK-09 an Dwi Mulyono, ST",10.101.003 BCA (8162440909 an PT. Adhiland Sukses Abadi),,35000000,9753998000
54,20.101.001,— UANG MUKA,Lumiera Garden,2025-09-03,Cash/Tunai,Pembayaran Ke-3 Pembelian Rukost Kavling LK-22 an Jovita Ika P.,10.101.002 CASH/TUNAI,,617000000,10370998000
54,20.101.001,— UANG MUKA,Lumiera Garden,2025-09-06,BCA PT. ASA,Pembayaran Cicilan Angsuran Ke7 Rukost Kavling LK-07 an Heny Susanti,10.101.003 BCA (8162440909 an PT. Adhiland Sukses Abadi),,20000000,10390998000
54,20.101.001,— UANG MUKA,Lumiera Garden,2025-09-21,BCA PT. ASA,Pembayaran DP 1 Pembelian Rukost Kavling LK-23 an Ririn Yuni Astutik,10.101.003 BCA (8162440909 an PT. Adhiland Sukses Abadi),,20000000,10410998000
54,20.101.001,— UANG MUKA,Lumiera Garden,2025-09-23,BCA PT. ASA,Pembayaran DP 2 Pembelian Rukost Kavling LK-23 an Ririn Yuni Astutik,10.101.003 BCA (8162440909 an PT. Adhiland Sukses Abadi),,512500000,10923498000
54,20.101.001,— UANG MUKA,Lumiera Garden,2025-09-23,BCA PT. ASA,Pelunasan Pembelian Rukost Kavling LK-22 an Jovita Ika Pramyas,10.101.003 BCA (8162440909 an PT. Adhiland Sukses Abadi),,100000000,11023498000
54,20.101.001,— UANG MUKA,Lumiera Garden,2025-09-23,BCA PT. ASA,PTB Rukost Kavling LK-22 an Jovita Ika Pramyas,10.101.003 BCA (8162440909 an PT. Adhiland Sukses Abadi),,720000,11024218000
54,20.101.001,— UANG MUKA,Lumiera Garden,2025-10-14,BCA PT. ASA,Pembayaran Cicilan Angsuran Ke-8 Rukost Kavling LK-07 an Heny Susanti,10.101.003 BCA (8162440909 an PT. Adhiland Sukses Abadi),,20000000,11044218000
54,20.101.001,— UANG MUKA,Lumiera Garden,2025-10-17,BCA PT. ASA,Pembayaran Pelunasan Angsuran Ke-5-8 Rukost Kavling LK-07 an Heny Susanti,10.101.003 BCA (8162440909 an PT. Adhiland Sukses Abadi),,120000000,11164218000
54,20.101.001,— UANG MUKA,Lumiera Garden,2025-10-17,BCA PT. ASA,Pembayaran Cicilan Angsuran Ke-9 Rukost Kavling LK-07 an Heny Susanti,10.101.003 BCA (8162440909 an PT. Adhiland Sukses Abadi),,30000000,11194218000
54,20.101.001,— UANG MUKA,Lumiera Garden,2025-10-18,BCA PT. ASA,Pembayaran Pelunasan Angsuran Ke-9 Rukost Kavling LK-07 an Heny Susanti,10.101.003 BCA (8162440909 an PT. Adhiland Sukses Abadi),,20000000,11214218000
54,20.101.001,— UANG MUKA,Lumiera Garden,2025-10-18,BCA PT. ASA,Pembayaran Angsuran Ke-10 & 11 Rukost Kavling LK-07 an Heny Susanti,10.101.003 BCA (8162440909 an PT. Adhiland Sukses Abadi),,100000000,11314218000
54,20.101.001,— UANG MUKA,Lumiera Garden,2025-10-20,,Pembelian Tanah -/+ 529 m2 (Tukar Guling Tanah Jati dengan Kavling LK-19 an Farida Budi),10.201.001 PERSEDIAAN TANAH,,1070000000,12384218000
54,20.101.001,— UANG MUKA,Lumiera Garden,2025-10-21,BCA PT. ASA,Pembayaran DP Rukost Kavling LK-17 an Muhammad Nassar,10.101.003 BCA (8162440909 an PT. Adhiland Sukses Abadi),,587500000,12971718000
54,20.101.001,— UANG MUKA,Lumiera Garden,2025-10-24,Cash/Tunai,"Pembayaran DP Hunian Kavling C-04 an Budiono, SH.",10.101.002 CASH/TUNAI,,300000000,13271718000
54,20.101.001,— UANG MUKA,Lumiera Garden,2025-10-24,Cash/Tunai,DP Pembelian Rukost Kavling LK-24 an Hikmatul Hikmiah,10.101.002 CASH/TUNAI,,50000000,13321718000
54,20.101.001,— UANG MUKA,Lumiera Garden,2025-10-24,BCA PT. ASA,"Pembayaran DP Hunian Kavling C-04 an Budiono, SH.",10.101.003 BCA (8162440909 an PT. Adhiland Sukses Abadi),,50000000,13371718000
54,20.101.001,— UANG MUKA,Lumiera Garden,2025-10-26,BCA PT. ASA,"Pembayaran Cicilan Pelunasan Ke-3 Kavling LK-09 an Dwi Mulyono, ST",10.101.003 BCA (8162440909 an PT. Adhiland Sukses Abadi),,15000000,13386718000
54,20.101.001,— UANG MUKA,Lumiera Garden,2025-11-03,BCA PT. ASA,Pembayaran Pelunasan Rukost Kavling LK-07 an Heny Susanti,10.101.003 BCA (8162440909 an PT. Adhiland Sukses Abadi),,134000000,13520718000
54,20.101.001,— UANG MUKA,Lumiera Garden,2025-11-11,BCA PT. ASA,"Pembayaran DP Pembelian Rukost Kavling LK-21 an E. Wida Kusumawati, AMD",10.101.003 BCA (8162440909 an PT. Adhiland Sukses Abadi),,1000000000,14520718000
54,20.101.001,— UANG MUKA,Lumiera Garden,2025-11-14,BCA PT. ASA,Pembayaran Angsuran Ke-1 Pembelian Rukost Kavling LK-23 an Ririn Yuni Astutik,10.101.003 BCA (8162440909 an PT. Adhiland Sukses Abadi),,180000000,14700718000
54,20.101.001,— UANG MUKA,Lumiera Garden,2025-11-15,BCA PT. ASA,"Pembayaran Cicilan Pelunasan Ke-4 Kavling LK-09 an Dwi Mulyono, ST",10.101.003 BCA (8162440909 an PT. Adhiland Sukses Abadi),,30000000,14730718000
54,20.101.001,— UANG MUKA,Lumiera Garden,2025-11-21,BCA PT. ASA,Pembayaran Ke-1 Pembelian Rukost LK-17 an Muhammad Nassar,10.101.003 BCA (8162440909 an PT. Adhiland Sukses Abadi),,200000000,14930718000
54,20.101.001,— UANG MUKA,Lumiera Garden,2025-11-21,BCA PT. ASA,"Pembayaran Ke-1 Pembelian Unit Kavling C-04 an Budiono, SH.",10.101.003 BCA (8162440909 an PT. Adhiland Sukses Abadi),,150000000,15080718000
54,20.101.001,— UANG MUKA,Lumiera Garden,2025-12-03,BCA PT. ASA,Pembayaran Angsuran Ke-2 Pembelian Rukost Kavling LK-23 an Ririn Yuni Astutik,10.101.003 BCA (8162440909 an PT. Adhiland Sukses Abadi),,180000000,15260718000
54,20.101.001,— UANG MUKA,Lumiera Garden,2025-12-03,BCA PT. ASA,"Pembayaran Cicilan Pelunasan Ke-5 Kavling LK-09 an Dwi Mulyono, ST",10.101.003 BCA (8162440909 an PT. Adhiland Sukses Abadi),,10000000,15270718000
54,20.101.001,— UANG MUKA,Lumiera Garden,2025-12-08,BCA PT. ASA,"Pembayaran Cicilan Pelunasan Ke-6 Kavling LK-09 an Dwi Mulyono, ST",10.101.003 BCA (8162440909 an PT. Adhiland Sukses Abadi),,10000000,15280718000
54,20.101.001,— UANG MUKA,Lumiera Garden,2025-12-11,BCA PT. ASA,"Pembayaran Cicilan Pelunasan Ke-7 Kavling LK-09 an Dwi Mulyono, ST",10.101.003 BCA (8162440909 an PT. Adhiland Sukses Abadi),,25000000,15305718000
54,20.101.001,— UANG MUKA,Lumiera Garden,2025-12-20,BCA PT. ASA,"Pembayaran Cicilan Pelunasan Ke-8 Kavling LK-09 an Dwi Mulyono, ST",10.101.003 BCA (8162440909 an PT. Adhiland Sukses Abadi),,35000000,15340718000
54,20.101.001,— UANG MUKA,Lumiera Garden,2025-12-22,BCA PT. ASA,Pembayaran Ke-2 Pembelian Rukost LK-17 an Muhammad Nassar,10.101.003 BCA (8162440909 an PT. Adhiland Sukses Abadi),,200000000,15540718000
54,20.101.001,— UANG MUKA,Lumiera Garden,2025-12-22,BCA PT. ASA,"Pembayaran Pelunasan Pembelian Rukost Kavling LK-09 an Dwi Mulyono, ST",10.101.003 BCA (8162440909 an PT. Adhiland Sukses Abadi),,20000000,15560718000
54,20.101.001,— UANG MUKA,Lumiera Garden,2025-12-22,BCA PT. ASA,Pembayaran Pelunasan Pembelian Rukost Kavling LK-23 an Ririn Yuni Astutik,10.101.003 BCA (8162440909 an PT. Adhiland Sukses Abadi),,177500000,15738218000
54,20.101.001,— UANG MUKA,Lumiera Garden,2025-12-24,BCA PT. ASA,Refund DP LK-24 an Hikmatul Hikmiyah,10.101.003 BCA (8162440909 an PT. Adhiland Sukses Abadi),50000000,,15688218000
54,20.101.001,— UANG MUKA,Subtotal / Saldo Akhir,,,,,0,0,15688218000
55,20.101.002,— UANG TANDA JADI,Saldo Awal,,,,,,,0
55,20.101.002,— UANG TANDA JADI,Lumiera Garden,2024-12-19,,ITJ Kavling LK-08,10.101.002 CASH/TUNAI,,5000000,5000000
55,20.101.002,— UANG TANDA JADI,Lumiera Garden,2024-12-19,,ITJ Kavling LK-09,10.101.002 CASH/TUNAI,,5000000,10000000
55,20.101.002,— UANG TANDA JADI,Lumiera Garden,2024-12-19,,ITJ Kavling LK-05 an Ninik,10.101.002 CASH/TUNAI,,5000000,15000000
55,20.101.002,— UANG TANDA JADI,Lumiera Garden,2024-12-19,,ITJ Kavling LK-06 an Ninik,10.101.002 CASH/TUNAI,,5000000,20000000
55,20.101.002,— UANG TANDA JADI,Lumiera Garden,2024-12-19,,ITJ Kavling LK-07 an Heny Susanti,10.101.002 CASH/TUNAI,,5000000,25000000
55,20.101.002,— UANG TANDA JADI,Lumiera Garden,2024-12-25,BCA PT. ASA,ITJ Kavling LK-10 an Mochamad Yunus,10.101.003 BCA (8162440909 an PT. Adhiland Sukses Abadi),,5000000,30000000
55,20.101.002,— UANG TANDA JADI,Lumiera Garden,2024-12-27,BCA PT. ASA,ITJ Kavling LK-02 an Etty Parawati,10.101.003 BCA (8162440909 an PT. Adhiland Sukses Abadi),,5000000,35000000
55,20.101.002,— UANG TANDA JADI,Lumiera Garden,2024-12-30,BCA PT. ASA,ITJ Kavling LK-11 an Endah Masofi,10.101.003 BCA (8162440909 an PT. Adhiland Sukses Abadi),,5000000,40000000
55,20.101.002,— UANG TANDA JADI,Lumiera Garden,2024-12-31,BCA PT. ASA,ITJ Kavling C-03 an Fifin Dwi Andriani,10.101.003 BCA (8162440909 an PT. Adhiland Sukses Abadi),,5000000,45000000
55,20.101.002,— UANG TANDA JADI,Lumiera Garden,2024-12-31,BCA PT. ASA,ITJ Kavling LK-12 an Tina,10.101.003 BCA (8162440909 an PT. Adhiland Sukses Abadi),,5000000,50000000
55,20.101.002,— UANG TANDA JADI,Lumiera Garden,2025-01-03,Kas Kecil,ITJ Kavling LK-03 an Rachmadiana Sari,10.101.001 KAS KECIL,,5000000,55000000
55,20.101.002,— UANG TANDA JADI,Lumiera Garden,2025-01-10,BCA PT. Adhiland Sukses Abadi,Refund ITJ LK-11 an Endah Masofi,10.101.003 BCA (8162440909 an PT. Adhiland Sukses Abadi),5000000,,50000000
55,20.101.002,— UANG TANDA JADI,Lumiera Garden,2025-01-25,BCA PT. ASA,ITJ Kavling C-02 an Fitria Amalia Dewi,10.101.003 BCA (8162440909 an PT. Adhiland Sukses Abadi),,5000000,55000000
55,20.101.002,— UANG TANDA JADI,Lumiera Garden,2025-01-25,BCA PT. ASA,ITJ Kavling LK-11 an M. P Sitanggang,10.101.003 BCA (8162440909 an PT. Adhiland Sukses Abadi),,5000000,60000000
55,20.101.002,— UANG TANDA JADI,Lumiera Garden,2025-01-27,BCA PT. ASA,ITJ Kavling C-01 an Deny Widyo Purnama,10.101.003 BCA (8162440909 an PT. Adhiland Sukses Abadi),,5000000,65000000
55,20.101.002,— UANG TANDA JADI,Lumiera Garden,2025-01-27,BCA PT. ASA,"ITJ Kavling C-03 an Tri Prasetyaningrum, SE., MM",10.101.003 BCA (8162440909 an PT. Adhiland Sukses Abadi),,5000000,70000000
55,20.101.002,— UANG TANDA JADI,Lumiera Garden,2025-01-27,BCA PT. ASA,ITJ Kavling LK-04 an Endah Kuswintari,10.101.003 BCA (8162440909 an PT. Adhiland Sukses Abadi),,5000000,75000000
55,20.101.002,— UANG TANDA JADI,Lumiera Garden,2025-01-31,BCA PT. ASA,ITJ Kavling LK-19 an Handoko,10.101.003 BCA (8162440909 an PT. Adhiland Sukses Abadi),,5000000,80000000
55,20.101.002,— UANG TANDA JADI,Lumiera Garden,2025-01-31,BCA PT. Adhiland Sukses Abadi,"Refund ITJ C-03 an Fifin Dwi Andriani, SE",10.101.003 BCA (8162440909 an PT. Adhiland Sukses Abadi),5000000,,75000000
55,20.101.002,— UANG TANDA JADI,Lumiera Garden,2025-02-07,BCA PT. Adhiland Sukses Abadi,Refund ITJ C-01 an Deny Widoyo,10.101.003 BCA (8162440909 an PT. Adhiland Sukses Abadi),5000000,,70000000
55,20.101.002,— UANG TANDA JADI,Lumiera Garden,2025-04-03,BCA PT. ASA,ITJ Kavling LK-15 an Dimas Perdana,10.101.003 BCA (8162440909 an PT. Adhiland Sukses Abadi),,5000000,75000000
55,20.101.002,— UANG TANDA JADI,Lumiera Garden,2025-05-02,BCA PT. Adhiland Sukses Abadi,Refund ITJ LK-15 an Dimas Perdana,10.101.003 BCA (8162440909 an PT. Adhiland Sukses Abadi),5000000,,70000000
55,20.101.002,— UANG TANDA JADI,Lumiera Garden,2025-05-25,BCA PT. ASA,ITJ Kavling LK-18 an Nor Hedayanti,10.101.003 BCA (8162440909 an PT. Adhiland Sukses Abadi),,5000000,75000000
55,20.101.002,— UANG TANDA JADI,Lumiera Garden,2025-05-27,BCA PT. ASA,ITJ Kavling LK-17 an Dyah Ratnawati,10.101.003 BCA (8162440909 an PT. Adhiland Sukses Abadi),,2000000,77000000
55,20.101.002,— UANG TANDA JADI,Lumiera Garden,2025-05-28,BCA PT. Adhiland Sukses Abadi,Refund ITJ LK-17 an Dyah Ratnawati,10.101.003 BCA (8162440909 an PT. Adhiland Sukses Abadi),2000000,,75000000
55,20.101.002,— UANG TANDA JADI,Lumiera Garden,2025-06-05,BCA PT. Adhiland Sukses Abadi,Refund ITJ Kavling LK-18 an Nor Hedayanti,10.101.003 BCA (8162440909 an PT. Adhiland Sukses Abadi),5000000,,70000000
55,20.101.002,— UANG TANDA JADI,Lumiera Garden,2025-07-03,Kas Kecil,Refund ITJ Kavling LK-19 an Heny Setyo Handoko,10.101.001 KAS KECIL,5000000,,65000000
55,20.101.002,— UANG TANDA JADI,Lumiera Garden,2025-08-17,BCA PT. ASA,ITJ Kavling LK-22 an Jovita Ika Pramyas,10.101.003 BCA (8162440909 an PT. Adhiland Sukses Abadi),,5000000,70000000
55,20.101.002,— UANG TANDA JADI,Lumiera Garden,2025-08-17,BCA PT. ASA,ITJ Kavling LK-18 an Mohamad Ikhwan OR,10.101.003 BCA (8162440909 an PT. Adhiland Sukses Abadi),,5000000,75000000
55,20.101.002,— UANG TANDA JADI,Lumiera Garden,2025-09-01,BCA PT. Adhiland Sukses Abadi,Refund ITJ LK-18 an Mohamad Ikhwan,10.101.003 BCA (8162440909 an PT. Adhiland Sukses Abadi),5000000,,70000000
55,20.101.002,— UANG TANDA JADI,Lumiera Garden,2025-09-07,BCA PT. ASA,ITJ kavling LK-20 an Ramses Indriawan,10.101.003 BCA (8162440909 an PT. Adhiland Sukses Abadi),,5000000,75000000
55,20.101.002,— UANG TANDA JADI,Lumiera Garden,2025-09-07,BCA PT. ASA,ITJ kavling LK-21 an Ramses Indriawan,10.101.003 BCA (8162440909 an PT. Adhiland Sukses Abadi),,5000000,80000000
55,20.101.002,— UANG TANDA JADI,Lumiera Garden,2025-09-10,BCA PT. ASA,ITJ Kavling LK-23 an Fat Khudin,10.101.003 BCA (8162440909 an PT. Adhiland Sukses Abadi),,5000000,85000000
55,20.101.002,— UANG TANDA JADI,Lumiera Garden,2025-09-14,BCA PT. ASA,ITJ Kavling LK-23 an Ririn Yuni Astutik,10.101.003 BCA (8162440909 an PT. Adhiland Sukses Abadi),,5000000,90000000
55,20.101.002,— UANG TANDA JADI,Lumiera Garden,2025-09-16,BCA PT. ASA,Refund ITJ LK-23 an Fat Khudin,10.101.003 BCA (8162440909 an PT. Adhiland Sukses Abadi),5000000,,85000000
55,20.101.002,— UANG TANDA JADI,Lumiera Garden,2025-09-20,BCA PT. ASA,ITJ Kavling LK-18 an Ernani Indrawati,10.101.003 BCA (8162440909 an PT. Adhiland Sukses Abadi),,5000000,90000000
55,20.101.002,— UANG TANDA JADI,Lumiera Garden,2025-09-23,BCA PT. ASA,Refund ITJ LK-18 an Ernani Indrawati,10.101.003 BCA (8162440909 an PT. Adhiland Sukses Abadi),5000000,,85000000
55,20.101.002,— UANG TANDA JADI,Lumiera Garden,2025-09-25,BCA PT. ASA,Refund ITJ LK-20 an Ramses Indriawan,10.101.003 BCA (8162440909 an PT. Adhiland Sukses Abadi),5000000,,80000000
55,20.101.002,— UANG TANDA JADI,Lumiera Garden,2025-09-25,BCA PT. ASA,Refund ITJ LK-21 an Ramses Indriawan,10.101.003 BCA (8162440909 an PT. Adhiland Sukses Abadi),5000000,,75000000
55,20.101.002,— UANG TANDA JADI,Lumiera Garden,2025-10-07,BCA PT. ASA,ITJ Kavling LK-21 an Agus Tanzili,10.101.003 BCA (8162440909 an PT. Adhiland Sukses Abadi),,5000000,80000000
55,20.101.002,— UANG TANDA JADI,Lumiera Garden,2025-10-09,BCA PT. ASA,ITJ Kavling LK-24 an Hikmatul Hikmiah,10.101.003 BCA (8162440909 an PT. Adhiland Sukses Abadi),,5000000,85000000
55,20.101.002,— UANG TANDA JADI,Lumiera Garden,2025-10-11,BCA PT. ASA,ITJ Kavling LK-01 an Hari Purwanto Adi / Erni Dwi Retnowati,10.101.003 BCA (8162440909 an PT. Adhiland Sukses Abadi),,5000000,90000000
55,20.101.002,— UANG TANDA JADI,Lumiera Garden,2025-10-11,BCA PT. ASA,ITJ Kavling LK-13 an Podang Peksiadji,10.101.003 BCA (8162440909 an PT. Adhiland Sukses Abadi),,5000000,95000000
55,20.101.002,— UANG TANDA JADI,Lumiera Garden,2025-10-13,BCA PT. ASA,ITJ Kavling LK-19 an Farida Budi Wijaya,10.101.003 BCA (8162440909 an PT. Adhiland Sukses Abadi),,5000000,100000000
55,20.101.002,— UANG TANDA JADI,Lumiera Garden,2025-10-17,BCA PT. ASA,Refund ITJ LK-21 an Agus Tanzili,10.101.003 BCA (8162440909 an PT. Adhiland Sukses Abadi),5000000,,95000000
55,20.101.002,— UANG TANDA JADI,Lumiera Garden,2025-10-18,BCA PT. ASA,ITJ Kavling LK-17 an Muhammad Nassar,10.101.003 BCA (8162440909 an PT. Adhiland Sukses Abadi),,5000000,100000000
55,20.101.002,— UANG TANDA JADI,Lumiera Garden,2025-10-19,BCA PT. ASA,ITJ Kavling C-4 an Raka Aditya,10.101.003 BCA (8162440909 an PT. Adhiland Sukses Abadi),,5000000,105000000
55,20.101.002,— UANG TANDA JADI,Lumiera Garden,2025-10-29,BCA PT. ASA,ITJ Kavling LK-01 an Debora,10.101.003 BCA (8162440909 an PT. Adhiland Sukses Abadi),,5000000,110000000
55,20.101.002,— UANG TANDA JADI,Lumiera Garden,2025-10-31,BCA PT. ASA,Refund ITJ LK-01 an Erni Dwi Retnowati,10.101.003 BCA (8162440909 an PT. Adhiland Sukses Abadi),5000000,,105000000
55,20.101.002,— UANG TANDA JADI,Lumiera Garden,2025-11-03,BCA PT. ASA,ITJ kavling LK-21 an E Wida Kusumawati,10.101.003 BCA (8162440909 an PT. Adhiland Sukses Abadi),,5000000,110000000
55,20.101.002,— UANG TANDA JADI,Lumiera Garden,2025-11-07,BCA PT. ASA,Refund ITJ LK-01 an Debora,10.101.003 BCA (8162440909 an PT. Adhiland Sukses Abadi),5000000,,105000000
55,20.101.002,— UANG TANDA JADI,Lumiera Garden,2025-12-01,BCA PT. ASA,"ITJ kavling LK-01 an Dyah Lusita Risdhianti Werdiningsih, S.PSi",10.101.003 BCA (8162440909 an PT. Adhiland Sukses Abadi),,5000000,110000000
55,20.101.002,— UANG TANDA JADI,Lumiera Garden,2025-12-24,BCA PT. ASA,Refund ITJ LK-24 an Hikmatul Hikmiyah,10.101.003 BCA (8162440909 an PT. Adhiland Sukses Abadi),5000000,,105000000
55,20.101.002,— UANG TANDA JADI,Lumiera Garden,2025-12-24,BCA PT. ASA,Refund IJT LK-13 an Podang,10.101.003 BCA (8162440909 an PT. Adhiland Sukses Abadi),5000000,,100000000
55,20.101.002,— UANG TANDA JADI,Subtotal / Saldo Akhir,,,,,0,0,100000000
56,20.103.002,— HUTANG TANAH,Saldo Awal,,,,,,,0
56,20.103.002,— HUTANG TANAH,Lumiera Garden,2025-10-20,,Hutang Pembelian Tanah Jati (Tukar Guling Tanah Jati dengan Kavling LK-19),10.201.001 PERSEDIAAN TANAH,,517000000,517000000
56,20.103.002,— HUTANG TANAH,Subtotal / Saldo Akhir,,,,,0,0,517000000
57,20.103.006,— HUTANG EAZY KOST SIGURA-GURA,Saldo Awal,,,,,,,0
57,20.103.006,— HUTANG EAZY KOST SIGURA-GURA,Lumiera Garden,2024-11-14,,Pinjaman dari Sigura-Gura,10.101.001 KAS KECIL,,1000000,1000000
57,20.103.006,— HUTANG EAZY KOST SIGURA-GURA,Lumiera Garden,2024-12-12,,Pinjaman dari Sigura-Gura,10.101.001 KAS KECIL,,2550000,3550000
57,20.103.006,— HUTANG EAZY KOST SIGURA-GURA,Lumiera Garden,2024-12-18,,Pinjaman dari Sigura-Gura,10.101.001 KAS KECIL,,410000,3960000
57,20.103.006,— HUTANG EAZY KOST SIGURA-GURA,Lumiera Garden,2024-12-19,,Pembayaran Hutang ke Sigura-Sigura,10.101.002 CASH/TUNAI,3550000,,410000
57,20.103.006,— HUTANG EAZY KOST SIGURA-GURA,Lumiera Garden,2024-12-20,,Pinjaman dari Sigura-Gura,10.101.001 KAS KECIL,,1000000,1410000
57,20.103.006,— HUTANG EAZY KOST SIGURA-GURA,Lumiera Garden,2024-12-31,,Pembayaran Hutang ke Sigura-Sigura,10.101.002 CASH/TUNAI,1410000,,0
57,20.103.006,— HUTANG EAZY KOST SIGURA-GURA,Lumiera Garden,2025-02-15,Kas Kecil,Pinjaman dari Sigura-gura (Tambahan kas kecil),10.101.001 KAS KECIL,,56693,56693
57,20.103.006,— HUTANG EAZY KOST SIGURA-GURA,Lumiera Garden,2025-06-21,Kas Kecil,Pinjaman dari Sigura-Gura,10.101.001 KAS KECIL,,55000,111693
57,20.103.006,— HUTANG EAZY KOST SIGURA-GURA,Lumiera Garden,2025-07-01,Kas Kecil,Pinjaman dari Sigura-Gura,10.101.001 KAS KECIL,,14600000,14711693
57,20.103.006,— HUTANG EAZY KOST SIGURA-GURA,Lumiera Garden,2025-07-03,Kas Kecil,Pinjaman dari Sigura-Gura,10.101.001 KAS KECIL,,700000,15411693
57,20.103.006,— HUTANG EAZY KOST SIGURA-GURA,Lumiera Garden,2025-07-03,Cash/Tunai,Pinjaman dari Sigura-Gura,10.101.002 CASH/TUNAI,,200000000,215411693
57,20.103.006,— HUTANG EAZY KOST SIGURA-GURA,Lumiera Garden,2025-07-04,Kas Kecil,Pengembalian Hutang Ke Sigura-Gura,10.101.001 KAS KECIL,700000,,214711693
57,20.103.006,— HUTANG EAZY KOST SIGURA-GURA,Lumiera Garden,2025-07-11,Kas Kecil,Pinjaman dari Sigura-Gura,10.101.001 KAS KECIL,,85000000,299711693
57,20.103.006,— HUTANG EAZY KOST SIGURA-GURA,Lumiera Garden,2025-07-21,Cash/Tunai,Pinjaman dari Sigura-Gura,10.101.002 CASH/TUNAI,,200000000,499711693
57,20.103.006,— HUTANG EAZY KOST SIGURA-GURA,Lumiera Garden,2025-07-30,Cash/Tunai,Pinjaman dari Sigura-Gura,10.101.002 CASH/TUNAI,,2000000000,2499711693
57,20.103.006,— HUTANG EAZY KOST SIGURA-GURA,Lumiera Garden,2025-08-01,Kas Kecil,Pinjaman dari Sigura-gura,10.101.001 KAS KECIL,,565500000,3065211693
57,20.103.006,— HUTANG EAZY KOST SIGURA-GURA,Lumiera Garden,2025-08-02,Kas Kecil,Pinjaman dari Sigura-gura,10.101.001 KAS KECIL,,3500000,3068711693
57,20.103.006,— HUTANG EAZY KOST SIGURA-GURA,Lumiera Garden,2025-08-08,Kas Kecil,Pinjaman dari Sigura-gura,10.101.001 KAS KECIL,,900000,3069611693
57,20.103.006,— HUTANG EAZY KOST SIGURA-GURA,Lumiera Garden,2025-08-15,Kas Kecil,Pinjaman dari Sigura-gura,10.101.001 KAS KECIL,,335000000,3404611693
57,20.103.006,— HUTANG EAZY KOST SIGURA-GURA,Lumiera Garden,2025-08-20,Kas Kecil,Pinjaman dari Sigura-gura,10.101.001 KAS KECIL,,97600000,3502211693
57,20.103.006,— HUTANG EAZY KOST SIGURA-GURA,Lumiera Garden,2025-08-30,Cash/Tunai,Pembayaran Hutang Ke Sigura-Gura (Termin I B-12),10.101.002 CASH/TUNAI,217600000,,3284611693
57,20.103.006,— HUTANG EAZY KOST SIGURA-GURA,Lumiera Garden,2025-09-04,Kas Kecil,Pinjaman dari Sigura-gura,10.101.001 KAS KECIL,,462432900,3747044593
57,20.103.006,— HUTANG EAZY KOST SIGURA-GURA,Lumiera Garden,2025-09-08,BCA PT. ASA,Pembayaran Hutang ke Sigura-Gura (Termin B-12),10.101.003 BCA (8162440909 an PT. Adhiland Sukses Abadi),200980000,,3546064593
57,20.103.006,— HUTANG EAZY KOST SIGURA-GURA,Lumiera Garden,2025-09-24,Kas Kecil,Pinjaman dari Sigura-gura,10.101.001 KAS KECIL,,13494300,3559558893
57,20.103.006,— HUTANG EAZY KOST SIGURA-GURA,Lumiera Garden,2025-09-26,Cash/Tunai,Pembayaran Hutang Ke Sigura-Gura,10.101.002 CASH/TUNAI,116997100,,3442561793
57,20.103.006,— HUTANG EAZY KOST SIGURA-GURA,Lumiera Garden,2025-10-04,Kas Kecil,Pinjaman dari Sigura-gura,10.101.001 KAS KECIL,,167000000,3609561793
57,20.103.006,— HUTANG EAZY KOST SIGURA-GURA,Lumiera Garden,2025-10-10,Kas Kecil,Pinjaman dari Sigura-gura,10.101.001 KAS KECIL,,1500000,3611061793
57,20.103.006,— HUTANG EAZY KOST SIGURA-GURA,Lumiera Garden,2025-10-24,Kas Kecil,Pembayaran Hutang Ke Sigura-Gura,10.101.001 KAS KECIL,281600816,,3329460977
57,20.103.006,— HUTANG EAZY KOST SIGURA-GURA,Lumiera Garden,2025-10-25,Kas Kecil,Pembayaran Hutang Ke Sigura-Gura,10.101.001 KAS KECIL,400000,,3329060977
57,20.103.006,— HUTANG EAZY KOST SIGURA-GURA,Lumiera Garden,2025-10-28,Cash/Tunai,Pembayaran Hutang Ke Sigura-Gura,10.101.002 CASH/TUNAI,200000000,,3129060977
57,20.103.006,— HUTANG EAZY KOST SIGURA-GURA,Lumiera Garden,2025-10-31,Cash/Tunai,Pembayaran Hutang Ke Sigura-Gura,10.101.002 CASH/TUNAI,106000000,,3023060977
57,20.103.006,— HUTANG EAZY KOST SIGURA-GURA,Lumiera Garden,2025-11-04,Kas Kecil,Pembayaran Hutang Ke Sigura-Gura,10.101.001 KAS KECIL,500000,,3022560977
57,20.103.006,— HUTANG EAZY KOST SIGURA-GURA,Lumiera Garden,2025-11-08,Kas Kecil,Pinjaman dari Sigura-Gura,10.101.001 KAS KECIL,,50000000,3072560977
57,20.103.006,— HUTANG EAZY KOST SIGURA-GURA,Lumiera Garden,2025-11-12,Kas Kecil,Pinjaman dari Sigura-Gura,10.101.001 KAS KECIL,,38500000,3111060977
57,20.103.006,— HUTANG EAZY KOST SIGURA-GURA,Lumiera Garden,2025-11-17,BCA PT. ASA,Tarikan Tunai (Pengembalian Hutang Sigura-Gura),10.101.003 BCA (8162440909 an PT. Adhiland Sukses Abadi),800000000,,2311060977
57,20.103.006,— HUTANG EAZY KOST SIGURA-GURA,Lumiera Garden,2025-11-22,Kas Kecil,Pinjaman dari Sigura-Gura,10.101.001 KAS KECIL,,5000000,2316060977
57,20.103.006,— HUTANG EAZY KOST SIGURA-GURA,Lumiera Garden,2025-11-28,Kas Kecil,Pembayaran Hutang Ke Sigura-Gura,10.101.001 KAS KECIL,121010600,,2195050377
57,20.103.006,— HUTANG EAZY KOST SIGURA-GURA,Lumiera Garden,2025-12-04,Kas Kecil,Pembayaran Hutang Ke Sigura-Gura,10.101.001 KAS KECIL,726000000,,1469050377
57,20.103.006,— HUTANG EAZY KOST SIGURA-GURA,Lumiera Garden,2025-12-09,Kas Kecil,Pembayaran Hutang Ke Sigura-Gura (Biaya Transport Survey Pertek Mayana-Sisi Depan),10.101.001 KAS KECIL,500000,,1468550377
57,20.103.006,— HUTANG EAZY KOST SIGURA-GURA,Lumiera Garden,2025-12-12,Kas Kecil,Pinjaman dari Sigura-Gura,10.101.001 KAS KECIL,,6362487,1474912864
57,20.103.006,— HUTANG EAZY KOST SIGURA-GURA,Subtotal / Saldo Akhir,,,,,0,0,1474912864
58,20.103.009,— HUTANG LUMIERA GARDEN,Saldo Awal,,,,,,,0
58,20.103.009,— HUTANG LUMIERA GARDEN,Lumiera Garden,2024-10-30,,Pinjaman dari Joyo Agung 2,10.101.001 KAS KECIL,,1031010000,1031010000
58,20.103.009,— HUTANG LUMIERA GARDEN,Lumiera Garden,2024-11-01,,Pinjaman dari Joyo Agung 2,10.101.001 KAS KECIL,,6960000,1037970000
58,20.103.009,— HUTANG LUMIERA GARDEN,Lumiera Garden,2024-11-08,,Pinjaman dari Joyo Agung 2,10.101.001 KAS KECIL,,602038,1038572038
58,20.103.009,— HUTANG LUMIERA GARDEN,Lumiera Garden,2024-11-11,,Pinjaman dari Joyo Agung 2,10.101.001 KAS KECIL,,3502500,1042074538
58,20.103.009,— HUTANG LUMIERA GARDEN,Lumiera Garden,2024-11-13,,Pinjaman dari Joyo Agung 2,10.101.001 KAS KECIL,,120000,1042194538
58,20.103.009,— HUTANG LUMIERA GARDEN,Lumiera Garden,2024-11-14,,Pinjaman dari Joyo Agung 2,10.101.001 KAS KECIL,,7747500,1049942038
58,20.103.009,— HUTANG LUMIERA GARDEN,Lumiera Garden,2024-11-15,,Pinjaman dari Joyo Agung 2,10.101.001 KAS KECIL,,41662700,1091604738
58,20.103.009,— HUTANG LUMIERA GARDEN,Lumiera Garden,2024-11-16,,Pinjaman dari Joyo Agung 2,10.101.001 KAS KECIL,,3000000,1094604738
58,20.103.009,— HUTANG LUMIERA GARDEN,Lumiera Garden,2024-11-22,,Pinjaman dari Joyo Agung 2,10.101.001 KAS KECIL,,65796801,1160401539
58,20.103.009,— HUTANG LUMIERA GARDEN,Lumiera Garden,2024-11-25,,Pinjaman dari Joyo Agung 2,10.101.001 KAS KECIL,,8000000,1168401539
58,20.103.009,— HUTANG LUMIERA GARDEN,Lumiera Garden,2024-11-29,,Pinjaman dari Joyo Agung 2,10.101.001 KAS KECIL,,37862500,1206264039
58,20.103.009,— HUTANG LUMIERA GARDEN,Lumiera Garden,2024-12-02,,Pinjaman dari Joyo Agung 2,10.101.001 KAS KECIL,,270000,1206534039
58,20.103.009,— HUTANG LUMIERA GARDEN,Lumiera Garden,2024-12-03,,Pinjaman dari Joyo Agung 2,10.101.001 KAS KECIL,,28312500,1234846539
58,20.103.009,— HUTANG LUMIERA GARDEN,Lumiera Garden,2024-12-06,,Pinjaman dari Joyo Agung 2,10.101.001 KAS KECIL,,69312900,1304159439
58,20.103.009,— HUTANG LUMIERA GARDEN,Lumiera Garden,2024-12-11,,Pinjaman dari Joyo Agung 2,10.101.001 KAS KECIL,,150000,1304309439
58,20.103.009,— HUTANG LUMIERA GARDEN,Lumiera Garden,2024-12-12,,Pinjaman dari Joyo Agung 2,10.101.001 KAS KECIL,,32087000,1336396439
58,20.103.009,— HUTANG LUMIERA GARDEN,Lumiera Garden,2024-12-13,,Pinjaman dari Joyo Agung 2,10.101.001 KAS KECIL,,110547500,1446943939
58,20.103.009,— HUTANG LUMIERA GARDEN,Lumiera Garden,2024-12-14,,Pinjaman dari Joyo Agung 2,10.101.001 KAS KECIL,,13702500,1460646439
58,20.103.009,— HUTANG LUMIERA GARDEN,Lumiera Garden,2024-12-17,,Pinjaman dari Joyo Agung 2,10.101.001 KAS KECIL,,1000000,1461646439
58,20.103.009,— HUTANG LUMIERA GARDEN,Lumiera Garden,2024-12-18,,Pinjaman dari Joyo Agung 2,10.101.001 KAS KECIL,,16202500,1477848939
58,20.103.009,— HUTANG LUMIERA GARDEN,Lumiera Garden,2024-12-20,,Pinjaman dari Joyo Agung 2,10.101.001 KAS KECIL,,275004000,1752852939
58,20.103.009,— HUTANG LUMIERA GARDEN,Lumiera Garden,2025-01-30,Kas Kecil,Pinjaman dari Joyo Agung 2 (Termin Tanah Tohrengga),10.101.001 KAS KECIL,,650000000,2402852939
58,20.103.009,— HUTANG LUMIERA GARDEN,Lumiera Garden,2025-02-10,BCA PT. ASA,ITJ Joyo Agung Kavling RK-11 an Siti Asmaidah SE,10.101.003 BCA (8162440909 an PT. Adhiland Sukses Abadi),,5000000,2407852939
58,20.103.009,— HUTANG LUMIERA GARDEN,Lumiera Garden,2025-02-18,Kas Kecil,Pinjaman dari Joyo Agung 2 (Termin Tanah Inggrid Permata),10.101.001 KAS KECIL,,53000000,2460852939
58,20.103.009,— HUTANG LUMIERA GARDEN,Lumiera Garden,2025-02-21,Cash/Tunai,Pembayaran Hutang ke Joyo Agung,10.101.002 CASH/TUNAI,3566000,,2457286939
58,20.103.009,— HUTANG LUMIERA GARDEN,Lumiera Garden,2025-03-07,BCA PT. ASA,"Refund ITJ Kavling RK-11 an Siti Asmaidah, SE",10.101.003 BCA (8162440909 an PT. Adhiland Sukses Abadi),5000000,,2452286939
58,20.103.009,— HUTANG LUMIERA GARDEN,Lumiera Garden,2025-03-21,BCA PT. ASA,Pembayaran Hutang ke Joyo Agung (Komisi Operasional Komisaris),10.101.003 BCA (8162440909 an PT. Adhiland Sukses Abadi),50000000,,2402286939
58,20.103.009,— HUTANG LUMIERA GARDEN,Lumiera Garden,2025-03-26,BCA PT. ASA,Pembayaran Hutang ke Joyo Agung (Termin 50% Pembangunan Kav. RK-09 - Dudun Jaenal),10.101.003 BCA (8162440909 an PT. Adhiland Sukses Abadi),179400000,,2222886939
58,20.103.009,— HUTANG LUMIERA GARDEN,Lumiera Garden,2025-03-26,BCA PT. ASA,Pembayaran Hutang ke Joyo Agung (Pelunasan Cetak V Banner Adhiland+Pasang+Izin),10.101.003 BCA (8162440909 an PT. Adhiland Sukses Abadi),14562500,,2208324439
58,20.103.009,— HUTANG LUMIERA GARDEN,Lumiera Garden,2025-03-27,BCA PT. ASA,Pembayaran Hutang ke Joyo Agung (Termin 50% Pembangunan Kav. RK-12 - Dwi Arie),10.101.003 BCA (8162440909 an PT. Adhiland Sukses Abadi),167875000,,2040449439
58,20.103.009,— HUTANG LUMIERA GARDEN,Lumiera Garden,2025-04-09,Cash/Tunai,Pembayaran Hutang ke Joyo Agung (Komisi RK-11),10.101.002 CASH/TUNAI,20504000,,2019945439
58,20.103.009,— HUTANG LUMIERA GARDEN,Lumiera Garden,2025-07-02,Kas Kecil,Pinjaman dari Joyo Agung 2,10.101.001 KAS KECIL,,5000000,2024945439
58,20.103.009,— HUTANG LUMIERA GARDEN,Lumiera Garden,2025-07-07,Kas Kecil,Pinjaman dari Joyo Agung 2,10.101.001 KAS KECIL,,13052500,2037997939
58,20.103.009,— HUTANG LUMIERA GARDEN,Lumiera Garden,2025-07-18,Kas Kecil,Pinjaman dari Joyo Agung 2,10.101.001 KAS KECIL,,3200000,2041197939
58,20.103.009,— HUTANG LUMIERA GARDEN,Lumiera Garden,2025-07-18,Cash/Tunai,Pembayaran Hutang ke Joyo Agung (HRIS GajiHub),10.101.002 CASH/TUNAI,3200000,,2037997939
58,20.103.009,— HUTANG LUMIERA GARDEN,Lumiera Garden,2025-09-26,Cash/Tunai,Pembayaran Hutang ke Joyo Agung,10.101.002 CASH/TUNAI,17500000,,2020497939
58,20.103.009,— HUTANG LUMIERA GARDEN,Lumiera Garden,2025-10-08,Kas Kecil,Pinjaman dari Joyo Agung 2,10.101.001 KAS KECIL,,700000,2021197939
58,20.103.009,— HUTANG LUMIERA GARDEN,Lumiera Garden,2025-10-10,Kas Kecil,Pinjaman dari Joyo Agung 2,10.101.001 KAS KECIL,,34448907,2055646846
58,20.103.009,— HUTANG LUMIERA GARDEN,Lumiera Garden,2025-10-17,Kas Kecil,Pinjaman dari Joyo Agung 2,10.101.001 KAS KECIL,,23951785,2079598631
58,20.103.009,— HUTANG LUMIERA GARDEN,Lumiera Garden,2025-10-21,Kas Kecil,Pinjaman dari Joyo Agung 2,10.101.001 KAS KECIL,,36110000,2115708631
58,20.103.009,— HUTANG LUMIERA GARDEN,Lumiera Garden,2025-10-22,Kas Kecil,Pinjaman dari Joyo Agung 2,10.101.001 KAS KECIL,,39200000,2154908631
58,20.103.009,— HUTANG LUMIERA GARDEN,Lumiera Garden,2025-11-14,Kas Kecil,Pinjaman dari Joyo Agung 2,10.101.001 KAS KECIL,,7000000,2161908631
58,20.103.009,— HUTANG LUMIERA GARDEN,Lumiera Garden,2025-11-24,Kas Kecil,Pinjaman dari Joyo Agung 2,10.101.001 KAS KECIL,,200000,2162108631
58,20.103.009,— HUTANG LUMIERA GARDEN,Lumiera Garden,2025-11-27,Kas Kecil,Pinjaman dari Joyo Agung 2,10.101.001 KAS KECIL,,600000,2162708631
58,20.103.009,— HUTANG LUMIERA GARDEN,Lumiera Garden,2025-12-05,Kas Kecil,Pembayaran Hutang Ke Joyo Agung,10.101.001 KAS KECIL,37200000,,2125508631
58,20.103.009,— HUTANG LUMIERA GARDEN,Lumiera Garden,2025-12-24,Kas Kecil,Pembayaran Hutang Ke Joyo Agung,10.101.001 KAS KECIL,350000000,,1775508631
58,20.103.009,— HUTANG LUMIERA GARDEN,Lumiera Garden,2025-12-29,Kas Kecil,Pinjaman dari Joyo Agung (Termin 4 Pak Yayok + Denda),10.101.001 KAS KECIL,,503331000,2278839631
58,20.103.009,— HUTANG LUMIERA GARDEN,Subtotal / Saldo Akhir,,,,,0,0,2278839631
59,20.103.010,— HUTANG MANAGEMENT KOST,Saldo Awal,,,,,,,0
59,20.103.010,— HUTANG MANAGEMENT KOST,Lumiera Garden,2025-12-29,Kas Kecil,Pinjaman dari Mayana Resort (Termin 4 Pak Yayok),10.101.001 KAS KECIL,,5000000,5000000
59,20.103.010,— HUTANG MANAGEMENT KOST,Subtotal / Saldo Akhir,,,,,0,0,5000000
60,20.103.011,— HUTANG REFUND USER RK-13,Saldo Awal,,,,,,,0
60,20.103.011,— HUTANG REFUND USER RK-13,Lumiera Garden,2025-12-29,Kas Kecil,Pinjaman dari Manajemen Kost (Termin 4 Pak Yayok),10.101.001 KAS KECIL,,581671500,581671500
60,20.103.011,— HUTANG REFUND USER RK-13,Subtotal / Saldo Akhir,,,,,0,0,581671500
61,40.102.001,— BUNGA BANK,Saldo Awal,,,,,,,0
61,40.102.001,— BUNGA BANK,Lumiera Garden,2025-02-28,BCA PT. ASA,Bunga Bank,10.101.003 BCA (8162440909 an PT. Adhiland Sukses Abadi),,77243,77243
61,40.102.001,— BUNGA BANK,Lumiera Garden,2025-03-31,BCA PT. ASA,Bunga Bank,10.101.003 BCA (8162440909 an PT. Adhiland Sukses Abadi),,2477,79720
61,40.102.001,— BUNGA BANK,Lumiera Garden,2025-04-30,BCA PT. ASA,Bunga Bank,10.101.003 BCA (8162440909 an PT. Adhiland Sukses Abadi),,74485,154205
61,40.102.001,— BUNGA BANK,Lumiera Garden,2025-05-31,BCA PT. ASA,Bunga Bank,10.101.003 BCA (8162440909 an PT. Adhiland Sukses Abadi),,2754,156959
61,40.102.001,— BUNGA BANK,Lumiera Garden,2025-09-30,BCA PT. ASA,Bunga Bank,10.101.003 BCA (8162440909 an PT. Adhiland Sukses Abadi),,62562,219521
61,40.102.001,— BUNGA BANK,Lumiera Garden,2025-10-31,BCA PT. ASA,Bunga Bank,10.101.003 BCA (8162440909 an PT. Adhiland Sukses Abadi),,97890,317411
61,40.102.001,— BUNGA BANK,Lumiera Garden,2025-11-30,BCA PT. ASA,Bunga Bank,10.101.003 BCA (8162440909 an PT. Adhiland Sukses Abadi),,5034,322445
61,40.102.001,— BUNGA BANK,Lumiera Garden,2025-12-31,BCA PT. ASA,Bunga Bank,10.101.003 BCA (8162440909 an PT. Adhiland Sukses Abadi),,31943,354388
61,40.102.001,— BUNGA BANK,Subtotal / Saldo Akhir,,,,,0,0,354388
62,60.101.001,— BLT,Saldo Awal,,,,,,,0
62,60.101.001,— BLT,Lumiera Garden,2024-12-03,,BLT Marketing Kavling LK-08,10.101.001 KAS KECIL,1000000,,1000000
62,60.101.001,— BLT,Lumiera Garden,2024-12-03,,BLT SPV Marketing Kavling LK-08,10.101.001 KAS KECIL,2000000,,3000000
62,60.101.001,— BLT,Lumiera Garden,2024-12-19,,BLT Marketing Kavling LK-07,10.101.001 KAS KECIL,1000000,,4000000
62,60.101.001,— BLT,Lumiera Garden,2024-12-19,,BLT SPV Marketing Kavling LK-07,10.101.001 KAS KECIL,2000000,,6000000
62,60.101.001,— BLT,Lumiera Garden,2024-12-27,,BLT Marketing Kavling LK-10,10.101.001 KAS KECIL,1000000,,7000000
62,60.101.001,— BLT,Lumiera Garden,2024-12-27,,BLT SPV Marketing Kavling LK-10,10.101.001 KAS KECIL,2000000,,9000000
62,60.101.001,— BLT,Lumiera Garden,2024-12-30,,BLT SPV Marketing Kavling LK-06,10.101.001 KAS KECIL,2000000,,11000000
62,60.101.001,— BLT,Lumiera Garden,2024-12-31,,BLT Marketing Kavling LK-09,10.101.001 KAS KECIL,1000000,,12000000
62,60.101.001,— BLT,Lumiera Garden,2024-12-31,,BLT SPV Marketing Kavling LK-09,10.101.001 KAS KECIL,2000000,,14000000
62,60.101.001,— BLT,Lumiera Garden,2025-01-03,Cash/Tunai,BLT Marketing Kavling LK-02,10.101.002 CASH/TUNAI,1000000,,15000000
62,60.101.001,— BLT,Lumiera Garden,2025-01-03,Cash/Tunai,BLT SPV Marketing Kavling LK-02,10.101.002 CASH/TUNAI,2000000,,17000000
62,60.101.001,— BLT,Lumiera Garden,2025-01-07,Cash/Tunai,BLT Marketing Kavling LK-12,10.101.002 CASH/TUNAI,1000000,,18000000
62,60.101.001,— BLT,Lumiera Garden,2025-01-07,Cash/Tunai,BLT SPV Marketing Kavling LK-12,10.101.002 CASH/TUNAI,2000000,,20000000
62,60.101.001,— BLT,Lumiera Garden,2025-01-10,Cash/Tunai,BLT Marketing Kavling LK-03,10.101.002 CASH/TUNAI,1000000,,21000000
62,60.101.001,— BLT,Lumiera Garden,2025-01-10,Cash/Tunai,BLT SPV Marketing Kavling LK-03,10.101.002 CASH/TUNAI,2000000,,23000000
62,60.101.001,— BLT,Lumiera Garden,2025-01-31,Kas Kecil,BLT Marketing Kavling C-03,10.101.001 KAS KECIL,1000000,,24000000
62,60.101.001,— BLT,Lumiera Garden,2025-01-31,Kas Kecil,BLT SPV Marketing Kavling C-03,10.101.001 KAS KECIL,2000000,,26000000
62,60.101.001,— BLT,Lumiera Garden,2025-01-31,Kas Kecil,BLT SPV Marketing Kavling C-02,10.101.001 KAS KECIL,2000000,,28000000
62,60.101.001,— BLT,Lumiera Garden,2025-01-31,Kas Kecil,BLT Marketing Kavling LK-11,10.101.001 KAS KECIL,1000000,,29000000
62,60.101.001,— BLT,Lumiera Garden,2025-01-31,Kas Kecil,BLT SPV Marketing Kavling LK-11,10.101.001 KAS KECIL,2000000,,31000000
62,60.101.001,— BLT,Lumiera Garden,2025-02-01,Kas Kecil,BLT Marketing Kavling LK-04,10.101.001 KAS KECIL,1000000,,32000000
62,60.101.001,— BLT,Lumiera Garden,2025-02-01,Kas Kecil,BLT SPV Marketing Kavling LK-04,10.101.001 KAS KECIL,2000000,,34000000
62,60.101.001,— BLT,Lumiera Garden,2025-05-06,Kas Kecil,BLT SPV Marketing Kavling LK-05,10.101.001 KAS KECIL,2000000,,36000000
62,60.101.001,— BLT,Lumiera Garden,2025-08-27,Kas Kecil,BLT Marketing Kavling LK-22,10.101.001 KAS KECIL,1000000,,37000000
62,60.101.001,— BLT,Lumiera Garden,2025-08-27,Kas Kecil,BLT SPV Marketing Kavling LK-22,10.101.001 KAS KECIL,2000000,,39000000
62,60.101.001,— BLT,Lumiera Garden,2025-09-24,Kas Kecil,BLT Marketing Kavling LK-23,10.101.001 KAS KECIL,1000000,,40000000
62,60.101.001,— BLT,Lumiera Garden,2025-09-24,Kas Kecil,BLT SPV Marketing Kavling LK-23,10.101.001 KAS KECIL,2000000,,42000000
62,60.101.001,— BLT,Lumiera Garden,2025-10-21,Kas Kecil,BLT Marketing Kavling LK-19,10.101.001 KAS KECIL,1000000,,43000000
62,60.101.001,— BLT,Lumiera Garden,2025-10-21,Kas Kecil,BLT SPV Marketing Kavling LK-19,10.101.001 KAS KECIL,2000000,,45000000
62,60.101.001,— BLT,Lumiera Garden,2025-10-22,Kas Kecil,BLT Marketing Kavling LK-17,10.101.001 KAS KECIL,1000000,,46000000
62,60.101.001,— BLT,Lumiera Garden,2025-10-22,Kas Kecil,BLT SPV Marketing Kavling LK-17,10.101.001 KAS KECIL,2000000,,48000000
62,60.101.001,— BLT,Lumiera Garden,2025-10-25,Kas Kecil,BLT Marketing Kavling C-04,10.101.001 KAS KECIL,1000000,,49000000
62,60.101.001,— BLT,Lumiera Garden,2025-10-25,Kas Kecil,BLT SPV Marketing Kavling C-04,10.101.001 KAS KECIL,2000000,,51000000
62,60.101.001,— BLT,Lumiera Garden,2025-11-12,Kas Kecil,BLT SPV Marketing Kavling LK-21,10.101.001 KAS KECIL,2000000,,53000000
62,60.101.001,— BLT,Subtotal / Saldo Akhir,,,,,0,0,53000000
63,60.101.002,— INSENTIF/KOMISI,Saldo Awal,,,,,,,0
63,60.101.002,— INSENTIF/KOMISI,Lumiera Garden,2024-12-03,,Komisi Marketing Kavling LK-08,10.101.001 KAS KECIL,8750000,,8750000
63,60.101.002,— INSENTIF/KOMISI,Lumiera Garden,2024-12-03,,Komisi SPV Marketing Kavling LK-08,10.101.001 KAS KECIL,4375000,,13125000
63,60.101.002,— INSENTIF/KOMISI,Lumiera Garden,2024-12-03,,Komisi Direktur Utama Kavling LK-08,10.101.001 KAS KECIL,1750000,,14875000
63,60.101.002,— INSENTIF/KOMISI,Lumiera Garden,2024-12-03,,Komisi Direktur Operasional Kavling LK-08,10.101.001 KAS KECIL,1750000,,16625000
63,60.101.002,— INSENTIF/KOMISI,Lumiera Garden,2024-12-03,,Komisi Direktur B&D Kavling LK-08,10.101.001 KAS KECIL,1750000,,18375000
63,60.101.002,— INSENTIF/KOMISI,Lumiera Garden,2024-12-03,,Komisi Direktur Teknik Kavling LK-08,10.101.001 KAS KECIL,1750000,,20125000
63,60.101.002,— INSENTIF/KOMISI,Lumiera Garden,2024-12-03,,Komisi Komisaris Kavling LK-08,10.101.001 KAS KECIL,1750000,,21875000
63,60.101.002,— INSENTIF/KOMISI,Lumiera Garden,2024-12-03,,Komisi Telemarketing Kavling LK-08,10.101.001 KAS KECIL,3000000,,24875000
63,60.101.002,— INSENTIF/KOMISI,Lumiera Garden,2024-12-03,,Komisi Marcomm Kavling LK-08,10.101.001 KAS KECIL,262500,,25137500
63,60.101.002,— INSENTIF/KOMISI,Lumiera Garden,2024-12-03,,Komisi Marcomm Kavling LK-08,10.101.001 KAS KECIL,109375,,25246875
63,60.101.002,— INSENTIF/KOMISI,Lumiera Garden,2024-12-03,,Komisi Marcomm Kavling LK-08,10.101.001 KAS KECIL,65625,,25312500
63,60.101.002,— INSENTIF/KOMISI,Lumiera Garden,2024-12-19,,Komisi Marketing Kavling LK-07,10.101.001 KAS KECIL,9890000,,35202500
63,60.101.002,— INSENTIF/KOMISI,Lumiera Garden,2024-12-19,,Komisi SPV Marketing Kavling LK-07,10.101.001 KAS KECIL,4945000,,40147500
63,60.101.002,— INSENTIF/KOMISI,Lumiera Garden,2024-12-19,,Komisi Direktur Utama untuk Kavling LK-07,10.101.001 KAS KECIL,1978000,,42125500
63,60.101.002,— INSENTIF/KOMISI,Lumiera Garden,2024-12-19,,Komisi Direktur Operasional untuk Kavling LK-07,10.101.001 KAS KECIL,1978000,,44103500
63,60.101.002,— INSENTIF/KOMISI,Lumiera Garden,2024-12-19,,Komisi Direktur B&D untuk Kavling LK-07,10.101.001 KAS KECIL,1978000,,46081500
63,60.101.002,— INSENTIF/KOMISI,Lumiera Garden,2024-12-19,,Komisi Direktur Teknik untuk Kavling LK-07,10.101.001 KAS KECIL,1978000,,48059500
63,60.101.002,— INSENTIF/KOMISI,Lumiera Garden,2024-12-19,,Komisi Komisaris untuk Kavling LK-07,10.101.001 KAS KECIL,1978000,,50037500
63,60.101.002,— INSENTIF/KOMISI,Lumiera Garden,2024-12-19,,Komisi Telemarketing untuk Kavling LK-07,10.101.001 KAS KECIL,5000000,,55037500
63,60.101.002,— INSENTIF/KOMISI,Lumiera Garden,2024-12-19,,Komisi Marcomm untuk Kavling LK-07,10.101.001 KAS KECIL,296700,,55334200
63,60.101.002,— INSENTIF/KOMISI,Lumiera Garden,2024-12-19,,Komisi Marcomm untuk Kavling LK-07,10.101.001 KAS KECIL,123625,,55457825
63,60.101.002,— INSENTIF/KOMISI,Lumiera Garden,2024-12-19,,Komisi Marcomm untuk Kavling LK-07,10.101.001 KAS KECIL,74175,,55532000
63,60.101.002,— INSENTIF/KOMISI,Lumiera Garden,2024-12-27,,Komisi Marketing Kavling LK-10,10.101.001 KAS KECIL,13125000,,68657000
63,60.101.002,— INSENTIF/KOMISI,Lumiera Garden,2024-12-27,,Komisi SPV Marketing Kavling LK-10,10.101.001 KAS KECIL,4375000,,73032000
63,60.101.002,— INSENTIF/KOMISI,Lumiera Garden,2024-12-28,,Komisi Direktur Utama untuk Kavling LK-10,10.101.001 KAS KECIL,1750000,,74782000
63,60.101.002,— INSENTIF/KOMISI,Lumiera Garden,2024-12-28,,Komisi Direktur Operasional untuk Kavling LK-10,10.101.001 KAS KECIL,1750000,,76532000
63,60.101.002,— INSENTIF/KOMISI,Lumiera Garden,2024-12-28,,Komisi Direktur B&D untuk Kavling LK-10,10.101.001 KAS KECIL,1750000,,78282000
63,60.101.002,— INSENTIF/KOMISI,Lumiera Garden,2024-12-28,,Komisi Direktur Teknik untuk Kavling LK-10,10.101.001 KAS KECIL,1750000,,80032000
63,60.101.002,— INSENTIF/KOMISI,Lumiera Garden,2024-12-28,,Komisi Komisaris untuk Kavling LK-10,10.101.001 KAS KECIL,1750000,,81782000
63,60.101.002,— INSENTIF/KOMISI,Lumiera Garden,2024-12-28,,Komisi Marcomm untuk Kavling LK-10,10.101.001 KAS KECIL,262500,,82044500
63,60.101.002,— INSENTIF/KOMISI,Lumiera Garden,2024-12-28,,Komisi Marcomm untuk Kavling LK-10,10.101.001 KAS KECIL,109375,,82153875
63,60.101.002,— INSENTIF/KOMISI,Lumiera Garden,2024-12-28,,Komisi Marcomm untuk Kavling LK-10,10.101.001 KAS KECIL,65625,,82219500
63,60.101.002,— INSENTIF/KOMISI,Lumiera Garden,2024-12-30,,Komisi Marketing Kavling LK-06,10.101.001 KAS KECIL,13125000,,95344500
63,60.101.002,— INSENTIF/KOMISI,Lumiera Garden,2024-12-30,,Komisi SPV Marketing Kavling LK-06,10.101.001 KAS KECIL,4375000,,99719500
63,60.101.002,— INSENTIF/KOMISI,Lumiera Garden,2024-12-30,,Komisi Direktur Utama untuk Kavling LK-06,10.101.001 KAS KECIL,1750000,,101469500
63,60.101.002,— INSENTIF/KOMISI,Lumiera Garden,2024-12-30,,Komisi Direktur Operasional untuk Kavling LK-06,10.101.001 KAS KECIL,1750000,,103219500
63,60.101.002,— INSENTIF/KOMISI,Lumiera Garden,2024-12-30,,Komisi Direktur B&D untuk Kavling LK-06,10.101.001 KAS KECIL,1750000,,104969500
63,60.101.002,— INSENTIF/KOMISI,Lumiera Garden,2024-12-30,,Komisi Direktur Teknik untuk Kavling LK-06,10.101.001 KAS KECIL,1750000,,106719500
63,60.101.002,— INSENTIF/KOMISI,Lumiera Garden,2024-12-30,,Komisi Komisaris untuk Kavling LK-06,10.101.001 KAS KECIL,1750000,,108469500
63,60.101.002,— INSENTIF/KOMISI,Lumiera Garden,2024-12-30,,Komisi Marcomm untuk Kavling LK-06,10.101.001 KAS KECIL,205625,,108675125
63,60.101.002,— INSENTIF/KOMISI,Lumiera Garden,2024-12-30,,Komisi Marcomm untuk Kavling LK-06,10.101.001 KAS KECIL,100625,,108775750
63,60.101.002,— INSENTIF/KOMISI,Lumiera Garden,2024-12-30,,Komisi Marcomm untuk Kavling LK-06,10.101.001 KAS KECIL,65625,,108841375
63,60.101.002,— INSENTIF/KOMISI,Lumiera Garden,2024-12-30,,Komisi Marcomm untuk Kavling LK-06,10.101.001 KAS KECIL,65625,,108907000
63,60.101.002,— INSENTIF/KOMISI,Lumiera Garden,2024-12-31,,Komisi Marketing Kavling LK-09,10.101.001 KAS KECIL,13125000,,122032000
63,60.101.002,— INSENTIF/KOMISI,Lumiera Garden,2024-12-31,,Komisi SPV Marketing Kavling LK-09,10.101.001 KAS KECIL,4375000,,126407000
63,60.101.002,— INSENTIF/KOMISI,Lumiera Garden,2024-12-31,,Komisi Marcomm untuk Kavling LK-09,10.101.001 KAS KECIL,205625,,126612625
63,60.101.002,— INSENTIF/KOMISI,Lumiera Garden,2024-12-31,,Komisi Marcomm untuk Kavling LK-09,10.101.001 KAS KECIL,100625,,126713250
63,60.101.002,— INSENTIF/KOMISI,Lumiera Garden,2024-12-31,,Komisi Marcomm untuk Kavling LK-09,10.101.001 KAS KECIL,65625,,126778875
63,60.101.002,— INSENTIF/KOMISI,Lumiera Garden,2024-12-31,,Komisi Marcomm untuk Kavling LK-09,10.101.001 KAS KECIL,65625,,126844500
63,60.101.002,— INSENTIF/KOMISI,Lumiera Garden,2024-12-31,BCA PT. ASA,Komisi Direktur Utama untuk Kavling LK-09,10.101.003 BCA (8162440909 an PT. Adhiland Sukses Abadi),1750000,,128594500
63,60.101.002,— INSENTIF/KOMISI,Lumiera Garden,2024-12-31,BCA PT. ASA,Komisi Direktur Operasional untuk Kavling LK-09,10.101.003 BCA (8162440909 an PT. Adhiland Sukses Abadi),1750000,,130344500
63,60.101.002,— INSENTIF/KOMISI,Lumiera Garden,2024-12-31,BCA PT. ASA,Komisi Direktur B&D untuk Kavling LK-09,10.101.003 BCA (8162440909 an PT. Adhiland Sukses Abadi),1750000,,132094500
63,60.101.002,— INSENTIF/KOMISI,Lumiera Garden,2024-12-31,BCA PT. ASA,Komisi Direktur Teknik untuk Kavling LK-09,10.101.003 BCA (8162440909 an PT. Adhiland Sukses Abadi),1750000,,133844500
63,60.101.002,— INSENTIF/KOMISI,Lumiera Garden,2024-12-31,BCA PT. ASA,Komisi Komisaris untuk Kavling LK-09,10.101.003 BCA (8162440909 an PT. Adhiland Sukses Abadi),1750000,,135594500
63,60.101.002,— INSENTIF/KOMISI,Lumiera Garden,2025-01-03,Cash/Tunai,Komisi Marketing Kavling LK-02,10.101.002 CASH/TUNAI,13125000,,148719500
63,60.101.002,— INSENTIF/KOMISI,Lumiera Garden,2025-01-03,Cash/Tunai,Komisi SPV Marketing Kavling LK-02,10.101.002 CASH/TUNAI,4375000,,153094500
63,60.101.002,— INSENTIF/KOMISI,Lumiera Garden,2025-01-03,Cash/Tunai,Komisi Direktur Utama Kavling LK-02,10.101.002 CASH/TUNAI,1750000,,154844500
63,60.101.002,— INSENTIF/KOMISI,Lumiera Garden,2025-01-03,Cash/Tunai,Komisi Direktur Operasional Kavling LK-02,10.101.002 CASH/TUNAI,1750000,,156594500
63,60.101.002,— INSENTIF/KOMISI,Lumiera Garden,2025-01-03,Cash/Tunai,Komisi Direktur B&D Kavling LK-02,10.101.002 CASH/TUNAI,1750000,,158344500
63,60.101.002,— INSENTIF/KOMISI,Lumiera Garden,2025-01-03,Cash/Tunai,Komisi Komisaris Kavling LK-02,10.101.002 CASH/TUNAI,1750000,,160094500
63,60.101.002,— INSENTIF/KOMISI,Lumiera Garden,2025-01-03,Cash/Tunai,Komisi Direktur Teknik Kavling LK-02,10.101.002 CASH/TUNAI,1750000,,161844500
63,60.101.002,— INSENTIF/KOMISI,Lumiera Garden,2025-01-03,Cash/Tunai,Komisi Marcomm Kavling LK-02,10.101.002 CASH/TUNAI,205625,,162050125
63,60.101.002,— INSENTIF/KOMISI,Lumiera Garden,2025-01-03,Cash/Tunai,Komisi Marcomm Kavling LK-02,10.101.002 CASH/TUNAI,100625,,162150750
63,60.101.002,— INSENTIF/KOMISI,Lumiera Garden,2025-01-03,Cash/Tunai,Komisi Marcomm Kavling LK-02,10.101.002 CASH/TUNAI,65625,,162216375
63,60.101.002,— INSENTIF/KOMISI,Lumiera Garden,2025-01-03,Cash/Tunai,Komisi Marcomm Kavling LK-02,10.101.002 CASH/TUNAI,65625,,162282000
63,60.101.002,— INSENTIF/KOMISI,Lumiera Garden,2025-01-07,Cash/Tunai,Komisi Marketing Kavling LK-12,10.101.002 CASH/TUNAI,13125000,,175407000
63,60.101.002,— INSENTIF/KOMISI,Lumiera Garden,2025-01-07,Cash/Tunai,Komisi SPV Marketing Kavling LK-12,10.101.002 CASH/TUNAI,4375000,,179782000
63,60.101.002,— INSENTIF/KOMISI,Lumiera Garden,2025-01-07,Cash/Tunai,Komisi Direktur Utama Kavling LK-12,10.101.002 CASH/TUNAI,1750000,,181532000
63,60.101.002,— INSENTIF/KOMISI,Lumiera Garden,2025-01-07,Cash/Tunai,Komisi Direktur Operasional Kavling LK-12,10.101.002 CASH/TUNAI,1750000,,183282000
63,60.101.002,— INSENTIF/KOMISI,Lumiera Garden,2025-01-07,Cash/Tunai,Komisi Direktur B&D Kavling LK-12,10.101.002 CASH/TUNAI,1750000,,185032000
63,60.101.002,— INSENTIF/KOMISI,Lumiera Garden,2025-01-07,Cash/Tunai,Komisi Komisaris Kavling LK-12,10.101.002 CASH/TUNAI,1750000,,186782000
63,60.101.002,— INSENTIF/KOMISI,Lumiera Garden,2025-01-07,Cash/Tunai,Komisi Direktur Teknik Kavling LK-12,10.101.002 CASH/TUNAI,1750000,,188532000
63,60.101.002,— INSENTIF/KOMISI,Lumiera Garden,2025-01-07,Cash/Tunai,Komisi Marcomm Kavling LK-12,10.101.002 CASH/TUNAI,205625,,188737625
63,60.101.002,— INSENTIF/KOMISI,Lumiera Garden,2025-01-07,Cash/Tunai,Komisi Marcomm Kavling LK-12,10.101.002 CASH/TUNAI,100625,,188838250
63,60.101.002,— INSENTIF/KOMISI,Lumiera Garden,2025-01-07,Cash/Tunai,Komisi Marcomm Kavling LK-12,10.101.002 CASH/TUNAI,65625,,188903875
63,60.101.002,— INSENTIF/KOMISI,Lumiera Garden,2025-01-07,Cash/Tunai,Komisi Marcomm Kavling LK-12,10.101.002 CASH/TUNAI,65625,,188969500
63,60.101.002,— INSENTIF/KOMISI,Lumiera Garden,2025-01-10,Cash/Tunai,Komisi Marketing Kavling LK-03,10.101.002 CASH/TUNAI,14250000,,203219500
63,60.101.002,— INSENTIF/KOMISI,Lumiera Garden,2025-01-10,Cash/Tunai,Komisi SPV Marketing Kavling LK-03,10.101.002 CASH/TUNAI,4750000,,207969500
63,60.101.002,— INSENTIF/KOMISI,Lumiera Garden,2025-01-10,Cash/Tunai,Komisi Direktur Utama Kavling LK-03,10.101.002 CASH/TUNAI,1900000,,209869500
63,60.101.002,— INSENTIF/KOMISI,Lumiera Garden,2025-01-10,Cash/Tunai,Komisi Direktur Operasional Kavling LK-03,10.101.002 CASH/TUNAI,1900000,,211769500
63,60.101.002,— INSENTIF/KOMISI,Lumiera Garden,2025-01-10,Cash/Tunai,Komisi Direktur B&D Kavling LK-03,10.101.002 CASH/TUNAI,1900000,,213669500
63,60.101.002,— INSENTIF/KOMISI,Lumiera Garden,2025-01-10,Cash/Tunai,Komisi Komisaris Kavling LK-03,10.101.002 CASH/TUNAI,1900000,,215569500
63,60.101.002,— INSENTIF/KOMISI,Lumiera Garden,2025-01-10,Cash/Tunai,Komisi Direktur Teknik Kavling LK-03,10.101.002 CASH/TUNAI,1900000,,217469500
63,60.101.002,— INSENTIF/KOMISI,Lumiera Garden,2025-01-10,Cash/Tunai,Komisi Marcomm Kavling LK-03,10.101.002 CASH/TUNAI,223250,,217692750
63,60.101.002,— INSENTIF/KOMISI,Lumiera Garden,2025-01-10,Cash/Tunai,Komisi Marcomm Kavling LK-03,10.101.002 CASH/TUNAI,109250,,217802000
63,60.101.002,— INSENTIF/KOMISI,Lumiera Garden,2025-01-10,Cash/Tunai,Komisi Marcomm Kavling LK-03,10.101.002 CASH/TUNAI,71250,,217873250
63,60.101.002,— INSENTIF/KOMISI,Lumiera Garden,2025-01-10,Cash/Tunai,Komisi Marcomm Kavling LK-03,10.101.002 CASH/TUNAI,71250,,217944500
63,60.101.002,— INSENTIF/KOMISI,Lumiera Garden,2025-01-31,Kas Kecil,Komisi Marketing Kavling C-03,10.101.001 KAS KECIL,7935000,,225879500
63,60.101.002,— INSENTIF/KOMISI,Lumiera Garden,2025-01-31,Kas Kecil,Komisi SPV Marketing Kavling C-03,10.101.001 KAS KECIL,2645000,,228524500
63,60.101.002,— INSENTIF/KOMISI,Lumiera Garden,2025-01-31,Kas Kecil,Komisi Direktur Utama Kavling C-03,10.101.001 KAS KECIL,1058000,,229582500
63,60.101.002,— INSENTIF/KOMISI,Lumiera Garden,2025-01-31,Kas Kecil,Komisi Direktur Operasional Kavling C-03,10.101.001 KAS KECIL,1058000,,230640500
63,60.101.002,— INSENTIF/KOMISI,Lumiera Garden,2025-01-31,Kas Kecil,Komisi Direktur B&D Kavling C-03,10.101.001 KAS KECIL,1058000,,231698500
63,60.101.002,— INSENTIF/KOMISI,Lumiera Garden,2025-01-31,Kas Kecil,Komisi Komisaris Kavling C-03,10.101.001 KAS KECIL,1058000,,232756500
63,60.101.002,— INSENTIF/KOMISI,Lumiera Garden,2025-01-31,Kas Kecil,Komisi Direktur Teknik Kavling C-03,10.101.001 KAS KECIL,1058000,,233814500
63,60.101.002,— INSENTIF/KOMISI,Lumiera Garden,2025-01-31,Kas Kecil,Komisi Marcomm Kavling C-03,10.101.001 KAS KECIL,97865,,233912365
63,60.101.002,— INSENTIF/KOMISI,Lumiera Garden,2025-01-31,Kas Kecil,Komisi Marcomm Kavling C-03,10.101.001 KAS KECIL,66125,,233978490
63,60.101.002,— INSENTIF/KOMISI,Lumiera Garden,2025-01-31,Kas Kecil,Komisi Marcomm Kavling C-03,10.101.001 KAS KECIL,47610,,234026100
63,60.101.002,— INSENTIF/KOMISI,Lumiera Garden,2025-01-31,Kas Kecil,Komisi Marcomm Kavling C-03,10.101.001 KAS KECIL,52900,,234079000
63,60.101.002,— INSENTIF/KOMISI,Lumiera Garden,2025-01-31,Kas Kecil,Komisi Marketing Kavling C-02,10.101.001 KAS KECIL,7935000,,242014000
63,60.101.002,— INSENTIF/KOMISI,Lumiera Garden,2025-01-31,Kas Kecil,Komisi SPV Marketing Kavling C-02,10.101.001 KAS KECIL,2645000,,244659000
63,60.101.002,— INSENTIF/KOMISI,Lumiera Garden,2025-01-31,Kas Kecil,Komisi Direktur Utama Kavling C-02,10.101.001 KAS KECIL,1058000,,245717000
63,60.101.002,— INSENTIF/KOMISI,Lumiera Garden,2025-01-31,Kas Kecil,Komisi Direktur Operasional Kavling C-02,10.101.001 KAS KECIL,1058000,,246775000
63,60.101.002,— INSENTIF/KOMISI,Lumiera Garden,2025-01-31,Kas Kecil,Komisi Direktur B&D Kavling C-02,10.101.001 KAS KECIL,1058000,,247833000
63,60.101.002,— INSENTIF/KOMISI,Lumiera Garden,2025-01-31,Kas Kecil,Komisi Komisaris Kavling C-02,10.101.001 KAS KECIL,1058000,,248891000
63,60.101.002,— INSENTIF/KOMISI,Lumiera Garden,2025-01-31,Kas Kecil,Komisi Direktur Teknik Kavling C-02,10.101.001 KAS KECIL,1058000,,249949000
63,60.101.002,— INSENTIF/KOMISI,Lumiera Garden,2025-01-31,Kas Kecil,Komisi Marcomm Kavling C-02,10.101.001 KAS KECIL,97865,,250046865
63,60.101.002,— INSENTIF/KOMISI,Lumiera Garden,2025-01-31,Kas Kecil,Komisi Marcomm Kavling C-02,10.101.001 KAS KECIL,66125,,250112990
63,60.101.002,— INSENTIF/KOMISI,Lumiera Garden,2025-01-31,Kas Kecil,Komisi Marcomm Kavling C-02,10.101.001 KAS KECIL,47610,,250160600
63,60.101.002,— INSENTIF/KOMISI,Lumiera Garden,2025-01-31,Kas Kecil,Komisi Marcomm Kavling C-02,10.101.001 KAS KECIL,52900,,250213500
63,60.101.002,— INSENTIF/KOMISI,Lumiera Garden,2025-01-31,Kas Kecil,Komisi Marketing Kavling LK-11,10.101.001 KAS KECIL,14460000,,264673500
63,60.101.002,— INSENTIF/KOMISI,Lumiera Garden,2025-01-31,Kas Kecil,Komisi SPV Marketing Kavling LK-11,10.101.001 KAS KECIL,4820000,,269493500
63,60.101.002,— INSENTIF/KOMISI,Lumiera Garden,2025-01-31,Kas Kecil,Komisi Direktur Utama Kavling LK-11,10.101.001 KAS KECIL,1928000,,271421500
63,60.101.002,— INSENTIF/KOMISI,Lumiera Garden,2025-01-31,Kas Kecil,Komisi Direktur Operasional Kavling LK-11,10.101.001 KAS KECIL,1928000,,273349500
63,60.101.002,— INSENTIF/KOMISI,Lumiera Garden,2025-01-31,Kas Kecil,Komisi Direktur B&D Kavling LK-11,10.101.001 KAS KECIL,1928000,,275277500
63,60.101.002,— INSENTIF/KOMISI,Lumiera Garden,2025-01-31,Kas Kecil,Komisi Komisaris Kavling LK-11,10.101.001 KAS KECIL,1928000,,277205500
63,60.101.002,— INSENTIF/KOMISI,Lumiera Garden,2025-01-31,Kas Kecil,Komisi Direktur Teknik Kavling LK-11,10.101.001 KAS KECIL,1928000,,279133500
63,60.101.002,— INSENTIF/KOMISI,Lumiera Garden,2025-01-31,Kas Kecil,Komisi Marcomm Kavling LK-11,10.101.001 KAS KECIL,226540,,279360040
63,60.101.002,— INSENTIF/KOMISI,Lumiera Garden,2025-01-31,Kas Kecil,Komisi Marcomm Kavling LK-11,10.101.001 KAS KECIL,110860,,279470900
63,60.101.002,— INSENTIF/KOMISI,Lumiera Garden,2025-01-31,Kas Kecil,Komisi Marcomm Kavling LK-11,10.101.001 KAS KECIL,67480,,279538380
63,60.101.002,— INSENTIF/KOMISI,Lumiera Garden,2025-01-31,Kas Kecil,Komisi Marcomm Kavling LK-11,10.101.001 KAS KECIL,77120,,279615500
63,60.101.002,— INSENTIF/KOMISI,Lumiera Garden,2025-02-01,Kas Kecil,Komisi Marketing Kavling LK-04,10.101.001 KAS KECIL,14835000,,294450500
63,60.101.002,— INSENTIF/KOMISI,Lumiera Garden,2025-02-01,Kas Kecil,Komisi SPV Marketing Kavling LK-04,10.101.001 KAS KECIL,4945000,,299395500
63,60.101.002,— INSENTIF/KOMISI,Lumiera Garden,2025-02-01,Kas Kecil,Komisi Direktur Utama Kavling LK-04,10.101.001 KAS KECIL,1978000,,301373500
63,60.101.002,— INSENTIF/KOMISI,Lumiera Garden,2025-02-01,Kas Kecil,Komisi Direktur Operasional Kavling LK-04,10.101.001 KAS KECIL,1978000,,303351500
63,60.101.002,— INSENTIF/KOMISI,Lumiera Garden,2025-02-01,Kas Kecil,Komisi Direktur B&D Kavling LK-04,10.101.001 KAS KECIL,1978000,,305329500
63,60.101.002,— INSENTIF/KOMISI,Lumiera Garden,2025-02-01,Kas Kecil,Komisi Komisaris Kavling LK-04,10.101.001 KAS KECIL,1978000,,307307500
63,60.101.002,— INSENTIF/KOMISI,Lumiera Garden,2025-02-01,Kas Kecil,Komisi Direktur Teknik Kavling LK-04,10.101.001 KAS KECIL,1978000,,309285500
63,60.101.002,— INSENTIF/KOMISI,Lumiera Garden,2025-02-01,Kas Kecil,Komisi Marcomm Kavling LK-04,10.101.001 KAS KECIL,232415,,309517915
63,60.101.002,— INSENTIF/KOMISI,Lumiera Garden,2025-02-01,Kas Kecil,Komisi Marcomm Kavling LK-04,10.101.001 KAS KECIL,113735,,309631650
63,60.101.002,— INSENTIF/KOMISI,Lumiera Garden,2025-02-01,Kas Kecil,Komisi Marcomm Kavling LK-04,10.101.001 KAS KECIL,69230,,309700880
63,60.101.002,— INSENTIF/KOMISI,Lumiera Garden,2025-02-01,Kas Kecil,Komisi Marcomm Kavling LK-04,10.101.001 KAS KECIL,79120,,309780000
63,60.101.002,— INSENTIF/KOMISI,Lumiera Garden,2025-05-06,Kas Kecil,Komisi Marketing Kavling LK-05,10.101.001 KAS KECIL,13125000,,322905000
63,60.101.002,— INSENTIF/KOMISI,Lumiera Garden,2025-05-06,Kas Kecil,Komisi SPV Marketing Kavling LK-05,10.101.001 KAS KECIL,4375000,,327280000
63,60.101.002,— INSENTIF/KOMISI,Lumiera Garden,2025-05-06,Kas Kecil,Komisi Direktur Utama Kavling LK-05,10.101.001 KAS KECIL,1750000,,329030000
63,60.101.002,— INSENTIF/KOMISI,Lumiera Garden,2025-05-06,Kas Kecil,Komisi Direktur Operasional Kavling LK-05,10.101.001 KAS KECIL,1750000,,330780000
63,60.101.002,— INSENTIF/KOMISI,Lumiera Garden,2025-05-06,Kas Kecil,Komisi Direktur B&D Kavling LK-05,10.101.001 KAS KECIL,1750000,,332530000
63,60.101.002,— INSENTIF/KOMISI,Lumiera Garden,2025-05-06,Kas Kecil,Komisi Komisaris Kavling LK-05,10.101.001 KAS KECIL,1750000,,334280000
63,60.101.002,— INSENTIF/KOMISI,Lumiera Garden,2025-05-06,Kas Kecil,Komisi Direktur Teknik Kavling LK-05,10.101.001 KAS KECIL,1750000,,336030000
63,60.101.002,— INSENTIF/KOMISI,Lumiera Garden,2025-05-07,BCA PT. ASA,Komisi Marcomm Kavling LK-05,10.101.003 BCA (8162440909 an PT. Adhiland Sukses Abadi),131250,,336161250
63,60.101.002,— INSENTIF/KOMISI,Lumiera Garden,2025-05-07,BCA PT. ASA,Komisi Marcomm Kavling LK-05,10.101.003 BCA (8162440909 an PT. Adhiland Sukses Abadi),100625,,336261875
63,60.101.002,— INSENTIF/KOMISI,Lumiera Garden,2025-05-07,BCA PT. ASA,Komisi Marcomm Kavling LK-05,10.101.003 BCA (8162440909 an PT. Adhiland Sukses Abadi),100625,,336362500
63,60.101.002,— INSENTIF/KOMISI,Lumiera Garden,2025-05-07,BCA PT. ASA,Komisi Marcomm Kavling LK-05,10.101.003 BCA (8162440909 an PT. Adhiland Sukses Abadi),105000,,336467500
63,60.101.002,— INSENTIF/KOMISI,Lumiera Garden,2025-08-27,Kas Kecil,Komisi Marketing Kavling LK-22,10.101.001 KAS KECIL,15375000,,351842500
63,60.101.002,— INSENTIF/KOMISI,Lumiera Garden,2025-08-27,Kas Kecil,Komisi SPV Marketing Kavling LK-22,10.101.001 KAS KECIL,5125000,,356967500
63,60.101.002,— INSENTIF/KOMISI,Lumiera Garden,2025-08-27,Kas Kecil,Komisi Direktur Utama Kavling LK-22,10.101.001 KAS KECIL,2050000,,359017500
63,60.101.002,— INSENTIF/KOMISI,Lumiera Garden,2025-08-27,Kas Kecil,Komisi Direktur Operasional Kavling LK-22,10.101.001 KAS KECIL,2050000,,361067500
63,60.101.002,— INSENTIF/KOMISI,Lumiera Garden,2025-08-27,Kas Kecil,Komisi Direktur B&D Kavling LK-22,10.101.001 KAS KECIL,2050000,,363117500
63,60.101.002,— INSENTIF/KOMISI,Lumiera Garden,2025-08-27,Kas Kecil,Komisi Komisaris Kavling LK-22,10.101.001 KAS KECIL,2050000,,365167500
63,60.101.002,— INSENTIF/KOMISI,Lumiera Garden,2025-08-27,Kas Kecil,Komisi Direktur Teknik Kavling LK-22,10.101.001 KAS KECIL,2050000,,367217500
63,60.101.002,— INSENTIF/KOMISI,Lumiera Garden,2025-08-27,Kas Kecil,Komisi Marcomm Kavling LK-22,10.101.001 KAS KECIL,188600,,367406100
63,60.101.002,— INSENTIF/KOMISI,Lumiera Garden,2025-08-27,Kas Kecil,Komisi Marcomm Kavling LK-22,10.101.001 KAS KECIL,123000,,367529100
63,60.101.002,— INSENTIF/KOMISI,Lumiera Garden,2025-08-27,Kas Kecil,Komisi Marcomm Kavling LK-22,10.101.001 KAS KECIL,114800,,367643900
63,60.101.002,— INSENTIF/KOMISI,Lumiera Garden,2025-08-27,Kas Kecil,Komisi Marcomm Kavling LK-22,10.101.001 KAS KECIL,131200,,367775100
63,60.101.002,— INSENTIF/KOMISI,Lumiera Garden,2025-08-27,Kas Kecil,Komisi Marcomm Kavling LK-22,10.101.001 KAS KECIL,131200,,367906300
63,60.101.002,— INSENTIF/KOMISI,Lumiera Garden,2025-08-27,Kas Kecil,Komisi Marcomm Kavling LK-22,10.101.001 KAS KECIL,131200,,368037500
63,60.101.002,— INSENTIF/KOMISI,Lumiera Garden,2025-09-24,Kas Kecil,Komisi Marketing Kavling LK-23,10.101.001 KAS KECIL,16125000,,384162500
63,60.101.002,— INSENTIF/KOMISI,Lumiera Garden,2025-09-24,Kas Kecil,Komisi SPV Marketing Kavling LK-23,10.101.001 KAS KECIL,5375000,,389537500
63,60.101.002,— INSENTIF/KOMISI,Lumiera Garden,2025-09-24,Kas Kecil,Komisi Direktur Utama Kavling LK-23,10.101.001 KAS KECIL,2150000,,391687500
63,60.101.002,— INSENTIF/KOMISI,Lumiera Garden,2025-09-24,Kas Kecil,Komisi Direktur Operasional Kavling LK-23,10.101.001 KAS KECIL,2150000,,393837500
63,60.101.002,— INSENTIF/KOMISI,Lumiera Garden,2025-09-24,Kas Kecil,Komisi Direktur B&D Kavling LK-23,10.101.001 KAS KECIL,2150000,,395987500
63,60.101.002,— INSENTIF/KOMISI,Lumiera Garden,2025-09-24,Kas Kecil,Komisi Komisaris Kavling LK-23,10.101.001 KAS KECIL,2150000,,398137500
63,60.101.002,— INSENTIF/KOMISI,Lumiera Garden,2025-09-24,Kas Kecil,Komisi Direktur Teknik Kavling LK-23,10.101.001 KAS KECIL,2150000,,400287500
63,60.101.002,— INSENTIF/KOMISI,Lumiera Garden,2025-09-24,Kas Kecil,Komisi Marcomm Kavling LK-23,10.101.001 KAS KECIL,197800,,400485300
63,60.101.002,— INSENTIF/KOMISI,Lumiera Garden,2025-09-24,Kas Kecil,Komisi Marcomm Kavling LK-23,10.101.001 KAS KECIL,129000,,400614300
63,60.101.002,— INSENTIF/KOMISI,Lumiera Garden,2025-09-24,Kas Kecil,Komisi Marcomm Kavling LK-23,10.101.001 KAS KECIL,120400,,400734700
63,60.101.002,— INSENTIF/KOMISI,Lumiera Garden,2025-09-24,Kas Kecil,Komisi Marcomm Kavling LK-23,10.101.001 KAS KECIL,137600,,400872300
63,60.101.002,— INSENTIF/KOMISI,Lumiera Garden,2025-09-24,Kas Kecil,Komisi Marcomm Kavling LK-23,10.101.001 KAS KECIL,137600,,401009900
63,60.101.002,— INSENTIF/KOMISI,Lumiera Garden,2025-09-24,Kas Kecil,Komisi Marcomm Kavling LK-23,10.101.001 KAS KECIL,137600,,401147500
63,60.101.002,— INSENTIF/KOMISI,Lumiera Garden,2025-10-21,Kas Kecil,Komisi Marketing Kavling LK-19,10.101.001 KAS KECIL,16125000,,417272500
63,60.101.002,— INSENTIF/KOMISI,Lumiera Garden,2025-10-21,Kas Kecil,Komisi SPV Marketing Kavling LK-19,10.101.001 KAS KECIL,5375000,,422647500
63,60.101.002,— INSENTIF/KOMISI,Lumiera Garden,2025-10-21,Kas Kecil,Komisi Direktur Utama Kavling LK-19,10.101.001 KAS KECIL,2150000,,424797500
63,60.101.002,— INSENTIF/KOMISI,Lumiera Garden,2025-10-21,Kas Kecil,Komisi Direktur Operasional Kavling LK-19,10.101.001 KAS KECIL,2150000,,426947500
63,60.101.002,— INSENTIF/KOMISI,Lumiera Garden,2025-10-21,Kas Kecil,Komisi Direktur B&D Kavling LK-19,10.101.001 KAS KECIL,2150000,,429097500
63,60.101.002,— INSENTIF/KOMISI,Lumiera Garden,2025-10-21,Kas Kecil,Komisi Komisaris Kavling LK-19,10.101.001 KAS KECIL,2150000,,431247500
63,60.101.002,— INSENTIF/KOMISI,Lumiera Garden,2025-10-21,Kas Kecil,Komisi Direktur Teknik Kavling LK-19,10.101.001 KAS KECIL,2150000,,433397500
63,60.101.002,— INSENTIF/KOMISI,Lumiera Garden,2025-10-21,Kas Kecil,Komisi Marcomm Kavling LK-19,10.101.001 KAS KECIL,197800,,433595300
63,60.101.002,— INSENTIF/KOMISI,Lumiera Garden,2025-10-21,Kas Kecil,Komisi Marcomm Kavling LK-19,10.101.001 KAS KECIL,129000,,433724300
63,60.101.002,— INSENTIF/KOMISI,Lumiera Garden,2025-10-21,Kas Kecil,Komisi Marcomm Kavling LK-19,10.101.001 KAS KECIL,120400,,433844700
63,60.101.002,— INSENTIF/KOMISI,Lumiera Garden,2025-10-21,Kas Kecil,Komisi Marcomm Kavling LK-19,10.101.001 KAS KECIL,137600,,433982300
63,60.101.002,— INSENTIF/KOMISI,Lumiera Garden,2025-10-21,Kas Kecil,Komisi Marcomm Kavling LK-19,10.101.001 KAS KECIL,137600,,434119900
63,60.101.002,— INSENTIF/KOMISI,Lumiera Garden,2025-10-21,Kas Kecil,Komisi Marcomm Kavling LK-19,10.101.001 KAS KECIL,137600,,434257500
63,60.101.002,— INSENTIF/KOMISI,Lumiera Garden,2025-10-22,Kas Kecil,Komisi Marketing Kavling LK-17,10.101.001 KAS KECIL,17625000,,451882500
63,60.101.002,— INSENTIF/KOMISI,Lumiera Garden,2025-10-22,Kas Kecil,Komisi SPV Marketing Kavling LK-17,10.101.001 KAS KECIL,5875000,,457757500
63,60.101.002,— INSENTIF/KOMISI,Lumiera Garden,2025-10-22,Kas Kecil,Komisi Direktur Utama Kavling LK-17,10.101.001 KAS KECIL,2350000,,460107500
63,60.101.002,— INSENTIF/KOMISI,Lumiera Garden,2025-10-22,Kas Kecil,Komisi Direktur Operasional Kavling LK-17,10.101.001 KAS KECIL,2350000,,462457500
63,60.101.002,— INSENTIF/KOMISI,Lumiera Garden,2025-10-22,Kas Kecil,Komisi Direktur B&D Kavling LK-17,10.101.001 KAS KECIL,2350000,,464807500
63,60.101.002,— INSENTIF/KOMISI,Lumiera Garden,2025-10-22,Kas Kecil,Komisi Komisaris Kavling LK-17,10.101.001 KAS KECIL,2350000,,467157500
63,60.101.002,— INSENTIF/KOMISI,Lumiera Garden,2025-10-22,Kas Kecil,Komisi Direktur Teknik Kavling LK-17,10.101.001 KAS KECIL,2350000,,469507500
63,60.101.002,— INSENTIF/KOMISI,Lumiera Garden,2025-10-22,Kas Kecil,Komisi Marcomm Kavling LK-17,10.101.001 KAS KECIL,216200,,469723700
63,60.101.002,— INSENTIF/KOMISI,Lumiera Garden,2025-10-22,Kas Kecil,Komisi Marcomm Kavling LK-17,10.101.001 KAS KECIL,141000,,469864700
63,60.101.002,— INSENTIF/KOMISI,Lumiera Garden,2025-10-22,Kas Kecil,Komisi Marcomm Kavling LK-17,10.101.001 KAS KECIL,131600,,469996300
63,60.101.002,— INSENTIF/KOMISI,Lumiera Garden,2025-10-22,Kas Kecil,Komisi Marcomm Kavling LK-17,10.101.001 KAS KECIL,150400,,470146700
63,60.101.002,— INSENTIF/KOMISI,Lumiera Garden,2025-10-22,Kas Kecil,Komisi Marcomm Kavling LK-17,10.101.001 KAS KECIL,150400,,470297100
63,60.101.002,— INSENTIF/KOMISI,Lumiera Garden,2025-10-22,Kas Kecil,Komisi Marcomm Kavling LK-17,10.101.001 KAS KECIL,150400,,470447500
63,60.101.002,— INSENTIF/KOMISI,Lumiera Garden,2025-10-25,Kas Kecil,Komisi Marketing Kavling C-04,10.101.001 KAS KECIL,10440000,,480887500
63,60.101.002,— INSENTIF/KOMISI,Lumiera Garden,2025-10-25,Kas Kecil,Komisi SPV Marketing Kavling C-04,10.101.001 KAS KECIL,3480000,,484367500
63,60.101.002,— INSENTIF/KOMISI,Lumiera Garden,2025-10-25,Kas Kecil,Komisi Direktur Utama Kavling C-04,10.101.001 KAS KECIL,1392000,,485759500
63,60.101.002,— INSENTIF/KOMISI,Lumiera Garden,2025-10-25,Kas Kecil,Komisi Direktur Operasional Kavling C-04,10.101.001 KAS KECIL,1392000,,487151500
63,60.101.002,— INSENTIF/KOMISI,Lumiera Garden,2025-10-25,Kas Kecil,Komisi Direktur B&D Kavling C-04,10.101.001 KAS KECIL,1392000,,488543500
63,60.101.002,— INSENTIF/KOMISI,Lumiera Garden,2025-10-25,Kas Kecil,Komisi Komisaris Kavling C-04,10.101.001 KAS KECIL,1392000,,489935500
63,60.101.002,— INSENTIF/KOMISI,Lumiera Garden,2025-10-25,Kas Kecil,Komisi Direktur Teknik Kavling C-04,10.101.001 KAS KECIL,1392000,,491327500
63,60.101.002,— INSENTIF/KOMISI,Lumiera Garden,2025-10-25,Kas Kecil,Komisi Marcomm Kavling C-04,10.101.001 KAS KECIL,116928,,491444428
63,60.101.002,— INSENTIF/KOMISI,Lumiera Garden,2025-10-25,Kas Kecil,Komisi Marcomm Kavling C-04,10.101.001 KAS KECIL,89088,,491533516
63,60.101.002,— INSENTIF/KOMISI,Lumiera Garden,2025-10-25,Kas Kecil,Komisi Marcomm Kavling C-04,10.101.001 KAS KECIL,83520,,491617036
63,60.101.002,— INSENTIF/KOMISI,Lumiera Garden,2025-10-25,Kas Kecil,Komisi Marcomm Kavling C-04,10.101.001 KAS KECIL,89088,,491706124
63,60.101.002,— INSENTIF/KOMISI,Lumiera Garden,2025-10-25,Kas Kecil,Komisi Marcomm Kavling C-04,10.101.001 KAS KECIL,89088,,491795212
63,60.101.002,— INSENTIF/KOMISI,Lumiera Garden,2025-10-25,Kas Kecil,Komisi Marcomm Kavling C-04,10.101.001 KAS KECIL,89088,,491884300
63,60.101.002,— INSENTIF/KOMISI,Lumiera Garden,2025-11-12,Kas Kecil,Komisi Marketing Kavling LK-21,10.101.001 KAS KECIL,17625000,,509509300
63,60.101.002,— INSENTIF/KOMISI,Lumiera Garden,2025-11-12,Kas Kecil,Komisi SPV Marketing Kavling LK-21,10.101.001 KAS KECIL,5875000,,515384300
63,60.101.002,— INSENTIF/KOMISI,Lumiera Garden,2025-11-12,Kas Kecil,Komisi Direktur Utama Kavling LK-21,10.101.001 KAS KECIL,2350000,,517734300
63,60.101.002,— INSENTIF/KOMISI,Lumiera Garden,2025-11-12,Kas Kecil,Komisi Direktur Operasional Kavling LK-21,10.101.001 KAS KECIL,2350000,,520084300
63,60.101.002,— INSENTIF/KOMISI,Lumiera Garden,2025-11-12,Kas Kecil,Komisi Direktur B&D Kavling LK-21,10.101.001 KAS KECIL,2350000,,522434300
63,60.101.002,— INSENTIF/KOMISI,Lumiera Garden,2025-11-12,Kas Kecil,Komisi Komisaris Kavling LK-21,10.101.001 KAS KECIL,2350000,,524784300
63,60.101.002,— INSENTIF/KOMISI,Lumiera Garden,2025-11-12,Kas Kecil,Komisi Direktur Teknik Kavling LK-21,10.101.001 KAS KECIL,2350000,,527134300
63,60.101.002,— INSENTIF/KOMISI,Lumiera Garden,2025-11-12,Kas Kecil,Komisi Marcomm SPV (21%) Kavling LK-21,10.101.001 KAS KECIL,197400,,527331700
63,60.101.002,— INSENTIF/KOMISI,Lumiera Garden,2025-11-12,Kas Kecil,Komisi Marcomm Videografer (16%) Kavling LK-21,10.101.001 KAS KECIL,150400,,527482100
63,60.101.002,— INSENTIF/KOMISI,Lumiera Garden,2025-11-12,Kas Kecil,Komisi Admin Sosmed (15%) Kavling LK-21,10.101.001 KAS KECIL,141000,,527623100
63,60.101.002,— INSENTIF/KOMISI,Lumiera Garden,2025-11-12,Kas Kecil,Komisi Marcomm Desain Grafis (16%) Kavling LK-21,10.101.001 KAS KECIL,150400,,527773500
63,60.101.002,— INSENTIF/KOMISI,Lumiera Garden,2025-11-12,Kas Kecil,Komisi Marcomm Konten Kreator (16%) Kavling LK-21,10.101.001 KAS KECIL,150400,,527923900
63,60.101.002,— INSENTIF/KOMISI,Lumiera Garden,2025-11-12,Kas Kecil,Komisi Marcomm Desain Grafis (16%) Kavling LK-21,10.101.001 KAS KECIL,150400,,528074300
63,60.101.002,— INSENTIF/KOMISI,Subtotal / Saldo Akhir,,,,,0,0,528074300
64,60.101.004,— BEBAN ADVERTISING,Saldo Awal,,,,,,,0
64,60.101.004,— BEBAN ADVERTISING,Lumiera Garden,2024-11-25,,"Pembayaran DP Maket (Rumah Tinggal T85/66, Skala 1:25)",10.101.001 KAS KECIL,8000000,,8000000
64,60.101.004,— BEBAN ADVERTISING,Lumiera Garden,2024-12-06,,Pembayaran Pelunasan V-Banner,10.101.001 KAS KECIL,17000000,,25000000
64,60.101.004,— BEBAN ADVERTISING,Lumiera Garden,2024-12-12,,Pembayaran DP Sewa Billboard Exit Tol Singosari,10.101.001 KAS KECIL,30000000,,55000000
64,60.101.004,— BEBAN ADVERTISING,Lumiera Garden,2024-12-13,,Pembayaran DP Billboard Beji,10.101.001 KAS KECIL,15000000,,70000000
64,60.101.004,— BEBAN ADVERTISING,Lumiera Garden,2024-12-13,,"Pembayaran Pelunasan Maket (Rumah Tinggal T85/66, skala 1:25 - Wong Christian",10.101.001 KAS KECIL,8000000,,78000000
64,60.101.004,— BEBAN ADVERTISING,Lumiera Garden,2024-12-20,,"Pembayaran Cetak, Pasang dan Ijin V-Banner",10.101.001 KAS KECIL,23300000,,101300000
64,60.101.004,— BEBAN ADVERTISING,Lumiera Garden,2024-12-20,,Reimburse Bella - Cetak Fest RB Glossy,10.101.001 KAS KECIL,382000,,101682000
64,60.101.004,— BEBAN ADVERTISING,Lumiera Garden,2024-12-27,BCA PT. ASA,Pembayaran DP Desain Logo Adhiland,10.101.003 BCA (8162440909 an PT. Adhiland Sukses Abadi),4250000,,105932000
64,60.101.004,— BEBAN ADVERTISING,Lumiera Garden,2024-12-27,BCA PT. ASA,Banner Kavling & Ganti Visual Mini Billboard,10.101.003 BCA (8162440909 an PT. Adhiland Sukses Abadi),1725000,,107657000
64,60.101.004,— BEBAN ADVERTISING,Lumiera Garden,2024-12-27,BCA PT. ASA,Pelunasan Billboard Tol Singosari,10.101.003 BCA (8162440909 an PT. Adhiland Sukses Abadi),35400000,,143057000
64,60.101.004,— BEBAN ADVERTISING,Lumiera Garden,2024-12-31,BCA PT. ASA,Pembuatan Buku Cek BG,10.101.003 BCA (8162440909 an PT. Adhiland Sukses Abadi),275000,,143332000
64,60.101.004,— BEBAN ADVERTISING,Lumiera Garden,2025-01-03,Cash/Tunai,Sewa Billboard Melati Husada,10.101.002 CASH/TUNAI,20000000,,163332000
64,60.101.004,— BEBAN ADVERTISING,Lumiera Garden,2025-01-03,BCA PT. ASA,Siteplan 3 project + Sticker Siteplan + Kisscut,10.101.003 BCA (8162440909 an PT. Adhiland Sukses Abadi),175500,,163507500
64,60.101.004,— BEBAN ADVERTISING,Lumiera Garden,2025-01-03,BCA PT. ASA,Lanyard + Id Card (10 pcs),10.101.003 BCA (8162440909 an PT. Adhiland Sukses Abadi),540000,,164047500
64,60.101.004,— BEBAN ADVERTISING,Lumiera Garden,2025-01-10,BCA PT. ASA,Cetak V Banner 260 x 90 - Sigmaprint,10.101.003 BCA (8162440909 an PT. Adhiland Sukses Abadi),17325000,,181372500
64,60.101.004,— BEBAN ADVERTISING,Lumiera Garden,2025-01-10,BCA PT. ASA,Pasang Bambu - Sigmaprint,10.101.003 BCA (8162440909 an PT. Adhiland Sukses Abadi),14850000,,196222500
64,60.101.004,— BEBAN ADVERTISING,Lumiera Garden,2025-01-10,BCA PT. ASA,Ijin & Pajak - Sigmaprint,10.101.003 BCA (8162440909 an PT. Adhiland Sukses Abadi),20250000,,216472500
64,60.101.004,— BEBAN ADVERTISING,Lumiera Garden,2025-01-17,BCA PT. ASA,Brosur Lumiera Garden / 2770 pcs,10.101.003 BCA (8162440909 an PT. Adhiland Sukses Abadi),11634000,,228106500
64,60.101.004,— BEBAN ADVERTISING,Lumiera Garden,2025-01-17,BCA PT. ASA,Ganti Visual Mini Billboard uk 2x3 (5 unit) - StarOne,10.101.003 BCA (8162440909 an PT. Adhiland Sukses Abadi),1650000,,229756500
64,60.101.004,— BEBAN ADVERTISING,Lumiera Garden,2025-01-17,BCA PT. ASA,Termin I (40%) Animasi 3D (202501/I/10) - RURA,10.101.003 BCA (8162440909 an PT. Adhiland Sukses Abadi),3200000,,232956500
64,60.101.004,— BEBAN ADVERTISING,Lumiera Garden,2025-01-24,BCA PT. ASA,Printing Billborad (5m x 10m) - mm/ad,10.101.003 BCA (8162440909 an PT. Adhiland Sukses Abadi),1750000,,234706500
64,60.101.004,— BEBAN ADVERTISING,Lumiera Garden,2025-01-24,BCA PT. ASA,Biaya Penurunan & Pemasangan Billboard (5m x 10m) - mm/ad,10.101.003 BCA (8162440909 an PT. Adhiland Sukses Abadi),1000000,,235706500
64,60.101.004,— BEBAN ADVERTISING,Lumiera Garden,2025-01-24,BCA PT. ASA,Biaya ganti gambar Exit Tol Singosari Kab Malang - CV. Kaffa Sejati,10.101.003 BCA (8162440909 an PT. Adhiland Sukses Abadi),2500000,,238206500
64,60.101.004,— BEBAN ADVERTISING,Lumiera Garden,2025-01-24,BCA PT. ASA,Biaya cetak & pasang Visual Baliho Beji - Indo Citra Mandiri,10.101.003 BCA (8162440909 an PT. Adhiland Sukses Abadi),1200000,,239406500
64,60.101.004,— BEBAN ADVERTISING,Lumiera Garden,2025-01-31,Kas Kecil,Papan Kavling (4 pcs) uk 30x20 lb - StarOne,10.101.001 KAS KECIL,12000,,239418500
64,60.101.004,— BEBAN ADVERTISING,Lumiera Garden,2025-02-07,BCA PT. ASA,Pembayaran Pelunasan Billboard Beji,10.101.003 BCA (8162440909 an PT. Adhiland Sukses Abadi),15000000,,254418500
64,60.101.004,— BEBAN ADVERTISING,Lumiera Garden,2025-02-14,BCA PT. ASA,Brosur 3000 lbr - mm/ad,10.101.003 BCA (8162440909 an PT. Adhiland Sukses Abadi),12600000,,267018500
64,60.101.004,— BEBAN ADVERTISING,Lumiera Garden,2025-02-21,BCA PT. ASA,Pelunasan Logo Desain Lumiera - Hengky Andreas (mm/ad.),10.101.003 BCA (8162440909 an PT. Adhiland Sukses Abadi),4250000,,271268500
64,60.101.004,— BEBAN ADVERTISING,Lumiera Garden,2025-02-21,BCA PT. ASA,Sewa Billboard Melati Husada (1-31 Januari 2025) - mm/ad,10.101.003 BCA (8162440909 an PT. Adhiland Sukses Abadi),20000000,,291268500
64,60.101.004,— BEBAN ADVERTISING,Lumiera Garden,2025-03-07,BCA PT. ASA,Sewa Billboard bulan Februari 2025 / Melati Husada - mm/ad,10.101.003 BCA (8162440909 an PT. Adhiland Sukses Abadi),20000000,,311268500
64,60.101.004,— BEBAN ADVERTISING,Lumiera Garden,2025-03-21,BCA PT. ASA,DP Neon Box - CV. Sinar Prima Indonesia,10.101.003 BCA (8162440909 an PT. Adhiland Sukses Abadi),6250000,,317518500
64,60.101.004,— BEBAN ADVERTISING,Lumiera Garden,2025-03-21,BCA PT. ASA,DP Cetak+Pasang+Izin V Banner Adhiland,10.101.003 BCA (8162440909 an PT. Adhiland Sukses Abadi),29125000,,346643500
64,60.101.004,— BEBAN ADVERTISING,Lumiera Garden,2025-03-26,BCA PT. ASA,Umbul-umbul uk 500 x 85 / 20 pcs,10.101.003 BCA (8162440909 an PT. Adhiland Sukses Abadi),3050000,,349693500
64,60.101.004,— BEBAN ADVERTISING,Lumiera Garden,2025-03-27,Kas Kecil,Bambu Umbul-umbul,10.101.001 KAS KECIL,530000,,350223500
64,60.101.004,— BEBAN ADVERTISING,Lumiera Garden,2025-03-27,BCA PT. ASA,Pelunasan Neon Box Stand,10.101.003 BCA (8162440909 an PT. Adhiland Sukses Abadi),6250000,,356473500
64,60.101.004,— BEBAN ADVERTISING,Lumiera Garden,2025-03-27,BCA PT. ASA,Termin 1 Perpanjangan Billboard Kawi,10.101.003 BCA (8162440909 an PT. Adhiland Sukses Abadi),20000000,,376473500
64,60.101.004,— BEBAN ADVERTISING,Lumiera Garden,2025-04-21,Kas Kecil,"Banner Bukber Adhiland uk. 3 x 1,5 - Light Printing",10.101.001 KAS KECIL,67500,,376541000
64,60.101.004,— BEBAN ADVERTISING,Lumiera Garden,2025-04-21,Kas Kecil,Cue Card 2 Eksemplar - Light Printing,10.101.001 KAS KECIL,32400,,376573400
64,60.101.004,— BEBAN ADVERTISING,Lumiera Garden,2025-04-25,BCA PT. ASA,Termin II Perpanjangan Billboard Kawi,10.101.003 BCA (8162440909 an PT. Adhiland Sukses Abadi),20000000,,396573400
64,60.101.004,— BEBAN ADVERTISING,Lumiera Garden,2025-05-16,BCA PT. ASA,Cetak V Banner 260x90 + Pasang Bambu + Ijin & Pajak - Sigmaprint,10.101.003 BCA (8162440909 an PT. Adhiland Sukses Abadi),29125000,,425698400
64,60.101.004,— BEBAN ADVERTISING,Lumiera Garden,2025-05-31,BCA PT. ASA,Termin III Perpanjangan Billboard Kawi,10.101.003 BCA (8162440909 an PT. Adhiland Sukses Abadi),20000000,,445698400
64,60.101.004,— BEBAN ADVERTISING,Lumiera Garden,2025-06-26,Kas Kecil,Cetak V Banner 260 x 90 + Pasang Bambu + Izin & Pajak (400 pcs),10.101.001 KAS KECIL,15500000,,461198400
64,60.101.004,— BEBAN ADVERTISING,Lumiera Garden,2025-07-04,Kas Kecil,Brosur Lumiera (3000 pcs) - mm/ad,10.101.001 KAS KECIL,12000000,,473198400
64,60.101.004,— BEBAN ADVERTISING,Lumiera Garden,2025-07-25,BCA PT. ASA,Ganti Visual Mini Billboard 2x3 (Gambar Adhiland - 5 Titik),10.101.003 BCA (8162440909 an PT. Adhiland Sukses Abadi),1650000,,474848400
64,60.101.004,— BEBAN ADVERTISING,Lumiera Garden,2025-08-04,BCA PT. ASA,Cetak V Banner 260x90 + Pasang Bambu (250) & Ijin Pajak (125) - Sigmaprint,10.101.003 BCA (8162440909 an PT. Adhiland Sukses Abadi),29125000,,503973400
64,60.101.004,— BEBAN ADVERTISING,Lumiera Garden,2025-08-29,BCA PT. ASA,"Umbul"" Uk.500x85 (15 pcs)",10.101.003 BCA (8162440909 an PT. Adhiland Sukses Abadi),2287500,,506260900
64,60.101.004,— BEBAN ADVERTISING,Lumiera Garden,2025-08-29,BCA PT. ASA,"Jasa Pasang + Bongkar Umbul"" Uk 500x85 (Bunul) / 15 pcs",10.101.003 BCA (8162440909 an PT. Adhiland Sukses Abadi),1050000,,507310900
64,60.101.004,— BEBAN ADVERTISING,Lumiera Garden,2025-08-29,BCA PT. ASA,Fls uk 300 x 55 pla3b3 (8 pcs),10.101.003 BCA (8162440909 an PT. Adhiland Sukses Abadi),282400,,507593300
64,60.101.004,— BEBAN ADVERTISING,Lumiera Garden,2025-08-29,BCA PT. ASA,Sponsorship Kicaumania (Bunul),10.101.003 BCA (8162440909 an PT. Adhiland Sukses Abadi),2000000,,509593300
64,60.101.004,— BEBAN ADVERTISING,Lumiera Garden,2025-09-04,Kas Kecil,"Cetak V Banner 260x90 (300 pcs), Pasang Bambu (300 pcs), Ijin & Pajak (150 pcs) - Sigmaprint",10.101.001 KAS KECIL,34950000,,544543300
64,60.101.004,— BEBAN ADVERTISING,Lumiera Garden,2025-09-26,BCA PT. ASA,Brosur LG uk 63x25cm / 3000 lbr - micky mouse,10.101.003 BCA (8162440909 an PT. Adhiland Sukses Abadi),12000000,,556543300
64,60.101.004,— BEBAN ADVERTISING,Lumiera Garden,2025-09-26,BCA PT. ASA,Papan Kavling LG (Rukost & Hunian) / 20 pcs - StarOne,10.101.003 BCA (8162440909 an PT. Adhiland Sukses Abadi),60000,,556603300
64,60.101.004,— BEBAN ADVERTISING,Lumiera Garden,2025-10-10,Kas Kecil,Cetak Roll Banner LG,10.101.001 KAS KECIL,382000,,556985300
64,60.101.004,— BEBAN ADVERTISING,Lumiera Garden,2025-12-13,Kas Kecil,Kekurangan Pembelian Lanyard Marketing 10pcs (030125),10.101.001 KAS KECIL,19240,,557004540
64,60.101.004,— BEBAN ADVERTISING,Subtotal / Saldo Akhir,,,,,0,0,557004540
65,60.101.005,— BEBAN DIGITAL ADS,Saldo Awal,,,,,,,0
65,60.101.005,— BEBAN DIGITAL ADS,Lumiera Garden,2025-01-03,BCA PT. ASA,Pembayaran Ads,10.101.003 BCA (8162440909 an PT. Adhiland Sukses Abadi),20000000,,20000000
65,60.101.005,— BEBAN DIGITAL ADS,Lumiera Garden,2025-02-07,BCA PT. ASA,Pembayaran Ads,10.101.003 BCA (8162440909 an PT. Adhiland Sukses Abadi),15000000,,35000000
65,60.101.005,— BEBAN DIGITAL ADS,Lumiera Garden,2025-03-14,BCA PT. ASA,Pembayaran Ads,10.101.003 BCA (8162440909 an PT. Adhiland Sukses Abadi),10000000,,45000000
65,60.101.005,— BEBAN DIGITAL ADS,Lumiera Garden,2025-04-10,BCA PT. ASA,Ads,10.101.003 BCA (8162440909 an PT. Adhiland Sukses Abadi),10000000,,55000000
65,60.101.005,— BEBAN DIGITAL ADS,Lumiera Garden,2025-05-02,BCA PT. ASA,Ads (5.1),10.101.003 BCA (8162440909 an PT. Adhiland Sukses Abadi),10000000,,65000000
65,60.101.005,— BEBAN DIGITAL ADS,Lumiera Garden,2025-05-31,BCA PT. ASA,Ads (5.4),10.101.003 BCA (8162440909 an PT. Adhiland Sukses Abadi),10000000,,75000000
65,60.101.005,— BEBAN DIGITAL ADS,Lumiera Garden,2025-06-26,Kas Kecil,Ads,10.101.001 KAS KECIL,10000000,,85000000
65,60.101.005,— BEBAN DIGITAL ADS,Lumiera Garden,2025-07-18,BCA PT. ASA,Ads (7.3),10.101.003 BCA (8162440909 an PT. Adhiland Sukses Abadi),5000000,,90000000
65,60.101.005,— BEBAN DIGITAL ADS,Lumiera Garden,2025-07-31,BCA PT. ASA,Ads (8.1),10.101.003 BCA (8162440909 an PT. Adhiland Sukses Abadi),5000000,,95000000
65,60.101.005,— BEBAN DIGITAL ADS,Lumiera Garden,2025-08-05,BCA PT. ASA,Ads (8.1),10.101.003 BCA (8162440909 an PT. Adhiland Sukses Abadi),5000000,,100000000
65,60.101.005,— BEBAN DIGITAL ADS,Lumiera Garden,2025-08-13,BCA PT. ASA,Ads (8.3),10.101.003 BCA (8162440909 an PT. Adhiland Sukses Abadi),5000000,,105000000
65,60.101.005,— BEBAN DIGITAL ADS,Lumiera Garden,2025-08-29,BCA PT. ASA,Ads (8.5),10.101.003 BCA (8162440909 an PT. Adhiland Sukses Abadi),5000000,,110000000
65,60.101.005,— BEBAN DIGITAL ADS,Lumiera Garden,2025-09-04,BCA PT. ASA,Ads (9.1),10.101.003 BCA (8162440909 an PT. Adhiland Sukses Abadi),5000000,,115000000
65,60.101.005,— BEBAN DIGITAL ADS,Lumiera Garden,2025-09-12,Cash/Tunai,Ads (9.2),10.101.002 CASH/TUNAI,15000000,,130000000
65,60.101.005,— BEBAN DIGITAL ADS,Lumiera Garden,2025-10-23,BCA PT. ASA,Ads,10.101.003 BCA (8162440909 an PT. Adhiland Sukses Abadi),5000000,,135000000
65,60.101.005,— BEBAN DIGITAL ADS,Lumiera Garden,2025-10-31,BCA PT. ASA,Ads,10.101.003 BCA (8162440909 an PT. Adhiland Sukses Abadi),5000000,,140000000
65,60.101.005,— BEBAN DIGITAL ADS,Lumiera Garden,2025-11-07,BCA PT. ASA,Ads (11.1),10.101.003 BCA (8162440909 an PT. Adhiland Sukses Abadi),5000000,,145000000
65,60.101.005,— BEBAN DIGITAL ADS,Lumiera Garden,2025-11-28,BCA PT. ASA,Domain Renewal - lumieragarden.id - 1 Years (17 Des 2025 s/d 16 Des 2026) + DNS Management,10.101.003 BCA (8162440909 an PT. Adhiland Sukses Abadi),300000,,145300000
65,60.101.005,— BEBAN DIGITAL ADS,Lumiera Garden,2025-11-28,BCA PT. ASA,Domain Registration - adhiland.com - 1 Years (14 Nov 2025 s/d 13 Nov 2026) + DNS Management,10.101.003 BCA (8162440909 an PT. Adhiland Sukses Abadi),150000,,145450000
65,60.101.005,— BEBAN DIGITAL ADS,Lumiera Garden,2025-12-05,BCA PT. ASA,Ads (12.1),10.101.003 BCA (8162440909 an PT. Adhiland Sukses Abadi),5000000,,150450000
65,60.101.005,— BEBAN DIGITAL ADS,Lumiera Garden,2025-12-12,BCA PT. ASA,Ads (12.2),10.101.003 BCA (8162440909 an PT. Adhiland Sukses Abadi),5000000,,155450000
65,60.101.005,— BEBAN DIGITAL ADS,Subtotal / Saldo Akhir,,,,,0,0,155450000
66,60.101.006,— BEBAN PROMOSI,Saldo Awal,,,,,,,0
66,60.101.006,— BEBAN PROMOSI,Lumiera Garden,2025-01-03,Cash/Tunai,Pelunasan Open Table MOG (1-31 Des 2024) - Ilhami Organizer,10.101.002 CASH/TUNAI,18050000,,18050000
66,60.101.006,— BEBAN PROMOSI,Lumiera Garden,2025-01-03,Cash/Tunai,Expo Matos 19 Hari (18 Des 2024 - 5 Januari 2025) - Ilhami Organizer,10.101.002 CASH/TUNAI,73125000,,91175000
66,60.101.006,— BEBAN PROMOSI,Lumiera Garden,2025-01-10,BCA PT. ASA,DP Open Table MOG (1-31 Januari 2025),10.101.003 BCA (8162440909 an PT. Adhiland Sukses Abadi),18525000,,109700000
66,60.101.006,— BEBAN PROMOSI,Lumiera Garden,2025-01-10,BCA PT. ASA,Uang Makan Expo Matos (18 Desember 2024 - 5 Januari 2025) - Aan,10.101.003 BCA (8162440909 an PT. Adhiland Sukses Abadi),500000,,110200000
66,60.101.006,— BEBAN PROMOSI,Lumiera Garden,2025-01-10,BCA PT. ASA,Uang Makan Expo Matos (18 Desember 2024 - 5 Januari 2025) - Dinda,10.101.003 BCA (8162440909 an PT. Adhiland Sukses Abadi),450000,,110650000
66,60.101.006,— BEBAN PROMOSI,Lumiera Garden,2025-01-10,BCA PT. ASA,Uang Makan Expo Matos (18 Desember 2024 - 5 Januari 2025) - Wiya,10.101.003 BCA (8162440909 an PT. Adhiland Sukses Abadi),550000,,111200000
66,60.101.006,— BEBAN PROMOSI,Lumiera Garden,2025-01-10,BCA PT. ASA,Uang Makan Expo Matos (18 Desember 2024 - 5 Januari 2025) - Iwan,10.101.003 BCA (8162440909 an PT. Adhiland Sukses Abadi),400000,,111600000
66,60.101.006,— BEBAN PROMOSI,Lumiera Garden,2025-01-10,BCA PT. ASA,Uang Makan Expo Matos (18 Desember 2024 - 5 Januari 2025) - Adib,10.101.003 BCA (8162440909 an PT. Adhiland Sukses Abadi),750000,,112350000
66,60.101.006,— BEBAN PROMOSI,Lumiera Garden,2025-01-10,BCA PT. ASA,Uang Makan Expo Matos (18 Desember 2024 - 5 Januari 2025) - Achmad,10.101.003 BCA (8162440909 an PT. Adhiland Sukses Abadi),650000,,113000000
66,60.101.006,— BEBAN PROMOSI,Lumiera Garden,2025-01-10,BCA PT. ASA,Uang Makan Expo Matos (18 Desember 2024 - 5 Januari 2025) - Ika,10.101.003 BCA (8162440909 an PT. Adhiland Sukses Abadi),450000,,113450000
66,60.101.006,— BEBAN PROMOSI,Lumiera Garden,2025-01-17,BCA PT. ASA,DP EXPO MOG (22 Jan - 2 Feb 2025) - Ilhami Organizer,10.101.003 BCA (8162440909 an PT. Adhiland Sukses Abadi),20000000,,133450000
66,60.101.006,— BEBAN PROMOSI,Lumiera Garden,2025-02-07,BCA PT. ASA,Pelunasan Expo MOG (22 Jan - 2 Feb 2025) - IlhamiOrganizer,10.101.003 BCA (8162440909 an PT. Adhiland Sukses Abadi),67750000,,201200000
66,60.101.006,— BEBAN PROMOSI,Lumiera Garden,2025-02-07,BCA PT. ASA,Uang Makan Expo MOG - Prayitno,10.101.003 BCA (8162440909 an PT. Adhiland Sukses Abadi),200000,,201400000
66,60.101.006,— BEBAN PROMOSI,Lumiera Garden,2025-02-07,BCA PT. ASA,Uang Makan Expo MOG - Aan,10.101.003 BCA (8162440909 an PT. Adhiland Sukses Abadi),200000,,201600000
66,60.101.006,— BEBAN PROMOSI,Lumiera Garden,2025-02-07,BCA PT. ASA,Uang Makan Expo MOG - Wiya,10.101.003 BCA (8162440909 an PT. Adhiland Sukses Abadi),150000,,201750000
66,60.101.006,— BEBAN PROMOSI,Lumiera Garden,2025-02-07,BCA PT. ASA,Uang Makan Expo MOG - Adinda,10.101.003 BCA (8162440909 an PT. Adhiland Sukses Abadi),200000,,201950000
66,60.101.006,— BEBAN PROMOSI,Lumiera Garden,2025-02-07,BCA PT. ASA,Uang Makan Expo MOG - Verry,10.101.003 BCA (8162440909 an PT. Adhiland Sukses Abadi),50000,,202000000
66,60.101.006,— BEBAN PROMOSI,Lumiera Garden,2025-02-07,BCA PT. ASA,Uang Makan Expo MOG - Adib,10.101.003 BCA (8162440909 an PT. Adhiland Sukses Abadi),200000,,202200000
66,60.101.006,— BEBAN PROMOSI,Lumiera Garden,2025-02-07,BCA PT. ASA,Uang Makan Expo MOG - Achmad,10.101.003 BCA (8162440909 an PT. Adhiland Sukses Abadi),200000,,202400000
66,60.101.006,— BEBAN PROMOSI,Lumiera Garden,2025-02-07,BCA PT. ASA,Uang Makan Expo MOG - Ika,10.101.003 BCA (8162440909 an PT. Adhiland Sukses Abadi),200000,,202600000
66,60.101.006,— BEBAN PROMOSI,Lumiera Garden,2025-02-07,BCA PT. ASA,Uang Makan Expo MOG - Amin,10.101.003 BCA (8162440909 an PT. Adhiland Sukses Abadi),200000,,202800000
66,60.101.006,— BEBAN PROMOSI,Lumiera Garden,2025-02-07,BCA PT. ASA,Uang Makan Expo MOG - Andik,10.101.003 BCA (8162440909 an PT. Adhiland Sukses Abadi),200000,,203000000
66,60.101.006,— BEBAN PROMOSI,Lumiera Garden,2025-02-07,BCA PT. ASA,Reimburse Pak Dedy (Konsumsi Louding Out MOG),10.101.003 BCA (8162440909 an PT. Adhiland Sukses Abadi),468000,,203468000
66,60.101.006,— BEBAN PROMOSI,Lumiera Garden,2025-02-28,BCA PT. ASA,Open Table MOG (1-28 Feb 2025) - IlhamiOrganizer,10.101.003 BCA (8162440909 an PT. Adhiland Sukses Abadi),18525000,,221993000
66,60.101.006,— BEBAN PROMOSI,Lumiera Garden,2025-03-21,BCA PT. ASA,Open Table MOG (1-31 Maret 2025),10.101.003 BCA (8162440909 an PT. Adhiland Sukses Abadi),19000000,,240993000
66,60.101.006,— BEBAN PROMOSI,Lumiera Garden,2025-05-03,BCA PT. ASA,DP EXPO MOG (1-12 Mei 2025),10.101.003 BCA (8162440909 an PT. Adhiland Sukses Abadi),25000000,,265993000
66,60.101.006,— BEBAN PROMOSI,Lumiera Garden,2025-05-16,BCA PT. ASA,Uang Makan Marketing EXPO - Fahmi,10.101.003 BCA (8162440909 an PT. Adhiland Sukses Abadi),350000,,266343000
66,60.101.006,— BEBAN PROMOSI,Lumiera Garden,2025-05-16,BCA PT. ASA,Uang Makan Marketing EXPO - Nanda,10.101.003 BCA (8162440909 an PT. Adhiland Sukses Abadi),400000,,266743000
66,60.101.006,— BEBAN PROMOSI,Lumiera Garden,2025-05-16,BCA PT. ASA,Uang Makan Marketing EXPO - Adib,10.101.003 BCA (8162440909 an PT. Adhiland Sukses Abadi),450000,,267193000
66,60.101.006,— BEBAN PROMOSI,Lumiera Garden,2025-05-16,BCA PT. ASA,Uang Makan Marketing EXPO - Ika,10.101.003 BCA (8162440909 an PT. Adhiland Sukses Abadi),400000,,267593000
66,60.101.006,— BEBAN PROMOSI,Lumiera Garden,2025-05-16,BCA PT. ASA,Pelunasan Stan EXPO MOG (1-12 Mei 2025 / 12 Hari),10.101.003 BCA (8162440909 an PT. Adhiland Sukses Abadi),65000000,,332593000
66,60.101.006,— BEBAN PROMOSI,Lumiera Garden,2025-06-13,BCA PT. ASA,UM EXPO Matos 29 Mei - 08 Juni 2025 (Nanda),10.101.003 BCA (8162440909 an PT. Adhiland Sukses Abadi),350000,,332943000
66,60.101.006,— BEBAN PROMOSI,Lumiera Garden,2025-06-13,BCA PT. ASA,UM EXPO Matos 29 Mei - 08 Juni 2025 (Ika),10.101.003 BCA (8162440909 an PT. Adhiland Sukses Abadi),350000,,333293000
66,60.101.006,— BEBAN PROMOSI,Lumiera Garden,2025-06-13,BCA PT. ASA,UM EXPO Matos 29 Mei - 08 Juni 2025 (Andik),10.101.003 BCA (8162440909 an PT. Adhiland Sukses Abadi),550000,,333843000
66,60.101.006,— BEBAN PROMOSI,Lumiera Garden,2025-06-13,BCA PT. ASA,Reimburse Pak Dedy (Loding Out Expo Matos),10.101.003 BCA (8162440909 an PT. Adhiland Sukses Abadi),432000,,334275000
66,60.101.006,— BEBAN PROMOSI,Lumiera Garden,2025-07-11,Kas Kecil,Pelunasan EXPO MOG (25 Juni - 06 Juli 2025),10.101.001 KAS KECIL,65000000,,399275000
66,60.101.006,— BEBAN PROMOSI,Lumiera Garden,2025-07-11,Kas Kecil,UM EXPO MOG (25 Juni - 06 Juli 2025) - Ika,10.101.001 KAS KECIL,500000,,399775000
66,60.101.006,— BEBAN PROMOSI,Lumiera Garden,2025-07-11,Kas Kecil,UM EXPO MOG (25 Juni - 06 Juli 2025) - Nanda,10.101.001 KAS KECIL,450000,,400225000
66,60.101.006,— BEBAN PROMOSI,Lumiera Garden,2025-07-11,Kas Kecil,UM EXPO MOG (25 Juni - 06 Juli 2025) - Andik,10.101.001 KAS KECIL,600000,,400825000
66,60.101.006,— BEBAN PROMOSI,Lumiera Garden,2025-07-18,BCA PT. ASA,DP Open Table MOG (01 -31 Juli 2025),10.101.003 BCA (8162440909 an PT. Adhiland Sukses Abadi),10000000,,410825000
66,60.101.006,— BEBAN PROMOSI,Lumiera Garden,2025-08-01,BCA PT. ASA,Pelunasan Open Table MOG (01-31 Juli 2025),10.101.003 BCA (8162440909 an PT. Adhiland Sukses Abadi),28000000,,438825000
66,60.101.006,— BEBAN PROMOSI,Lumiera Garden,2025-08-22,BCA PT. ASA,Open Table MOG (01 - 31 Agustus 2025),10.101.003 BCA (8162440909 an PT. Adhiland Sukses Abadi),38000000,,476825000
66,60.101.006,— BEBAN PROMOSI,Lumiera Garden,2025-08-29,BCA PT. ASA,DP EXPO MOG (3 -12 September 2025),10.101.003 BCA (8162440909 an PT. Adhiland Sukses Abadi),90000000,,566825000
66,60.101.006,— BEBAN PROMOSI,Lumiera Garden,2025-09-12,BCA PT. ASA,Reimburse Pak Dedy (Konsumsi Loading EXPO MOG),10.101.003 BCA (8162440909 an PT. Adhiland Sukses Abadi),285000,,567110000
66,60.101.006,— BEBAN PROMOSI,Lumiera Garden,2025-09-19,Kas Kecil,Pelunasan EXPO MOG (03 Sept - 14 Sept 2025),10.101.001 KAS KECIL,90000000,,657110000
66,60.101.006,— BEBAN PROMOSI,Lumiera Garden,2025-09-19,BCA PT. ASA,Uang Makan EXPO MOG (3-14 Sept 2025) - Wira,10.101.003 BCA (8162440909 an PT. Adhiland Sukses Abadi),450000,,657560000
66,60.101.006,— BEBAN PROMOSI,Lumiera Garden,2025-09-19,BCA PT. ASA,Uang Makan EXPO MOG (3-14 Sept 2025) - Wiya,10.101.003 BCA (8162440909 an PT. Adhiland Sukses Abadi),450000,,658010000
66,60.101.006,— BEBAN PROMOSI,Lumiera Garden,2025-09-19,BCA PT. ASA,Uang Makan EXPO MOG (3-14 Sept 2025) - Adit,10.101.003 BCA (8162440909 an PT. Adhiland Sukses Abadi),450000,,658460000
66,60.101.006,— BEBAN PROMOSI,Lumiera Garden,2025-09-19,BCA PT. ASA,Uang Makan EXPO MOG (3-14 Sept 2025) - Silvia,10.101.003 BCA (8162440909 an PT. Adhiland Sukses Abadi),400000,,658860000
66,60.101.006,— BEBAN PROMOSI,Lumiera Garden,2025-09-19,BCA PT. ASA,Uang Makan EXPO MOG (3-14 Sept 2025) - Andik,10.101.003 BCA (8162440909 an PT. Adhiland Sukses Abadi),600000,,659460000
66,60.101.006,— BEBAN PROMOSI,Lumiera Garden,2025-09-19,BCA PT. ASA,Reimburse Pak Dedy (Konsumsi Louding Out MOG),10.101.003 BCA (8162440909 an PT. Adhiland Sukses Abadi),469000,,659929000
66,60.101.006,— BEBAN PROMOSI,Lumiera Garden,2025-10-03,BCA PT. ASA,Pelunasan Open Table MOG (01 - 30 Sept 2025),10.101.003 BCA (8162440909 an PT. Adhiland Sukses Abadi),28000000,,687929000
66,60.101.006,— BEBAN PROMOSI,Lumiera Garden,2025-10-10,BCA PT. ASA,Reimburse Adib (Pembayaran Open Table WW 04-05 Okt 2025),10.101.003 BCA (8162440909 an PT. Adhiland Sukses Abadi),400000,,688329000
66,60.101.006,— BEBAN PROMOSI,Lumiera Garden,2025-10-24,BCA PT. ASA,DP Open Table MOG (1-31 Oktober 2025),10.101.003 BCA (8162440909 an PT. Adhiland Sukses Abadi),10000000,,698329000
66,60.101.006,— BEBAN PROMOSI,Lumiera Garden,2025-11-07,Kas Kecil,Pelunasan Open Table MOG (1-31 Oktober 2025),10.101.001 KAS KECIL,28000000,,726329000
66,60.101.006,— BEBAN PROMOSI,Lumiera Garden,2025-11-14,BCA PT. ASA,DP Open Table MOG (1 - 30 Nov 2025),10.101.003 BCA (8162440909 an PT. Adhiland Sukses Abadi),10000000,,736329000
66,60.101.006,— BEBAN PROMOSI,Lumiera Garden,2025-12-05,BCA PT. ASA,Pelunasan Open Table MOG (1-30 November 2025),10.101.003 BCA (8162440909 an PT. Adhiland Sukses Abadi),28000000,,764329000
66,60.101.006,— BEBAN PROMOSI,Lumiera Garden,2025-12-05,BCA PT. ASA,DP Expo MOG (3-14 Desember 2025),10.101.003 BCA (8162440909 an PT. Adhiland Sukses Abadi),10000000,,774329000
66,60.101.006,— BEBAN PROMOSI,Lumiera Garden,2025-12-12,BCA PT. ASA,DP Open Table MOG (01-31 Desember 2025),10.101.003 BCA (8162440909 an PT. Adhiland Sukses Abadi),10000000,,784329000
66,60.101.006,— BEBAN PROMOSI,Lumiera Garden,2025-12-19,BCA PT. ASA,UM Expo MOG (3-14 Des 2025) - Ika,10.101.003 BCA (8162440909 an PT. Adhiland Sukses Abadi),450000,,784779000
66,60.101.006,— BEBAN PROMOSI,Lumiera Garden,2025-12-19,BCA PT. ASA,UM Expo MOG (3-14 Des 2025) - Nanda,10.101.003 BCA (8162440909 an PT. Adhiland Sukses Abadi),450000,,785229000
66,60.101.006,— BEBAN PROMOSI,Lumiera Garden,2025-12-19,BCA PT. ASA,UM Expo MOG (3-14 Des 2025) - Dinda,10.101.003 BCA (8162440909 an PT. Adhiland Sukses Abadi),400000,,785629000
66,60.101.006,— BEBAN PROMOSI,Lumiera Garden,2025-12-19,BCA PT. ASA,UM Expo MOG (3-14 Des 2025) - Adib,10.101.003 BCA (8162440909 an PT. Adhiland Sukses Abadi),400000,,786029000
66,60.101.006,— BEBAN PROMOSI,Subtotal / Saldo Akhir,,,,,0,0,786029000
67,60.101.999,— BEBAN PROMOSI LAIN-LAIN,Saldo Awal,,,,,,,0
67,60.101.999,— BEBAN PROMOSI LAIN-LAIN,Lumiera Garden,2025-08-01,BCA PT. ASA,UB MEDCOM (Program PKKMaba),10.101.003 BCA (8162440909 an PT. Adhiland Sukses Abadi),16000000,,16000000
67,60.101.999,— BEBAN PROMOSI LAIN-LAIN,Lumiera Garden,2025-09-19,Kas Kecil,Sewa Lensa Marcomm,10.101.001 KAS KECIL,120000,,16120000
67,60.101.999,— BEBAN PROMOSI LAIN-LAIN,Lumiera Garden,2025-10-29,BCA PT. ASA,Cashback Kavling C-04 (Free Sewa Kost Kavling RK-04 Kamar 1 / Nov 25 - Apr 26),10.101.003 BCA (8162440909 an PT. Adhiland Sukses Abadi),9000000,,25120000
67,60.101.999,— BEBAN PROMOSI LAIN-LAIN,Subtotal / Saldo Akhir,,,,,0,0,25120000
68,60.102.001,— GAJI KARYAWAN TETAP,Saldo Awal,,,,,,,0
68,60.102.001,— GAJI KARYAWAN TETAP,Lumiera Garden,2025-02-01,BCA PT. ASA,Pembayaran Gaji Karyawan (Januari),10.101.003 BCA (8162440909 an PT. Adhiland Sukses Abadi),57481276,,57481276
68,60.102.001,— GAJI KARYAWAN TETAP,Lumiera Garden,2025-03-01,BCA PT. ASA,Pembayaran Gaji Karyawan (Februari),10.101.003 BCA (8162440909 an PT. Adhiland Sukses Abadi),60219738,,117701014
68,60.102.001,— GAJI KARYAWAN TETAP,Lumiera Garden,2025-03-27,BCA PT. ASA,Gaji Karyawan bulan Maret 2025,10.101.003 BCA (8162440909 an PT. Adhiland Sukses Abadi),131285847,,248986861
68,60.102.001,— GAJI KARYAWAN TETAP,Lumiera Garden,2025-05-01,BCA PT. ASA,Gaji Karyawan bulan April 2025,10.101.003 BCA (8162440909 an PT. Adhiland Sukses Abadi),64778075,,313764936
68,60.102.001,— GAJI KARYAWAN TETAP,Lumiera Garden,2025-05-01,BCA PT. ASA,Gaji Karyawan bulan April 2025,10.101.003 BCA (8162440909 an PT. Adhiland Sukses Abadi),980769,,314745705
68,60.102.001,— GAJI KARYAWAN TETAP,Lumiera Garden,2025-05-01,,Potongan Kas Bon Karyawan bulan April (Security / Dela Herman),10.102.011 PIUTANG KARYAWAN,200000,,314945705
68,60.102.001,— GAJI KARYAWAN TETAP,Lumiera Garden,2025-05-01,,Potongan Kas Bon Karyawan bulan April (OB / Andik),10.102.011 PIUTANG KARYAWAN,500000,,315445705
68,60.102.001,— GAJI KARYAWAN TETAP,Lumiera Garden,2025-06-01,BCA PT. ASA,Gaji Karyawan bulan Mei 2025,10.101.003 BCA (8162440909 an PT. Adhiland Sukses Abadi),67249707,,382695412
68,60.102.001,— GAJI KARYAWAN TETAP,Lumiera Garden,2025-06-01,,Potongan Kas Bon Karyawan bulan Mei (Security / Dela Herman),10.102.011 PIUTANG KARYAWAN,200000,,382895412
68,60.102.001,— GAJI KARYAWAN TETAP,Lumiera Garden,2025-06-01,,Potongan Kas Bon Karyawan bulan Mei (Security / Dian Nuri),10.102.011 PIUTANG KARYAWAN,500000,,383395412
68,60.102.001,— GAJI KARYAWAN TETAP,Lumiera Garden,2025-06-01,,Potongan Kas Bon Karyawan bulan Mei (OB / Andik),10.102.011 PIUTANG KARYAWAN,500000,,383895412
68,60.102.001,— GAJI KARYAWAN TETAP,Lumiera Garden,2025-07-01,Kas Kecil,Gaji Karyawan bulan Juni 2025,10.101.001 KAS KECIL,35800000,,419695412
68,60.102.001,— GAJI KARYAWAN TETAP,Lumiera Garden,2025-07-01,BCA PT. ASA,Gaji Karyawan bulan Juni 2025,10.101.003 BCA (8162440909 an PT. Adhiland Sukses Abadi),30784323,,450479735
68,60.102.001,— GAJI KARYAWAN TETAP,Lumiera Garden,2025-07-01,BCA PT. ASA,Gaji bulan Juni 2025 - Andy Ilham,10.101.003 BCA (8162440909 an PT. Adhiland Sukses Abadi),1500000,,451979735
68,60.102.001,— GAJI KARYAWAN TETAP,Lumiera Garden,2025-07-01,BCA PT. ASA,Gaji bulan Juni 2025 - Novia Hiqmah,10.101.003 BCA (8162440909 an PT. Adhiland Sukses Abadi),692308,,452672043
68,60.102.001,— GAJI KARYAWAN TETAP,Lumiera Garden,2025-07-01,,Potongan Kas Bon Karyawan bulan Juni (Security / Dian Nuri),10.102.011 PIUTANG KARYAWAN,500000,,453172043
68,60.102.001,— GAJI KARYAWAN TETAP,Lumiera Garden,2025-07-01,,Potongan Kas Bon Karyawan bulan Juni (OB / Andik),10.102.011 PIUTANG KARYAWAN,500000,,453672043
68,60.102.001,— GAJI KARYAWAN TETAP,Lumiera Garden,2025-07-01,,Potongan Kas Bon Karyawan bulan Juni (Security / Dela Herman),10.102.011 PIUTANG KARYAWAN,500000,,454172043
68,60.102.001,— GAJI KARYAWAN TETAP,Lumiera Garden,2025-08-01,BCA PT. ASA,Gaji Karyawan bulan Juli 2025,10.101.003 BCA (8162440909 an PT. Adhiland Sukses Abadi),143387936,,597559979
68,60.102.001,— GAJI KARYAWAN TETAP,Lumiera Garden,2025-08-01,,Potongan Kas Bon Karyawan bulan Juli (OB / Andik),10.102.011 PIUTANG KARYAWAN,500000,,598059979
68,60.102.001,— GAJI KARYAWAN TETAP,Lumiera Garden,2025-08-01,,Potongan Kas Bon Karyawan bulan Juli (Security / Dian Nuri),10.102.011 PIUTANG KARYAWAN,500000,,598559979
68,60.102.001,— GAJI KARYAWAN TETAP,Lumiera Garden,2025-08-01,,Potongan Kas Bon Karyawan bulan Juli (Security / Dela Herman),10.102.011 PIUTANG KARYAWAN,500000,,599059979
68,60.102.001,— GAJI KARYAWAN TETAP,Lumiera Garden,2025-09-01,BCA PT. ASA,Gaji Karyawan bulan Agustus 2025,10.101.003 BCA (8162440909 an PT. Adhiland Sukses Abadi),144342683,,743402662
68,60.102.001,— GAJI KARYAWAN TETAP,Lumiera Garden,2025-09-01,,Potongan Kas Bon Karyawan bulan Agustus (OB / Andik),10.102.011 PIUTANG KARYAWAN,500000,,743902662
68,60.102.001,— GAJI KARYAWAN TETAP,Lumiera Garden,2025-09-01,,Potongan Kas Bon Karyawan bulan Agustus (Security / Dian Nuri),10.102.011 PIUTANG KARYAWAN,500000,,744402662
68,60.102.001,— GAJI KARYAWAN TETAP,Lumiera Garden,2025-09-01,,Potongan Kas Bon Karyawan bulan Agustus (Security / Dela Herman),10.102.011 PIUTANG KARYAWAN,500000,,744902662
68,60.102.001,— GAJI KARYAWAN TETAP,Lumiera Garden,2025-09-01,,Potongan Kas Bon Karyawan bulan Agustus (Security / Yusuf Efendi),10.102.011 PIUTANG KARYAWAN,200000,,745102662
68,60.102.001,— GAJI KARYAWAN TETAP,Lumiera Garden,2025-09-01,,Potongan Kas Bon Karyawan bulan Agustus (Marketing / Silvi),10.102.011 PIUTANG KARYAWAN,333333,,745435995
68,60.102.001,— GAJI KARYAWAN TETAP,Lumiera Garden,2025-09-01,,Potongan Kas Bon Karyawan bulan Agustus (Direksi / Dedy Nazarudin),10.102.011 PIUTANG KARYAWAN,500000,,745935995
68,60.102.001,— GAJI KARYAWAN TETAP,Lumiera Garden,2025-10-01,BCA PT. ASA,Gaji Karyawan bulan September 2025 (Payroll),10.101.003 BCA (8162440909 an PT. Adhiland Sukses Abadi),140428298,,886364293
68,60.102.001,— GAJI KARYAWAN TETAP,Lumiera Garden,2025-10-01,BCA PT. ASA,Gaji Karyawan bulan September 2025 (Non Payroll),10.101.003 BCA (8162440909 an PT. Adhiland Sukses Abadi),9694976,,896059269
68,60.102.001,— GAJI KARYAWAN TETAP,Lumiera Garden,2025-10-01,,Potongan Kas Bon Karyawan bulan September (OB / Andik),10.102.011 PIUTANG KARYAWAN,500000,,896559269
68,60.102.001,— GAJI KARYAWAN TETAP,Lumiera Garden,2025-10-01,,Potongan Kas Bon Karyawan bulan September (Security / Dian Nuri),10.102.011 PIUTANG KARYAWAN,500000,,897059269
68,60.102.001,— GAJI KARYAWAN TETAP,Lumiera Garden,2025-10-01,,Potongan Kas Bon Karyawan bulan September (Security / Dela Herman),10.102.011 PIUTANG KARYAWAN,500000,,897559269
68,60.102.001,— GAJI KARYAWAN TETAP,Lumiera Garden,2025-10-01,,Potongan Kas Bon Karyawan bulan September (Security / Yusuf Efendi),10.102.011 PIUTANG KARYAWAN,250000,,897809269
68,60.102.001,— GAJI KARYAWAN TETAP,Lumiera Garden,2025-10-01,,Potongan Kas Bon Karyawan bulan September (Marketing / Silvi),10.102.011 PIUTANG KARYAWAN,333333,,898142602
68,60.102.001,— GAJI KARYAWAN TETAP,Lumiera Garden,2025-10-01,,Potongan Kas Bon Karyawan bulan September (Direksi / Dedy Nazarudin),10.102.011 PIUTANG KARYAWAN,500000,,898642602
68,60.102.001,— GAJI KARYAWAN TETAP,Lumiera Garden,2025-10-01,,Potongan Kas Bon Karyawan bulan September (Umum / Sudjarno),10.102.011 PIUTANG KARYAWAN,300000,,898942602
68,60.102.001,— GAJI KARYAWAN TETAP,Lumiera Garden,2025-11-01,BCA PT. ASA,Gaji Karyawan bulan Oktober 2025 (Payroll),10.101.003 BCA (8162440909 an PT. Adhiland Sukses Abadi),126488819,,1025431421
68,60.102.001,— GAJI KARYAWAN TETAP,Lumiera Garden,2025-11-01,,Potongan Kas Bon Karyawan bulan Oktober (Security / Dian Nuri),10.102.011 PIUTANG KARYAWAN,500000,,1025931421
68,60.102.001,— GAJI KARYAWAN TETAP,Lumiera Garden,2025-11-01,,Potongan Kas Bon Karyawan bulan Oktober (Security / Yusuf Efendi),10.102.011 PIUTANG KARYAWAN,250000,,1026181421
68,60.102.001,— GAJI KARYAWAN TETAP,Lumiera Garden,2025-11-01,,Potongan Kas Bon Karyawan bulan Oktober (Security / Dela Herman),10.102.011 PIUTANG KARYAWAN,500000,,1026681421
68,60.102.001,— GAJI KARYAWAN TETAP,Lumiera Garden,2025-11-01,,Potongan Kas Bon Karyawan bulan Oktober (OB / Andik),10.102.011 PIUTANG KARYAWAN,500000,,1027181421
68,60.102.001,— GAJI KARYAWAN TETAP,Lumiera Garden,2025-11-01,,Potongan Kas Bon Karyawan bulan Oktober (Direksi / Dedy Nazarudin),10.102.011 PIUTANG KARYAWAN,500000,,1027681421
68,60.102.001,— GAJI KARYAWAN TETAP,Lumiera Garden,2025-11-01,,Potongan Kas Bon Karyawan bulan Oktober (Marketing / Silvi),10.102.011 PIUTANG KARYAWAN,333333,,1028014754
68,60.102.001,— GAJI KARYAWAN TETAP,Lumiera Garden,2025-11-01,,Potongan Kas Bon Karyawan bulan Oktober (Umum / Sudjarno),10.102.011 PIUTANG KARYAWAN,300000,,1028314754
68,60.102.001,— GAJI KARYAWAN TETAP,Lumiera Garden,2025-11-01,,Potongan Kas Bon Karyawan bulan Oktober (Security / Yossi),10.102.011 PIUTANG KARYAWAN,200000,,1028514754
68,60.102.001,— GAJI KARYAWAN TETAP,Lumiera Garden,2025-11-01,,Potongan Kas Bon Karyawan bulan Oktober (Security / Suliaji),10.102.011 PIUTANG KARYAWAN,300000,,1028814754
68,60.102.001,— GAJI KARYAWAN TETAP,Lumiera Garden,2025-12-01,BCA PT. ASA,Gaji Karyawan bulan November 2025 (Payroll),10.101.003 BCA (8162440909 an PT. Adhiland Sukses Abadi),126581234,,1155395988
68,60.102.001,— GAJI KARYAWAN TETAP,Lumiera Garden,2025-12-01,,Potongan Kas Bon Karyawan bulan November (Security / Dian Nuri),10.102.011 PIUTANG KARYAWAN,500000,,1155895988
68,60.102.001,— GAJI KARYAWAN TETAP,Lumiera Garden,2025-12-01,,Potongan Kas Bon Karyawan bulan November (Security / Yusuf Efendi),10.102.011 PIUTANG KARYAWAN,250000,,1156145988
68,60.102.001,— GAJI KARYAWAN TETAP,Lumiera Garden,2025-12-01,,Potongan Kas Bon Karyawan bulan November (Security / Dela Herman),10.102.011 PIUTANG KARYAWAN,500000,,1156645988
68,60.102.001,— GAJI KARYAWAN TETAP,Lumiera Garden,2025-12-01,,Potongan Kas Bon Karyawan bulan November (Direksi / Dedy Nazarudin),10.102.011 PIUTANG KARYAWAN,500000,,1157145988
68,60.102.001,— GAJI KARYAWAN TETAP,Lumiera Garden,2025-12-01,,Potongan Kas Bon Karyawan bulan November (Marketing / Silvi),10.102.011 PIUTANG KARYAWAN,333333,,1157479321
68,60.102.001,— GAJI KARYAWAN TETAP,Lumiera Garden,2025-12-01,,Potongan Kas Bon Karyawan bulan November (Umum / Sudjarno),10.102.011 PIUTANG KARYAWAN,300000,,1157779321
68,60.102.001,— GAJI KARYAWAN TETAP,Lumiera Garden,2025-12-01,,Potongan Kas Bon Karyawan bulan November (Security / Yossi),10.102.011 PIUTANG KARYAWAN,200000,,1157979321
68,60.102.001,— GAJI KARYAWAN TETAP,Lumiera Garden,2025-12-01,,Potongan Kas Bon Karyawan bulan November (Security / Suliaji),10.102.011 PIUTANG KARYAWAN,300000,,1158279321
68,60.102.001,— GAJI KARYAWAN TETAP,Lumiera Garden,2025-12-01,,Potongan Kas Bon Karyawan bulan November (Umum / Sukamto),10.102.011 PIUTANG KARYAWAN,200000,,1158479321
68,60.102.001,— GAJI KARYAWAN TETAP,Lumiera Garden,2025-12-01,,Potongan Kas Bon Karyawan bulan November (Marketing / Wira),10.102.011 PIUTANG KARYAWAN,1000000,,1159479321
68,60.102.001,— GAJI KARYAWAN TETAP,Subtotal / Saldo Akhir,,,,,0,0,1159479321
69,60.102.006,— THR,Saldo Awal,,,,,,,0
69,60.102.006,— THR,Lumiera Garden,2025-03-22,BCA PT. ASA,THR Lebaran 2025,10.101.003 BCA (8162440909 an PT. Adhiland Sukses Abadi),112867666,,112867666
69,60.102.006,— THR,Subtotal / Saldo Akhir,,,,,0,0,112867666
70,60.102.009,— TUNJANGAN PPh 21,Saldo Awal,,,,,,,0
70,60.102.009,— TUNJANGAN PPh 21,Lumiera Garden,2025-03-17,BCA PT. ASA,Budgeting Parcel Lebaran,10.101.003 BCA (8162440909 an PT. Adhiland Sukses Abadi),16000000,,16000000
70,60.102.009,— TUNJANGAN PPh 21,Subtotal / Saldo Akhir,,,,,0,0,16000000
71,60.102.010,— BIAYA LEGALITAS,Saldo Awal,,,,,,,0
71,60.102.010,— BIAYA LEGALITAS,Lumiera Garden,2024-11-22,,Pembayaran untuk Pembuatan Akta,10.101.001 KAS KECIL,4500000,,4500000
71,60.102.010,— BIAYA LEGALITAS,Subtotal / Saldo Akhir,,,,,0,0,4500000
72,60.102.999,— LAIN-LAIN,Saldo Awal,,,,,,,0
72,60.102.999,— LAIN-LAIN,Lumiera Garden,2025-07-30,Kas Kecil,Penganggti uang yang tidak genap dalam 1 bendel,10.101.001 KAS KECIL,100000,,100000
72,60.102.999,— LAIN-LAIN,Subtotal / Saldo Akhir,,,,,0,0,100000
73,60.103.001,— HONOR,Saldo Awal,,,,,,,0
73,60.103.001,— HONOR,Lumiera Garden,2024-12-12,,Pembayaran Upah Penjaga Alat - Pak Didik,10.101.001 KAS KECIL,1550000,,1550000
73,60.103.001,— HONOR,Lumiera Garden,2025-01-03,Kas Kecil,Pembayaran upah penjaga alat (11 Des s/d 31 Des 2024) - Pak Didik,10.101.001 KAS KECIL,1050000,,2600000
73,60.103.001,— HONOR,Lumiera Garden,2025-02-01,Kas Kecil,Upah Penjaga Alat / P.Didik (01-31 Januari 2025),10.101.001 KAS KECIL,1550000,,4150000
73,60.103.001,— HONOR,Lumiera Garden,2025-03-01,Kas Kecil,Upah Penjaga Alat / P.Didik (01-28 Februari 2025),10.101.001 KAS KECIL,1400000,,5550000
73,60.103.001,— HONOR,Lumiera Garden,2025-05-02,BCA PT. ASA,Upah Penjaga Alat /P.Didik (28-31 Maret 2025 dan 1-25 April 2025 total 29 hari),10.101.003 BCA (8162440909 an PT. Adhiland Sukses Abadi),1450000,,7000000
73,60.103.001,— HONOR,Lumiera Garden,2025-08-02,BCA PT. ASA,Upah Penjaga Alat / P.Didik (26 Juni - 31 Juli 2025),10.101.003 BCA (8162440909 an PT. Adhiland Sukses Abadi),1800000,,8800000
73,60.103.001,— HONOR,Lumiera Garden,2025-09-02,BCA PT. ASA,Upah Penjaga Alat / P. Didik (01 Agt s/d 31 Agt 2025),10.101.003 BCA (8162440909 an PT. Adhiland Sukses Abadi),1550000,,10350000
73,60.103.001,— HONOR,Lumiera Garden,2025-10-01,BCA PT. ASA,Upah Penjaga Alat / P. Didik (01 Sept s/d 30 Sept 2025),10.101.003 BCA (8162440909 an PT. Adhiland Sukses Abadi),1500000,,11850000
73,60.103.001,— HONOR,Lumiera Garden,2025-11-01,BCA PT. ASA,Upah Penjaga Alat / P. Didik (01 Okt s/d 28 Okt 2025),10.101.003 BCA (8162440909 an PT. Adhiland Sukses Abadi),1400000,,13250000
73,60.103.001,— HONOR,Subtotal / Saldo Akhir,,,,,0,0,13250000
74,60.104.001,— OPERASIONAL KANTOR,Saldo Awal,,,,,,,0
74,60.104.001,— OPERASIONAL KANTOR,Lumiera Garden,2024-11-22,,Reimburse Mas Galih Cetak RD Launching,10.101.001 KAS KECIL,15200,,15200
74,60.104.001,— OPERASIONAL KANTOR,Lumiera Garden,2024-12-02,,Reimburse Pak Adhi - Stempel PT. Lumiera Garden,10.101.001 KAS KECIL,270000,,285200
74,60.104.001,— OPERASIONAL KANTOR,Lumiera Garden,2024-12-19,,Reimburse Pak Roy - Top Up E-Toll,10.101.001 KAS KECIL,110000,,395200
74,60.104.001,— OPERASIONAL KANTOR,Lumiera Garden,2024-12-20,,Pembayaran Listrik & PDAM Lokasi,10.101.001 KAS KECIL,1000000,,1395200
74,60.104.001,— OPERASIONAL KANTOR,Lumiera Garden,2024-12-23,,Meeting Koordinasi Laporan Akhir Tahun,10.101.001 KAS KECIL,426100,,1821300
74,60.104.001,— OPERASIONAL KANTOR,Lumiera Garden,2024-12-23,,Akomodasi PPJB LK-09 Ke Surabaya (E-Toll),10.101.001 KAS KECIL,300000,,2121300
74,60.104.001,— OPERASIONAL KANTOR,Lumiera Garden,2024-12-23,,Pembelian Galon Cleo Refill + Ongkir,10.101.001 KAS KECIL,42000,,2163300
74,60.104.001,— OPERASIONAL KANTOR,Lumiera Garden,2024-12-28,,Akomodasi PPJB LK-09 Ke Surabaya (Bensin),10.101.001 KAS KECIL,200000,,2363300
74,60.104.001,— OPERASIONAL KANTOR,Lumiera Garden,2024-12-28,,Reimburse Maria (Zoom Licensi Bulanan),10.101.001 KAS KECIL,51500,,2414800
74,60.104.001,— OPERASIONAL KANTOR,Lumiera Garden,2025-01-03,Kas Kecil,Reimburse Bella Telle (Kekurangan II Sticker Marketing+Sticker Eazy Kost+Kisscut),10.101.001 KAS KECIL,35000,,2449800
74,60.104.001,— OPERASIONAL KANTOR,Lumiera Garden,2025-01-03,BCA PT. ASA,Reimburse Pak Rula (Lampu Tenda Marketing),10.101.003 BCA (8162440909 an PT. Adhiland Sukses Abadi),165000,,2614800
74,60.104.001,— OPERASIONAL KANTOR,Lumiera Garden,2025-01-03,BCA PT. ASA,Reimburse Mas Amin (Konsumsi & Marketing Tools),10.101.003 BCA (8162440909 an PT. Adhiland Sukses Abadi),152500,,2767300
74,60.104.001,— OPERASIONAL KANTOR,Lumiera Garden,2025-01-06,Kas Kecil,Pembelian Cleo Galon Refil (3pcs),10.101.001 KAS KECIL,52500,,2819800
74,60.104.001,— OPERASIONAL KANTOR,Lumiera Garden,2025-01-10,BCA PT. ASA,Reimburse Pak Sugeng Pembelian Le Mineral (BM Mart),10.101.003 BCA (8162440909 an PT. Adhiland Sukses Abadi),22000,,2841800
74,60.104.001,— OPERASIONAL KANTOR,Lumiera Garden,2025-01-10,BCA PT. ASA,Reimburse Pak Sugeng Pembelian Bensin Alkon,10.101.003 BCA (8162440909 an PT. Adhiland Sukses Abadi),125000,,2966800
74,60.104.001,— OPERASIONAL KANTOR,Lumiera Garden,2025-01-10,BCA PT. ASA,Reimburse Pak Sugeng Pembelian Alat Kebersihan (Sikat Sodok&Cikrak),10.101.003 BCA (8162440909 an PT. Adhiland Sukses Abadi),52000,,3018800
74,60.104.001,— OPERASIONAL KANTOR,Lumiera Garden,2025-01-14,Kas Kecil,"Pembelian Tinta Printer Canon G2000 (C,M,K)",10.101.001 KAS KECIL,199000,,3217800
74,60.104.001,— OPERASIONAL KANTOR,Lumiera Garden,2025-01-14,Kas Kecil,"Pembelian Teh, Minyak, Sabun, Kopi, dan Gunting Kecil",10.101.001 KAS KECIL,131400,,3349200
74,60.104.001,— OPERASIONAL KANTOR,Lumiera Garden,2025-01-17,BCA PT. ASA,Mousepadd (mila),10.101.003 BCA (8162440909 an PT. Adhiland Sukses Abadi),15000,,3364200
74,60.104.001,— OPERASIONAL KANTOR,Lumiera Garden,2025-01-17,BCA PT. ASA,Tatakan Laptop (Mila),10.101.003 BCA (8162440909 an PT. Adhiland Sukses Abadi),70000,,3434200
74,60.104.001,— OPERASIONAL KANTOR,Lumiera Garden,2025-01-20,Kas Kecil,Pembelian Cleo Galon Refil (3pcs),10.101.001 KAS KECIL,52500,,3486700
74,60.104.001,— OPERASIONAL KANTOR,Lumiera Garden,2025-01-20,Kas Kecil,Pembelian Kertas HVS A4 (maxi brite) & Map Business File,10.101.001 KAS KECIL,94000,,3580700
74,60.104.001,— OPERASIONAL KANTOR,Lumiera Garden,2025-01-21,BCA PT. ASA,DP Seragam Kemeja PDH (10 pcs) - Baboon T-Shirt Garment,10.101.003 BCA (8162440909 an PT. Adhiland Sukses Abadi),925000,,4505700
74,60.104.001,— OPERASIONAL KANTOR,Lumiera Garden,2025-01-24,BCA PT. ASA,Reimburse Pak Rula (Pembelian Pupuk),10.101.003 BCA (8162440909 an PT. Adhiland Sukses Abadi),102000,,4607700
74,60.104.001,— OPERASIONAL KANTOR,Lumiera Garden,2025-01-24,BCA PT. ASA,Reimburse Pak Dedy (Smartcase Ipad / 999AC),10.101.003 BCA (8162440909 an PT. Adhiland Sukses Abadi),250000,,4857700
74,60.104.001,— OPERASIONAL KANTOR,Lumiera Garden,2025-01-24,BCA PT. ASA,Pelunasan Seragam Kemeja PDH / 10 pcs - Baboon T-Shirt Garment,10.101.003 BCA (8162440909 an PT. Adhiland Sukses Abadi),925000,,5782700
74,60.104.001,— OPERASIONAL KANTOR,Lumiera Garden,2025-01-31,BCA PT. ASA,"Reimburse Pak Sugeng (Bensin Alkon 3,84 liter) - Pom Pokok Berkah",10.101.003 BCA (8162440909 an PT. Adhiland Sukses Abadi),50000,,5832700
74,60.104.001,— OPERASIONAL KANTOR,Lumiera Garden,2025-01-31,BCA PT. ASA,Reimburse Pak Sugeng (Pembelian 5 Sapu) - Toko Mayang Grand 1,10.101.003 BCA (8162440909 an PT. Adhiland Sukses Abadi),40000,,5872700
74,60.104.001,— OPERASIONAL KANTOR,Lumiera Garden,2025-01-31,BCA PT. ASA,"Reimburse Pak Sugeng (Pembelian Gergaji, Sarplas /lem pvs, Kikir, 2 Sok) - Toko Mayang Grand 1",10.101.003 BCA (8162440909 an PT. Adhiland Sukses Abadi),58000,,5930700
74,60.104.001,— OPERASIONAL KANTOR,Lumiera Garden,2025-01-31,BCA PT. ASA,Reimburse Maria (Print PPJB C-03),10.101.003 BCA (8162440909 an PT. Adhiland Sukses Abadi),5985,,5936685
74,60.104.001,— OPERASIONAL KANTOR,Lumiera Garden,2025-01-31,BCA PT. ASA,Reimburse Maria (Print PPJB C-11),10.101.003 BCA (8162440909 an PT. Adhiland Sukses Abadi),4655,,5941340
74,60.104.001,— OPERASIONAL KANTOR,Lumiera Garden,2025-02-03,Kas Kecil,"Pembelian ATK (Kertas HVS, Box File, Binder Clip, Penstand Ram Kotak)",10.101.001 KAS KECIL,151000,,6092340
74,60.104.001,— OPERASIONAL KANTOR,Lumiera Garden,2025-02-03,BCA PT. ASA,Parkir Bulanan Januari (Ruko Suhat) - Pak Raden,10.101.003 BCA (8162440909 an PT. Adhiland Sukses Abadi),350000,,6442340
74,60.104.001,— OPERASIONAL KANTOR,Lumiera Garden,2025-02-06,Kas Kecil,Krisbow Glove Latex,10.101.001 KAS KECIL,27500,,6469840
74,60.104.001,— OPERASIONAL KANTOR,Lumiera Garden,2025-02-07,Kas Kecil,Pembelian Cleo Galon Refil (3pcs),10.101.001 KAS KECIL,52500,,6522340
74,60.104.001,— OPERASIONAL KANTOR,Lumiera Garden,2025-02-07,BCA PT. ASA,"Reimburse Pak Sugeng (Pilox, Sikat Panjang, Bensin Alkon)",10.101.003 BCA (8162440909 an PT. Adhiland Sukses Abadi),306000,,6828340
74,60.104.001,— OPERASIONAL KANTOR,Lumiera Garden,2025-02-07,BCA PT. ASA,Reimburse Maria (Zoom Premium 1 Bulan),10.101.003 BCA (8162440909 an PT. Adhiland Sukses Abadi),47000,,6875340
74,60.104.001,— OPERASIONAL KANTOR,Lumiera Garden,2025-02-12,Kas Kecil,Pembelian Perlengkapan Tasyakuran Logo Adhiland Baru (Sendok & Mangkok Plastik),10.101.001 KAS KECIL,24000,,6899340
74,60.104.001,— OPERASIONAL KANTOR,Lumiera Garden,2025-02-14,Kas Kecil,Reimburse Pak Adhi (Pembelian Karpet Mobil Innova Zenix),10.101.001 KAS KECIL,268839,,7168179
74,60.104.001,— OPERASIONAL KANTOR,Lumiera Garden,2025-02-14,Kas Kecil,Reimburse Pak Adhi (Coating Mobil Zenix),10.101.001 KAS KECIL,6050000,,13218179
74,60.104.001,— OPERASIONAL KANTOR,Lumiera Garden,2025-02-14,BCA PT. ASA,Reimburse Pak Rula (Pembelian Parfum Mobil Zenix),10.101.003 BCA (8162440909 an PT. Adhiland Sukses Abadi),75080,,13293259
74,60.104.001,— OPERASIONAL KANTOR,Lumiera Garden,2025-02-21,Kas Kecil,Reimburse Pak Adhi (Stempel Flash Adhiland),10.101.001 KAS KECIL,135000,,13428259
74,60.104.001,— OPERASIONAL KANTOR,Lumiera Garden,2025-02-21,BCA PT. ASA,Reimburse Pak Sugeng (Bensin Alkon),10.101.003 BCA (8162440909 an PT. Adhiland Sukses Abadi),200000,,13628259
74,60.104.001,— OPERASIONAL KANTOR,Lumiera Garden,2025-02-21,BCA PT. ASA,Reimburse Pak Sugeng (Galon Le Mineral),10.101.003 BCA (8162440909 an PT. Adhiland Sukses Abadi),44000,,13672259
74,60.104.001,— OPERASIONAL KANTOR,Lumiera Garden,2025-02-21,BCA PT. ASA,Reimburse Pak Sugeng (Gembok),10.101.003 BCA (8162440909 an PT. Adhiland Sukses Abadi),28000,,13700259
74,60.104.001,— OPERASIONAL KANTOR,Lumiera Garden,2025-02-21,BCA PT. ASA,Reimburse Pak Sugeng (Pembelian 1kg Paku 3 & 1/4 Kg Paku 1),10.101.003 BCA (8162440909 an PT. Adhiland Sukses Abadi),25000,,13725259
74,60.104.001,— OPERASIONAL KANTOR,Lumiera Garden,2025-02-28,BCA PT. ASA,Reimburse Pak Adhi (Isi E-Toll Sidoarjo PP),10.101.003 BCA (8162440909 an PT. Adhiland Sukses Abadi),100000,,13825259
74,60.104.001,— OPERASIONAL KANTOR,Lumiera Garden,2025-03-01,Kas Kecil,Cetak Poster LG - Light Printing,10.101.001 KAS KECIL,18000,,13843259
74,60.104.001,— OPERASIONAL KANTOR,Lumiera Garden,2025-03-01,Kas Kecil,Pembelian Pengharum Ruangan Marcomm (Glade Fresh One EF70),10.101.001 KAS KECIL,26000,,13869259
74,60.104.001,— OPERASIONAL KANTOR,Lumiera Garden,2025-03-01,BCA PT. ASA,Pelunasan Seragam Kemeja & Polo - Baboon T-Shirt Garment,10.101.003 BCA (8162440909 an PT. Adhiland Sukses Abadi),6660000,,20529259
74,60.104.001,— OPERASIONAL KANTOR,Lumiera Garden,2025-03-07,BCA PT. ASA,Sound Advance M10BT - Marcomm,10.101.003 BCA (8162440909 an PT. Adhiland Sukses Abadi),298300,,20827559
74,60.104.001,— OPERASIONAL KANTOR,Lumiera Garden,2025-03-14,Kas Kecil,Reimburse Pak Adhi (Pembelian Router+Kabel LAN+RJ 45),10.101.001 KAS KECIL,845000,,21672559
74,60.104.001,— OPERASIONAL KANTOR,Lumiera Garden,2025-03-14,Kas Kecil,Reimburse Pak Adhi (Jasa Instalasi Router Lt.3),10.101.001 KAS KECIL,150000,,21822559
74,60.104.001,— OPERASIONAL KANTOR,Lumiera Garden,2025-03-14,BCA PT. ASA,Reimburse Pak Sugeng (Pembelian Bensin Alcon / 2 Nota),10.101.003 BCA (8162440909 an PT. Adhiland Sukses Abadi),100000,,21922559
74,60.104.001,— OPERASIONAL KANTOR,Lumiera Garden,2025-03-14,BCA PT. ASA,DP 50% Map Adhiland uk.33 x 46 (Terbuka),10.101.003 BCA (8162440909 an PT. Adhiland Sukses Abadi),2750000,,24672559
74,60.104.001,— OPERASIONAL KANTOR,Lumiera Garden,2025-03-20,,Get Contact Lumiera,10.101.004 SILANG KAS,21090,,24693649
74,60.104.001,— OPERASIONAL KANTOR,Lumiera Garden,2025-03-21,BCA PT. ASA,Pembelian Tempat Tisu Lt.3,10.101.003 BCA (8162440909 an PT. Adhiland Sukses Abadi),22701,,24716350
74,60.104.001,— OPERASIONAL KANTOR,Lumiera Garden,2025-03-21,BCA PT. ASA,Pembelian Tempat Sampah Lt.3,10.101.003 BCA (8162440909 an PT. Adhiland Sukses Abadi),47107,,24763457
74,60.104.001,— OPERASIONAL KANTOR,Lumiera Garden,2025-03-21,BCA PT. ASA,Pembelian Tempat Pensil Lt.3,10.101.003 BCA (8162440909 an PT. Adhiland Sukses Abadi),15332,,24778789
74,60.104.001,— OPERASIONAL KANTOR,Lumiera Garden,2025-03-21,BCA PT. ASA,Reimburse Yusril (Bensin Marcomm),10.101.003 BCA (8162440909 an PT. Adhiland Sukses Abadi),30000,,24808789
74,60.104.001,— OPERASIONAL KANTOR,Lumiera Garden,2025-03-21,,Pilox,10.101.004 SILANG KAS,35000,,24843789
74,60.104.001,— OPERASIONAL KANTOR,Lumiera Garden,2025-03-25,Kas Kecil,Pembelian Kabel Sambungan Printer ( USB Extension 3M V.2D),10.101.001 KAS KECIL,35000,,24878789
74,60.104.001,— OPERASIONAL KANTOR,Lumiera Garden,2025-03-26,Kas Kecil,Reimburse Pak Adhi (Stiker Sandblast Ruangan),10.101.001 KAS KECIL,500000,,25378789
74,60.104.001,— OPERASIONAL KANTOR,Lumiera Garden,2025-03-26,BCA PT. ASA,Reimburse Pak Sugeng (Pembelian Sapu Lidi untuk pembersihan jalan),10.101.003 BCA (8162440909 an PT. Adhiland Sukses Abadi),30000,,25408789
74,60.104.001,— OPERASIONAL KANTOR,Lumiera Garden,2025-03-26,BCA PT. ASA,Reimburse Pak Sugeng (Pembelian Le Mineral),10.101.003 BCA (8162440909 an PT. Adhiland Sukses Abadi),22000,,25430789
74,60.104.001,— OPERASIONAL KANTOR,Lumiera Garden,2025-03-26,BCA PT. ASA,"Budgeting Kue Lebaran (Kue, Mineral, Permen)",10.101.003 BCA (8162440909 an PT. Adhiland Sukses Abadi),1782000,,27212789
74,60.104.001,— OPERASIONAL KANTOR,Lumiera Garden,2025-03-27,BCA PT. ASA,Pembelian Stopkontak & Saklar (Kantor) - Warung Listrik Warlis,10.101.003 BCA (8162440909 an PT. Adhiland Sukses Abadi),80000,,27292789
74,60.104.001,— OPERASIONAL KANTOR,Lumiera Garden,2025-04-11,BCA PT. ASA,Pembelian Pompa Galon Lt.3,10.101.003 BCA (8162440909 an PT. Adhiland Sukses Abadi),39000,,27331789
74,60.104.001,— OPERASIONAL KANTOR,Lumiera Garden,2025-04-11,BCA PT. ASA,Pembelian Tatakan Galon Lt.3,10.101.003 BCA (8162440909 an PT. Adhiland Sukses Abadi),76600,,27408389
74,60.104.001,— OPERASIONAL KANTOR,Lumiera Garden,2025-04-11,BCA PT. ASA,Pembelian Tatakan Laptop Tellemarketing,10.101.003 BCA (8162440909 an PT. Adhiland Sukses Abadi),46900,,27455289
74,60.104.001,— OPERASIONAL KANTOR,Lumiera Garden,2025-04-11,BCA PT. ASA,Reimburse Amin (Kekurangan dana Kue Lebaran),10.101.003 BCA (8162440909 an PT. Adhiland Sukses Abadi),358700,,27813989
74,60.104.001,— OPERASIONAL KANTOR,Lumiera Garden,2025-04-11,,Pupuk 1L (Tani Mart - 16/04/25),10.101.004 SILANG KAS,128000,,27941989
74,60.104.001,— OPERASIONAL KANTOR,Lumiera Garden,2025-04-16,BCA PT. ASA,DP Seragam Kemeja PDH (Warna Biru) / 3 pcs - Baboon T-Shirt Garment,10.101.003 BCA (8162440909 an PT. Adhiland Sukses Abadi),300000,,28241989
74,60.104.001,— OPERASIONAL KANTOR,Lumiera Garden,2025-04-16,BCA PT. ASA,DP Seragam Kemeja PDH (Warna Kuning) / 3 pcs - Baboon T-Shirt Garment,10.101.003 BCA (8162440909 an PT. Adhiland Sukses Abadi),277500,,28519489
74,60.104.001,— OPERASIONAL KANTOR,Lumiera Garden,2025-04-16,BCA PT. ASA,DP Seragam Poloshirt (Warna Biru & Putih) / 2 pcs - Baboon T-Shirt Garment,10.101.003 BCA (8162440909 an PT. Adhiland Sukses Abadi),160000,,28679489
74,60.104.001,— OPERASIONAL KANTOR,Lumiera Garden,2025-04-17,Kas Kecil,Galon Aqua (Lokasi Sigura-Gura),10.101.001 KAS KECIL,22000,,28701489
74,60.104.001,— OPERASIONAL KANTOR,Lumiera Garden,2025-04-17,Kas Kecil,Kopi Sido Mulia 1B (500 gr / 6 plastik),10.101.001 KAS KECIL,360000,,29061489
74,60.104.001,— OPERASIONAL KANTOR,Lumiera Garden,2025-04-19,Kas Kecil,Parkir BCA Basrah,10.101.001 KAS KECIL,2000,,29063489
74,60.104.001,— OPERASIONAL KANTOR,Lumiera Garden,2025-04-24,Kas Kecil,Pembelian Gula 1kg & Galon 1 pcs,10.101.001 KAS KECIL,39000,,29102489
74,60.104.001,— OPERASIONAL KANTOR,Lumiera Garden,2025-04-24,Kas Kecil,Get Contact LG + Admin (Telle),10.101.001 KAS KECIL,22090,,29124579
74,60.104.001,— OPERASIONAL KANTOR,Lumiera Garden,2025-04-24,BCA PT. ASA,Pelunasan Seragam Kemeja PDH (Warna Biru) / 3 pcs - Baboon T-Shirt Garment,10.101.003 BCA (8162440909 an PT. Adhiland Sukses Abadi),300000,,29424579
74,60.104.001,— OPERASIONAL KANTOR,Lumiera Garden,2025-04-24,BCA PT. ASA,Pelunasan Seragam Kemeja PDH (Warna Kuning) / 3 pcs - Baboon T-Shirt Garment,10.101.003 BCA (8162440909 an PT. Adhiland Sukses Abadi),277500,,29702079
74,60.104.001,— OPERASIONAL KANTOR,Lumiera Garden,2025-04-24,BCA PT. ASA,Pelunasan Seragam Poloshirt (Warna Biru & Putih) / 2 pcs - Baboon T-Shirt Garment,10.101.003 BCA (8162440909 an PT. Adhiland Sukses Abadi),160000,,29862079
74,60.104.001,— OPERASIONAL KANTOR,Lumiera Garden,2025-04-25,BCA PT. ASA,"Reimburse Pak Sugeng (bensin alkon,oli alkon, kresek sampah, sapu, bendrat - 6 nota)",10.101.003 BCA (8162440909 an PT. Adhiland Sukses Abadi),230000,,30092079
74,60.104.001,— OPERASIONAL KANTOR,Lumiera Garden,2025-04-25,BCA PT. ASA,"Reimburse Pak Sugeng (inventaris batu asah inax, meteran 7,5 - 2 nota)",10.101.003 BCA (8162440909 an PT. Adhiland Sukses Abadi),64000,,30156079
74,60.104.001,— OPERASIONAL KANTOR,Lumiera Garden,2025-04-25,BCA PT. ASA,Reimburse Pak Dian (sparepart alkon & baliho - 2 nota),10.101.003 BCA (8162440909 an PT. Adhiland Sukses Abadi),208000,,30364079
74,60.104.001,— OPERASIONAL KANTOR,Lumiera Garden,2025-04-25,BCA PT. ASA,Reimburse Pak Rula (Upah perbaikan alkon),10.101.003 BCA (8162440909 an PT. Adhiland Sukses Abadi),150000,,30514079
74,60.104.001,— OPERASIONAL KANTOR,Lumiera Garden,2025-04-25,BCA PT. ASA,Pelunasan Map Adhiland uk.33 x 46 (Terbuka),10.101.003 BCA (8162440909 an PT. Adhiland Sukses Abadi),2750000,,33264079
74,60.104.001,— OPERASIONAL KANTOR,Lumiera Garden,2025-04-25,BCA PT. ASA,Reimburse Pak Roy (Ongkir - Pengiriman seragam dari baboon ke lokasi SG),10.101.003 BCA (8162440909 an PT. Adhiland Sukses Abadi),25000,,33289079
74,60.104.001,— OPERASIONAL KANTOR,Lumiera Garden,2025-04-25,BCA PT. ASA,Reimburse Bella (Gosend - Pengiriman seragam ke baboon),10.101.003 BCA (8162440909 an PT. Adhiland Sukses Abadi),19000,,33308079
74,60.104.001,— OPERASIONAL KANTOR,Lumiera Garden,2025-05-01,Kas Kecil,Reimburse Bella (Member Badminton Bulan Mei),10.101.001 KAS KECIL,610000,,33918079
74,60.104.001,— OPERASIONAL KANTOR,Lumiera Garden,2025-05-15,Kas Kecil,Tempered Glass Call Center,10.101.001 KAS KECIL,76750,,33994829
74,60.104.001,— OPERASIONAL KANTOR,Lumiera Garden,2025-05-27,Kas Kecil,Get Contact LG + Admin (Telle),10.101.001 KAS KECIL,21090,,34015919
74,60.104.001,— OPERASIONAL KANTOR,Lumiera Garden,2025-05-30,Kas Kecil,Pembelian Galon Isi Ulang di Lokasi Project Lumiera,10.101.001 KAS KECIL,20000,,34035919
74,60.104.001,— OPERASIONAL KANTOR,Lumiera Garden,2025-05-31,BCA PT. ASA,Reimburse Pak Sugeng (Pembelian bensin mesin potong rumput / 2 nota),10.101.003 BCA (8162440909 an PT. Adhiland Sukses Abadi),100000,,34135919
74,60.104.001,— OPERASIONAL KANTOR,Lumiera Garden,2025-05-31,BCA PT. ASA,Reimburse Pak Sugeng (Pembelian sapu lidi u/ kebersihan),10.101.003 BCA (8162440909 an PT. Adhiland Sukses Abadi),30000,,34165919
74,60.104.001,— OPERASIONAL KANTOR,Lumiera Garden,2025-06-12,Kas Kecil,No Kavling Lumiera / 3 pcs (uk.20x20 lb) - StarOne,10.101.001 KAS KECIL,9000,,34174919
74,60.104.001,— OPERASIONAL KANTOR,Lumiera Garden,2025-06-13,Kas Kecil,"Gula (JA, SG, LG) & Galon (SG,LG)",10.101.001 KAS KECIL,96000,,34270919
74,60.104.001,— OPERASIONAL KANTOR,Lumiera Garden,2025-06-20,BCA PT. ASA,Get Contact LG + Admin (Telle),10.101.003 BCA (8162440909 an PT. Adhiland Sukses Abadi),24090,,34295009
74,60.104.001,— OPERASIONAL KANTOR,Lumiera Garden,2025-06-26,Kas Kecil,Reimburse Pak Adhi (Mug+toples+sendok),10.101.001 KAS KECIL,67000,,34362009
74,60.104.001,— OPERASIONAL KANTOR,Lumiera Garden,2025-06-26,BCA PT. ASA,"Reimburse P. Sugeng ( Bensin, Gembok, dll / 4 Nota)",10.101.003 BCA (8162440909 an PT. Adhiland Sukses Abadi),190800,,34552809
74,60.104.001,— OPERASIONAL KANTOR,Lumiera Garden,2025-06-26,BCA PT. ASA,Reimburse P. Dian ( Kebutuhan Bensin Mesin Pemotong Rumput),10.101.003 BCA (8162440909 an PT. Adhiland Sukses Abadi),50000,,34602809
74,60.104.001,— OPERASIONAL KANTOR,Lumiera Garden,2025-07-03,Kas Kecil,Kopi Sido Mulia 1B (500 gr / 6 plastik),10.101.001 KAS KECIL,602000,,35204809
74,60.104.001,— OPERASIONAL KANTOR,Lumiera Garden,2025-07-03,Kas Kecil,Gula (3 pcs),10.101.001 KAS KECIL,52800,,35257609
74,60.104.001,— OPERASIONAL KANTOR,Lumiera Garden,2025-07-11,Kas Kecil,Reimburse Pak Rula (Transport & Snack Survey Pohon) - 4 Nota,10.101.001 KAS KECIL,426000,,35683609
74,60.104.001,— OPERASIONAL KANTOR,Lumiera Garden,2025-07-11,Kas Kecil,"Pembelian Kertas Samak Coklat, Isi Cuter, Lem Povinal",10.101.001 KAS KECIL,16000,,35699609
74,60.104.001,— OPERASIONAL KANTOR,Lumiera Garden,2025-07-11,BCA PT. ASA,Get Contact LG (Telle),10.101.003 BCA (8162440909 an PT. Adhiland Sukses Abadi),22090,,35721699
74,60.104.001,— OPERASIONAL KANTOR,Lumiera Garden,2025-07-16,Kas Kecil,Pegangan Pak Dian Teknik (Bensin Alkon & Material Pasang CCTV / 4 Nota),10.101.001 KAS KECIL,221000,,35942699
74,60.104.001,— OPERASIONAL KANTOR,Lumiera Garden,2025-07-17,Kas Kecil,Galon Aqua Air Mineral 19L (08/0725),10.101.001 KAS KECIL,42000,,35984699
74,60.104.001,— OPERASIONAL KANTOR,Lumiera Garden,2025-07-17,Kas Kecil,Pegangan Bella Telle (Beli Log Stabilizer),10.101.001 KAS KECIL,200000,,36184699
74,60.104.001,— OPERASIONAL KANTOR,Lumiera Garden,2025-07-17,Kas Kecil,Galon Aqua (17/07/25) & Gula - 2 nota,10.101.001 KAS KECIL,38000,,36222699
74,60.104.001,— OPERASIONAL KANTOR,Lumiera Garden,2025-07-18,Kas Kecil,HRIS GajiHub (Paket Elite 12 Bulan),10.101.001 KAS KECIL,3200000,,39422699
74,60.104.001,— OPERASIONAL KANTOR,Lumiera Garden,2025-07-18,BCA PT. ASA,Reimburse Pak Dian (Bensin Alkon & Roundap Taman - 2 nota),10.101.003 BCA (8162440909 an PT. Adhiland Sukses Abadi),230000,,39652699
74,60.104.001,— OPERASIONAL KANTOR,Lumiera Garden,2025-07-19,Kas Kecil,Reimburse Pak Roy (Cetak Bisnis Proposal / Print A4 BC FC + Jilid Spiral (2 paket),10.101.001 KAS KECIL,76000,,39728699
74,60.104.001,— OPERASIONAL KANTOR,Lumiera Garden,2025-07-25,BCA PT. ASA,"Reimburse Pak Dian (Pupuk Taman , Bensin Alkon / 2 Nota)",10.101.003 BCA (8162440909 an PT. Adhiland Sukses Abadi),200000,,39928699
74,60.104.001,— OPERASIONAL KANTOR,Lumiera Garden,2025-07-26,Kas Kecil,"Laminating (Peringatan dilarang parkir, dll)",10.101.001 KAS KECIL,21000,,39949699
74,60.104.001,— OPERASIONAL KANTOR,Lumiera Garden,2025-07-30,Kas Kecil,Cetak Companny Profil Adhiland,10.101.001 KAS KECIL,108200,,40057899
74,60.104.001,— OPERASIONAL KANTOR,Lumiera Garden,2025-07-30,Kas Kecil,"Pegangan Galih Marcomm (untuk cetak"")",10.101.001 KAS KECIL,60800,,40118699
74,60.104.001,— OPERASIONAL KANTOR,Lumiera Garden,2025-08-01,Kas Kecil,Karet Gelang (untuk bendel uang),10.101.001 KAS KECIL,3500,,40122199
74,60.104.001,— OPERASIONAL KANTOR,Lumiera Garden,2025-08-01,Kas Kecil,"Galon Refil (Cleo 3, Aqua 1)",10.101.001 KAS KECIL,71000,,40193199
74,60.104.001,— OPERASIONAL KANTOR,Lumiera Garden,2025-08-01,BCA PT. ASA,Reimburse Pak Dian (Bensin alkon untuk perawatan taman / 3 nota),10.101.003 BCA (8162440909 an PT. Adhiland Sukses Abadi),150000,,40343199
74,60.104.001,— OPERASIONAL KANTOR,Lumiera Garden,2025-08-02,Kas Kecil,"Pembelian Kopi 1,5kg (No.1) & 3,5kg (No.2)",10.101.001 KAS KECIL,503000,,40846199
74,60.104.001,— OPERASIONAL KANTOR,Lumiera Garden,2025-08-02,BCA PT. ASA,Parkir Ruko Suhat,10.101.003 BCA (8162440909 an PT. Adhiland Sukses Abadi),350000,,41196199
74,60.104.001,— OPERASIONAL KANTOR,Lumiera Garden,2025-08-06,Kas Kecil,Pegangan Pak Sugeng (Beli Galon/ 3 nota),10.101.001 KAS KECIL,100000,,41296199
74,60.104.001,— OPERASIONAL KANTOR,Lumiera Garden,2025-08-06,Kas Kecil,Konsumsi Pak Yayok (2 Nota),10.101.001 KAS KECIL,66000,,41362199
74,60.104.001,— OPERASIONAL KANTOR,Lumiera Garden,2025-08-07,Kas Kecil,Elpigi & Ken/M Ring Seal Gas,10.101.001 KAS KECIL,26500,,41388699
74,60.104.001,— OPERASIONAL KANTOR,Lumiera Garden,2025-08-08,Kas Kecil,"Pegangan Pak Dian (Beli Bambu Umbul"")",10.101.001 KAS KECIL,80000,,41468699
74,60.104.001,— OPERASIONAL KANTOR,Lumiera Garden,2025-08-12,Kas Kecil,Pegangan Pak Dian (Bensin Alkon),10.101.001 KAS KECIL,100000,,41568699
74,60.104.001,— OPERASIONAL KANTOR,Lumiera Garden,2025-08-13,Kas Kecil,Pegangan Mas Andik (Surabaya),10.101.001 KAS KECIL,300000,,41868699
74,60.104.001,— OPERASIONAL KANTOR,Lumiera Garden,2025-08-15,BCA PT. ASA,Mousepad Tele & Videografer (Vanda & Hasan),10.101.003 BCA (8162440909 an PT. Adhiland Sukses Abadi),45426,,41914125
74,60.104.001,— OPERASIONAL KANTOR,Lumiera Garden,2025-08-15,BCA PT. ASA,Tatakan Laptop (Vanda),10.101.003 BCA (8162440909 an PT. Adhiland Sukses Abadi),56000,,41970125
74,60.104.001,— OPERASIONAL KANTOR,Lumiera Garden,2025-08-15,BCA PT. ASA,Reimburse Pak Dian (Bensin Alkon),10.101.003 BCA (8162440909 an PT. Adhiland Sukses Abadi),50000,,42020125
74,60.104.001,— OPERASIONAL KANTOR,Lumiera Garden,2025-08-15,BCA PT. ASA,Reimburse Pak Dian (Kotak Sekrup & Obeng),10.101.003 BCA (8162440909 an PT. Adhiland Sukses Abadi),45000,,42065125
74,60.104.001,— OPERASIONAL KANTOR,Lumiera Garden,2025-08-15,BCA PT. ASA,"Seragam Marketing (Kemeja Biru & Polo Biru Putih/ masing"" 6 pcs) - Baboon",10.101.003 BCA (8162440909 an PT. Adhiland Sukses Abadi),2220000,,44285125
74,60.104.001,— OPERASIONAL KANTOR,Lumiera Garden,2025-08-21,Kas Kecil,Buah tangan jenguk karyawan sakit,10.101.001 KAS KECIL,140000,,44425125
74,60.104.001,— OPERASIONAL KANTOR,Lumiera Garden,2025-08-21,,"Pinjaman Manajamen Kost (Cetak Tata Tertib & Nomor"" Penting)",10.102.013 PIUTANG MANAJEMEN KOST,,25800,44399325
74,60.104.001,— OPERASIONAL KANTOR,Lumiera Garden,2025-08-22,Kas Kecil,Reimburse Hasan (Perpanjangan Capcut),10.101.001 KAS KECIL,20000,,44419325
74,60.104.001,— OPERASIONAL KANTOR,Lumiera Garden,2025-08-22,Kas Kecil,Kontribusi Lingkungan & Sosial RW.04 Jatimulyo (Juli-Agustus 2025),10.101.001 KAS KECIL,100000,,44519325
74,60.104.001,— OPERASIONAL KANTOR,Lumiera Garden,2025-08-29,BCA PT. ASA,Reimburse Pak Dedy (Bensin Alkon),10.101.003 BCA (8162440909 an PT. Adhiland Sukses Abadi),100000,,44619325
74,60.104.001,— OPERASIONAL KANTOR,Lumiera Garden,2025-08-29,BCA PT. ASA,Reimburse Pak Wira (Konsumsi Akad LK-22),10.101.003 BCA (8162440909 an PT. Adhiland Sukses Abadi),146000,,44765325
74,60.104.001,— OPERASIONAL KANTOR,Lumiera Garden,2025-08-29,BCA PT. ASA,Get Contact LG (Telle),10.101.003 BCA (8162440909 an PT. Adhiland Sukses Abadi),22090,,44787415
74,60.104.001,— OPERASIONAL KANTOR,Lumiera Garden,2025-08-31,,Senter (Sinar Sakti - 09/08/25),10.101.004 SILANG KAS,115000,,44902415
74,60.104.001,— OPERASIONAL KANTOR,Lumiera Garden,2025-08-31,,Minuman Kerja Bakti (Gigantops - 16/08/25),10.101.004 SILANG KAS,70000,,44972415
74,60.104.001,— OPERASIONAL KANTOR,Lumiera Garden,2025-09-01,Kas Kecil,Elpigi 3 Kg (Dapur Kantor),10.101.001 KAS KECIL,23000,,44995415
74,60.104.001,— OPERASIONAL KANTOR,Lumiera Garden,2025-09-01,BCA PT. ASA,Biaya Pembuatan Token,10.101.003 BCA (8162440909 an PT. Adhiland Sukses Abadi),50000,,45045415
74,60.104.001,— OPERASIONAL KANTOR,Lumiera Garden,2025-09-01,,Pegangan Pak Roy (Cuci Mobil Zenix),10.101.004 SILANG KAS,35000,,45080415
74,60.104.001,— OPERASIONAL KANTOR,Lumiera Garden,2025-09-02,,"Minuman E+ 250ml, Kunir Asem, Tissue",10.101.004 SILANG KAS,1027000,,46107415
74,60.104.001,— OPERASIONAL KANTOR,Lumiera Garden,2025-09-02,,"Permen, dll - Expo",10.101.004 SILANG KAS,188600,,46296015
74,60.104.001,— OPERASIONAL KANTOR,Lumiera Garden,2025-09-03,Kas Kecil,Karet Gelang (untuk bendel uang) + Parkir,10.101.001 KAS KECIL,29000,,46325015
74,60.104.001,— OPERASIONAL KANTOR,Lumiera Garden,2025-09-04,Kas Kecil,Kopi Kapal Api (Kantor),10.101.001 KAS KECIL,52000,,46377015
74,60.104.001,— OPERASIONAL KANTOR,Lumiera Garden,2025-09-04,BCA PT. ASA,Reimburse Pak Rula (Bensin Alkon),10.101.003 BCA (8162440909 an PT. Adhiland Sukses Abadi),100000,,46477015
74,60.104.001,— OPERASIONAL KANTOR,Lumiera Garden,2025-09-04,BCA PT. ASA,Reimburse Pak Rula (Pupuk Urea),10.101.003 BCA (8162440909 an PT. Adhiland Sukses Abadi),232000,,46709015
74,60.104.001,— OPERASIONAL KANTOR,Lumiera Garden,2025-09-04,BCA PT. ASA,"Reimburse Pak Dian (Oli samping alkon, tongkat pramuka untuk take video / 2 nota)",10.101.003 BCA (8162440909 an PT. Adhiland Sukses Abadi),40000,,46749015
74,60.104.001,— OPERASIONAL KANTOR,Lumiera Garden,2025-09-04,BCA PT. ASA,Reimburse Bella (Pengharum Ruangan Marcomm & Telle),10.101.003 BCA (8162440909 an PT. Adhiland Sukses Abadi),87600,,46836615
74,60.104.001,— OPERASIONAL KANTOR,Lumiera Garden,2025-09-08,Kas Kecil,Pegangan Pak Dian (Bensin Alkon),10.101.001 KAS KECIL,50000,,46886615
74,60.104.001,— OPERASIONAL KANTOR,Lumiera Garden,2025-09-08,Kas Kecil,Kopi (No.2 & 3) + Gula,10.101.001 KAS KECIL,171000,,47057615
74,60.104.001,— OPERASIONAL KANTOR,Lumiera Garden,2025-09-12,BCA PT. ASA,Tambah Karyawan HRIS GajiHub (5),10.101.003 BCA (8162440909 an PT. Adhiland Sukses Abadi),654511,,47712126
74,60.104.001,— OPERASIONAL KANTOR,Lumiera Garden,2025-09-12,BCA PT. ASA,Reimburse Pak Sugeng (Round up & Galon / 3 nota),10.101.003 BCA (8162440909 an PT. Adhiland Sukses Abadi),174600,,47886726
74,60.104.001,— OPERASIONAL KANTOR,Lumiera Garden,2025-09-12,BCA PT. ASA,Reimburse Pak Sugeng (Kekurangan pengajuan tgl 6 Agt 2025),10.101.003 BCA (8162440909 an PT. Adhiland Sukses Abadi),28000,,47914726
74,60.104.001,— OPERASIONAL KANTOR,Lumiera Garden,2025-09-12,BCA PT. ASA,Reimburse Pak Dian (Sapu Lidi - 10 pcs / 1 nota),10.101.003 BCA (8162440909 an PT. Adhiland Sukses Abadi),50000,,47964726
74,60.104.001,— OPERASIONAL KANTOR,Lumiera Garden,2025-09-13,BCA PT. ASA,Budgeting Pak Dian (Bensin Alkon),10.101.003 BCA (8162440909 an PT. Adhiland Sukses Abadi),50000,,48014726
74,60.104.001,— OPERASIONAL KANTOR,Lumiera Garden,2025-09-22,Kas Kecil,Kekurangan Parkir EXPO MOG,10.101.001 KAS KECIL,2600,,48017326
74,60.104.001,— OPERASIONAL KANTOR,Lumiera Garden,2025-09-22,,Parkir EXPO MOG,10.101.004 SILANG KAS,174400,,48191726
74,60.104.001,— OPERASIONAL KANTOR,Lumiera Garden,2025-09-24,BCA PT. ASA,DP Seragam Kemeja (7 pcs) & Polo (7 pcs) - No. Inv. 3 24/BB/09/2025 - Baboon,10.101.003 BCA (8162440909 an PT. Adhiland Sukses Abadi),1330000,,49521726
74,60.104.001,— OPERASIONAL KANTOR,Lumiera Garden,2025-09-26,BCA PT. ASA,Get Contact LG (Telle),10.101.003 BCA (8162440909 an PT. Adhiland Sukses Abadi),22090,,49543816
74,60.104.001,— OPERASIONAL KANTOR,Lumiera Garden,2025-09-26,BCA PT. ASA,Reimburse Pak Adhi (Gembok Kecil Anti Air),10.101.003 BCA (8162440909 an PT. Adhiland Sukses Abadi),46900,,49590716
74,60.104.001,— OPERASIONAL KANTOR,Lumiera Garden,2025-09-26,BCA PT. ASA,Reimburse Pak Rula (Alat Potong Taman),10.101.003 BCA (8162440909 an PT. Adhiland Sukses Abadi),176000,,49766716
74,60.104.001,— OPERASIONAL KANTOR,Lumiera Garden,2025-09-26,BCA PT. ASA,Reimburse Pak Rula (Bensin mesin potong rumput & Alkon),10.101.003 BCA (8162440909 an PT. Adhiland Sukses Abadi),100000,,49866716
74,60.104.001,— OPERASIONAL KANTOR,Lumiera Garden,2025-09-27,Kas Kecil,Pegangan mas Andik (Cuci Mobil),10.101.001 KAS KECIL,50000,,49916716
74,60.104.001,— OPERASIONAL KANTOR,Lumiera Garden,2025-09-29,Kas Kecil,Tambal Tubles Mobil Zenix,10.101.001 KAS KECIL,15000,,49931716
74,60.104.001,— OPERASIONAL KANTOR,Lumiera Garden,2025-10-01,Kas Kecil,Handsoap,10.101.001 KAS KECIL,8900,,49940616
74,60.104.001,— OPERASIONAL KANTOR,Lumiera Garden,2025-10-04,Kas Kecil,Kopi 6kg (No.1&2) + Gula 3Kg + Parkir,10.101.001 KAS KECIL,220000,,50160616
74,60.104.001,— OPERASIONAL KANTOR,Lumiera Garden,2025-10-10,Kas Kecil,DP Umroh 13 hari (6 pack),10.101.001 KAS KECIL,27000000,,77160616
74,60.104.001,— OPERASIONAL KANTOR,Lumiera Garden,2025-10-10,BCA PT. ASA,Reimburse Pak Rula (Jas Hujan untuk orang harian / 3 pcs),10.101.003 BCA (8162440909 an PT. Adhiland Sukses Abadi),210000,,77370616
74,60.104.001,— OPERASIONAL KANTOR,Lumiera Garden,2025-10-11,BCA PT. ASA,Pelunasan Seragam Kemeja (7 pcs) & Polo (7 pcs) - No. Inv. 3 24/BB/09/2025 - Baboon,10.101.003 BCA (8162440909 an PT. Adhiland Sukses Abadi),1330000,,78700616
74,60.104.001,— OPERASIONAL KANTOR,Lumiera Garden,2025-10-15,Kas Kecil,Sewa Lapangan Badminton (21.00 s/d 22.00) & Sewa Raket (4 pcs / 3 jam),10.101.001 KAS KECIL,150000,,78850616
74,60.104.001,— OPERASIONAL KANTOR,Lumiera Garden,2025-10-17,Kas Kecil,Reimburse Pak Adhi (Alat Kebersihan Marketing Gallery / 2 Nota),10.101.001 KAS KECIL,370700,,79221316
74,60.104.001,— OPERASIONAL KANTOR,Lumiera Garden,2025-10-17,Kas Kecil,"Reimburse Pak Adhi (Ongkos Bersih"" Marketing Gallery)",10.101.001 KAS KECIL,100000,,79321316
74,60.104.001,— OPERASIONAL KANTOR,Lumiera Garden,2025-10-17,BCA PT. ASA,Reimburse Pak Rula (Obeng & Kunci T),10.101.003 BCA (8162440909 an PT. Adhiland Sukses Abadi),109500,,79430816
74,60.104.001,— OPERASIONAL KANTOR,Lumiera Garden,2025-10-17,BCA PT. ASA,Reimburse Bella (Langganan WPS Pro),10.101.003 BCA (8162440909 an PT. Adhiland Sukses Abadi),320790,,79751606
74,60.104.001,— OPERASIONAL KANTOR,Lumiera Garden,2025-10-17,,Pompa Ban (Kunjungan User - Jombang - Tim P. Verry),10.101.004 SILANG KAS,10000,,79761606
74,60.104.001,— OPERASIONAL KANTOR,Lumiera Garden,2025-10-23,Kas Kecil,Property Konten (Take Video di LG),10.101.001 KAS KECIL,107700,,79869306
74,60.104.001,— OPERASIONAL KANTOR,Lumiera Garden,2025-10-24,BCA PT. ASA,Get Contact LG (Telle),10.101.003 BCA (8162440909 an PT. Adhiland Sukses Abadi),22090,,79891396
74,60.104.001,— OPERASIONAL KANTOR,Lumiera Garden,2025-10-25,Kas Kecil,"Kopi JM Tulen (1,5 kg)",10.101.001 KAS KECIL,102000,,79993396
74,60.104.001,— OPERASIONAL KANTOR,Lumiera Garden,2025-10-25,Kas Kecil,Pembelian Pupuk Gramoxone 1 L,10.101.001 KAS KECIL,65000,,80058396
74,60.104.001,— OPERASIONAL KANTOR,Lumiera Garden,2025-10-25,Kas Kecil,Parkir BCA Basrah,10.101.001 KAS KECIL,2000,,80060396
74,60.104.001,— OPERASIONAL KANTOR,Lumiera Garden,2025-10-27,Kas Kecil,Property Konten (Take Video di LG),10.101.001 KAS KECIL,25000,,80085396
74,60.104.001,— OPERASIONAL KANTOR,Lumiera Garden,2025-10-29,Kas Kecil,Pegangan Mas Andik (Cuci Mobil),10.101.001 KAS KECIL,43000,,80128396
74,60.104.001,— OPERASIONAL KANTOR,Lumiera Garden,2025-10-30,Kas Kecil,Kontribusi Lingkungan & Sosial RW.04 Jatimulyo (September - Oktober 2025),10.101.001 KAS KECIL,100000,,80228396
74,60.104.001,— OPERASIONAL KANTOR,Lumiera Garden,2025-10-30,Kas Kecil,Print Desain Kawasan SG & LG,10.101.001 KAS KECIL,22800,,80251196
74,60.104.001,— OPERASIONAL KANTOR,Lumiera Garden,2025-10-30,Kas Kecil,"Galon Refil (Cleo 4, Aqua 1)",10.101.001 KAS KECIL,88500,,80339696
74,60.104.001,— OPERASIONAL KANTOR,Lumiera Garden,2025-10-31,Kas Kecil,Reimbusre Pak Adhi (Bensin pemotong rumput),10.101.001 KAS KECIL,50000,,80389696
74,60.104.001,— OPERASIONAL KANTOR,Lumiera Garden,2025-10-31,Kas Kecil,Reimburse Pak Adhi (Cuci Mobil),10.101.001 KAS KECIL,50000,,80439696
74,60.104.001,— OPERASIONAL KANTOR,Lumiera Garden,2025-10-31,BCA PT. ASA,Reimburse Pak Rula (Pupuk Taman Fasum),10.101.003 BCA (8162440909 an PT. Adhiland Sukses Abadi),450000,,80889696
74,60.104.001,— OPERASIONAL KANTOR,Lumiera Garden,2025-10-31,BCA PT. ASA,Reimburse Maria (Konsumsi PPJB LK-24 / SIdoarjo),10.101.003 BCA (8162440909 an PT. Adhiland Sukses Abadi),57600,,80947296
74,60.104.001,— OPERASIONAL KANTOR,Lumiera Garden,2025-10-31,BCA PT. ASA,Reimburse Pak Achmad (Konsumsi PPJB LK-24 / Sidoarjo),10.101.003 BCA (8162440909 an PT. Adhiland Sukses Abadi),334000,,81281296
74,60.104.001,— OPERASIONAL KANTOR,Lumiera Garden,2025-11-04,Kas Kecil,Galon Refil untuk proyek (4 Aqua) - 3 nota,10.101.001 KAS KECIL,82000,,81363296
74,60.104.001,— OPERASIONAL KANTOR,Lumiera Garden,2025-11-04,Kas Kecil,Pegangan Novia (Galon Aqua 2),10.101.001 KAS KECIL,42000,,81405296
74,60.104.001,— OPERASIONAL KANTOR,Lumiera Garden,2025-11-04,Kas Kecil,Pelunasan Umroh 13 hari (6 pack),10.101.001 KAS KECIL,199400000,,280805296
74,60.104.001,— OPERASIONAL KANTOR,Lumiera Garden,2025-11-06,Kas Kecil,Reimburse Pak Dedy (Member Badminton Bulan November),10.101.001 KAS KECIL,480000,,281285296
74,60.104.001,— OPERASIONAL KANTOR,Lumiera Garden,2025-11-06,Kas Kecil,LPJ 3kg (Kantor),10.101.001 KAS KECIL,22000,,281307296
74,60.104.001,— OPERASIONAL KANTOR,Lumiera Garden,2025-11-07,BCA PT. ASA,Reimburse Pak Rula (Bensin Mesin Potong Rumput),10.101.003 BCA (8162440909 an PT. Adhiland Sukses Abadi),50000,,281357296
74,60.104.001,— OPERASIONAL KANTOR,Lumiera Garden,2025-11-11,Kas Kecil,Cuci Mobil Pick Up (061125),10.101.001 KAS KECIL,38000,,281395296
74,60.104.001,— OPERASIONAL KANTOR,Lumiera Garden,2025-11-11,,Perlengkapan Gallery Marketing (14 nota),10.101.004 SILANG KAS,5129000,,286524296
74,60.104.001,— OPERASIONAL KANTOR,Lumiera Garden,2025-11-13,Kas Kecil,Reimburse Andik (Beli Refil Galon Project),10.101.001 KAS KECIL,21000,,286545296
74,60.104.001,— OPERASIONAL KANTOR,Lumiera Garden,2025-11-13,Kas Kecil,"Kebutuhan Kantor (Sabun Cuci Piring, Keset, Trashbag 80x100 / 3 nota)",10.101.001 KAS KECIL,107000,,286652296
74,60.104.001,— OPERASIONAL KANTOR,Lumiera Garden,2025-11-13,,Air Mineral Ternalplus 250ml (6 karton) + Parkir,10.101.004 SILANG KAS,1215000,,287867296
74,60.104.001,— OPERASIONAL KANTOR,Lumiera Garden,2025-11-14,Kas Kecil,Tipping Guide Umroh,10.101.001 KAS KECIL,4231080,,292098376
74,60.104.001,— OPERASIONAL KANTOR,Lumiera Garden,2025-11-14,BCA PT. ASA,Akomodasi Umroh Komisaris Utama,10.101.003 BCA (8162440909 an PT. Adhiland Sukses Abadi),10000000,,302098376
74,60.104.001,— OPERASIONAL KANTOR,Lumiera Garden,2025-11-14,BCA PT. ASA,Akomodasi Umroh Komisaris Independen,10.101.003 BCA (8162440909 an PT. Adhiland Sukses Abadi),10000000,,312098376
74,60.104.001,— OPERASIONAL KANTOR,Lumiera Garden,2025-11-14,BCA PT. ASA,Akomodasi Umroh Direktur Utama,10.101.003 BCA (8162440909 an PT. Adhiland Sukses Abadi),10000000,,322098376
74,60.104.001,— OPERASIONAL KANTOR,Lumiera Garden,2025-11-14,BCA PT. ASA,Akomodasi Umroh Direktur Operasional,10.101.003 BCA (8162440909 an PT. Adhiland Sukses Abadi),10000000,,332098376
74,60.104.001,— OPERASIONAL KANTOR,Lumiera Garden,2025-11-14,BCA PT. ASA,Akomodasi Umroh Direktur B&D,10.101.003 BCA (8162440909 an PT. Adhiland Sukses Abadi),10000000,,342098376
74,60.104.001,— OPERASIONAL KANTOR,Lumiera Garden,2025-11-14,BCA PT. ASA,Akomodasi Umroh Direktur Teknik,10.101.003 BCA (8162440909 an PT. Adhiland Sukses Abadi),10000000,,352098376
74,60.104.001,— OPERASIONAL KANTOR,Lumiera Garden,2025-11-14,BCA PT. ASA,Kekurangan Belanja Kebutuhan Galeri Marketing,10.101.003 BCA (8162440909 an PT. Adhiland Sukses Abadi),720040,,352818416
74,60.104.001,— OPERASIONAL KANTOR,Lumiera Garden,2025-11-17,Kas Kecil,"Galon Refil (Cleo 4, Aqua 1)",10.101.001 KAS KECIL,89000,,352907416
74,60.104.001,— OPERASIONAL KANTOR,Lumiera Garden,2025-11-19,Kas Kecil,Kopi JM Tulen (All 5 kg),10.101.001 KAS KECIL,120000,,353027416
74,60.104.001,— OPERASIONAL KANTOR,Lumiera Garden,2025-11-20,,Cuci Mobil Zenix - Akomodasi Bondowoso,10.101.004 SILANG KAS,45000,,353072416
74,60.104.001,— OPERASIONAL KANTOR,Lumiera Garden,2025-11-20,,Nitrogen Zenix - Akomodasi Bondowoso,10.101.004 SILANG KAS,15000,,353087416
74,60.104.001,— OPERASIONAL KANTOR,Lumiera Garden,2025-11-20,,"Cuci Mobil - Akomodasi Juanda (Antar Bapak"" Direksi)",10.101.004 SILANG KAS,35000,,353122416
74,60.104.001,— OPERASIONAL KANTOR,Lumiera Garden,2025-11-21,Kas Kecil,Reimburse Hasan (Konsumsi Take Konten LG / 2 nota),10.101.001 KAS KECIL,19200,,353141616
74,60.104.001,— OPERASIONAL KANTOR,Lumiera Garden,2025-11-21,BCA PT. ASA,Reimburse Pak Roy (Nota D' Garden Resto & Cafe / Perjalanan ke Bondowoso),10.101.003 BCA (8162440909 an PT. Adhiland Sukses Abadi),592000,,353733616
74,60.104.001,— OPERASIONAL KANTOR,Lumiera Garden,2025-11-25,Kas Kecil,Bensin Mesin Pemotong Rumput,10.101.001 KAS KECIL,50000,,353783616
74,60.104.001,— OPERASIONAL KANTOR,Lumiera Garden,2025-11-28,Kas Kecil,Reimburse Pak Adhi (Tiket Masuk Museum Topkapi Turki / 6 pack),10.101.001 KAS KECIL,8160000,,361943616
74,60.104.001,— OPERASIONAL KANTOR,Lumiera Garden,2025-11-28,BCA PT. ASA,Roundap & Gramoxone,10.101.003 BCA (8162440909 an PT. Adhiland Sukses Abadi),145000,,362088616
74,60.104.001,— OPERASIONAL KANTOR,Lumiera Garden,2025-11-28,BCA PT. ASA,"Peralatan Taman (pisau potong rumput, senarpotong rumput, bluck cutter, sekrop, pacul, arit)",10.101.003 BCA (8162440909 an PT. Adhiland Sukses Abadi),405000,,362493616
74,60.104.001,— OPERASIONAL KANTOR,Lumiera Garden,2025-11-28,BCA PT. ASA,Reimburse Handik (obat kolam ikan),10.101.003 BCA (8162440909 an PT. Adhiland Sukses Abadi),43000,,362536616
74,60.104.001,— OPERASIONAL KANTOR,Lumiera Garden,2025-11-28,BCA PT. ASA,Reimburse Pak Dedy (Tambal Pres + Bongkar Pasang - Mobil Zenix),10.101.003 BCA (8162440909 an PT. Adhiland Sukses Abadi),150000,,362686616
74,60.104.001,— OPERASIONAL KANTOR,Lumiera Garden,2025-11-29,Kas Kecil,Tali Rafia (Kebutuhan Expo),10.101.001 KAS KECIL,5500,,362692116
74,60.104.001,— OPERASIONAL KANTOR,Lumiera Garden,2025-11-29,Kas Kecil,LPJ 3Kg (Galeri Marketing),10.101.001 KAS KECIL,22000,,362714116
74,60.104.001,— OPERASIONAL KANTOR,Lumiera Garden,2025-12-01,Kas Kecil,Cetak Sticker All Marketing (untuk EXPO),10.101.001 KAS KECIL,315000,,363029116
74,60.104.001,— OPERASIONAL KANTOR,Lumiera Garden,2025-12-02,Kas Kecil,Kekurangan pembelian gula,10.101.001 KAS KECIL,10000,,363039116
74,60.104.001,— OPERASIONAL KANTOR,Lumiera Garden,2025-12-02,Kas Kecil,Konsumsi (Minuman Kopi),10.101.001 KAS KECIL,37200,,363076316
74,60.104.001,— OPERASIONAL KANTOR,Lumiera Garden,2025-12-02,,"MInuman E+ 250ml, Kunir Asem, Tissue, Permen",10.101.004 SILANG KAS,1297500,,364373816
74,60.104.001,— OPERASIONAL KANTOR,Lumiera Garden,2025-12-02,,Pengharum Mobil - Parfum Glate,10.101.004 SILANG KAS,100000,,364473816
74,60.104.001,— OPERASIONAL KANTOR,Lumiera Garden,2025-12-02,,Aqua Galon (2pcs) & Gula,10.101.004 SILANG KAS,50000,,364523816
74,60.104.001,— OPERASIONAL KANTOR,Lumiera Garden,2025-12-02,,Bensin Mesin Potong Rumput (Pegangan Pak Dian 26/11/25),10.101.004 SILANG KAS,50000,,364573816
74,60.104.001,— OPERASIONAL KANTOR,Lumiera Garden,2025-12-05,Kas Kecil,"Galon Refil (Cleo 4, Aqua 1)",10.101.001 KAS KECIL,92000,,364665816
74,60.104.001,— OPERASIONAL KANTOR,Lumiera Garden,2025-12-06,Kas Kecil,Bensin & Oli Mesin Potong Rumput (2 nota),10.101.001 KAS KECIL,80000,,364745816
74,60.104.001,— OPERASIONAL KANTOR,Lumiera Garden,2025-12-11,Kas Kecil,Pegangan Novia (Galon),10.101.001 KAS KECIL,50000,,364795816
74,60.104.001,— OPERASIONAL KANTOR,Lumiera Garden,2025-12-11,,Gula,10.101.004 SILANG KAS,17000,,364812816
74,60.104.001,— OPERASIONAL KANTOR,Lumiera Garden,2025-12-12,Kas Kecil,Reimburse Pak Adhi (Makan di Juanda),10.101.001 KAS KECIL,707000,,365519816
74,60.104.001,— OPERASIONAL KANTOR,Lumiera Garden,2025-12-12,Kas Kecil,Reimburse Pak Adhi (Kopi Turki Sofa cafe/3 nota),10.101.001 KAS KECIL,600600,,366120416
74,60.104.001,— OPERASIONAL KANTOR,Lumiera Garden,2025-12-12,Kas Kecil,Reimburse Pak Adhi (Makan Grand Bazar),10.101.001 KAS KECIL,1817725,,367938141
74,60.104.001,— OPERASIONAL KANTOR,Lumiera Garden,2025-12-12,Kas Kecil,Reimburse Pak Adhi (Makan Malam Al Rajbi/2 nota),10.101.001 KAS KECIL,818100,,368756241
74,60.104.001,— OPERASIONAL KANTOR,Lumiera Garden,2025-12-12,Kas Kecil,Reimburse Pak Adhi (Coffee Madinah),10.101.001 KAS KECIL,290880,,369047121
74,60.104.001,— OPERASIONAL KANTOR,Lumiera Garden,2025-12-12,Kas Kecil,Reimburse Pak Adhi (Jabarono Coffee),10.101.001 KAS KECIL,1090800,,370137921
74,60.104.001,— OPERASIONAL KANTOR,Lumiera Garden,2025-12-12,Kas Kecil,Reimburse Pak Adhi (Nasi Bebek Mekkah),10.101.001 KAS KECIL,386325,,370524246
74,60.104.001,— OPERASIONAL KANTOR,Lumiera Garden,2025-12-12,Kas Kecil,Reimburse Pak Adhi (Luckin Coffee),10.101.001 KAS KECIL,225843,,370750089
74,60.104.001,— OPERASIONAL KANTOR,Lumiera Garden,2025-12-13,Kas Kecil,Pengembalian dana Log Stabilizier (170725),10.101.001 KAS KECIL,,200000,370550089
74,60.104.001,— OPERASIONAL KANTOR,Lumiera Garden,2025-12-13,Kas Kecil,ATK - Kertas A4 (3 rim)+Kertas F4 (1 rim)+Binder Klip (2),10.101.001 KAS KECIL,170500,,370720589
74,60.104.001,— OPERASIONAL KANTOR,Lumiera Garden,2025-12-16,,Parkir EXPO MOG (18 Nota),10.101.004 SILANG KAS,211000,,370931589
74,60.104.001,— OPERASIONAL KANTOR,Lumiera Garden,2025-12-16,,Cuci Mobil Zenix (2 Nota),10.101.004 SILANG KAS,95000,,371026589
74,60.104.001,— OPERASIONAL KANTOR,Lumiera Garden,2025-12-16,,Kebutuhan Kamar Mandi Galeri & Galon (4 Nota),10.101.004 SILANG KAS,81500,,371108089
74,60.104.001,— OPERASIONAL KANTOR,Lumiera Garden,2025-12-19,BCA PT. ASA,Reimburse Pak Dian (Bensin alat pemotong),10.101.003 BCA (8162440909 an PT. Adhiland Sukses Abadi),50000,,371158089
74,60.104.001,— OPERASIONAL KANTOR,Lumiera Garden,2025-12-20,Kas Kecil,"Pembelian kebutuhan kantor (sabun cuci piring, gula, kuas - 3 nota)",10.101.001 KAS KECIL,44800,,371202889
74,60.104.001,— OPERASIONAL KANTOR,Lumiera Garden,2025-12-24,Kas Kecil,Tambahan pegangan Novia (Galon Aqua),10.101.001 KAS KECIL,13000,,371215889
74,60.104.001,— OPERASIONAL KANTOR,Lumiera Garden,2025-12-27,,"LPJ 3Kg, Pupuk, Superpell, Stella",10.101.004 SILANG KAS,178300,,371394189
74,60.104.001,— OPERASIONAL KANTOR,Lumiera Garden,2025-12-29,Kas Kecil,Parkir Bank Mandiri,10.101.001 KAS KECIL,3000,,371397189
74,60.104.001,— OPERASIONAL KANTOR,Subtotal / Saldo Akhir,,,,,0,0,371397189
75,60.104.002,— SUMBANGAN/REWARD,Saldo Awal,,,,,,,0
75,60.104.002,— SUMBANGAN/REWARD,Lumiera Garden,2025-03-18,Cash/Tunai,Santunan Anak Yatim / 20 anak (Acara APERSI),10.101.002 CASH/TUNAI,1000000,,1000000
75,60.104.002,— SUMBANGAN/REWARD,Lumiera Garden,2025-07-11,Kas Kecil,Reward Karyawan bulan Mei & Juni 2025,10.101.001 KAS KECIL,286000,,1286000
75,60.104.002,— SUMBANGAN/REWARD,Lumiera Garden,2025-07-12,Kas Kecil,Bantuan Dana Kegiatan Grebeg Suro Kec. Tlogomas,10.101.001 KAS KECIL,500000,,1786000
75,60.104.002,— SUMBANGAN/REWARD,Lumiera Garden,2025-09-01,BCA PT. ASA,Karangan Bunga (Almarhum ayah Pak Rendra),10.101.003 BCA (8162440909 an PT. Adhiland Sukses Abadi),3300000,,5086000
75,60.104.002,— SUMBANGAN/REWARD,Lumiera Garden,2025-09-26,BCA PT. ASA,Reimburse Pak Roy (Karangan Bunga / Ayah Adib),10.101.003 BCA (8162440909 an PT. Adhiland Sukses Abadi),500000,,5586000
75,60.104.002,— SUMBANGAN/REWARD,Lumiera Garden,2025-09-26,BCA PT. ASA,Reimburse Novi (Karangan Bunga / Ayah Adib),10.101.003 BCA (8162440909 an PT. Adhiland Sukses Abadi),50000,,5636000
75,60.104.002,— SUMBANGAN/REWARD,Lumiera Garden,2025-11-04,Kas Kecil,Reward Karyawan bulan Oktober 2025,10.101.001 KAS KECIL,146000,,5782000
75,60.104.002,— SUMBANGAN/REWARD,Lumiera Garden,2025-12-04,BCA PT. ASA,Bantuan Kemanusiaan Bencana Sumatera,10.101.003 BCA (8162440909 an PT. Adhiland Sukses Abadi),2000000,,7782000
75,60.104.002,— SUMBANGAN/REWARD,Lumiera Garden,2025-12-12,BCA PT. ASA,Papan Karangan bunga ucapan pernikahan,10.101.003 BCA (8162440909 an PT. Adhiland Sukses Abadi),500000,,8282000
75,60.104.002,— SUMBANGAN/REWARD,Lumiera Garden,2025-12-13,Kas Kecil,Pegangan Mas Andik (Belanja Reward Karyawan Terbaik November - Maria),10.101.001 KAS KECIL,167000,,8449000
75,60.104.002,— SUMBANGAN/REWARD,Subtotal / Saldo Akhir,,,,,0,0,8449000
76,60.104.003,— TOKEN PLN (ID 513111445351 A/N NANDAR SUKENDAR),Saldo Awal,,,,,,,0
76,60.104.003,— TOKEN PLN (ID 513111445351 A/N NANDAR SUKENDAR),Lumiera Garden,2025-01-10,BCA PT. ASA,Token Listrik Ruko Suhat (ID Pel : 513110771875),10.101.003 BCA (8162440909 an PT. Adhiland Sukses Abadi),1002500,,1002500
76,60.104.003,— TOKEN PLN (ID 513111445351 A/N NANDAR SUKENDAR),Lumiera Garden,2025-01-17,BCA PT. ASA,Listrik Kawasan (ID:513111484250),10.101.003 BCA (8162440909 an PT. Adhiland Sukses Abadi),203000,,1205500
76,60.104.003,— TOKEN PLN (ID 513111445351 A/N NANDAR SUKENDAR),Lumiera Garden,2025-01-25,BCA PT. ASA,Pembelian Token Listrik Kawasan,10.101.003 BCA (8162440909 an PT. Adhiland Sukses Abadi),502300,,1707800
76,60.104.003,— TOKEN PLN (ID 513111445351 A/N NANDAR SUKENDAR),Lumiera Garden,2025-02-10,Kas Kecil,Token Listrik Proyek (513111484250 an PJU Lumiera Joyo Agung),10.101.001 KAS KECIL,502750,,2210550
76,60.104.003,— TOKEN PLN (ID 513111445351 A/N NANDAR SUKENDAR),Lumiera Garden,2025-02-14,Kas Kecil,Token Listrik Ruko Suhat (ID Pel : 513110771875),10.101.001 KAS KECIL,1002500,,3213050
76,60.104.003,— TOKEN PLN (ID 513111445351 A/N NANDAR SUKENDAR),Lumiera Garden,2025-03-07,,Listrik Kawasan (24/02/25 - Pengembalian anggaran M. Kost JA),10.101.004 SILANG KAS,103000,,3316050
76,60.104.003,— TOKEN PLN (ID 513111445351 A/N NANDAR SUKENDAR),Lumiera Garden,2025-03-07,,Listrik Kawasan (12/03/25),10.101.004 SILANG KAS,503000,,3819050
76,60.104.003,— TOKEN PLN (ID 513111445351 A/N NANDAR SUKENDAR),Lumiera Garden,2025-03-14,BCA PT. ASA,Token Listrik Ruko Suhat (ID Pel : 513110771875 an Wisnu Novianto),10.101.003 BCA (8162440909 an PT. Adhiland Sukses Abadi),1002500,,4821550
76,60.104.003,— TOKEN PLN (ID 513111445351 A/N NANDAR SUKENDAR),Lumiera Garden,2025-03-21,,Listrik Kawasan (26 & 29 Mar 2025),10.101.004 SILANG KAS,1006000,,5827550
76,60.104.003,— TOKEN PLN (ID 513111445351 A/N NANDAR SUKENDAR),Lumiera Garden,2025-04-11,BCA PT. ASA,Pembelian Token Listrik Ruko Suhat (ID Pel : 513110771875 an Wisnu Novianto),10.101.003 BCA (8162440909 an PT. Adhiland Sukses Abadi),1003000,,6830550
76,60.104.003,— TOKEN PLN (ID 513111445351 A/N NANDAR SUKENDAR),Lumiera Garden,2025-04-11,,Listrik Kawasan (18/04/25),10.101.004 SILANG KAS,1003000,,7833550
76,60.104.003,— TOKEN PLN (ID 513111445351 A/N NANDAR SUKENDAR),Lumiera Garden,2025-04-25,,Listrik Kawasan (28/04/25),10.101.004 SILANG KAS,1003000,,8836550
76,60.104.003,— TOKEN PLN (ID 513111445351 A/N NANDAR SUKENDAR),Lumiera Garden,2025-05-08,BCA PT. ASA,Pembelian Token Listrik Ruko Suhat (ID Pel : 513110771875 an Wisnu Novianto),10.101.003 BCA (8162440909 an PT. Adhiland Sukses Abadi),1003000,,9839550
76,60.104.003,— TOKEN PLN (ID 513111445351 A/N NANDAR SUKENDAR),Lumiera Garden,2025-05-09,,Listrik Kawasan (13/05/25),10.101.004 SILANG KAS,1003000,,10842550
76,60.104.003,— TOKEN PLN (ID 513111445351 A/N NANDAR SUKENDAR),Lumiera Garden,2025-05-16,,Listrik Kawasan (17/05/25),10.101.004 SILANG KAS,1506000,,12348550
76,60.104.003,— TOKEN PLN (ID 513111445351 A/N NANDAR SUKENDAR),Lumiera Garden,2025-06-05,BCA PT. ASA,Pembelian Token Listrik Ruko Suhat (ID Pel : 513110771875 an Wisnu Novianto),10.101.003 BCA (8162440909 an PT. Adhiland Sukses Abadi),1003000,,13351550
76,60.104.003,— TOKEN PLN (ID 513111445351 A/N NANDAR SUKENDAR),Lumiera Garden,2025-06-07,,Listrik Kawasan (10/06/25),10.101.004 SILANG KAS,1003000,,14354550
76,60.104.003,— TOKEN PLN (ID 513111445351 A/N NANDAR SUKENDAR),Lumiera Garden,2025-06-20,,Listrik Kawasan (25/06/25),10.101.004 SILANG KAS,1003000,,15357550
76,60.104.003,— TOKEN PLN (ID 513111445351 A/N NANDAR SUKENDAR),Lumiera Garden,2025-07-04,Kas Kecil,Token Listrik Kawasan bulan Juli 2025 (ID : 513111484250 an PJU Lumiera Joyo Agung),10.101.001 KAS KECIL,2006000,,17363550
76,60.104.003,— TOKEN PLN (ID 513111445351 A/N NANDAR SUKENDAR),Lumiera Garden,2025-08-01,BCA PT. ASA,Token Listrik Kawasan,10.101.003 BCA (8162440909 an PT. Adhiland Sukses Abadi),1003000,,18366550
76,60.104.003,— TOKEN PLN (ID 513111445351 A/N NANDAR SUKENDAR),Lumiera Garden,2025-08-27,BCA PT. ASA,Token Listrik Kawasan (513111484250 / PJU Lumiera Joyo Agung),10.101.003 BCA (8162440909 an PT. Adhiland Sukses Abadi),1003000,,19369550
76,60.104.003,— TOKEN PLN (ID 513111445351 A/N NANDAR SUKENDAR),Lumiera Garden,2025-09-01,BCA PT. ASA,Pembelian Token Listrik Ruko Suhat (ID Pel : 513110771875 an Wisnu Novianto),10.101.003 BCA (8162440909 an PT. Adhiland Sukses Abadi),981871,,20351421
76,60.104.003,— TOKEN PLN (ID 513111445351 A/N NANDAR SUKENDAR),Lumiera Garden,2025-09-04,BCA PT. ASA,Token Listrik Kawasan (513111484250 / PJU Lumiera Joyo Agung),10.101.003 BCA (8162440909 an PT. Adhiland Sukses Abadi),2006000,,22357421
76,60.104.003,— TOKEN PLN (ID 513111445351 A/N NANDAR SUKENDAR),Lumiera Garden,2025-10-03,BCA PT. ASA,Token Listrik Kawasan (513111484250 / PJU Lumiera Joyo Agung),10.101.003 BCA (8162440909 an PT. Adhiland Sukses Abadi),2006000,,24363421
76,60.104.003,— TOKEN PLN (ID 513111445351 A/N NANDAR SUKENDAR),Lumiera Garden,2025-11-15,BCA PT. ASA,Token Listrik Kawasan (513111484250 / PJU Lumiera Joyo Agung),10.101.003 BCA (8162440909 an PT. Adhiland Sukses Abadi),2004301,,26367722
76,60.104.003,— TOKEN PLN (ID 513111445351 A/N NANDAR SUKENDAR),Lumiera Garden,2025-11-29,,Listrik Kawasan (31/10/25),10.101.004 SILANG KAS,2006000,,28373722
76,60.104.003,— TOKEN PLN (ID 513111445351 A/N NANDAR SUKENDAR),Lumiera Garden,2025-12-27,,Listrik Kawasan (2 & 14 Des 2025),10.101.004 SILANG KAS,4012000,,32385722
76,60.104.003,— TOKEN PLN (ID 513111445351 A/N NANDAR SUKENDAR),Lumiera Garden,2025-12-30,BCA PT. ASA,Token Listrik Kawasan (513111484250 / PJU Lumiera Joyo Agung),10.101.003 BCA (8162440909 an PT. Adhiland Sukses Abadi),1003000,,33388722
76,60.104.003,— TOKEN PLN (ID 513111445351 A/N NANDAR SUKENDAR),Subtotal / Saldo Akhir,,,,,0,0,33388722
77,60.104.004,— TAGIHAN PDAM (NO. SAL 198333),Saldo Awal,,,,,,,0
77,60.104.004,— TAGIHAN PDAM (NO. SAL 198333),Lumiera Garden,2024-12-28,,Reimburse Bella Telle (Sticker Marketing+Sticker Eazy Kost+Kisscut),10.101.001 KAS KECIL,109000,,109000
77,60.104.004,— TAGIHAN PDAM (NO. SAL 198333),Lumiera Garden,2025-01-10,BCA PT. ASA,Reimburse Pak Sugeng Pembayaran Air Kerja Lokasi,10.101.003 BCA (8162440909 an PT. Adhiland Sukses Abadi),200000,,309000
77,60.104.004,— TAGIHAN PDAM (NO. SAL 198333),Lumiera Garden,2025-02-11,Kas Kecil,Air Kerja,10.101.001 KAS KECIL,200000,,509000
77,60.104.004,— TAGIHAN PDAM (NO. SAL 198333),Lumiera Garden,2025-03-14,Kas Kecil,Air Kerja bulan Maret 2025,10.101.001 KAS KECIL,200000,,709000
77,60.104.004,— TAGIHAN PDAM (NO. SAL 198333),Lumiera Garden,2025-04-21,Kas Kecil,Air Kerja bulan April 2025,10.101.001 KAS KECIL,200000,,909000
77,60.104.004,— TAGIHAN PDAM (NO. SAL 198333),Lumiera Garden,2025-05-09,Kas Kecil,Air Kerja bulan April 2025,10.101.001 KAS KECIL,200000,,1109000
77,60.104.004,— TAGIHAN PDAM (NO. SAL 198333),Subtotal / Saldo Akhir,,,,,0,0,1109000
78,60.104.005,— TAGIHAN HALO CALL CENTER (08113500591),Saldo Awal,,,,,,,0
78,60.104.005,— TAGIHAN HALO CALL CENTER (08113500591),Lumiera Garden,2024-12-28,,Reimburse Bella Telle (Sim Card),10.101.001 KAS KECIL,111000,,111000
78,60.104.005,— TAGIHAN HALO CALL CENTER (08113500591),Lumiera Garden,2025-02-03,BCA PT. ASA,Tagihan Hallo Call Center (08113646900),10.101.003 BCA (8162440909 an PT. Adhiland Sukses Abadi),20903,,131903
78,60.104.005,— TAGIHAN HALO CALL CENTER (08113500591),Lumiera Garden,2025-03-01,Kas Kecil,Call Center Lumiera Garden,10.101.001 KAS KECIL,101000,,232903
78,60.104.005,— TAGIHAN HALO CALL CENTER (08113500591),Lumiera Garden,2025-03-14,BCA PT. ASA,Pembayaran Call Center (08113646900),10.101.003 BCA (8162440909 an PT. Adhiland Sukses Abadi),102800,,335703
78,60.104.005,— TAGIHAN HALO CALL CENTER (08113500591),Lumiera Garden,2025-04-11,BCA PT. ASA,Pembayaran Halo Call Center (08113646900),10.101.003 BCA (8162440909 an PT. Adhiland Sukses Abadi),202800,,538503
78,60.104.005,— TAGIHAN HALO CALL CENTER (08113500591),Lumiera Garden,2025-05-09,BCA PT. ASA,Pembayaran Halo Call Center (08113646900),10.101.003 BCA (8162440909 an PT. Adhiland Sukses Abadi),202800,,741303
78,60.104.005,— TAGIHAN HALO CALL CENTER (08113500591),Lumiera Garden,2025-06-07,BCA PT. ASA,Pembayaran Halo Call Center (08113646900),10.101.003 BCA (8162440909 an PT. Adhiland Sukses Abadi),202800,,944103
78,60.104.005,— TAGIHAN HALO CALL CENTER (08113500591),Lumiera Garden,2025-07-11,BCA PT. ASA,Pembayaran Halo Call Center (08113646900),10.101.003 BCA (8162440909 an PT. Adhiland Sukses Abadi),202800,,1146903
78,60.104.005,— TAGIHAN HALO CALL CENTER (08113500591),Lumiera Garden,2025-08-08,BCA PT. ASA,Pembayaran Halo Call Center Agustus (08113646900),10.101.003 BCA (8162440909 an PT. Adhiland Sukses Abadi),202800,,1349703
78,60.104.005,— TAGIHAN HALO CALL CENTER (08113500591),Lumiera Garden,2025-09-12,BCA PT. ASA,Pembayaran Halo Call Center September (08113646900),10.101.003 BCA (8162440909 an PT. Adhiland Sukses Abadi),202800,,1552503
78,60.104.005,— TAGIHAN HALO CALL CENTER (08113500591),Lumiera Garden,2025-10-10,BCA PT. ASA,Pembayaran Halo Call Center Oktober (08113646900),10.101.003 BCA (8162440909 an PT. Adhiland Sukses Abadi),202800,,1755303
78,60.104.005,— TAGIHAN HALO CALL CENTER (08113500591),Lumiera Garden,2025-11-14,BCA PT. ASA,Pembayaran Halo Call Center November (08113646900),10.101.003 BCA (8162440909 an PT. Adhiland Sukses Abadi),202800,,1958103
78,60.104.005,— TAGIHAN HALO CALL CENTER (08113500591),Lumiera Garden,2025-12-12,BCA PT. ASA,Pembayaran Halo Call Center Desember (08113646900),10.101.003 BCA (8162440909 an PT. Adhiland Sukses Abadi),202800,,2160903
78,60.104.005,— TAGIHAN HALO CALL CENTER (08113500591),Subtotal / Saldo Akhir,,,,,0,0,2160903
79,60.104.006,— TAGIHAN WIFI (INDIHOME 152703261313),Saldo Awal,,,,,,,0
79,60.104.006,— TAGIHAN WIFI (INDIHOME 152703261313),Lumiera Garden,2025-02-28,BCA PT. ASA,Pemasangan Wifi Biznet 200 Mbps,10.101.003 BCA (8162440909 an PT. Adhiland Sukses Abadi),971250,,971250
79,60.104.006,— TAGIHAN WIFI (INDIHOME 152703261313),Lumiera Garden,2025-03-27,BCA PT. ASA,Wifi Project bulan Maret (Biznet Home),10.101.003 BCA (8162440909 an PT. Adhiland Sukses Abadi),416250,,1387500
79,60.104.006,— TAGIHAN WIFI (INDIHOME 152703261313),Lumiera Garden,2025-04-11,BCA PT. ASA,Wifi Project bulan April (Biznet Home),10.101.003 BCA (8162440909 an PT. Adhiland Sukses Abadi),416250,,1803750
79,60.104.006,— TAGIHAN WIFI (INDIHOME 152703261313),Lumiera Garden,2025-05-09,BCA PT. ASA,Wifi Project bulan Mei (Biznet Home),10.101.003 BCA (8162440909 an PT. Adhiland Sukses Abadi),416250,,2220000
79,60.104.006,— TAGIHAN WIFI (INDIHOME 152703261313),Lumiera Garden,2025-06-07,BCA PT. ASA,Wifi Project bulan Juni (Biznet Home),10.101.003 BCA (8162440909 an PT. Adhiland Sukses Abadi),416250,,2636250
79,60.104.006,— TAGIHAN WIFI (INDIHOME 152703261313),Lumiera Garden,2025-07-11,BCA PT. ASA,Wifi Project bulan Juli (01000557664),10.101.003 BCA (8162440909 an PT. Adhiland Sukses Abadi),416250,,3052500
79,60.104.006,— TAGIHAN WIFI (INDIHOME 152703261313),Lumiera Garden,2025-07-11,BCA PT. ASA,Wifi Kantor Ruko Suhat bulan Juli (01000274460),10.101.003 BCA (8162440909 an PT. Adhiland Sukses Abadi),416250,,3468750
79,60.104.006,— TAGIHAN WIFI (INDIHOME 152703261313),Lumiera Garden,2025-08-08,BCA PT. ASA,Wifi Project bulan Agustus (01000557664),10.101.003 BCA (8162440909 an PT. Adhiland Sukses Abadi),416250,,3885000
79,60.104.006,— TAGIHAN WIFI (INDIHOME 152703261313),Lumiera Garden,2025-08-08,BCA PT. ASA,Wifi Kantor Ruko Suhat bulan Agustus (01000274460),10.101.003 BCA (8162440909 an PT. Adhiland Sukses Abadi),416250,,4301250
79,60.104.006,— TAGIHAN WIFI (INDIHOME 152703261313),Lumiera Garden,2025-09-12,BCA PT. ASA,Wifi Kantor Ruko Suhat bulan September (01000274460),10.101.003 BCA (8162440909 an PT. Adhiland Sukses Abadi),416250,,4717500
79,60.104.006,— TAGIHAN WIFI (INDIHOME 152703261313),Lumiera Garden,2025-09-12,BCA PT. ASA,Wifi Project bulan September (01000557664),10.101.003 BCA (8162440909 an PT. Adhiland Sukses Abadi),416250,,5133750
79,60.104.006,— TAGIHAN WIFI (INDIHOME 152703261313),Lumiera Garden,2025-10-10,BCA PT. ASA,Wifi Kantor Ruko Suhat bulan Oktober (01000274460),10.101.003 BCA (8162440909 an PT. Adhiland Sukses Abadi),416250,,5550000
79,60.104.006,— TAGIHAN WIFI (INDIHOME 152703261313),Lumiera Garden,2025-10-10,BCA PT. ASA,Wifi Project bulan Oktober (01000557664),10.101.003 BCA (8162440909 an PT. Adhiland Sukses Abadi),416250,,5966250
79,60.104.006,— TAGIHAN WIFI (INDIHOME 152703261313),Lumiera Garden,2025-11-14,BCA PT. ASA,Wifi Kantor Ruko Suhat bulan November (01000274460),10.101.003 BCA (8162440909 an PT. Adhiland Sukses Abadi),416250,,6382500
79,60.104.006,— TAGIHAN WIFI (INDIHOME 152703261313),Lumiera Garden,2025-11-14,BCA PT. ASA,Wifi Project bulan November (01000557664),10.101.003 BCA (8162440909 an PT. Adhiland Sukses Abadi),416250,,6798750
79,60.104.006,— TAGIHAN WIFI (INDIHOME 152703261313),Lumiera Garden,2025-12-12,BCA PT. ASA,Wifi Kantor Ruko Suhat bulan Desember (01000274460),10.101.003 BCA (8162440909 an PT. Adhiland Sukses Abadi),416250,,7215000
79,60.104.006,— TAGIHAN WIFI (INDIHOME 152703261313),Lumiera Garden,2025-12-12,BCA PT. ASA,Wifi Project bulan Desember (01000557664),10.101.003 BCA (8162440909 an PT. Adhiland Sukses Abadi),416250,,7631250
79,60.104.006,— TAGIHAN WIFI (INDIHOME 152703261313),Subtotal / Saldo Akhir,,,,,0,0,7631250
80,60.104.007,— BENSIN OPERASIONAL,Saldo Awal,,,,,,,0
80,60.104.007,— BENSIN OPERASIONAL,Lumiera Garden,2024-11-08,,Bensin Operasional,10.101.001 KAS KECIL,200000,,200000
80,60.104.007,— BENSIN OPERASIONAL,Lumiera Garden,2024-11-22,,Reimburse Pak Rula Bensin,10.101.001 KAS KECIL,200000,,400000
80,60.104.007,— BENSIN OPERASIONAL,Lumiera Garden,2024-12-19,,Reimburse Pak Roy - Bensin Avanza,10.101.001 KAS KECIL,300000,,700000
80,60.104.007,— BENSIN OPERASIONAL,Lumiera Garden,2024-12-20,,Reimburse Pak Rula - Bensin Avansa,10.101.001 KAS KECIL,200000,,900000
80,60.104.007,— BENSIN OPERASIONAL,Lumiera Garden,2025-01-03,BCA PT. ASA,Reimburse Mas Amin (Bensin Avanza),10.101.003 BCA (8162440909 an PT. Adhiland Sukses Abadi),200000,,1100000
80,60.104.007,— BENSIN OPERASIONAL,Lumiera Garden,2025-01-17,BCA PT. ASA,Reimburse Pak Rula (Bensin Operasional),10.101.003 BCA (8162440909 an PT. Adhiland Sukses Abadi),300000,,1400000
80,60.104.007,— BENSIN OPERASIONAL,Lumiera Garden,2025-01-17,BCA PT. ASA,Reimburse Pak Dedy (Bensin Operational),10.101.003 BCA (8162440909 an PT. Adhiland Sukses Abadi),200000,,1600000
80,60.104.007,— BENSIN OPERASIONAL,Lumiera Garden,2025-01-31,Kas Kecil,Reimburse Pak Adhiwena (Bensin Innova),10.101.001 KAS KECIL,300000,,1900000
80,60.104.007,— BENSIN OPERASIONAL,Lumiera Garden,2025-01-31,BCA PT. ASA,Reimburse Pak Roy (Bensin Avanza),10.101.003 BCA (8162440909 an PT. Adhiland Sukses Abadi),300000,,2200000
80,60.104.007,— BENSIN OPERASIONAL,Lumiera Garden,2025-02-14,BCA PT. ASA,Reimburse Pak Roy (Pembelian Pertamax - Zenix / 7 Feb 2025),10.101.003 BCA (8162440909 an PT. Adhiland Sukses Abadi),500000,,2700000
80,60.104.007,— BENSIN OPERASIONAL,Lumiera Garden,2025-03-07,BCA PT. ASA,Reimburse Pak Roy (Bensin Pertamax Avanza / 010325),10.101.003 BCA (8162440909 an PT. Adhiland Sukses Abadi),300000,,3000000
80,60.104.007,— BENSIN OPERASIONAL,Lumiera Garden,2025-03-21,BCA PT. ASA,Reimburse Pak Roy (Pertamax Zenix),10.101.003 BCA (8162440909 an PT. Adhiland Sukses Abadi),300000,,3300000
80,60.104.007,— BENSIN OPERASIONAL,Lumiera Garden,2025-04-11,BCA PT. ASA,Reimburse Pak Rula (Pertamax Avanza - 260325),10.101.003 BCA (8162440909 an PT. Adhiland Sukses Abadi),200000,,3500000
80,60.104.007,— BENSIN OPERASIONAL,Lumiera Garden,2025-04-25,BCA PT. ASA,Reimburse Pak Roy (Pertalite Avanza / 230425),10.101.003 BCA (8162440909 an PT. Adhiland Sukses Abadi),300000,,3800000
80,60.104.007,— BENSIN OPERASIONAL,Lumiera Garden,2025-05-04,Kas Kecil,Penggangan Mas Andik (Bensin Zenix - EXPO),10.101.001 KAS KECIL,400000,,4200000
80,60.104.007,— BENSIN OPERASIONAL,Lumiera Garden,2025-05-07,Kas Kecil,Bensin Operasional (Innova Zenix),10.101.001 KAS KECIL,35000,,4235000
80,60.104.007,— BENSIN OPERASIONAL,Lumiera Garden,2025-05-07,BCA PT. ASA,Bensin Operasional (Innova Zenix),10.101.003 BCA (8162440909 an PT. Adhiland Sukses Abadi),300000,,4535000
80,60.104.007,— BENSIN OPERASIONAL,Lumiera Garden,2025-05-16,BCA PT. ASA,Reimburse Pak Yasin (Bensin untuk ke perizinan KKPR Lummiera),10.101.003 BCA (8162440909 an PT. Adhiland Sukses Abadi),20000,,4555000
80,60.104.007,— BENSIN OPERASIONAL,Lumiera Garden,2025-06-13,Kas Kecil,Reimburse Pak Adhi (Bensin Avanza),10.101.001 KAS KECIL,300000,,4855000
80,60.104.007,— BENSIN OPERASIONAL,Lumiera Garden,2025-06-20,Kas Kecil,Reimburse Pak Adhi (Bensin Avanza / Pertemuan POLDA JATIM),10.101.001 KAS KECIL,200000,,5055000
80,60.104.007,— BENSIN OPERASIONAL,Lumiera Garden,2025-07-04,BCA PT. ASA,Reimburse Pak Ahmad (Bensin Avanza),10.101.003 BCA (8162440909 an PT. Adhiland Sukses Abadi),100000,,5155000
80,60.104.007,— BENSIN OPERASIONAL,Lumiera Garden,2025-07-05,Kas Kecil,Bensin Avanza (Polda Jatim),10.101.001 KAS KECIL,150000,,5305000
80,60.104.007,— BENSIN OPERASIONAL,Lumiera Garden,2025-07-11,BCA PT. ASA,Reimburse Pak Dedy (Bensin Pick Up),10.101.003 BCA (8162440909 an PT. Adhiland Sukses Abadi),150000,,5455000
80,60.104.007,— BENSIN OPERASIONAL,Lumiera Garden,2025-07-25,Kas Kecil,Pegangan mas Andik (Bensin Zenix),10.101.001 KAS KECIL,300000,,5755000
80,60.104.007,— BENSIN OPERASIONAL,Lumiera Garden,2025-07-25,BCA PT. ASA,Reimburse Pak Dian (Bensin Pick Up),10.101.003 BCA (8162440909 an PT. Adhiland Sukses Abadi),100000,,5855000
80,60.104.007,— BENSIN OPERASIONAL,Lumiera Garden,2025-07-31,Kas Kecil,Pegangan Pak Dian (Bensin Pick Up),10.101.001 KAS KECIL,300000,,6155000
80,60.104.007,— BENSIN OPERASIONAL,Lumiera Garden,2025-08-01,BCA PT. ASA,Reimburse Pak Dian (Bensin mobil pick up / 2 nota),10.101.003 BCA (8162440909 an PT. Adhiland Sukses Abadi),200000,,6355000
80,60.104.007,— BENSIN OPERASIONAL,Lumiera Garden,2025-08-08,BCA PT. ASA,Reimburse Pak Dedy (Bensin Avanza / 060825),10.101.003 BCA (8162440909 an PT. Adhiland Sukses Abadi),200000,,6555000
80,60.104.007,— BENSIN OPERASIONAL,Lumiera Garden,2025-08-12,Kas Kecil,Pegangan Pak Dian (Bensin Pick Up),10.101.001 KAS KECIL,200000,,6755000
80,60.104.007,— BENSIN OPERASIONAL,Lumiera Garden,2025-08-15,BCA PT. ASA,Reimburse Pak Dian (Bensin Pick Up),10.101.003 BCA (8162440909 an PT. Adhiland Sukses Abadi),100000,,6855000
80,60.104.007,— BENSIN OPERASIONAL,Lumiera Garden,2025-08-25,BCA PT. ASA,Reimburse Pak Rula (Bensin Pick Up),10.101.003 BCA (8162440909 an PT. Adhiland Sukses Abadi),100000,,6955000
80,60.104.007,— BENSIN OPERASIONAL,Lumiera Garden,2025-08-25,BCA PT. ASA,Reimburse Adib (Bensin Zenix),10.101.003 BCA (8162440909 an PT. Adhiland Sukses Abadi),200000,,7155000
80,60.104.007,— BENSIN OPERASIONAL,Lumiera Garden,2025-08-29,BCA PT. ASA,Reimburse Pak Dedy (Bensin Pick Up),10.101.003 BCA (8162440909 an PT. Adhiland Sukses Abadi),100000,,7255000
80,60.104.007,— BENSIN OPERASIONAL,Lumiera Garden,2025-09-01,,Pegangan Pak Roy (Bensin Zenix),10.101.004 SILANG KAS,300000,,7555000
80,60.104.007,— BENSIN OPERASIONAL,Lumiera Garden,2025-09-04,BCA PT. ASA,Reimburse Handik (Bensin Pickup / 2 nota),10.101.003 BCA (8162440909 an PT. Adhiland Sukses Abadi),200000,,7755000
80,60.104.007,— BENSIN OPERASIONAL,Lumiera Garden,2025-09-08,Kas Kecil,Pegangan Pak Dian (Bensin Pick Up),10.101.001 KAS KECIL,250000,,8005000
80,60.104.007,— BENSIN OPERASIONAL,Lumiera Garden,2025-09-13,BCA PT. ASA,Budgeting Pak Dian (Bensin Pick Up),10.101.003 BCA (8162440909 an PT. Adhiland Sukses Abadi),250000,,8255000
80,60.104.007,— BENSIN OPERASIONAL,Lumiera Garden,2025-09-22,Kas Kecil,Pegangan Pak Dian (Bensin Pick Up),10.101.001 KAS KECIL,200000,,8455000
80,60.104.007,— BENSIN OPERASIONAL,Lumiera Garden,2025-09-26,BCA PT. ASA,Reimburse Pak Roy (Pertalite Avanza),10.101.003 BCA (8162440909 an PT. Adhiland Sukses Abadi),300000,,8755000
80,60.104.007,— BENSIN OPERASIONAL,Lumiera Garden,2025-09-27,Kas Kecil,Pegangan mas Andik (Bensin Zenix),10.101.001 KAS KECIL,250000,,9005000
80,60.104.007,— BENSIN OPERASIONAL,Lumiera Garden,2025-10-03,BCA PT. ASA,Reimburse Pak Achmad (Bensin Zenix - Kunjungan User),10.101.003 BCA (8162440909 an PT. Adhiland Sukses Abadi),150000,,9155000
80,60.104.007,— BENSIN OPERASIONAL,Lumiera Garden,2025-10-10,BCA PT. ASA,Reimburse Pak Dedy (Bensin Pick Up),10.101.003 BCA (8162440909 an PT. Adhiland Sukses Abadi),200000,,9355000
80,60.104.007,— BENSIN OPERASIONAL,Lumiera Garden,2025-10-16,Kas Kecil,Pengangan mas Andik - Pertamax Zenix (Kunjungan User - Pasuruan/Tim Amin),10.101.001 KAS KECIL,200000,,9555000
80,60.104.007,— BENSIN OPERASIONAL,Lumiera Garden,2025-10-17,,Bensin Pertamax (Kunjungan User - Jombang - Tim P. Verry),10.101.004 SILANG KAS,290000,,9845000
80,60.104.007,— BENSIN OPERASIONAL,Lumiera Garden,2025-10-24,Kas Kecil,Bensin Zenix (PPJB LK-24 / Sidoarjo),10.101.001 KAS KECIL,200000,,10045000
80,60.104.007,— BENSIN OPERASIONAL,Lumiera Garden,2025-10-29,Kas Kecil,Pegangan Mas Andik (Bensin Zenix),10.101.001 KAS KECIL,320000,,10365000
80,60.104.007,— BENSIN OPERASIONAL,Lumiera Garden,2025-10-31,BCA PT. ASA,Reimburse Pak Dedy (Bensin Pick Up / 2 nota),10.101.003 BCA (8162440909 an PT. Adhiland Sukses Abadi),400000,,10765000
80,60.104.007,— BENSIN OPERASIONAL,Lumiera Garden,2025-11-20,,Pertamax Zenix (2 Nota) - Akomodasi Bondowosao,10.101.004 SILANG KAS,540000,,11305000
80,60.104.007,— BENSIN OPERASIONAL,Lumiera Garden,2025-11-20,,"Pertamax Zenix - Akomodasi Juanda (Antar Bapak"" Direksi)",10.101.004 SILANG KAS,265000,,11570000
80,60.104.007,— BENSIN OPERASIONAL,Lumiera Garden,2025-11-20,,"Pertalite Avanza - Akomodasi Juanda (Antar Bapak"" Direksi)",10.101.004 SILANG KAS,300000,,11870000
80,60.104.007,— BENSIN OPERASIONAL,Lumiera Garden,2025-11-21,BCA PT. ASA,Reimburse Pak Verry (Bensin Pick Up),10.101.003 BCA (8162440909 an PT. Adhiland Sukses Abadi),200000,,12070000
80,60.104.007,— BENSIN OPERASIONAL,Lumiera Garden,2025-12-02,,Bensin Avanza (Untuk Keliling Belanja),10.101.004 SILANG KAS,100000,,12170000
80,60.104.007,— BENSIN OPERASIONAL,Lumiera Garden,2025-12-02,,"Pertamax Zenix - Akomodasi Juanda (Jemput Bapak"" Direksi)",10.101.004 SILANG KAS,300000,,12470000
80,60.104.007,— BENSIN OPERASIONAL,Lumiera Garden,2025-12-02,,"Pertamax Avanza - Akomodasi Juanda (Jemput Bapak"" Direksi)",10.101.004 SILANG KAS,300000,,12770000
80,60.104.007,— BENSIN OPERASIONAL,Lumiera Garden,2025-12-02,,Bensin Pick Up (Pegangan Pak Dian 26/11/25),10.101.004 SILANG KAS,150000,,12920000
80,60.104.007,— BENSIN OPERASIONAL,Lumiera Garden,2025-12-05,Kas Kecil,Bensin Pick Up (2 Nota),10.101.001 KAS KECIL,150000,,13070000
80,60.104.007,— BENSIN OPERASIONAL,Lumiera Garden,2025-12-05,,Bensin BP Zenix,10.101.004 SILANG KAS,500000,,13570000
80,60.104.007,— BENSIN OPERASIONAL,Lumiera Garden,2025-12-16,,Bensin Zenix,10.101.004 SILANG KAS,100000,,13670000
80,60.104.007,— BENSIN OPERASIONAL,Lumiera Garden,2025-12-16,,Pertamax Zenix (3 Nota),10.101.004 SILANG KAS,350000,,14020000
80,60.104.007,— BENSIN OPERASIONAL,Subtotal / Saldo Akhir,,,,,0,0,14020000
81,60.104.008,— MATERAI,Saldo Awal,,,,,,,0
81,60.104.008,— MATERAI,Lumiera Garden,2025-02-03,Kas Kecil,Pembelian Materai,10.101.001 KAS KECIL,500000,,500000
81,60.104.008,— MATERAI,Lumiera Garden,2025-06-16,Kas Kecil,Pembelian Materai,10.101.001 KAS KECIL,502000,,1002000
81,60.104.008,— MATERAI,Lumiera Garden,2025-09-01,Kas Kecil,Biaya Materai (Pengurusan Token),10.101.001 KAS KECIL,10000,,1012000
81,60.104.008,— MATERAI,Lumiera Garden,2025-09-26,BCA PT. ASA,Reimburse Wiya (Pembelian Materai u/ akad LK-23),10.101.003 BCA (8162440909 an PT. Adhiland Sukses Abadi),34500,,1046500
81,60.104.008,— MATERAI,Lumiera Garden,2025-12-05,Kas Kecil,Pembelian Materai,10.101.001 KAS KECIL,500000,,1546500
81,60.104.008,— MATERAI,Subtotal / Saldo Akhir,,,,,0,0,1546500
82,60.104.009,— PERANGKO/KIRIMAN SRT & DOK,Saldo Awal,,,,,,,0
82,60.104.009,— PERANGKO/KIRIMAN SRT & DOK,Lumiera Garden,2024-12-28,,Reimburse Maria (Pengiriman PPJB),10.101.001 KAS KECIL,20000,,20000
82,60.104.009,— PERANGKO/KIRIMAN SRT & DOK,Lumiera Garden,2025-01-09,Kas Kecil,Map Tali Airmail untuk kirim PPJB,10.101.001 KAS KECIL,4500,,24500
82,60.104.009,— PERANGKO/KIRIMAN SRT & DOK,Lumiera Garden,2025-01-09,Kas Kecil,Pengiriman berkas PPJB LK-02 an Etty Parawati,10.101.001 KAS KECIL,17000,,41500
82,60.104.009,— PERANGKO/KIRIMAN SRT & DOK,Lumiera Garden,2025-01-09,Kas Kecil,Pengiriman berkas PPJB LK-03 an Rachmadiana Sari,10.101.001 KAS KECIL,57500,,99000
82,60.104.009,— PERANGKO/KIRIMAN SRT & DOK,Lumiera Garden,2025-01-09,Kas Kecil,Pengiriman berkas PPJB LK-10 an Mochamad Yunus,10.101.001 KAS KECIL,20000,,119000
82,60.104.009,— PERANGKO/KIRIMAN SRT & DOK,Lumiera Garden,2025-01-09,Kas Kecil,Pengiriman berkas PPJB LK-12 an Fitria Agustina + Parkir Motor,10.101.001 KAS KECIL,19000,,138000
82,60.104.009,— PERANGKO/KIRIMAN SRT & DOK,Lumiera Garden,2025-01-31,BCA PT. ASA,Reimburse Maria (Gosend PPJB C-03 Ke Not),10.101.003 BCA (8162440909 an PT. Adhiland Sukses Abadi),23500,,161500
82,60.104.009,— PERANGKO/KIRIMAN SRT & DOK,Lumiera Garden,2025-01-31,BCA PT. ASA,Reimburse Maria (Gosend PPJB C-03 Ke Kantor),10.101.003 BCA (8162440909 an PT. Adhiland Sukses Abadi),22500,,184000
82,60.104.009,— PERANGKO/KIRIMAN SRT & DOK,Lumiera Garden,2025-02-06,Kas Kecil,Kirim Dokumen kavling LK-03,10.101.001 KAS KECIL,43000,,227000
82,60.104.009,— PERANGKO/KIRIMAN SRT & DOK,Lumiera Garden,2025-02-08,Kas Kecil,Pengiriman Surat LK-10 an Mochamad Yunus,10.101.001 KAS KECIL,20000,,247000
82,60.104.009,— PERANGKO/KIRIMAN SRT & DOK,Lumiera Garden,2025-02-12,Kas Kecil,Pengiriman Kwitansi LK-10 an Mochamad Yunus,10.101.001 KAS KECIL,20000,,267000
82,60.104.009,— PERANGKO/KIRIMAN SRT & DOK,Lumiera Garden,2025-06-04,Kas Kecil,Kirim Kwitansi LK-02 / Ibu Etty Parawati,10.101.001 KAS KECIL,19000,,286000
82,60.104.009,— PERANGKO/KIRIMAN SRT & DOK,Lumiera Garden,2025-07-16,Kas Kecil,Pengiriman Kwitansi LK-02 an Etty Parawati,10.101.001 KAS KECIL,17000,,303000
82,60.104.009,— PERANGKO/KIRIMAN SRT & DOK,Lumiera Garden,2025-10-27,Kas Kecil,Kirim berkas PPJB LK-17 an Muhammad Nassar + Parkir,10.101.001 KAS KECIL,74500,,377500
82,60.104.009,— PERANGKO/KIRIMAN SRT & DOK,Lumiera Garden,2025-10-27,Kas Kecil,Kirim berkas belanko pembukaan rekening baru escrow,10.101.001 KAS KECIL,17500,,395000
82,60.104.009,— PERANGKO/KIRIMAN SRT & DOK,Lumiera Garden,2025-11-07,Kas Kecil,Kirim Berkas PPJB LK-21 an E Wida Kusumawati,10.101.001 KAS KECIL,19000,,414000
82,60.104.009,— PERANGKO/KIRIMAN SRT & DOK,Lumiera Garden,2025-12-23,Kas Kecil,Kirim Kwitansi LK-23 an Ririn Yuni Astutik (ke Sidoarjo),10.101.001 KAS KECIL,11500,,425500
82,60.104.009,— PERANGKO/KIRIMAN SRT & DOK,Subtotal / Saldo Akhir,,,,,0,0,425500
83,60.104.010,— ADMINISTRASI BANK,Saldo Awal,,,,,,,0
83,60.104.010,— ADMINISTRASI BANK,Lumiera Garden,2024-10-30,,Biaya Admin,10.101.001 KAS KECIL,10000,,10000
83,60.104.010,— ADMINISTRASI BANK,Lumiera Garden,2024-11-11,,Biaya Admin,10.101.001 KAS KECIL,2500,,12500
83,60.104.010,— ADMINISTRASI BANK,Lumiera Garden,2024-11-22,,Biaya Admin,10.101.001 KAS KECIL,2500,,15000
83,60.104.010,— ADMINISTRASI BANK,Lumiera Garden,2024-11-22,,Biaya Admin,10.101.001 KAS KECIL,2500,,17500
83,60.104.010,— ADMINISTRASI BANK,Lumiera Garden,2024-12-12,BCA PT. ASA,Biaya Pembuatan Token,10.101.003 BCA (8162440909 an PT. Adhiland Sukses Abadi),25000,,42500
83,60.104.010,— ADMINISTRASI BANK,Lumiera Garden,2024-12-13,,Biaya Admin,10.101.001 KAS KECIL,2500,,45000
83,60.104.010,— ADMINISTRASI BANK,Lumiera Garden,2024-12-14,,Biaya Admin,10.101.001 KAS KECIL,2500,,47500
83,60.104.010,— ADMINISTRASI BANK,Lumiera Garden,2024-12-18,,Biaya Admin,10.101.001 KAS KECIL,2500,,50000
83,60.104.010,— ADMINISTRASI BANK,Lumiera Garden,2024-12-20,,Biaya admin,10.101.001 KAS KECIL,2500,,52500
83,60.104.010,— ADMINISTRASI BANK,Lumiera Garden,2024-12-20,,Biaya admin,10.101.001 KAS KECIL,2500,,55000
83,60.104.010,— ADMINISTRASI BANK,Lumiera Garden,2024-12-27,BCA PT. ASA,Biaya Admin,10.101.003 BCA (8162440909 an PT. Adhiland Sukses Abadi),2500,,57500
83,60.104.010,— ADMINISTRASI BANK,Lumiera Garden,2024-12-31,BCA PT. ASA,Biaya Admin,10.101.003 BCA (8162440909 an PT. Adhiland Sukses Abadi),2500,,60000
83,60.104.010,— ADMINISTRASI BANK,Lumiera Garden,2024-12-31,BCA PT. ASA,Biaya Admin (Bulanan),10.101.003 BCA (8162440909 an PT. Adhiland Sukses Abadi),30000,,90000
83,60.104.010,— ADMINISTRASI BANK,Lumiera Garden,2025-01-03,BCA PT. ASA,Biaya Admin,10.101.003 BCA (8162440909 an PT. Adhiland Sukses Abadi),2500,,92500
83,60.104.010,— ADMINISTRASI BANK,Lumiera Garden,2025-01-03,BCA PT. ASA,Biaya Admin,10.101.003 BCA (8162440909 an PT. Adhiland Sukses Abadi),2500,,95000
83,60.104.010,— ADMINISTRASI BANK,Lumiera Garden,2025-01-03,BCA PT. ASA,Biaya Admin,10.101.003 BCA (8162440909 an PT. Adhiland Sukses Abadi),2500,,97500
83,60.104.010,— ADMINISTRASI BANK,Lumiera Garden,2025-01-10,BCA PT. ASA,Admin Bank,10.101.003 BCA (8162440909 an PT. Adhiland Sukses Abadi),2500,,100000
83,60.104.010,— ADMINISTRASI BANK,Lumiera Garden,2025-01-10,BCA PT. ASA,Admin Bank,10.101.003 BCA (8162440909 an PT. Adhiland Sukses Abadi),2500,,102500
83,60.104.010,— ADMINISTRASI BANK,Lumiera Garden,2025-01-10,BCA PT. ASA,Admin Bank,10.101.003 BCA (8162440909 an PT. Adhiland Sukses Abadi),2500,,105000
83,60.104.010,— ADMINISTRASI BANK,Lumiera Garden,2025-01-17,BCA PT. ASA,Biaya Admin,10.101.003 BCA (8162440909 an PT. Adhiland Sukses Abadi),2500,,107500
83,60.104.010,— ADMINISTRASI BANK,Lumiera Garden,2025-01-17,BCA PT. ASA,Biaya Admin,10.101.003 BCA (8162440909 an PT. Adhiland Sukses Abadi),2500,,110000
83,60.104.010,— ADMINISTRASI BANK,Lumiera Garden,2025-01-24,BCA PT. ASA,Biaya Admin,10.101.003 BCA (8162440909 an PT. Adhiland Sukses Abadi),2500,,112500
83,60.104.010,— ADMINISTRASI BANK,Lumiera Garden,2025-01-30,BCA PT. ASA,Admin Bank,10.101.003 BCA (8162440909 an PT. Adhiland Sukses Abadi),2500,,115000
83,60.104.010,— ADMINISTRASI BANK,Lumiera Garden,2025-01-30,BCA PT. ASA,Admin Bank,10.101.003 BCA (8162440909 an PT. Adhiland Sukses Abadi),2500,,117500
83,60.104.010,— ADMINISTRASI BANK,Lumiera Garden,2025-01-30,BCA PT. ASA,Admin Bank,10.101.003 BCA (8162440909 an PT. Adhiland Sukses Abadi),2500,,120000
83,60.104.010,— ADMINISTRASI BANK,Lumiera Garden,2025-01-30,BCA PT. ASA,Admin Bank,10.101.003 BCA (8162440909 an PT. Adhiland Sukses Abadi),2500,,122500
83,60.104.010,— ADMINISTRASI BANK,Lumiera Garden,2025-01-31,Kas Kecil,Admin Bank,10.101.001 KAS KECIL,2900,,125400
83,60.104.010,— ADMINISTRASI BANK,Lumiera Garden,2025-01-31,Kas Kecil,Admin Bank,10.101.001 KAS KECIL,2900,,128300
83,60.104.010,— ADMINISTRASI BANK,Lumiera Garden,2025-01-31,BCA PT. ASA,Admin Bank,10.101.003 BCA (8162440909 an PT. Adhiland Sukses Abadi),2500,,130800
83,60.104.010,— ADMINISTRASI BANK,Lumiera Garden,2025-01-31,BCA PT. ASA,Admin Bank,10.101.003 BCA (8162440909 an PT. Adhiland Sukses Abadi),2500,,133300
83,60.104.010,— ADMINISTRASI BANK,Lumiera Garden,2025-01-31,BCA PT. ASA,Admin Bank (Potongan Bulanan),10.101.003 BCA (8162440909 an PT. Adhiland Sukses Abadi),30000,,163300
83,60.104.010,— ADMINISTRASI BANK,Lumiera Garden,2025-02-01,BCA PT. ASA,Admin Bank,10.101.003 BCA (8162440909 an PT. Adhiland Sukses Abadi),7500,,170800
83,60.104.010,— ADMINISTRASI BANK,Lumiera Garden,2025-02-07,BCA PT. ASA,Admin Bank,10.101.003 BCA (8162440909 an PT. Adhiland Sukses Abadi),2500,,173300
83,60.104.010,— ADMINISTRASI BANK,Lumiera Garden,2025-02-07,BCA PT. ASA,Admin Bank,10.101.003 BCA (8162440909 an PT. Adhiland Sukses Abadi),2500,,175800
83,60.104.010,— ADMINISTRASI BANK,Lumiera Garden,2025-02-07,BCA PT. ASA,Admin Bank,10.101.003 BCA (8162440909 an PT. Adhiland Sukses Abadi),2500,,178300
83,60.104.010,— ADMINISTRASI BANK,Lumiera Garden,2025-02-14,BCA PT. ASA,Admin Bank,10.101.003 BCA (8162440909 an PT. Adhiland Sukses Abadi),2500,,180800
83,60.104.010,— ADMINISTRASI BANK,Lumiera Garden,2025-02-21,BCA PT. ASA,Admin Bank,10.101.003 BCA (8162440909 an PT. Adhiland Sukses Abadi),2500,,183300
83,60.104.010,— ADMINISTRASI BANK,Lumiera Garden,2025-02-28,BCA PT. ASA,Biaya Admin (Potongan Bulanan),10.101.003 BCA (8162440909 an PT. Adhiland Sukses Abadi),30000,,213300
83,60.104.010,— ADMINISTRASI BANK,Lumiera Garden,2025-03-01,Kas Kecil,Admin Bank Setor Tunai (Pembayaran Termin Tanah - Inggrid Permata Lestari / 18 Feb 2025),10.101.001 KAS KECIL,8700,,222000
83,60.104.010,— ADMINISTRASI BANK,Lumiera Garden,2025-03-07,BCA PT. ASA,Admin Bank,10.101.003 BCA (8162440909 an PT. Adhiland Sukses Abadi),2500,,224500
83,60.104.010,— ADMINISTRASI BANK,Lumiera Garden,2025-03-14,BCA PT. ASA,Biaya Admin,10.101.003 BCA (8162440909 an PT. Adhiland Sukses Abadi),2500,,227000
83,60.104.010,— ADMINISTRASI BANK,Lumiera Garden,2025-03-21,BCA PT. ASA,Biaya Admin,10.101.003 BCA (8162440909 an PT. Adhiland Sukses Abadi),2500,,229500
83,60.104.010,— ADMINISTRASI BANK,Lumiera Garden,2025-03-21,BCA PT. ASA,Biaya Admin,10.101.003 BCA (8162440909 an PT. Adhiland Sukses Abadi),2500,,232000
83,60.104.010,— ADMINISTRASI BANK,Lumiera Garden,2025-03-26,BCA PT. ASA,Admin Bank,10.101.003 BCA (8162440909 an PT. Adhiland Sukses Abadi),2500,,234500
83,60.104.010,— ADMINISTRASI BANK,Lumiera Garden,2025-03-27,BCA PT. ASA,Admin Bank,10.101.003 BCA (8162440909 an PT. Adhiland Sukses Abadi),2500,,237000
83,60.104.010,— ADMINISTRASI BANK,Lumiera Garden,2025-03-27,BCA PT. ASA,Admin Bank,10.101.003 BCA (8162440909 an PT. Adhiland Sukses Abadi),2500,,239500
83,60.104.010,— ADMINISTRASI BANK,Lumiera Garden,2025-03-31,BCA PT. ASA,Admin Bank (Potongan Bulanan),10.101.003 BCA (8162440909 an PT. Adhiland Sukses Abadi),30000,,269500
83,60.104.010,— ADMINISTRASI BANK,Lumiera Garden,2025-04-10,BCA PT. ASA,Biaya Admin,10.101.003 BCA (8162440909 an PT. Adhiland Sukses Abadi),2500,,272000
83,60.104.010,— ADMINISTRASI BANK,Lumiera Garden,2025-04-15,BCA PT. ASA,Biaya Admin,10.101.003 BCA (8162440909 an PT. Adhiland Sukses Abadi),2500,,274500
83,60.104.010,— ADMINISTRASI BANK,Lumiera Garden,2025-04-25,BCA PT. ASA,Biaya Admin,10.101.003 BCA (8162440909 an PT. Adhiland Sukses Abadi),2500,,277000
83,60.104.010,— ADMINISTRASI BANK,Lumiera Garden,2025-04-29,Kas Kecil,Admin Bank Setor Tunai (Pembayaran Termin Tanah - Inggrid Permata Lestari),10.101.001 KAS KECIL,60000,,337000
83,60.104.010,— ADMINISTRASI BANK,Lumiera Garden,2025-04-30,BCA PT. ASA,Admin Bank (Potongan Bulanan),10.101.003 BCA (8162440909 an PT. Adhiland Sukses Abadi),30000,,367000
83,60.104.010,— ADMINISTRASI BANK,Lumiera Garden,2025-05-01,BCA PT. ASA,Biaya Admin,10.101.003 BCA (8162440909 an PT. Adhiland Sukses Abadi),2500,,369500
83,60.104.010,— ADMINISTRASI BANK,Lumiera Garden,2025-05-02,BCA PT. ASA,Biaya Admin,10.101.003 BCA (8162440909 an PT. Adhiland Sukses Abadi),2500,,372000
83,60.104.010,— ADMINISTRASI BANK,Lumiera Garden,2025-05-02,BCA PT. ASA,Biaya Admin,10.101.003 BCA (8162440909 an PT. Adhiland Sukses Abadi),2500,,374500
83,60.104.010,— ADMINISTRASI BANK,Lumiera Garden,2025-05-02,BCA PT. ASA,Biaya Admin,10.101.003 BCA (8162440909 an PT. Adhiland Sukses Abadi),2500,,377000
83,60.104.010,— ADMINISTRASI BANK,Lumiera Garden,2025-05-09,BCA PT. ASA,Biaya Admin,10.101.003 BCA (8162440909 an PT. Adhiland Sukses Abadi),2500,,379500
83,60.104.010,— ADMINISTRASI BANK,Lumiera Garden,2025-05-16,BCA PT. ASA,Biaya Admin,10.101.003 BCA (8162440909 an PT. Adhiland Sukses Abadi),2500,,382000
83,60.104.010,— ADMINISTRASI BANK,Lumiera Garden,2025-05-31,BCA PT. ASA,Biaya Admin,10.101.003 BCA (8162440909 an PT. Adhiland Sukses Abadi),2500,,384500
83,60.104.010,— ADMINISTRASI BANK,Lumiera Garden,2025-05-31,BCA PT. ASA,Biaya Admin,10.101.003 BCA (8162440909 an PT. Adhiland Sukses Abadi),2500,,387000
83,60.104.010,— ADMINISTRASI BANK,Lumiera Garden,2025-05-31,BCA PT. ASA,Admin Bank (Potongan Bulanan),10.101.003 BCA (8162440909 an PT. Adhiland Sukses Abadi),30000,,417000
83,60.104.010,— ADMINISTRASI BANK,Lumiera Garden,2025-06-01,BCA PT. ASA,Biaya Admin (TF beda bank),10.101.003 BCA (8162440909 an PT. Adhiland Sukses Abadi),5000,,422000
83,60.104.010,— ADMINISTRASI BANK,Lumiera Garden,2025-06-13,BCA PT. ASA,Biaya Admin,10.101.003 BCA (8162440909 an PT. Adhiland Sukses Abadi),2500,,424500
83,60.104.010,— ADMINISTRASI BANK,Lumiera Garden,2025-06-13,BCA PT. ASA,Biaya Admin,10.101.003 BCA (8162440909 an PT. Adhiland Sukses Abadi),2500,,427000
83,60.104.010,— ADMINISTRASI BANK,Lumiera Garden,2025-06-13,BCA PT. ASA,Biaya Admin,10.101.003 BCA (8162440909 an PT. Adhiland Sukses Abadi),2500,,429500
83,60.104.010,— ADMINISTRASI BANK,Lumiera Garden,2025-06-20,BCA PT. ASA,Biaya Admin,10.101.003 BCA (8162440909 an PT. Adhiland Sukses Abadi),2500,,432000
83,60.104.010,— ADMINISTRASI BANK,Lumiera Garden,2025-06-26,Kas Kecil,Biaya Admin,10.101.001 KAS KECIL,2500,,434500
83,60.104.010,— ADMINISTRASI BANK,Lumiera Garden,2025-06-30,BCA PT. ASA,Admin Bank (Potongan Bulanan),10.101.003 BCA (8162440909 an PT. Adhiland Sukses Abadi),30000,,464500
83,60.104.010,— ADMINISTRASI BANK,Lumiera Garden,2025-07-01,BCA PT. ASA,Biaya Admin,10.101.003 BCA (8162440909 an PT. Adhiland Sukses Abadi),2500,,467000
83,60.104.010,— ADMINISTRASI BANK,Lumiera Garden,2025-07-01,BCA PT. ASA,Biaya Admin,10.101.003 BCA (8162440909 an PT. Adhiland Sukses Abadi),2500,,469500
83,60.104.010,— ADMINISTRASI BANK,Lumiera Garden,2025-07-04,Kas Kecil,Biaya Admin,10.101.001 KAS KECIL,2900,,472400
83,60.104.010,— ADMINISTRASI BANK,Lumiera Garden,2025-07-07,Kas Kecil,Biaya Admin,10.101.001 KAS KECIL,2500,,474900
83,60.104.010,— ADMINISTRASI BANK,Lumiera Garden,2025-07-18,BCA PT. ASA,Biaya Admin,10.101.003 BCA (8162440909 an PT. Adhiland Sukses Abadi),2500,,477400
83,60.104.010,— ADMINISTRASI BANK,Lumiera Garden,2025-07-25,BCA PT. ASA,Biaya Admin,10.101.003 BCA (8162440909 an PT. Adhiland Sukses Abadi),2500,,479900
83,60.104.010,— ADMINISTRASI BANK,Lumiera Garden,2025-07-30,Kas Kecil,Biaya Admin Setoran Tunai (Termin Tanah Pak Yayok),10.101.001 KAS KECIL,30000,,509900
83,60.104.010,— ADMINISTRASI BANK,Lumiera Garden,2025-07-31,BCA PT. ASA,Biaya Admin,10.101.003 BCA (8162440909 an PT. Adhiland Sukses Abadi),2500,,512400
83,60.104.010,— ADMINISTRASI BANK,Lumiera Garden,2025-07-31,BCA PT. ASA,Admin Bank (Potongan Bulanan),10.101.003 BCA (8162440909 an PT. Adhiland Sukses Abadi),30000,,542400
83,60.104.010,— ADMINISTRASI BANK,Lumiera Garden,2025-08-01,BCA PT. ASA,Biaya Admin (TF beda bank),10.101.003 BCA (8162440909 an PT. Adhiland Sukses Abadi),5000,,547400
83,60.104.010,— ADMINISTRASI BANK,Lumiera Garden,2025-08-01,BCA PT. ASA,Biaya Admin (TF beda bank),10.101.003 BCA (8162440909 an PT. Adhiland Sukses Abadi),2500,,549900
83,60.104.010,— ADMINISTRASI BANK,Lumiera Garden,2025-08-05,BCA PT. ASA,Biaya Admin (TF beda bank),10.101.003 BCA (8162440909 an PT. Adhiland Sukses Abadi),2500,,552400
83,60.104.010,— ADMINISTRASI BANK,Lumiera Garden,2025-08-13,BCA PT. ASA,Biaya Admin (TF beda bank),10.101.003 BCA (8162440909 an PT. Adhiland Sukses Abadi),2500,,554900
83,60.104.010,— ADMINISTRASI BANK,Lumiera Garden,2025-08-29,BCA PT. ASA,Biaya Admin (TF beda bank),10.101.003 BCA (8162440909 an PT. Adhiland Sukses Abadi),2500,,557400
83,60.104.010,— ADMINISTRASI BANK,Lumiera Garden,2025-08-29,BCA PT. ASA,Biaya Admin (TF beda bank),10.101.003 BCA (8162440909 an PT. Adhiland Sukses Abadi),2500,,559900
83,60.104.010,— ADMINISTRASI BANK,Lumiera Garden,2025-08-29,BCA PT. ASA,Biaya Admin (TF beda bank),10.101.003 BCA (8162440909 an PT. Adhiland Sukses Abadi),2500,,562400
83,60.104.010,— ADMINISTRASI BANK,Lumiera Garden,2025-08-29,BCA PT. ASA,Biaya Admin (TF beda bank),10.101.003 BCA (8162440909 an PT. Adhiland Sukses Abadi),2500,,564900
83,60.104.010,— ADMINISTRASI BANK,Lumiera Garden,2025-08-31,BCA PT. ASA,Admin Bank (Potongan Bulanan),10.101.003 BCA (8162440909 an PT. Adhiland Sukses Abadi),30000,,594900
83,60.104.010,— ADMINISTRASI BANK,Lumiera Garden,2025-09-01,BCA PT. ASA,Biaya Admin (TF beda bank),10.101.003 BCA (8162440909 an PT. Adhiland Sukses Abadi),16500,,611400
83,60.104.010,— ADMINISTRASI BANK,Lumiera Garden,2025-09-04,Kas Kecil,Admin Bank Setor Tunai,10.101.001 KAS KECIL,2900,,614300
83,60.104.010,— ADMINISTRASI BANK,Lumiera Garden,2025-09-04,BCA PT. ASA,Biaya Admin (TF beda bank),10.101.003 BCA (8162440909 an PT. Adhiland Sukses Abadi),2500,,616800
83,60.104.010,— ADMINISTRASI BANK,Lumiera Garden,2025-09-19,Kas Kecil,Biaya Admin,10.101.001 KAS KECIL,2900,,619700
83,60.104.010,— ADMINISTRASI BANK,Lumiera Garden,2025-09-25,BCA PT. ASA,Biaya Admin (TF beda bank),10.101.003 BCA (8162440909 an PT. Adhiland Sukses Abadi),2500,,622200
83,60.104.010,— ADMINISTRASI BANK,Lumiera Garden,2025-09-26,Cash/Tunai,Biaya Admin Setoran Tunai (Termin Kavling LK-3 - Riadi),10.101.002 CASH/TUNAI,2900,,625100
83,60.104.010,— ADMINISTRASI BANK,Lumiera Garden,2025-09-26,BCA PT. ASA,Biaya Admin (TF beda bank),10.101.003 BCA (8162440909 an PT. Adhiland Sukses Abadi),2500,,627600
83,60.104.010,— ADMINISTRASI BANK,Lumiera Garden,2025-09-26,BCA PT. ASA,Biaya Admin (TF beda bank),10.101.003 BCA (8162440909 an PT. Adhiland Sukses Abadi),2500,,630100
83,60.104.010,— ADMINISTRASI BANK,Lumiera Garden,2025-09-30,BCA PT. ASA,Admin Bank (Potongan Bulanan),10.101.003 BCA (8162440909 an PT. Adhiland Sukses Abadi),30000,,660100
83,60.104.010,— ADMINISTRASI BANK,Lumiera Garden,2025-10-01,BCA PT. ASA,Biaya Admin (TF beda bank),10.101.003 BCA (8162440909 an PT. Adhiland Sukses Abadi),17500,,677600
83,60.104.010,— ADMINISTRASI BANK,Lumiera Garden,2025-10-10,Cash/Tunai,Biaya Admin Setoran Tunai (DP Umroh),10.101.002 CASH/TUNAI,2900,,680500
83,60.104.010,— ADMINISTRASI BANK,Lumiera Garden,2025-10-10,BCA PT. ASA,Biaya Admin (TF beda bank),10.101.003 BCA (8162440909 an PT. Adhiland Sukses Abadi),2500,,683000
83,60.104.010,— ADMINISTRASI BANK,Lumiera Garden,2025-10-10,BCA PT. ASA,Biaya Admin (TF beda bank),10.101.003 BCA (8162440909 an PT. Adhiland Sukses Abadi),2500,,685500
83,60.104.010,— ADMINISTRASI BANK,Lumiera Garden,2025-10-14,BCA PT. ASA,Biaya Admin,10.101.003 BCA (8162440909 an PT. Adhiland Sukses Abadi),6000,,691500
83,60.104.010,— ADMINISTRASI BANK,Lumiera Garden,2025-10-17,BCA PT. ASA,Biaya Admin (TF beda bank),10.101.003 BCA (8162440909 an PT. Adhiland Sukses Abadi),2500,,694000
83,60.104.010,— ADMINISTRASI BANK,Lumiera Garden,2025-10-17,BCA PT. ASA,Biaya Admin (TF beda bank),10.101.003 BCA (8162440909 an PT. Adhiland Sukses Abadi),2500,,696500
83,60.104.010,— ADMINISTRASI BANK,Lumiera Garden,2025-10-23,BCA PT. ASA,Biaya Admin (TF beda bank),10.101.003 BCA (8162440909 an PT. Adhiland Sukses Abadi),2500,,699000
83,60.104.010,— ADMINISTRASI BANK,Lumiera Garden,2025-10-24,BCA PT. ASA,Biaya Admin (TF beda bank),10.101.003 BCA (8162440909 an PT. Adhiland Sukses Abadi),2500,,701500
83,60.104.010,— ADMINISTRASI BANK,Lumiera Garden,2025-10-27,Cash/Tunai,Biaya Admin Setoran Tunai (Addendum Galeri Marketing),10.101.002 CASH/TUNAI,2900,,704400
83,60.104.010,— ADMINISTRASI BANK,Lumiera Garden,2025-10-28,BCA PT. ASA,Biaya Admin (TF beda bank),10.101.003 BCA (8162440909 an PT. Adhiland Sukses Abadi),2500,,706900
83,60.104.010,— ADMINISTRASI BANK,Lumiera Garden,2025-10-31,BCA PT. ASA,Biaya Admin (TF beda bank),10.101.003 BCA (8162440909 an PT. Adhiland Sukses Abadi),2500,,709400
83,60.104.010,— ADMINISTRASI BANK,Lumiera Garden,2025-10-31,BCA PT. ASA,Biaya Admin (TF beda bank),10.101.003 BCA (8162440909 an PT. Adhiland Sukses Abadi),2500,,711900
83,60.104.010,— ADMINISTRASI BANK,Lumiera Garden,2025-10-31,BCA PT. ASA,Biaya Admin (TF beda bank),10.101.003 BCA (8162440909 an PT. Adhiland Sukses Abadi),2500,,714400
83,60.104.010,— ADMINISTRASI BANK,Lumiera Garden,2025-10-31,BCA PT. ASA,Admin Bank (Potongan Bulanan),10.101.003 BCA (8162440909 an PT. Adhiland Sukses Abadi),30000,,744400
83,60.104.010,— ADMINISTRASI BANK,Lumiera Garden,2025-11-01,BCA PT. ASA,Biaya Admin (TF beda bank),10.101.003 BCA (8162440909 an PT. Adhiland Sukses Abadi),5000,,749400
83,60.104.010,— ADMINISTRASI BANK,Lumiera Garden,2025-11-04,Cash/Tunai,Biaya Admin Setoran Tunai (DP Umroh),10.101.002 CASH/TUNAI,2900,,752300
83,60.104.010,— ADMINISTRASI BANK,Lumiera Garden,2025-11-07,BCA PT. ASA,Biaya Admin (TF beda bank),10.101.003 BCA (8162440909 an PT. Adhiland Sukses Abadi),2500,,754800
83,60.104.010,— ADMINISTRASI BANK,Lumiera Garden,2025-11-11,BCA PT. ASA,Biaya Admin (TF beda bank),10.101.003 BCA (8162440909 an PT. Adhiland Sukses Abadi),2500,,757300
83,60.104.010,— ADMINISTRASI BANK,Lumiera Garden,2025-11-14,BCA PT. ASA,Biaya Admin (TF beda bank),10.101.003 BCA (8162440909 an PT. Adhiland Sukses Abadi),2500,,759800
83,60.104.010,— ADMINISTRASI BANK,Lumiera Garden,2025-11-17,BCA PT. ASA,Biaya Admin (TF beda bank),10.101.003 BCA (8162440909 an PT. Adhiland Sukses Abadi),2500,,762300
83,60.104.010,— ADMINISTRASI BANK,Lumiera Garden,2025-11-30,BCA PT. ASA,Admin Bank (Potongan Bulanan),10.101.003 BCA (8162440909 an PT. Adhiland Sukses Abadi),30000,,792300
83,60.104.010,— ADMINISTRASI BANK,Lumiera Garden,2025-12-01,BCA PT. ASA,Biaya Admin (TF beda bank),10.101.003 BCA (8162440909 an PT. Adhiland Sukses Abadi),14000,,806300
83,60.104.010,— ADMINISTRASI BANK,Lumiera Garden,2025-12-01,BCA PT. ASA,Biaya Admin (TF beda bank),10.101.003 BCA (8162440909 an PT. Adhiland Sukses Abadi),2500,,808800
83,60.104.010,— ADMINISTRASI BANK,Lumiera Garden,2025-12-04,BCA PT. ASA,Biaya Admin (TF beda bank),10.101.003 BCA (8162440909 an PT. Adhiland Sukses Abadi),2500,,811300
83,60.104.010,— ADMINISTRASI BANK,Lumiera Garden,2025-12-05,BCA PT. ASA,Biaya Admin (TF beda bank),10.101.003 BCA (8162440909 an PT. Adhiland Sukses Abadi),2500,,813800
83,60.104.010,— ADMINISTRASI BANK,Lumiera Garden,2025-12-12,BCA PT. ASA,Biaya Admin (TF beda bank),10.101.003 BCA (8162440909 an PT. Adhiland Sukses Abadi),2500,,816300
83,60.104.010,— ADMINISTRASI BANK,Lumiera Garden,2025-12-12,BCA PT. ASA,Biaya Admin (TF beda bank),10.101.003 BCA (8162440909 an PT. Adhiland Sukses Abadi),2500,,818800
83,60.104.010,— ADMINISTRASI BANK,Lumiera Garden,2025-12-27,BCA PT. ASA,Biaya Admin (TF beda bank),10.101.003 BCA (8162440909 an PT. Adhiland Sukses Abadi),2500,,821300
83,60.104.010,— ADMINISTRASI BANK,Lumiera Garden,2025-12-29,Kas Kecil,Biaya Admin Setoran Tunai (Termin Tanah Pak Yayok),10.101.001 KAS KECIL,2900,,824200
83,60.104.010,— ADMINISTRASI BANK,Lumiera Garden,2025-12-29,Kas Kecil,Biaya Transfer Beda Bank,10.101.001 KAS KECIL,2500,,826700
83,60.104.010,— ADMINISTRASI BANK,Lumiera Garden,2025-12-31,BCA PT. ASA,Admin Bank (Potongan Bulanan),10.101.003 BCA (8162440909 an PT. Adhiland Sukses Abadi),30000,,856700
83,60.104.010,— ADMINISTRASI BANK,Subtotal / Saldo Akhir,,,,,0,0,856700
84,60.104.011,— PERJALANAN DINAS,Saldo Awal,,,,,,,0
84,60.104.011,— PERJALANAN DINAS,Lumiera Garden,2025-02-14,BCA PT. ASA,Reimburse Pak Roy (Top Up E-Toll / Malang-Bondowoso PP / 7 Feb 2025),10.101.003 BCA (8162440909 an PT. Adhiland Sukses Abadi),253000,,253000
84,60.104.011,— PERJALANAN DINAS,Lumiera Garden,2025-03-21,BCA PT. ASA,Reimburse Pak Adhi (Top Up E-Toll - SIPA),10.101.003 BCA (8162440909 an PT. Adhiland Sukses Abadi),100000,,353000
84,60.104.011,— PERJALANAN DINAS,Lumiera Garden,2025-04-25,BCA PT. ASA,Reimburse Pak Roy (Top Up E- Toll / 2 nota),10.101.003 BCA (8162440909 an PT. Adhiland Sukses Abadi),150000,,503000
84,60.104.011,— PERJALANAN DINAS,Lumiera Garden,2025-06-20,Kas Kecil,Reimburse Pak Adhi (E-toll PP / Pertemuan POLDA JATIM),10.101.001 KAS KECIL,138000,,641000
84,60.104.011,— PERJALANAN DINAS,Lumiera Garden,2025-06-26,Kas Kecil,Reimburse Pak Adhi (Makan 5 orang),10.101.001 KAS KECIL,170715,,811715
84,60.104.011,— PERJALANAN DINAS,Lumiera Garden,2025-06-26,Kas Kecil,Reimburse Pak Adhi (Top Up E-Toll),10.101.001 KAS KECIL,200000,,1011715
84,60.104.011,— PERJALANAN DINAS,Lumiera Garden,2025-07-05,Kas Kecil,Top Up E-Toll (Malang - Surabaya /PP),10.101.001 KAS KECIL,134000,,1145715
84,60.104.011,— PERJALANAN DINAS,Lumiera Garden,2025-08-22,BCA PT. ASA,Reimburse Pak Verry (Top Up E-Toll Canvas Surabaya & FU user Surabaya),10.101.003 BCA (8162440909 an PT. Adhiland Sukses Abadi),138000,,1283715
84,60.104.011,— PERJALANAN DINAS,Lumiera Garden,2025-09-04,BCA PT. ASA,Reimburse Pak Roy (Top Up E-Toll - untuk Perjalanan Melayat),10.101.003 BCA (8162440909 an PT. Adhiland Sukses Abadi),285000,,1568715
84,60.104.011,— PERJALANAN DINAS,Lumiera Garden,2025-09-04,,Reimburse Pak Roy (Top Up E-Toll - untuk Perjalanan Melayat),10.101.004 SILANG KAS,15000,,1583715
84,60.104.011,— PERJALANAN DINAS,Lumiera Garden,2025-09-26,BCA PT. ASA,Reimburse Pak Dedy (Akomodasi Akad LK-23 / 4 Nota),10.101.003 BCA (8162440909 an PT. Adhiland Sukses Abadi),637500,,2221215
84,60.104.011,— PERJALANAN DINAS,Lumiera Garden,2025-10-16,Kas Kecil,Pengangan mas Andik - Top Up E-Toll (Kunjungan User - Pasuruan/Tim Amin),10.101.001 KAS KECIL,100000,,2321215
84,60.104.011,— PERJALANAN DINAS,Lumiera Garden,2025-10-17,Kas Kecil,Reimburse Pak Adhi (Vaksi Meningitis+Polio),10.101.001 KAS KECIL,2625000,,4946215
84,60.104.011,— PERJALANAN DINAS,Lumiera Garden,2025-10-17,,E-Toll (Kunjungan User - Jombang - Tim P. Verry),10.101.004 SILANG KAS,100000,,5046215
84,60.104.011,— PERJALANAN DINAS,Lumiera Garden,2025-10-24,Kas Kecil,Top Up E-Toll (PPJB LK-24 / Sidoarjo),10.101.001 KAS KECIL,200000,,5246215
84,60.104.011,— PERJALANAN DINAS,Lumiera Garden,2025-11-20,,Top Up E-Toll - Akomodasi Bondowoso,10.101.004 SILANG KAS,300000,,5546215
84,60.104.011,— PERJALANAN DINAS,Lumiera Garden,2025-11-20,,"Top Up E-Toll (2 Nota) - Akomodasi Juanda (Antar Bapak"" Direksi)",10.101.004 SILANG KAS,300000,,5846215
84,60.104.011,— PERJALANAN DINAS,Lumiera Garden,2025-12-02,,"Top Up E-Toll (2 Nota) - Akomodasi Juanda (Jemput Bapak"" Direksi)",10.101.004 SILANG KAS,300000,,6146215
84,60.104.011,— PERJALANAN DINAS,Subtotal / Saldo Akhir,,,,,0,0,6146215
85,60.104.012,— KEAMANAN DAN KEBERSIHAN,Saldo Awal,,,,,,,0
85,60.104.012,— KEAMANAN DAN KEBERSIHAN,Lumiera Garden,2025-03-07,BCA PT. ASA,CCTV Hight Tec,10.101.003 BCA (8162440909 an PT. Adhiland Sukses Abadi),1892000,,1892000
85,60.104.012,— KEAMANAN DAN KEBERSIHAN,Lumiera Garden,2025-03-27,Kas Kecil,Iuran Sampah Kantor/Ruko bulan Maret 2025,10.101.001 KAS KECIL,75000,,1967000
85,60.104.012,— KEAMANAN DAN KEBERSIHAN,Lumiera Garden,2025-06-03,Kas Kecil,Iuran Sampah Kantor/Ruko (KW 310525),10.101.001 KAS KECIL,75000,,2042000
85,60.104.012,— KEAMANAN DAN KEBERSIHAN,Lumiera Garden,2025-07-11,Kas Kecil,Pemotongan Pohon & Pembersihan Lahan - A. Bobby,10.101.001 KAS KECIL,950000,,2992000
85,60.104.012,— KEAMANAN DAN KEBERSIHAN,Lumiera Garden,2025-08-01,Kas Kecil,Iuran Sampah Kantor/Ruko (KW 010825),10.101.001 KAS KECIL,75000,,3067000
85,60.104.012,— KEAMANAN DAN KEBERSIHAN,Lumiera Garden,2025-09-16,Kas Kecil,Iuran Sampah Kantor/Ruko bulan September 2025,10.101.001 KAS KECIL,75000,,3142000
85,60.104.012,— KEAMANAN DAN KEBERSIHAN,Lumiera Garden,2025-10-27,Kas Kecil,Iuran Sampah Kantor/Ruko bulan Oktober 2025,10.101.001 KAS KECIL,75000,,3217000
85,60.104.012,— KEAMANAN DAN KEBERSIHAN,Lumiera Garden,2025-11-21,BCA PT. ASA,Pasang CCTV Kawasan + Instalasi - Oxygen CCTV,10.101.003 BCA (8162440909 an PT. Adhiland Sukses Abadi),1690000,,4907000
85,60.104.012,— KEAMANAN DAN KEBERSIHAN,Lumiera Garden,2025-11-27,Kas Kecil,Iuran Sampah Kantor/Ruko bulan November 2025,10.101.001 KAS KECIL,75000,,4982000
85,60.104.012,— KEAMANAN DAN KEBERSIHAN,Lumiera Garden,2025-12-23,Kas Kecil,Iuran Sampah Kantor/Ruko bulan Desember 2025,10.101.001 KAS KECIL,75000,,5057000
85,60.104.012,— KEAMANAN DAN KEBERSIHAN,Subtotal / Saldo Akhir,,,,,0,0,5057000
86,60.104.013,— MEETING,Saldo Awal,,,,,,,0
86,60.104.013,— MEETING,Lumiera Garden,2024-11-08,,Reimburse Pak Roy Meeting,10.101.001 KAS KECIL,402038,,402038
86,60.104.013,— MEETING,Lumiera Garden,2024-11-15,,Reimburse Pak Roy Meeting (Nota Jokotole & Nota Ojuri),10.101.001 KAS KECIL,398000,,800038
86,60.104.013,— MEETING,Lumiera Garden,2024-11-15,,Reimburse Pak Adhi Nota Meeting,10.101.001 KAS KECIL,629200,,1429238
86,60.104.013,— MEETING,Lumiera Garden,2024-11-22,,Reimburse Pak Adhi 3 Nota Meeting,10.101.001 KAS KECIL,534500,,1963738
86,60.104.013,— MEETING,Lumiera Garden,2024-11-22,,Reimburse Pak Roy Nota Meeting,10.101.001 KAS KECIL,511601,,2475339
86,60.104.013,— MEETING,Lumiera Garden,2024-12-06,,Reimburse Pak Roy Nota Meeting,10.101.001 KAS KECIL,97900,,2573239
86,60.104.013,— MEETING,Lumiera Garden,2024-12-20,,Reimburse Pak Roy bertemu User LK-07,10.101.001 KAS KECIL,226000,,2799239
86,60.104.013,— MEETING,Lumiera Garden,2025-01-03,Cash/Tunai,Reimburse Pak Adhi (Meeting Direksi 28 Des 2024),10.101.002 CASH/TUNAI,246000,,3045239
86,60.104.013,— MEETING,Lumiera Garden,2025-01-03,Cash/Tunai,Reimburse Pak Adhi (Meeting Direksi 03 Januari 2024),10.101.002 CASH/TUNAI,137401,,3182640
86,60.104.013,— MEETING,Lumiera Garden,2025-01-08,Kas Kecil,Pembelian Nasi Kotak (Meeting Marketing) + Parkir,10.101.001 KAS KECIL,392000,,3574640
86,60.104.013,— MEETING,Lumiera Garden,2025-01-10,Cash/Tunai,Reimburse Pak Adhi (Meeting Tahunan dengan P. Rendra),10.101.002 CASH/TUNAI,801800,,4376440
86,60.104.013,— MEETING,Lumiera Garden,2025-01-10,Cash/Tunai,Reimburse Pak Rula (Meeting dengan Perencana - Teras Kota),10.101.002 CASH/TUNAI,375000,,4751440
86,60.104.013,— MEETING,Lumiera Garden,2025-01-17,BCA PT. ASA,Reimburse Pak Rula (Meeting Teknik),10.101.003 BCA (8162440909 an PT. Adhiland Sukses Abadi),145000,,4896440
86,60.104.013,— MEETING,Lumiera Garden,2025-01-31,Kas Kecil,Reimburse Pak Adhiwena (Weekly Meeting Pak Rendra),10.101.001 KAS KECIL,187000,,5083440
86,60.104.013,— MEETING,Lumiera Garden,2025-01-31,Kas Kecil,Reimburse Pak Adhiwena (Meeting Direksi 24 Jan 2025) - Warkop Agam,10.101.001 KAS KECIL,207000,,5290440
86,60.104.013,— MEETING,Lumiera Garden,2025-01-31,Kas Kecil,Reimburse Pak Adhiwena (Meeting Direksi 30 Jan 2025) - Laluna,10.101.001 KAS KECIL,203500,,5493940
86,60.104.013,— MEETING,Lumiera Garden,2025-02-13,Kas Kecil,Weekly Operasional,10.101.001 KAS KECIL,134000,,5627940
86,60.104.013,— MEETING,Lumiera Garden,2025-02-14,Kas Kecil,Reimburse Pak Adhi (Weekly Meeting Omah Datok / 3 Feb 2025),10.101.001 KAS KECIL,152000,,5779940
86,60.104.013,— MEETING,Lumiera Garden,2025-02-14,Kas Kecil,Reimburse Pak Adhi (Weekly Meeting Kopitiam / 10 Feb 2025),10.101.001 KAS KECIL,260804,,6040744
86,60.104.013,— MEETING,Lumiera Garden,2025-02-21,Kas Kecil,Reimburse Pak Adhi (Meeting dengan Pak Rendra),10.101.001 KAS KECIL,344703,,6385447
86,60.104.013,— MEETING,Lumiera Garden,2025-02-28,BCA PT. ASA,Reimburse Pak Adhi (Meeting dengan Polda),10.101.003 BCA (8162440909 an PT. Adhiland Sukses Abadi),333000,,6718447
86,60.104.013,— MEETING,Lumiera Garden,2025-02-28,BCA PT. ASA,Reimburse Pak Adhi (Meeting Direksi),10.101.003 BCA (8162440909 an PT. Adhiland Sukses Abadi),99000,,6817447
86,60.104.013,— MEETING,Lumiera Garden,2025-02-28,BCA PT. ASA,Reimburse Pak Adhi (Weekly Meeting Pak Rendra),10.101.003 BCA (8162440909 an PT. Adhiland Sukses Abadi),320204,,7137651
86,60.104.013,— MEETING,Lumiera Garden,2025-03-21,BCA PT. ASA,Reimburse Pak Adhi (Weekly Meeting Pak Rendra),10.101.003 BCA (8162440909 an PT. Adhiland Sukses Abadi),297904,,7435555
86,60.104.013,— MEETING,Lumiera Garden,2025-04-11,BCA PT. ASA,Reimburse Pak Rula (Monthly Direksi - 030325),10.101.003 BCA (8162440909 an PT. Adhiland Sukses Abadi),200000,,7635555
86,60.104.013,— MEETING,Lumiera Garden,2025-04-19,Kas Kecil,Reimburse Pak Adhi (Weekly Direksi / 240325),10.101.001 KAS KECIL,184053,,7819608
86,60.104.013,— MEETING,Lumiera Garden,2025-04-19,Kas Kecil,Reimburse Pak Adhi (Weekly Pak Rendra / 140425),10.101.001 KAS KECIL,185582,,8005190
86,60.104.013,— MEETING,Lumiera Garden,2025-04-25,Kas Kecil,Pembelian Aneka Kue Basah (Monthly Marketing),10.101.001 KAS KECIL,68500,,8073690
86,60.104.013,— MEETING,Lumiera Garden,2025-04-26,Kas Kecil,Pembelian Air Mineral + Parkir,10.101.001 KAS KECIL,36400,,8110090
86,60.104.013,— MEETING,Lumiera Garden,2025-05-16,Kas Kecil,Reimburse Pak Adhi (Weekly Pak Rendra),10.101.001 KAS KECIL,157053,,8267143
86,60.104.013,— MEETING,Lumiera Garden,2025-05-27,Kas Kecil,Reimburse Pak Adhi (Weekly dengan P. Rendra / 260525),10.101.001 KAS KECIL,309514,,8576657
86,60.104.013,— MEETING,Lumiera Garden,2025-06-07,Kas Kecil,Reimburse Pak Adhi (Weekly Direksi / 02 Juni 2025),10.101.001 KAS KECIL,223000,,8799657
86,60.104.013,— MEETING,Lumiera Garden,2025-06-20,Kas Kecil,Reimburse Pak Adhi (Weekly Pak Rendra),10.101.001 KAS KECIL,191000,,8990657
86,60.104.013,— MEETING,Lumiera Garden,2025-06-26,Kas Kecil,Reimburse Pak Adhi (Meeting Koordinasi Kebersihan),10.101.001 KAS KECIL,280000,,9270657
86,60.104.013,— MEETING,Lumiera Garden,2025-06-26,Kas Kecil,Reimburse Pak Adhi (Weekly Pak Rendra),10.101.001 KAS KECIL,168752,,9439409
86,60.104.013,— MEETING,Lumiera Garden,2025-07-05,Kas Kecil,Meeting Direksi & Tamu (04/07/25),10.101.001 KAS KECIL,325000,,9764409
86,60.104.013,— MEETING,Lumiera Garden,2025-07-11,BCA PT. ASA,Reimburse Galih (Brainstorming / 3 Nota),10.101.003 BCA (8162440909 an PT. Adhiland Sukses Abadi),302200,,10066609
86,60.104.013,— MEETING,Lumiera Garden,2025-07-18,Kas Kecil,Reimburse Pak Adhi (Direksi dengan pemilik tanah),10.101.001 KAS KECIL,321999,,10388608
86,60.104.013,— MEETING,Lumiera Garden,2025-07-18,Kas Kecil,Reimburse Pak Adhi (Weekly Pak Rendra),10.101.001 KAS KECIL,176042,,10564650
86,60.104.013,— MEETING,Lumiera Garden,2025-07-18,Kas Kecil,Reimburse Pak Adhi (Snack Weekly),10.101.001 KAS KECIL,20000,,10584650
86,60.104.013,— MEETING,Lumiera Garden,2025-07-25,BCA PT. ASA,Reimburse Galih (Meeting Marcomm / 3 Nota),10.101.003 BCA (8162440909 an PT. Adhiland Sukses Abadi),271000,,10855650
86,60.104.013,— MEETING,Lumiera Garden,2025-07-26,Kas Kecil,Pegangan Marcomm (Weekly),10.101.001 KAS KECIL,300000,,11155650
86,60.104.013,— MEETING,Lumiera Garden,2025-07-28,Kas Kecil,Konsumsi Kue Basah (Monthly Marketing & Tamu Lahan Baru),10.101.001 KAS KECIL,200000,,11355650
86,60.104.013,— MEETING,Lumiera Garden,2025-08-01,BCA PT. ASA,Reimburse Pak Roy (Konsumsi pertemuan dengan pemilik tanah dau),10.101.003 BCA (8162440909 an PT. Adhiland Sukses Abadi),1000500,,12356150
86,60.104.013,— MEETING,Lumiera Garden,2025-08-01,BCA PT. ASA,Reimburse Pak Roy (Konsumsi Lahan Baru),10.101.003 BCA (8162440909 an PT. Adhiland Sukses Abadi),117000,,12473150
86,60.104.013,— MEETING,Lumiera Garden,2025-08-01,BCA PT. ASA,Reimburse Ida (Weekly Marcomm),10.101.003 BCA (8162440909 an PT. Adhiland Sukses Abadi),98500,,12571650
86,60.104.013,— MEETING,Lumiera Garden,2025-08-08,Kas Kecil,Reimburse Pak Adhi (Meeting dengan perwakilan polda),10.101.001 KAS KECIL,247000,,12818650
86,60.104.013,— MEETING,Lumiera Garden,2025-08-08,Kas Kecil,Reimburse Pak Adhi (Weekly Meeting Direksi & Komisaris),10.101.001 KAS KECIL,169022,,12987672
86,60.104.013,— MEETING,Lumiera Garden,2025-08-08,Kas Kecil,Reimburse Pak Adhi (Meeting dengan pemilik lahan batu),10.101.001 KAS KECIL,479000,,13466672
86,60.104.013,— MEETING,Lumiera Garden,2025-08-08,BCA PT. ASA,Reimburse Galih (Weekly Marcom / 4 Nota),10.101.003 BCA (8162440909 an PT. Adhiland Sukses Abadi),344000,,13810672
86,60.104.013,— MEETING,Lumiera Garden,2025-08-15,BCA PT. ASA,Reimburse Galih (Weekly Marcomm / 3 nota),10.101.003 BCA (8162440909 an PT. Adhiland Sukses Abadi),394000,,14204672
86,60.104.013,— MEETING,Lumiera Garden,2025-08-22,BCA PT. ASA,Reimburse Pak Roy (Konsumsi Meeting dengan Mas Uki / 20 Agt 2025),10.101.003 BCA (8162440909 an PT. Adhiland Sukses Abadi),233502,,14438174
86,60.104.013,— MEETING,Lumiera Garden,2025-09-20,Kas Kecil,Pegangan Mas Galih (Weekly Marcomm),10.101.001 KAS KECIL,227000,,14665174
86,60.104.013,— MEETING,Lumiera Garden,2025-09-26,BCA PT. ASA,Reimburse Pak Adhi (Meeting Direksi / 09 September 2025),10.101.003 BCA (8162440909 an PT. Adhiland Sukses Abadi),165000,,14830174
86,60.104.013,— MEETING,Lumiera Garden,2025-09-26,BCA PT. ASA,Reimburse Bella Telle (Bonding Marketing / 3 Nota),10.101.003 BCA (8162440909 an PT. Adhiland Sukses Abadi),125000,,14955174
86,60.104.013,— MEETING,Lumiera Garden,2025-09-26,BCA PT. ASA,Reimburse Pak Dedy (Meeting SPV),10.101.003 BCA (8162440909 an PT. Adhiland Sukses Abadi),107000,,15062174
86,60.104.013,— MEETING,Lumiera Garden,2025-09-27,Kas Kecil,Weekly Marcomm,10.101.001 KAS KECIL,245000,,15307174
86,60.104.013,— MEETING,Lumiera Garden,2025-10-02,Kas Kecil,Konsumsi Monthly (Kue Basah & Cleo),10.101.001 KAS KECIL,173000,,15480174
86,60.104.013,— MEETING,Lumiera Garden,2025-10-10,Kas Kecil,Reimburse Pak Adhi (Meeting Direksi di Joyoagung),10.101.001 KAS KECIL,157000,,15637174
86,60.104.013,— MEETING,Lumiera Garden,2025-10-10,Kas Kecil,Reimburse Pak Adhi (Weekly Meeting Pak Rendra),10.101.001 KAS KECIL,293007,,15930181
86,60.104.013,— MEETING,Lumiera Garden,2025-10-11,Kas Kecil,Weekly Marcomm,10.101.001 KAS KECIL,250000,,16180181
86,60.104.013,— MEETING,Lumiera Garden,2025-10-17,Kas Kecil,Reimburse Pak Adhi (Weekly Meeting Direksi Komisaris),10.101.001 KAS KECIL,833085,,17013266
86,60.104.013,— MEETING,Lumiera Garden,2025-10-17,BCA PT. ASA,Reimburse Bella (bonding Marketing),10.101.003 BCA (8162440909 an PT. Adhiland Sukses Abadi),75000,,17088266
86,60.104.013,— MEETING,Lumiera Garden,2025-10-24,BCA PT. ASA,Reimburse Pak Adhi (Weekly Meeting Pak Rendra),10.101.003 BCA (8162440909 an PT. Adhiland Sukses Abadi),714715,,17802981
86,60.104.013,— MEETING,Lumiera Garden,2025-10-28,Kas Kecil,Pegangan Mas Andik (Kue Basah+Mineral - Meeting Marketing 29/10/25),10.101.001 KAS KECIL,172000,,17974981
86,60.104.013,— MEETING,Lumiera Garden,2025-10-28,BCA PT. ASA,Konsumsi Meeting Marketing (29 Okt 2025 / 20 kotak),10.101.003 BCA (8162440909 an PT. Adhiland Sukses Abadi),460000,,18434981
86,60.104.013,— MEETING,Lumiera Garden,2025-10-31,Kas Kecil,Reimburse Pak Adhi ( Meeting Direksi /221025),10.101.001 KAS KECIL,146255,,18581236
86,60.104.013,— MEETING,Lumiera Garden,2025-10-31,Kas Kecil,Reimburse Pak Adhi ( Meeting Direksi /231025),10.101.001 KAS KECIL,90903,,18672139
86,60.104.013,— MEETING,Lumiera Garden,2025-10-31,Kas Kecil,Reimburse Pak Adhi (Meeting Direksi /241025),10.101.001 KAS KECIL,109000,,18781139
86,60.104.013,— MEETING,Lumiera Garden,2025-10-31,Kas Kecil,Reimburse Pak Adhi (Weekly Meeting Pak Rendra / 271025),10.101.001 KAS KECIL,417607,,19198746
86,60.104.013,— MEETING,Lumiera Garden,2025-10-31,,Weekly Marcomm (25 Okt 2025),10.101.004 SILANG KAS,250000,,19448746
86,60.104.013,— MEETING,Lumiera Garden,2025-11-08,Kas Kecil,Weekly Marcomm,10.101.001 KAS KECIL,250000,,19698746
86,60.104.013,— MEETING,Lumiera Garden,2025-11-13,Kas Kecil,Meeting Koordinasi Delegasi Tugas Sementara,10.101.001 KAS KECIL,744700,,20443446
86,60.104.013,— MEETING,Lumiera Garden,2025-11-14,Kas Kecil,Reimburse Pak Adhi (Weekly Meeting Pak Rendra),10.101.001 KAS KECIL,315458,,20758904
86,60.104.013,— MEETING,Lumiera Garden,2025-11-17,BCA PT. ASA,Konsumsi Meeting Marketing (17 Nov 2025 / 20 kotak),10.101.003 BCA (8162440909 an PT. Adhiland Sukses Abadi),475000,,21233904
86,60.104.013,— MEETING,Lumiera Garden,2025-11-22,Kas Kecil,Weekly Marcomm,10.101.001 KAS KECIL,250000,,21483904
86,60.104.013,— MEETING,Lumiera Garden,2025-12-03,Kas Kecil,Kekurangan Weekly Marcomm,10.101.001 KAS KECIL,12900,,21496804
86,60.104.013,— MEETING,Lumiera Garden,2025-12-03,,Weekly Marcomm,10.101.004 SILANG KAS,150000,,21646804
86,60.104.013,— MEETING,Lumiera Garden,2025-12-12,Kas Kecil,Reimburse Pak Adhi (Meeting Weekly Pak Rendra / 11/11/2025),10.101.001 KAS KECIL,270456,,21917260
86,60.104.013,— MEETING,Lumiera Garden,2025-12-12,Kas Kecil,Reimburse Pak Adhi (Meeting Weekly Pak Rendra / 081225),10.101.001 KAS KECIL,283958,,22201218
86,60.104.013,— MEETING,Lumiera Garden,2025-12-19,BCA PT. ASA,Reimburse Pak Adhi (Weekly Meeting Direksi),10.101.003 BCA (8162440909 an PT. Adhiland Sukses Abadi),234906,,22436124
86,60.104.013,— MEETING,Lumiera Garden,2025-12-19,BCA PT. ASA,Reimburse Pak Adhi (Weekly Meeting Pak Rendra),10.101.003 BCA (8162440909 an PT. Adhiland Sukses Abadi),373000,,22809124
86,60.104.013,— MEETING,Subtotal / Saldo Akhir,,,,,0,0,22809124
87,60.104.016,— TRAINING KARYAWAN,Saldo Awal,,,,,,,0
87,60.104.016,— TRAINING KARYAWAN,Lumiera Garden,2025-01-10,Cash/Tunai,Reimburse Pak Adhi (Propertax Training),10.101.002 CASH/TUNAI,1500000,,1500000
87,60.104.016,— TRAINING KARYAWAN,Lumiera Garden,2025-04-30,BCA PT. ASA,Pelunasan Workshop Depart Bisnis - Tranceformasi Indo,10.101.003 BCA (8162440909 an PT. Adhiland Sukses Abadi),19300000,,20800000
87,60.104.016,— TRAINING KARYAWAN,Lumiera Garden,2025-09-10,BCA PT. ASA,Workshop CEO Development,10.101.003 BCA (8162440909 an PT. Adhiland Sukses Abadi),10000000,,30800000
87,60.104.016,— TRAINING KARYAWAN,Subtotal / Saldo Akhir,,,,,0,0,30800000
88,60.104.018,— EVENT KANTOR,Saldo Awal,,,,,,,0
88,60.104.018,— EVENT KANTOR,Lumiera Garden,2024-11-13,,Pembayaran untuk Le minerale 6x330 ml (3 crat),10.101.001 KAS KECIL,120000,,120000
88,60.104.018,— EVENT KANTOR,Lumiera Garden,2024-11-14,,Pembayaran untuk Kue Basah,10.101.001 KAS KECIL,347500,,467500
88,60.104.018,— EVENT KANTOR,Lumiera Garden,2024-11-14,,Pembayaran untuk Kue Box,10.101.001 KAS KECIL,650000,,1117500
88,60.104.018,— EVENT KANTOR,Lumiera Garden,2024-11-14,,Pembayaran untuk Santunan Anak Yatim,10.101.001 KAS KECIL,2000000,,3117500
88,60.104.018,— EVENT KANTOR,Lumiera Garden,2024-11-14,,Pembayaran untuk Santunan Pendamping Anak Yatim,10.101.001 KAS KECIL,1000000,,4117500
88,60.104.018,— EVENT KANTOR,Lumiera Garden,2024-11-15,,Pembayaran Dekor Tasyakuran,10.101.001 KAS KECIL,600000,,4717500
88,60.104.018,— EVENT KANTOR,Lumiera Garden,2024-11-15,,Reimburse Pak Roy (Tasyakuran),10.101.001 KAS KECIL,7985500,,12703000
88,60.104.018,— EVENT KANTOR,Lumiera Garden,2024-11-15,,Pembayaran Sewa Terop Tasyakuran,10.101.001 KAS KECIL,1400000,,14103000
88,60.104.018,— EVENT KANTOR,Lumiera Garden,2024-11-22,,Pembayaran Backdrop Launching,10.101.001 KAS KECIL,275600,,14378600
88,60.104.018,— EVENT KANTOR,Lumiera Garden,2025-03-07,BCA PT. ASA,Budgeting Acara Buka Bersama,10.101.003 BCA (8162440909 an PT. Adhiland Sukses Abadi),15000000,,29378600
88,60.104.018,— EVENT KANTOR,Lumiera Garden,2025-05-16,Kas Kecil,Reimburse Pak Adhi (Tiket PP Sby-Dps 3 orang),10.101.001 KAS KECIL,3831800,,33210400
88,60.104.018,— EVENT KANTOR,Lumiera Garden,2025-05-16,Kas Kecil,Uang Saku Gathering Bali Adhiland,10.101.001 KAS KECIL,6600000,,39810400
88,60.104.018,— EVENT KANTOR,Lumiera Garden,2025-05-16,BCA PT. ASA,Doorprize Gathering Bali Adhiland,10.101.003 BCA (8162440909 an PT. Adhiland Sukses Abadi),7100000,,46910400
88,60.104.018,— EVENT KANTOR,Lumiera Garden,2025-05-18,BCA PT. ASA,Pelunasan Gathering Bali (4 hari 2 malam),10.101.003 BCA (8162440909 an PT. Adhiland Sukses Abadi),78000000,,124910400
88,60.104.018,— EVENT KANTOR,Lumiera Garden,2025-05-31,BCA PT. ASA,Reimburse Pak Muliyawan (Tiket PP Sby-Dps / Dps-Sby),10.101.003 BCA (8162440909 an PT. Adhiland Sukses Abadi),2715003,,127625403
88,60.104.018,— EVENT KANTOR,Lumiera Garden,2025-06-09,Kas Kecil,Bakaran & Kipas,10.101.001 KAS KECIL,28000,,127653403
88,60.104.018,— EVENT KANTOR,Lumiera Garden,2025-06-09,Kas Kecil,"Lahap 3kg, Gelas Polkadot, Entong, Kertas Bundar, Sendok, Nutri & Kertas bks",10.101.001 KAS KECIL,131000,,127784403
88,60.104.018,— EVENT KANTOR,Lumiera Garden,2025-06-09,Kas Kecil,Galon Aqua,10.101.001 KAS KECIL,21000,,127805403
88,60.104.018,— EVENT KANTOR,Lumiera Garden,2025-06-09,Kas Kecil,"Cab, Gula, Sunlight & Spon cuci piring",10.101.001 KAS KECIL,60000,,127865403
88,60.104.018,— EVENT KANTOR,Lumiera Garden,2025-06-09,Kas Kecil,Kecap Bango,10.101.001 KAS KECIL,26000,,127891403
88,60.104.018,— EVENT KANTOR,Lumiera Garden,2025-06-09,Kas Kecil,"Semangka, Es Batu, Lada, Arang & Kecap Bango",10.101.001 KAS KECIL,124000,,128015403
88,60.104.018,— EVENT KANTOR,Lumiera Garden,2025-06-09,Kas Kecil,Cetak Sticker Box (PSS-VINYL CAMEL Glossy - Light Printing),10.101.001 KAS KECIL,11000,,128026403
88,60.104.018,— EVENT KANTOR,Lumiera Garden,2025-06-13,Kas Kecil,Reimburse Pak Adhi (Ongkos Potong / Qurban - 3 orang),10.101.001 KAS KECIL,1000000,,129026403
88,60.104.018,— EVENT KANTOR,Lumiera Garden,2025-08-13,BCA PT. ASA,Budgeting Event Agustusan,10.101.003 BCA (8162440909 an PT. Adhiland Sukses Abadi),2500000,,131526403
88,60.104.018,— EVENT KANTOR,Subtotal / Saldo Akhir,,,,,0,0,131526403
89,60.104.019,— RENOVASI KANTOR,Saldo Awal,,,,,,,0
89,60.104.019,— RENOVASI KANTOR,Lumiera Garden,2025-02-15,BCA PT. ASA,Termin I (Progress 30%) Pekerjaan Renovasi Kantor - Suroso,10.101.003 BCA (8162440909 an PT. Adhiland Sukses Abadi),5000000,,5000000
89,60.104.019,— RENOVASI KANTOR,Lumiera Garden,2025-02-21,BCA PT. ASA,Pelunasan Termin 1 (Progress 30%) Pek. Renovasi Kantor (05/SPK-ADP/II/2025) - Suroso,10.101.003 BCA (8162440909 an PT. Adhiland Sukses Abadi),5000000,,10000000
89,60.104.019,— RENOVASI KANTOR,Lumiera Garden,2025-02-28,BCA PT. ASA,Termin 2 (Progress 60%) Pek. Renovasi Kantor (05/SPK-ADP/II/2025) - Suroso,10.101.003 BCA (8162440909 an PT. Adhiland Sukses Abadi),10000000,,20000000
89,60.104.019,— RENOVASI KANTOR,Lumiera Garden,2025-03-14,BCA PT. ASA,Instalasi AC Ruko Suhat Lt.3 - Dany Service,10.101.003 BCA (8162440909 an PT. Adhiland Sukses Abadi),2406000,,22406000
89,60.104.019,— RENOVASI KANTOR,Lumiera Garden,2025-03-21,BCA PT. ASA,Instalasi AC Ruko Suhat Lt.1 - Dany Service,10.101.003 BCA (8162440909 an PT. Adhiland Sukses Abadi),1017500,,23423500
89,60.104.019,— RENOVASI KANTOR,Lumiera Garden,2025-03-21,BCA PT. ASA,"Perbaikan Kantor Lt.3 (Atap, Lampu, Lantai) - Suroso",10.101.003 BCA (8162440909 an PT. Adhiland Sukses Abadi),1300000,,24723500
89,60.104.019,— RENOVASI KANTOR,Lumiera Garden,2025-03-26,BCA PT. ASA,Renovasi Kantor Ruang Direksi - Suroso,10.101.003 BCA (8162440909 an PT. Adhiland Sukses Abadi),9000000,,33723500
89,60.104.019,— RENOVASI KANTOR,Lumiera Garden,2025-04-21,Kas Kecil,Pembelian Material Instalasi Listrik Kantor Lt.3 - Gajayana Electronics,10.101.001 KAS KECIL,546500,,34270000
89,60.104.019,— RENOVASI KANTOR,Lumiera Garden,2025-12-04,Kas Kecil,Pegangan Pak Dian (Material Lt.3 - Kantor),10.101.001 KAS KECIL,200000,,34470000
89,60.104.019,— RENOVASI KANTOR,Lumiera Garden,2025-12-04,Kas Kecil,Pegangan Pak Dian (Material Pipa Saluran - Kantor),10.101.001 KAS KECIL,300000,,34770000
89,60.104.019,— RENOVASI KANTOR,Lumiera Garden,2025-12-05,Kas Kecil,Kekurangan Material Perbaikan Lt.3 & Saluran - Kantor (6 Nota),10.101.001 KAS KECIL,315000,,35085000
89,60.104.019,— RENOVASI KANTOR,Lumiera Garden,2025-12-06,Kas Kecil,Material Perbaikan Kantor Lt.1 (Lem Rajawali),10.101.001 KAS KECIL,20000,,35105000
89,60.104.019,— RENOVASI KANTOR,Subtotal / Saldo Akhir,,,,,0,0,35105000
90,60.104.021,— MAINTENANCE KENDARAAN,Saldo Awal,,,,,,,0
90,60.104.021,— MAINTENANCE KENDARAAN,Lumiera Garden,2025-07-05,Kas Kecil,Pembelian Aki Mobil Pick Up,10.101.001 KAS KECIL,850000,,850000
90,60.104.021,— MAINTENANCE KENDARAAN,Lumiera Garden,2025-09-08,BCA PT. ASA,Service Pick Up,10.101.003 BCA (8162440909 an PT. Adhiland Sukses Abadi),425000,,1275000
90,60.104.021,— MAINTENANCE KENDARAAN,Lumiera Garden,2025-09-09,BCA PT. ASA,Ganti ban mobil pick up,10.101.003 BCA (8162440909 an PT. Adhiland Sukses Abadi),1580000,,2855000
90,60.104.021,— MAINTENANCE KENDARAAN,Lumiera Garden,2025-12-01,BCA PT. ASA,Cat Mobil Zenix,10.101.003 BCA (8162440909 an PT. Adhiland Sukses Abadi),700000,,3555000
90,60.104.021,— MAINTENANCE KENDARAAN,Subtotal / Saldo Akhir,,,,,0,0,3555000
91,60.104.023,— BIAYA ADMINISTRASI WANMERKING,Saldo Awal,,,,,,,0
91,60.104.023,— BIAYA ADMINISTRASI WANMERKING,Lumiera Garden,2024-12-06,,Pembayaran Waarmerking LK-08 an Djuwito,10.101.001 KAS KECIL,250000,,250000
91,60.104.023,— BIAYA ADMINISTRASI WANMERKING,Lumiera Garden,2025-01-03,BCA PT. ASA,Waarmerking LK-07 Henny Susanti - Notaris Ika,10.101.003 BCA (8162440909 an PT. Adhiland Sukses Abadi),250000,,500000
91,60.104.023,— BIAYA ADMINISTRASI WANMERKING,Lumiera Garden,2025-01-03,BCA PT. ASA,Waarmerking LK-09 Dwi Mulyono - Notaris Ika,10.101.003 BCA (8162440909 an PT. Adhiland Sukses Abadi),250000,,750000
91,60.104.023,— BIAYA ADMINISTRASI WANMERKING,Lumiera Garden,2025-01-10,BCA PT. ASA,Waarmerking Kavling LK-02 an Etty Parawati,10.101.003 BCA (8162440909 an PT. Adhiland Sukses Abadi),250000,,1000000
91,60.104.023,— BIAYA ADMINISTRASI WANMERKING,Lumiera Garden,2025-01-10,BCA PT. ASA,Waarmerking Kavling LK-06 an Ninik Yulaikah,10.101.003 BCA (8162440909 an PT. Adhiland Sukses Abadi),250000,,1250000
91,60.104.023,— BIAYA ADMINISTRASI WANMERKING,Lumiera Garden,2025-01-10,BCA PT. ASA,"Waarmerking Kavling LK-10 an Mochamad Yunus, Ir",10.101.003 BCA (8162440909 an PT. Adhiland Sukses Abadi),250000,,1500000
91,60.104.023,— BIAYA ADMINISTRASI WANMERKING,Lumiera Garden,2025-01-31,BCA PT. ASA,Waarmerking PPJB Kavling LK-03 an Rachmadiana Sari,10.101.003 BCA (8162440909 an PT. Adhiland Sukses Abadi),250000,,1750000
91,60.104.023,— BIAYA ADMINISTRASI WANMERKING,Lumiera Garden,2025-01-31,BCA PT. ASA,Waarmerking PPJB Kavling LK-12 an Fitria Agustina,10.101.003 BCA (8162440909 an PT. Adhiland Sukses Abadi),250000,,2000000
91,60.104.023,— BIAYA ADMINISTRASI WANMERKING,Lumiera Garden,2025-02-07,BCA PT. ASA,Waarmerking PPJB C-02 an Fitria Amalia,10.101.003 BCA (8162440909 an PT. Adhiland Sukses Abadi),250000,,2250000
91,60.104.023,— BIAYA ADMINISTRASI WANMERKING,Lumiera Garden,2025-02-07,BCA PT. ASA,Waarmerking PPJB C-03 an Tri Prasetya,10.101.003 BCA (8162440909 an PT. Adhiland Sukses Abadi),250000,,2500000
91,60.104.023,— BIAYA ADMINISTRASI WANMERKING,Lumiera Garden,2025-02-07,BCA PT. ASA,Waarmerking PPJB LK-11 an Debora Natalia,10.101.003 BCA (8162440909 an PT. Adhiland Sukses Abadi),250000,,2750000
91,60.104.023,— BIAYA ADMINISTRASI WANMERKING,Lumiera Garden,2025-02-14,BCA PT. ASA,Waarmerking PPJB kav. LK-04 an Endah Kuswintari,10.101.003 BCA (8162440909 an PT. Adhiland Sukses Abadi),250000,,3000000
91,60.104.023,— BIAYA ADMINISTRASI WANMERKING,Lumiera Garden,2025-05-16,BCA PT. ASA,Waarmerking PPJB Kavling LK-05 an Ninik Yulaikah,10.101.003 BCA (8162440909 an PT. Adhiland Sukses Abadi),250000,,3250000
91,60.104.023,— BIAYA ADMINISTRASI WANMERKING,Lumiera Garden,2025-08-29,BCA PT. ASA,Waarmerking PPJB Kav. LK-22 an Jovita,10.101.003 BCA (8162440909 an PT. Adhiland Sukses Abadi),250000,,3500000
91,60.104.023,— BIAYA ADMINISTRASI WANMERKING,Lumiera Garden,2025-09-11,Cash/Tunai,Waarmerking Kwitansi Pelunasan Pembayaran Tanah Lumiera (1682 & 1683),10.101.002 CASH/TUNAI,800000,,4300000
91,60.104.023,— BIAYA ADMINISTRASI WANMERKING,Lumiera Garden,2025-09-26,BCA PT. ASA,Waarmerking Perjanjian Kerjasama Sunarya & PT. ASA,10.101.003 BCA (8162440909 an PT. Adhiland Sukses Abadi),250000,,4550000
91,60.104.023,— BIAYA ADMINISTRASI WANMERKING,Lumiera Garden,2025-10-24,BCA PT. ASA,Waarmerking PPJB Kav. LK-23 an Ririn Yuni Astutik,10.101.003 BCA (8162440909 an PT. Adhiland Sukses Abadi),250000,,4800000
91,60.104.023,— BIAYA ADMINISTRASI WANMERKING,Lumiera Garden,2025-10-31,BCA PT. ASA,Waarmerking PPJB LK-19 an Farida Budi W.,10.101.003 BCA (8162440909 an PT. Adhiland Sukses Abadi),250000,,5050000
91,60.104.023,— BIAYA ADMINISTRASI WANMERKING,Lumiera Garden,2025-11-14,BCA PT. ASA,Waarmerking PPJB LK-17 an M. Nassar,10.101.003 BCA (8162440909 an PT. Adhiland Sukses Abadi),250000,,5300000
91,60.104.023,— BIAYA ADMINISTRASI WANMERKING,Subtotal / Saldo Akhir,,,,,0,0,5300000
92,60.104.029,— BEBAN PAJAK LAINNYA/PAJAK BUNGA,Saldo Awal,,,,,,,0
92,60.104.029,— BEBAN PAJAK LAINNYA/PAJAK BUNGA,Lumiera Garden,2025-02-28,BCA PT. ASA,Pajak Bunga,10.101.003 BCA (8162440909 an PT. Adhiland Sukses Abadi),15449,,15449
92,60.104.029,— BEBAN PAJAK LAINNYA/PAJAK BUNGA,Lumiera Garden,2025-03-31,BCA PT. ASA,Pajak Bunga,10.101.003 BCA (8162440909 an PT. Adhiland Sukses Abadi),495,,15944
92,60.104.029,— BEBAN PAJAK LAINNYA/PAJAK BUNGA,Lumiera Garden,2025-04-30,BCA PT. ASA,Pajak Bunga,10.101.003 BCA (8162440909 an PT. Adhiland Sukses Abadi),14897,,30841
92,60.104.029,— BEBAN PAJAK LAINNYA/PAJAK BUNGA,Lumiera Garden,2025-05-31,BCA PT. ASA,Pajak Bunga,10.101.003 BCA (8162440909 an PT. Adhiland Sukses Abadi),551,,31392
92,60.104.029,— BEBAN PAJAK LAINNYA/PAJAK BUNGA,Lumiera Garden,2025-09-30,BCA PT. ASA,Pajak Bunga,10.101.003 BCA (8162440909 an PT. Adhiland Sukses Abadi),12512,,43904
92,60.104.029,— BEBAN PAJAK LAINNYA/PAJAK BUNGA,Lumiera Garden,2025-10-31,BCA PT. ASA,Pajak Bunga,10.101.003 BCA (8162440909 an PT. Adhiland Sukses Abadi),19578,,63482
92,60.104.029,— BEBAN PAJAK LAINNYA/PAJAK BUNGA,Lumiera Garden,2025-11-30,BCA PT. ASA,Pajak Bunga,10.101.003 BCA (8162440909 an PT. Adhiland Sukses Abadi),1007,,64489
92,60.104.029,— BEBAN PAJAK LAINNYA/PAJAK BUNGA,Lumiera Garden,2025-12-31,BCA PT. ASA,Pajak Bunga,10.101.003 BCA (8162440909 an PT. Adhiland Sukses Abadi),6389,,70878
92,60.104.029,— BEBAN PAJAK LAINNYA/PAJAK BUNGA,Subtotal / Saldo Akhir,,,,,0,0,70878
93,60.104.035,— PENYUSUTAN KENDARAAN,Saldo Awal,,,,,,,0
93,60.104.035,— PENYUSUTAN KENDARAAN,Lumiera Garden,2025-11-07,BCA PT. ASA,Fee Konsultan Pajak,10.101.003 BCA (8162440909 an PT. Adhiland Sukses Abadi),500000,,500000
93,60.104.035,— PENYUSUTAN KENDARAAN,Lumiera Garden,2025-12-05,BCA PT. ASA,Fee Konsultan Pajak,10.101.003 BCA (8162440909 an PT. Adhiland Sukses Abadi),500000,,1000000
93,60.104.035,— PENYUSUTAN KENDARAAN,Subtotal / Saldo Akhir,,,,,0,0,1000000
94,60.104.999,— LAIN-LAIN,Saldo Awal,,,,,,,0
94,60.104.999,— LAIN-LAIN,Lumiera Garden,2025-07-04,Kas Kecil,Penutup Proyek LG uk 2 m x 86 m - StarOne,10.101.001 KAS KECIL,20000000,,20000000
94,60.104.999,— LAIN-LAIN,Lumiera Garden,2025-09-26,BCA PT. ASA,Reimburse Maria (Periksa Air Minum Rumah Tangga),10.101.003 BCA (8162440909 an PT. Adhiland Sukses Abadi),184260,,20184260
94,60.104.999,— LAIN-LAIN,Lumiera Garden,2025-12-12,BCA PT. ASA,Perpanjangan Apersi 2026 PT Adhiland Sukses Abadi,10.101.003 BCA (8162440909 an PT. Adhiland Sukses Abadi),4000000,,24184260
94,60.104.999,— LAIN-LAIN,Subtotal / Saldo Akhir,,,,,0,0,24184260
