Perusahaan,Tanggal,Tipe,Ref,Deskripsi,Akun DB,Akun KR,Jumlah
Lumiera Garden,2025-12-31,KAS_KELUAR,BCA PT. ASA,Pajak Bunga,60.104.029 BEBAN PAJAK LAINNYA/PAJAK BUNGA,10.101.003 BCA (8162440909 an PT. Adhiland Sukses Abadi),6389
Lumiera Garden,2025-12-31,KAS_MASUK,BCA PT. ASA,Bunga Bank,10.101.003 BCA (8162440909 an PT. Adhiland Sukses Abadi),40.102.001 BUNGA BANK,31943
Lumiera Garden,2025-12-31,KAS_KELUAR,BCA PT. ASA,Admin Bank (Potongan Bulanan),60.104.010 ADMINISTRASI BANK,10.101.003 BCA (8162440909 an PT. Adhiland Sukses Abadi),30000
Lumiera Garden,2025-12-30,KAS_KELUAR,BCA PT. ASA,Token Listrik Kawasan (513111484250 / PJU Lumiera Joyo Agung),60.104.003 TOKEN PLN,10.101.003 BCA (8162440909 an PT. Adhiland Sukses Abadi),1003000
Lumiera Garden,2025-12-29,KAS_KELUAR,Kas Kecil,Biaya Transfer Beda Bank,60.104.010 ADMINISTRASI BANK,10.101.001 KAS KECIL,2500
Lumiera Garden,2025-12-29,KAS_KELUAR,Kas Kecil,Bayar Denda Termin 4 Pak Yayok (60 hari x Rp.1.500.000),10.201.001 PERSEDIAAN TANAH,10.101.001 KAS KECIL,90000000
Lumiera Garden,2025-12-29,KAS_KELUAR,Kas Kecil(149) Nota,Parkir Bank Mandiri,60.104.001 OPERASIONAL KANTOR,10.101.001 KAS KECIL,3000
Lumiera Garden,2025-12-29,KAS_KELUAR,Kas Kecil,Biaya Admin Setoran Tunai (Termin Tanah Pak Yayok),60.104.010 ADMINISTRASI BANK,10.101.001 KAS KECIL,2900
Lumiera Garden,2025-12-29,KAS_KELUAR,Kas Kecil,Pembayaran Termin 4 Tanah - Yayok Tuhoyoto Wisanggo,10.201.001 PERSEDIAAN TANAH,10.101.001 KAS KECIL,1000000000
Lumiera Garden,2025-12-29,KAS_MASUK,Kas Kecil,Pinjaman dari Manajemen Kost (Termin 4 Pak Yayok),10.101.001 KAS KECIL,20.103.011 HUTANG MANAJEMEN KOST,581671500
Lumiera Garden,2025-12-29,KAS_MASUK,Kas Kecil,Pinjaman dari Mayana Resort (Termin 4 Pak Yayok),10.101.001 KAS KECIL,20.103.010 HUTANG MAYANA RESORT,5000000
Lumiera Garden,2025-12-29,KAS_MASUK,Kas Kecil,Pinjaman dari Joyo Agung (Termin 4 Pak Yayok + Denda),10.101.001 KAS KECIL,20.103.009 HUTANG JOYO AGUNG 2,503331000
Lumiera Garden,2025-12-27,PENYESUAIAN,II Bantex (28),Listrik Kawasan (2 & 14 Des 2025),60.104.003 TOKEN PLN,10.101.004 SILANG KAS,4012000
Lumiera Garden,2025-12-27,PENYESUAIAN,II Bantex (28),"LPJ 3Kg, Pupuk, Superpell, Stella",60.104.001 OPERASIONAL KANTOR,10.101.004 SILANG KAS,178300
Lumiera Garden,2025-12-27,KAS_KELUAR,BCA PT. ASA,Biaya Admin (TF beda bank),60.104.010 ADMINISTRASI BANK,10.101.003 BCA (8162440909 an PT. Adhiland Sukses Abadi),2500
Lumiera Garden,2025-12-27,KAS_KELUAR,BCA PT. ASA,Retensi 5% Galeri Marketing (42/SPK.ADP/VIII/2025) - Riadi,10.202.017 GALLERY MARKETING,10.101.003 BCA (8162440909 an PT. Adhiland Sukses Abadi),6000000
Lumiera Garden,2025-12-27,KAS_MASUK,Kas Kecil,Pengembalian sisa dana budgeting (051225),10.101.001 KAS KECIL,10.101.004 SILANG KAS,21700
Lumiera Garden,2025-12-24,KAS_KELUAR,BCA PT. ASACek : 620446,Refund IJT LK-13 an Podang,20.101.002 UANG TANDA JADI,10.101.003 BCA (8162440909 an PT. Adhiland Sukses Abadi),5000000
Lumiera Garden,2025-12-24,KAS_KELUAR,BCA PT. ASACek : 620445,Refund DP LK-24 an Hikmatul Hikmiyah,20.101.001 UANG MUKA,10.101.003 BCA (8162440909 an PT. Adhiland Sukses Abadi),50000000
Lumiera Garden,2025-12-24,KAS_KELUAR,BCA PT. ASACek : 620445,Refund ITJ LK-24 an Hikmatul Hikmiyah,20.101.002 UANG TANDA JADI,10.101.003 BCA (8162440909 an PT. Adhiland Sukses Abadi),5000000
Lumiera Garden,2025-12-24,KAS_KELUAR,BCA PT. ASACek : 620444,Tarikan Tunai,10.101.004 SILANG KAS,10.101.003 BCA (8162440909 an PT. Adhiland Sukses Abadi),350000000
Lumiera Garden,2025-12-24,KAS_KELUAR,Kas Kecil,Pembayaran Hutang Ke Joyo Agung,20.103.009 HUTANG JOYO AGUNG 2,10.101.001 KAS KECIL,350000000
Lumiera Garden,2025-12-24,KAS_MASUK,Kas KecilCek : 620443,Pencairan Cek,10.101.001 KAS KECIL,10.101.004 SILANG KAS,350000000
Lumiera Garden,2025-12-24,KAS_KELUAR,Kas Kecil(142) Nota,Tambahan pegangan Novia (Galon Aqua),60.104.001 OPERASIONAL KANTOR,10.101.001 KAS KECIL,13000
Lumiera Garden,2025-12-23,KAS_KELUAR,Kas Kecil(148) Pos Indonesia,Kirim Kwitansi LK-23 an Ririn Yuni Astutik (ke Sidoarjo),60.104.009 PERANGKO/KIRIMAN SRT & DOK,10.101.001 KAS KECIL,11500
Lumiera Garden,2025-12-23,KAS_KELUAR,Kas Kecil(147) Kwitansi,Iuran Sampah Kantor/Ruko bulan Desember 2025,60.104.012 KEAMANAN DAN KEBERSIHAN,10.101.001 KAS KECIL,75000
Lumiera Garden,2025-12-22,KAS_MASUK,BCA PT. ASALK 23,Pembayaran Pelunasan Pembelian Rukost Kavling LK-23 an Ririn Yuni Astutik,10.101.003 BCA (8162440909 an PT. Adhiland Sukses Abadi),20.101.001 UANG MUKA,177500000
Lumiera Garden,2025-12-22,KAS_MASUK,BCA PT. ASALK 9,"Pembayaran Pelunasan Pembelian Rukost Kavling LK-09 an Dwi Mulyono, ST",10.101.003 BCA (8162440909 an PT. Adhiland Sukses Abadi),20.101.001 UANG MUKA,20000000
Lumiera Garden,2025-12-22,KAS_MASUK,BCA PT. ASALK 17,Pembayaran Ke-2 Pembelian Rukost LK-17 an Muhammad Nassar,10.101.003 BCA (8162440909 an PT. Adhiland Sukses Abadi),20.101.001 UANG MUKA,200000000
Lumiera Garden,2025-12-20,KAS_MASUK,BCA PT. ASALK 9,"Pembayaran Cicilan Pelunasan Ke-8 Kavling LK-09 an Dwi Mulyono, ST",10.101.003 BCA (8162440909 an PT. Adhiland Sukses Abadi),20.101.001 UANG MUKA,35000000
Lumiera Garden,2025-12-20,KAS_KELUAR,Kas Kecil(146) Indomaret & TB. Cahaya Alam),"Pembelian kebutuhan kantor (sabun cuci piring, gula, kuas - 3 nota)",60.104.001 OPERASIONAL KANTOR,10.101.001 KAS KECIL,44800
Lumiera Garden,2025-12-19,KAS_KELUAR,BCA PT. ASA,UM Expo MOG (3-14 Des 2025) - Adib,60.101.006 EXPO,10.101.003 BCA (8162440909 an PT. Adhiland Sukses Abadi),400000
Lumiera Garden,2025-12-19,KAS_KELUAR,BCA PT. ASA,UM Expo MOG (3-14 Des 2025) - Dinda,60.101.006 EXPO,10.101.003 BCA (8162440909 an PT. Adhiland Sukses Abadi),400000
Lumiera Garden,2025-12-19,KAS_KELUAR,BCA PT. ASA,UM Expo MOG (3-14 Des 2025) - Nanda,60.101.006 EXPO,10.101.003 BCA (8162440909 an PT. Adhiland Sukses Abadi),450000
Lumiera Garden,2025-12-19,KAS_KELUAR,BCA PT. ASA,UM Expo MOG (3-14 Des 2025) - Ika,60.101.006 EXPO,10.101.003 BCA (8162440909 an PT. Adhiland Sukses Abadi),450000
Lumiera Garden,2025-12-19,KAS_KELUAR,BCA PT. ASA,Reimburse Pak Sugeng (Kran air fasum),10.202.024 FASUM,10.101.003 BCA (8162440909 an PT. Adhiland Sukses Abadi),134000
Lumiera Garden,2025-12-19,KAS_KELUAR,BCA PT. ASA,Reimburse Pak Dian (Bensin alat pemotong),60.104.001 OPERASIONAL KANTOR,10.101.003 BCA (8162440909 an PT. Adhiland Sukses Abadi),50000
Lumiera Garden,2025-12-19,KAS_KELUAR,BCA PT. ASA,Reimburse Pak Adhi (Weekly Meeting Pak Rendra),60.104.013 MEETING,10.101.003 BCA (8162440909 an PT. Adhiland Sukses Abadi),373000
Lumiera Garden,2025-12-19,KAS_KELUAR,BCA PT. ASA,Reimburse Pak Adhi (Weekly Meeting Direksi),60.104.013 MEETING,10.101.003 BCA (8162440909 an PT. Adhiland Sukses Abadi),234906
Lumiera Garden,2025-12-16,PENYESUAIAN,(141) SPBU Jl. Sutami & Jl. Bandung,Pertamax Zenix (3 Nota),60.104.007 BENSIN OPERASIONAL,10.101.004 SILANG KAS,350000
Lumiera Garden,2025-12-16,PENYESUAIAN,(137) Nota,Kebutuhan Kamar Mandi Galeri & Galon (4 Nota),60.104.001 OPERASIONAL KANTOR,10.101.004 SILANG KAS,81500
Lumiera Garden,2025-12-16,PENYESUAIAN,(137) MRV Wash & Qof,Cuci Mobil Zenix (2 Nota),60.104.001 OPERASIONAL KANTOR,10.101.004 SILANG KAS,95000
Lumiera Garden,2025-12-16,PENYESUAIAN,(137) Nota (Pertashop SG),Bensin Zenix,60.104.007 BENSIN OPERASIONAL,10.101.004 SILANG KAS,100000
Lumiera Garden,2025-12-16,PENYESUAIAN,(137) Nota MOG,Parkir EXPO MOG (18 Nota),60.104.001 OPERASIONAL KANTOR,10.101.004 SILANG KAS,211000
Lumiera Garden,2025-12-16,KAS_MASUK,Kas Kecil,Pengembalian sisa dana (kebutuhan EXPO / 041225),10.101.001 KAS KECIL,10.101.004 SILANG KAS,12500
Lumiera Garden,2025-12-13,KAS_KELUAR,Kas Kecil(145) Dian Ilmu Stationary,ATK - Kertas A4 (3 rim)+Kertas F4 (1 rim)+Binder Klip (2),60.104.001 OPERASIONAL KANTOR,10.101.001 KAS KECIL,170500
Lumiera Garden,2025-12-13,KAS_MASUK,Kas Kecil,Pengembalian dana Log Stabilizier (170725),10.101.001 KAS KECIL,60.104.001 OPERASIONAL KANTOR,200000
Lumiera Garden,2025-12-13,KAS_KELUAR,Kas Kecil,Kekurangan Pembelian Lanyard Marketing 10pcs (030125),60.101.004 BEBAN ADVERTISING,10.101.001 KAS KECIL,19240
Lumiera Garden,2025-12-13,KAS_MASUK,Kas Kecil,Pengembalian sisa dana (Get Contact / 200325),10.101.001 KAS KECIL,10.101.004 SILANG KAS,8910
Lumiera Garden,2025-12-13,KAS_KELUAR,Kas Kecil(144) Toko Wongkamfoeng,Pegangan Mas Andik (Belanja Reward Karyawan Terbaik November - Maria),60.104.002 SUMBANGAN/REWARD,10.101.001 KAS KECIL,167000
Lumiera Garden,2025-12-12,KAS_KELUAR,BCA PT. ASA,Papan Karangan bunga ucapan pernikahan,60.104.002 SUMBANGAN/REWARD,10.101.003 BCA (8162440909 an PT. Adhiland Sukses Abadi),500000
Lumiera Garden,2025-12-12,KAS_KELUAR,BCA PT. ASA,Budgeting CRD (Listrik Kawasan),10.101.004 SILANG KAS,10.101.003 BCA (8162440909 an PT. Adhiland Sukses Abadi),2006000
Lumiera Garden,2025-12-12,KAS_KELUAR,BCA PT. ASA,DP Open Table MOG (01-31 Desember 2025),60.101.006 EXPO,10.101.003 BCA (8162440909 an PT. Adhiland Sukses Abadi),10000000
Lumiera Garden,2025-12-12,KAS_KELUAR,BCA PT. ASA,Biaya Admin (TF beda bank),60.104.010 ADMINISTRASI BANK,10.101.003 BCA (8162440909 an PT. Adhiland Sukses Abadi),2500
Lumiera Garden,2025-12-12,KAS_KELUAR,BCA PT. ASA,Ads (12.2),60.101.005 BEBAN DIGITAL ADS,10.101.003 BCA (8162440909 an PT. Adhiland Sukses Abadi),5000000
Lumiera Garden,2025-12-12,KAS_KELUAR,BCA PT. ASA,Biaya Admin (TF beda bank),60.104.010 ADMINISTRASI BANK,10.101.003 BCA (8162440909 an PT. Adhiland Sukses Abadi),2500
Lumiera Garden,2025-12-12,KAS_KELUAR,BCA PT. ASA,Perpanjangan Apersi 2026 PT Adhiland Sukses Abadi,60.104.999 LAIN-LAIN,10.101.003 BCA (8162440909 an PT. Adhiland Sukses Abadi),4000000
Lumiera Garden,2025-12-12,KAS_KELUAR,BCA PT. ASA,Kas Bon Karyawan (Dian Priyanto / Umum),10.102.011 PIUTANG KARYAWAN,10.101.003 BCA (8162440909 an PT. Adhiland Sukses Abadi),3000000
Lumiera Garden,2025-12-12,KAS_KELUAR,BCA PT. ASA,Wifi Project bulan Desember (01000557664),60.104.006 TAGIHAN WIFI,10.101.003 BCA (8162440909 an PT. Adhiland Sukses Abadi),416250
Lumiera Garden,2025-12-12,KAS_KELUAR,BCA PT. ASA,Wifi Kantor Ruko Suhat bulan Desember (01000274460),60.104.006 TAGIHAN WIFI,10.101.003 BCA (8162440909 an PT. Adhiland Sukses Abadi),416250
Lumiera Garden,2025-12-12,KAS_KELUAR,BCA PT. ASA,Pembayaran Halo Call Center Desember (08113646900),60.104.005 TAGIHAN HALO CALL CENTER (08113646900),10.101.003 BCA (8162440909 an PT. Adhiland Sukses Abadi),202800
Lumiera Garden,2025-12-12,KAS_KELUAR,Kas Kecil,Reimburse Pak Adhi (Meeting Weekly Pak Rendra / 081225),60.104.013 MEETING,10.101.001 KAS KECIL,283958
Lumiera Garden,2025-12-12,KAS_KELUAR,Kas Kecil,Reimburse Pak Adhi (Meeting Weekly Pak Rendra / 11/11/2025),60.104.013 MEETING,10.101.001 KAS KECIL,270456
Lumiera Garden,2025-12-12,KAS_KELUAR,Kas Kecil,Reimburse Pak Adhi (Luckin Coffee),60.104.001 OPERASIONAL KANTOR,10.101.001 KAS KECIL,225843
Lumiera Garden,2025-12-12,KAS_KELUAR,Kas Kecil,Reimburse Pak Adhi (Nasi Bebek Mekkah),60.104.001 OPERASIONAL KANTOR,10.101.001 KAS KECIL,386325
Lumiera Garden,2025-12-12,KAS_KELUAR,Kas Kecil,Reimburse Pak Adhi (Jabarono Coffee),60.104.001 OPERASIONAL KANTOR,10.101.001 KAS KECIL,1090800
Lumiera Garden,2025-12-12,KAS_KELUAR,Kas Kecil,Reimburse Pak Adhi (Coffee Madinah),60.104.001 OPERASIONAL KANTOR,10.101.001 KAS KECIL,290880
Lumiera Garden,2025-12-12,KAS_KELUAR,Kas Kecil,Reimburse Pak Adhi (Makan Malam Al Rajbi/2 nota),60.104.001 OPERASIONAL KANTOR,10.101.001 KAS KECIL,818100
Lumiera Garden,2025-12-12,KAS_KELUAR,Kas Kecil,Reimburse Pak Adhi (Makan Grand Bazar),60.104.001 OPERASIONAL KANTOR,10.101.001 KAS KECIL,1817725
Lumiera Garden,2025-12-12,KAS_KELUAR,Kas Kecil,Reimburse Pak Adhi (Kopi Turki Sofa cafe/3 nota),60.104.001 OPERASIONAL KANTOR,10.101.001 KAS KECIL,600600
Lumiera Garden,2025-12-12,KAS_KELUAR,Kas Kecil,Reimburse Pak Adhi (Makan di Juanda),60.104.001 OPERASIONAL KANTOR,10.101.001 KAS KECIL,707000
Lumiera Garden,2025-12-12,KAS_MASUK,Kas Kecil,Pinjaman dari Sigura-Gura,10.101.001 KAS KECIL,20.103.006 HUTANG SIGURA-GURA,6362487
Lumiera Garden,2025-12-11,PENYESUAIAN,(143) Nota,Gula,60.104.001 OPERASIONAL KANTOR,10.101.004 SILANG KAS,17000
Lumiera Garden,2025-12-11,KAS_MASUK,BCA PT. ASALK 9,"Pembayaran Cicilan Pelunasan Ke-7 Kavling LK-09 an Dwi Mulyono, ST",10.101.003 BCA (8162440909 an PT. Adhiland Sukses Abadi),20.101.001 UANG MUKA,25000000
Lumiera Garden,2025-12-11,KAS_MASUK,Kas Kecil,Kembalian sisa dana pegangan Novia (021225),10.101.001 KAS KECIL,10.101.004 SILANG KAS,33000
Lumiera Garden,2025-12-11,KAS_KELUAR,Kas Kecil(142) Nota,Pegangan Novia (Galon),60.104.001 OPERASIONAL KANTOR,10.101.001 KAS KECIL,50000
Lumiera Garden,2025-12-10,KAS_KELUAR,Kas Kecil(141) Nota,Pegangan Mas Andik (Bensin Zenix),10.101.004 SILANG KAS,10.101.001 KAS KECIL,350000
Lumiera Garden,2025-12-09,KAS_KELUAR,Kas Kecil,Pembayaran Hutang Ke Sigura-Gura (Biaya Transport Survey Pertek Mayana-Sisi Depan),20.103.006 HUTANG SIGURA-GURA,10.101.001 KAS KECIL,500000
Lumiera Garden,2025-12-08,KAS_MASUK,BCA PT. ASALK 9,"Pembayaran Cicilan Pelunasan Ke-6 Kavling LK-09 an Dwi Mulyono, ST",10.101.003 BCA (8162440909 an PT. Adhiland Sukses Abadi),20.101.001 UANG MUKA,10000000
Lumiera Garden,2025-12-06,KAS_KELUAR,Kas Kecil(140) Pom Pokok Berkah & Nota,Bensin & Oli Mesin Potong Rumput (2 nota),60.104.001 OPERASIONAL KANTOR,10.101.001 KAS KECIL,80000
Lumiera Garden,2025-12-06,KAS_KELUAR,Kas Kecil(139) UD. Seribu Makmur,Material Perbaikan Kantor Lt.1 (Lem Rajawali),60.104.019 RENOVASI KANTOR,10.101.001 KAS KECIL,20000
Lumiera Garden,2025-12-05,PENYESUAIAN,(137) BP Soekarno Hatta,Bensin BP Zenix,60.104.007 BENSIN OPERASIONAL,10.101.004 SILANG KAS,500000
Lumiera Garden,2025-12-05,KAS_KELUAR,BCA PT. ASA,Budgeting CRD (Kebutuhan Insidentil),10.101.004 SILANG KAS,10.101.003 BCA (8162440909 an PT. Adhiland Sukses Abadi),200000
Lumiera Garden,2025-12-05,KAS_KELUAR,BCA PT. ASA,DP Expo MOG (3-14 Desember 2025),60.101.006 EXPO,10.101.003 BCA (8162440909 an PT. Adhiland Sukses Abadi),10000000
Lumiera Garden,2025-12-05,KAS_KELUAR,BCA PT. ASA,Pelunasan Open Table MOG (1-30 November 2025),60.101.006 EXPO,10.101.003 BCA (8162440909 an PT. Adhiland Sukses Abadi),28000000
Lumiera Garden,2025-12-05,KAS_KELUAR,BCA PT. ASA,Biaya Admin (TF beda bank),60.104.010 ADMINISTRASI BANK,10.101.003 BCA (8162440909 an PT. Adhiland Sukses Abadi),2500
Lumiera Garden,2025-12-05,KAS_KELUAR,BCA PT. ASA,Ads (12.1),60.101.005 BEBAN DIGITAL ADS,10.101.003 BCA (8162440909 an PT. Adhiland Sukses Abadi),5000000
Lumiera Garden,2025-12-05,KAS_KELUAR,BCA PT. ASA,Fee Konsultan Pajak,60.104.035 KONSULTAN,10.101.003 BCA (8162440909 an PT. Adhiland Sukses Abadi),500000
Lumiera Garden,2025-12-05,KAS_KELUAR,BCA PT. ASA620443,Tarikan Tunai,10.101.004 SILANG KAS,10.101.003 BCA (8162440909 an PT. Adhiland Sukses Abadi),37200000
Lumiera Garden,2025-12-05,KAS_KELUAR,Kas Kecil(138) POS Indonesia,Pembelian Materai,60.104.008 MATERAI,10.101.001 KAS KECIL,500000
Lumiera Garden,2025-12-05,KAS_KELUAR,Kas Kecil,Pembayaran Hutang Ke Joyo Agung,20.103.009 HUTANG JOYO AGUNG 2,10.101.001 KAS KECIL,37200000
Lumiera Garden,2025-12-05,KAS_MASUK,Kas KecilCek : 620443,Pencairan Cek,10.101.001 KAS KECIL,10.101.004 SILANG KAS,37200000
Lumiera Garden,2025-12-05,KAS_KELUAR,Kas Kecil(136) Grosir Pokok Berkah,"Galon Refil (Cleo 4, Aqua 1)",60.104.001 OPERASIONAL KANTOR,10.101.001 KAS KECIL,92000
Lumiera Garden,2025-12-05,KAS_KELUAR,Kas Kecil(135) SPBU Jl Raya Tlogomas & Supriadi 38,Bensin Pick Up (2 Nota),60.104.007 BENSIN OPERASIONAL,10.101.001 KAS KECIL,150000
Lumiera Garden,2025-12-05,KAS_KELUAR,Kas Kecil(134) Nota,Kekurangan Material Perbaikan Lt.3 & Saluran - Kantor (6 Nota),60.104.019 RENOVASI KANTOR,10.101.001 KAS KECIL,315000
Lumiera Garden,2025-12-04,PENYESUAIAN,,Pindah Saldo,10.101.001 KAS KECIL,10.101.002 CASH/TUNAI,200000000
Lumiera Garden,2025-12-04,KAS_KELUAR,BCA PT. ASA,Biaya Admin (TF beda bank),60.104.010 ADMINISTRASI BANK,10.101.003 BCA (8162440909 an PT. Adhiland Sukses Abadi),2500
Lumiera Garden,2025-12-04,KAS_KELUAR,BCA PT. ASA,Bantuan Kemanusiaan Bencana Sumatera,60.104.002 SUMBANGAN/REWARD,10.101.003 BCA (8162440909 an PT. Adhiland Sukses Abadi),2000000
Lumiera Garden,2025-12-04,KAS_KELUAR,BCA PT. ASACek : 620441,Tarikan Tunai,10.101.004 SILANG KAS,10.101.003 BCA (8162440909 an PT. Adhiland Sukses Abadi),450000000
Lumiera Garden,2025-12-04,KAS_KELUAR,BCA PT. ASACek : 620442,Tarikan Tunai,10.101.004 SILANG KAS,10.101.003 BCA (8162440909 an PT. Adhiland Sukses Abadi),80000000
Lumiera Garden,2025-12-04,KAS_KELUAR,Kas Kecil(137) Nota,Pegangan Mas Andik (Kebutuhan Expo - Parkir & Bensin),10.101.004 SILANG KAS,10.101.001 KAS KECIL,1000000
Lumiera Garden,2025-12-04,KAS_KELUAR,Kas Kecil(134) TB Sumber Lancar & Toko Mayang Grand 1,Pegangan Pak Dian (Material Pipa Saluran - Kantor),60.104.019 RENOVASI KANTOR,10.101.001 KAS KECIL,300000
Lumiera Garden,2025-12-04,KAS_KELUAR,Kas Kecil(134) TB. Cahaya Alam,Pegangan Pak Dian (Material Lt.3 - Kantor),60.104.019 RENOVASI KANTOR,10.101.001 KAS KECIL,200000
Lumiera Garden,2025-12-04,KAS_KELUAR,Kas Kecil,Pembayaran Hutang Ke Sigura-Gura,20.103.006 HUTANG SIGURA-GURA,10.101.001 KAS KECIL,726000000
Lumiera Garden,2025-12-04,KAS_MASUK,Kas KecilCek : 620441,Pencairan Cek,10.101.001 KAS KECIL,10.101.004 SILANG KAS,80000000
Lumiera Garden,2025-12-04,KAS_MASUK,Kas KecilCek : 620442,Pencairan Cek,10.101.001 KAS KECIL,10.101.004 SILANG KAS,450000000
Lumiera Garden,2025-12-03,PENYESUAIAN,(127) Tiong Bahru,Weekly Marcomm,60.104.013 MEETING,10.101.004 SILANG KAS,150000
Lumiera Garden,2025-12-03,KAS_MASUK,BCA PT. ASALK 9,"Pembayaran Cicilan Pelunasan Ke-5 Kavling LK-09 an Dwi Mulyono, ST",10.101.003 BCA (8162440909 an PT. Adhiland Sukses Abadi),20.101.001 UANG MUKA,10000000
Lumiera Garden,2025-12-03,KAS_MASUK,BCA PT. ASALK 23,Pembayaran Angsuran Ke-2 Pembelian Rukost Kavling LK-23 an Ririn Yuni Astutik,10.101.003 BCA (8162440909 an PT. Adhiland Sukses Abadi),20.101.001 UANG MUKA,180000000
Lumiera Garden,2025-12-03,KAS_KELUAR,Kas Kecil(127) Tiong Bahru,Kekurangan Weekly Marcomm,60.104.013 MEETING,10.101.001 KAS KECIL,12900
Lumiera Garden,2025-12-02,PENYESUAIAN,(133) Gas Station,Bensin Mesin Potong Rumput (Pegangan Pak Dian 26/11/25),60.104.001 OPERASIONAL KANTOR,10.101.004 SILANG KAS,50000
Lumiera Garden,2025-12-02,PENYESUAIAN,(133) SPBU Raya Sengkaling,Bensin Pick Up (Pegangan Pak Dian 26/11/25),60.104.007 BENSIN OPERASIONAL,10.101.004 SILANG KAS,150000
Lumiera Garden,2025-12-02,PENYESUAIAN,(132) Nota,Aqua Galon (2pcs) & Gula,60.104.001 OPERASIONAL KANTOR,10.101.004 SILANG KAS,50000
Lumiera Garden,2025-12-02,PENYESUAIAN,(128) IDM Pandansari & Gerbag Toll Grati,"Top Up E-Toll (2 Nota) - Akomodasi Juanda (Jemput Bapak"" Direksi)",60.104.011 PERJALANAN DINAS,10.101.004 SILANG KAS,300000
Lumiera Garden,2025-12-02,PENYESUAIAN,(128) SPBU Rest Area Km 84B,"Pertamax Avanza - Akomodasi Juanda (Jemput Bapak"" Direksi)",60.104.007 BENSIN OPERASIONAL,10.101.004 SILANG KAS,300000
Lumiera Garden,2025-12-02,PENYESUAIAN,(128) SPBU JL. S.Supriadi Kebonsari,"Pertamax Zenix - Akomodasi Juanda (Jemput Bapak"" Direksi)",60.104.007 BENSIN OPERASIONAL,10.101.004 SILANG KAS,300000
Lumiera Garden,2025-12-02,PENYESUAIAN,II Indostation,Bensin Avanza (Untuk Keliling Belanja),60.104.007 BENSIN OPERASIONAL,10.101.004 SILANG KAS,100000
Lumiera Garden,2025-12-02,PENYESUAIAN,II Dream Garage,Pengharum Mobil - Parfum Glate,60.104.001 OPERASIONAL KANTOR,10.101.004 SILANG KAS,100000
Lumiera Garden,2025-12-02,PENYESUAIAN,II Dewa-Dewi,"MInuman E+ 250ml, Kunir Asem, Tissue, Permen",60.104.001 OPERASIONAL KANTOR,10.101.004 SILANG KAS,1297500
Lumiera Garden,2025-12-02,KAS_KELUAR,BCA PT. ASA,Budgeting CRD (Listrik Kawasan),10.101.004 SILANG KAS,10.101.003 BCA (8162440909 an PT. Adhiland Sukses Abadi),2006000
Lumiera Garden,2025-12-02,KAS_KELUAR,Kas Kecil,Pegangan Novia,10.101.004 SILANG KAS,10.101.001 KAS KECIL,50000
Lumiera Garden,2025-12-02,KAS_KELUAR,Kas Kecil(128) IDM Point Rest Area Km. 84B,Konsumsi (Minuman Kopi),60.104.001 OPERASIONAL KANTOR,10.101.001 KAS KECIL,37200
Lumiera Garden,2025-12-02,KAS_MASUK,Kas Kecil,Kembalian sisa dana belanja kebutuhan EXPO,10.101.001 KAS KECIL,10.101.004 SILANG KAS,142500
Lumiera Garden,2025-12-02,KAS_KELUAR,Kas Kecil(132) Nota,Kekurangan pembelian gula,60.104.001 OPERASIONAL KANTOR,10.101.001 KAS KECIL,10000
Lumiera Garden,2025-12-01,PENYESUAIAN,,Potongan Kas Bon Karyawan bulan November (Marketing / Wira),60.102.001 GAJI KARYAWAN TETAP,10.102.011 PIUTANG KARYAWAN,1000000
Lumiera Garden,2025-12-01,PENYESUAIAN,,Potongan Kas Bon Karyawan bulan November (Umum / Sukamto),60.102.001 GAJI KARYAWAN TETAP,10.102.011 PIUTANG KARYAWAN,200000
Lumiera Garden,2025-12-01,PENYESUAIAN,,Potongan Kas Bon Karyawan bulan November (Security / Suliaji),60.102.001 GAJI KARYAWAN TETAP,10.102.011 PIUTANG KARYAWAN,300000
Lumiera Garden,2025-12-01,PENYESUAIAN,,Potongan Kas Bon Karyawan bulan November (Security / Yossi),60.102.001 GAJI KARYAWAN TETAP,10.102.011 PIUTANG KARYAWAN,200000
Lumiera Garden,2025-12-01,PENYESUAIAN,,Potongan Kas Bon Karyawan bulan November (Umum / Sudjarno),60.102.001 GAJI KARYAWAN TETAP,10.102.011 PIUTANG KARYAWAN,300000
Lumiera Garden,2025-12-01,PENYESUAIAN,,Potongan Kas Bon Karyawan bulan November (Marketing / Silvi),60.102.001 GAJI KARYAWAN TETAP,10.102.011 PIUTANG KARYAWAN,333333
Lumiera Garden,2025-12-01,PENYESUAIAN,,Potongan Kas Bon Karyawan bulan November (Direksi / Dedy Nazarudin),60.102.001 GAJI KARYAWAN TETAP,10.102.011 PIUTANG KARYAWAN,500000
Lumiera Garden,2025-12-01,PENYESUAIAN,,Potongan Kas Bon Karyawan bulan November (Security / Dela Herman),60.102.001 GAJI KARYAWAN TETAP,10.102.011 PIUTANG KARYAWAN,500000
Lumiera Garden,2025-12-01,PENYESUAIAN,,Potongan Kas Bon Karyawan bulan November (Security / Yusuf Efendi),60.102.001 GAJI KARYAWAN TETAP,10.102.011 PIUTANG KARYAWAN,250000
Lumiera Garden,2025-12-01,PENYESUAIAN,,Potongan Kas Bon Karyawan bulan November (Security / Dian Nuri),60.102.001 GAJI KARYAWAN TETAP,10.102.011 PIUTANG KARYAWAN,500000
Lumiera Garden,2025-12-01,KAS_KELUAR,BCA PT. ASA,Biaya Admin (TF beda bank),60.104.010 ADMINISTRASI BANK,10.101.003 BCA (8162440909 an PT. Adhiland Sukses Abadi),2500
Lumiera Garden,2025-12-01,KAS_KELUAR,BCA PT. ASA(130) Kwitansi,Cat Mobil Zenix,60.104.021 MAINTENANCE KENDARAAN,10.101.003 BCA (8162440909 an PT. Adhiland Sukses Abadi),700000
Lumiera Garden,2025-12-01,KAS_MASUK,BCA PT. ASALK 1,"ITJ kavling LK-01 an Dyah Lusita Risdhianti Werdiningsih, S.PSi",10.101.003 BCA (8162440909 an PT. Adhiland Sukses Abadi),20.101.002 UANG TANDA JADI,5000000
Lumiera Garden,2025-12-01,KAS_KELUAR,BCA PT. ASA,Biaya Admin (TF beda bank),60.104.010 ADMINISTRASI BANK,10.101.003 BCA (8162440909 an PT. Adhiland Sukses Abadi),14000
Lumiera Garden,2025-12-01,KAS_KELUAR,BCA PT. ASA,Gaji Karyawan bulan November 2025 (Payroll),60.102.001 GAJI KARYAWAN TETAP,10.101.003 BCA (8162440909 an PT. Adhiland Sukses Abadi),126581234
Lumiera Garden,2025-12-01,KAS_KELUAR,Kas Kecil(131) Majesty,Cetak Sticker All Marketing (untuk EXPO),60.104.001 OPERASIONAL KANTOR,10.101.001 KAS KECIL,315000
Lumiera Garden,2025-11-30,KAS_KELUAR,BCA PT. ASA,Pajak Bunga,60.104.029 BEBAN PAJAK LAINNYA/PAJAK BUNGA,10.101.003 BCA (8162440909 an PT. Adhiland Sukses Abadi),1007
Lumiera Garden,2025-11-30,KAS_MASUK,BCA PT. ASA,Bunga Bank,10.101.003 BCA (8162440909 an PT. Adhiland Sukses Abadi),40.102.001 BUNGA BANK,5034
Lumiera Garden,2025-11-30,KAS_KELUAR,BCA PT. ASA,Admin Bank (Potongan Bulanan),60.104.010 ADMINISTRASI BANK,10.101.003 BCA (8162440909 an PT. Adhiland Sukses Abadi),30000
Lumiera Garden,2025-11-29,PENYESUAIAN,II Bantex (26),Listrik Kawasan (31/10/25),60.104.003 TOKEN PLN,10.101.004 SILANG KAS,2006000
Lumiera Garden,2025-11-29,KAS_KELUAR,BCA PT. ASA(128) Nota,Akomodasi Direksi (Jemput dari Juanda),10.101.004 SILANG KAS,10.101.003 BCA (8162440909 an PT. Adhiland Sukses Abadi),900000
Lumiera Garden,2025-11-29,KAS_KELUAR,BCA PT. ASA,"Budgeting EXPO (air mineral, permen, tissu)",10.101.004 SILANG KAS,10.101.003 BCA (8162440909 an PT. Adhiland Sukses Abadi),1640000
Lumiera Garden,2025-11-29,KAS_MASUK,Kas Kecil,Pengembalian Sisa Dana Budgeting CRD (010825),10.101.001 KAS KECIL,10.101.004 SILANG KAS,15000
Lumiera Garden,2025-11-29,KAS_KELUAR,Kas Kecil,LPJ 3Kg (Galeri Marketing),60.104.001 OPERASIONAL KANTOR,10.101.001 KAS KECIL,22000
Lumiera Garden,2025-11-29,KAS_KELUAR,Kas Kecil(129) Indomaret Soekarno Hatta,Tali Rafia (Kebutuhan Expo),60.104.001 OPERASIONAL KANTOR,10.101.001 KAS KECIL,5500
Lumiera Garden,2025-11-29,KAS_KELUAR,Kas Kecil(127) Tiong Bahru,Weekly Marcomm,10.101.004 SILANG KAS,10.101.001 KAS KECIL,150000
Lumiera Garden,2025-11-28,PENYESUAIAN,,Pindah Saldo,10.101.001 KAS KECIL,10.101.002 CASH/TUNAI,129170600
Lumiera Garden,2025-11-28,KAS_KELUAR,BCA PT. ASA,Kas Bon Karyawan (Wira / Marketing),10.102.011 PIUTANG KARYAWAN,10.101.003 BCA (8162440909 an PT. Adhiland Sukses Abadi),10000000
Lumiera Garden,2025-11-28,KAS_KELUAR,BCA PT. ASA,Domain Registration - adhiland.com - 1 Years (14 Nov 2025 s/d 13 Nov 2026) + DNS Management,60.101.005 BEBAN DIGITAL ADS,10.101.003 BCA (8162440909 an PT. Adhiland Sukses Abadi),150000
Lumiera Garden,2025-11-28,KAS_KELUAR,BCA PT. ASA,Domain Renewal - lumieragarden.id - 1 Years (17 Des 2025 s/d 16 Des 2026) + DNS Management,60.101.005 BEBAN DIGITAL ADS,10.101.003 BCA (8162440909 an PT. Adhiland Sukses Abadi),300000
Lumiera Garden,2025-11-28,KAS_KELUAR,BCA PT. ASA,Reimburse Pak Dedy (Tambal Pres + Bongkar Pasang - Mobil Zenix),60.104.001 OPERASIONAL KANTOR,10.101.003 BCA (8162440909 an PT. Adhiland Sukses Abadi),150000
Lumiera Garden,2025-11-28,KAS_KELUAR,BCA PT. ASA,Reimburse Handik (obat kolam ikan),60.104.001 OPERASIONAL KANTOR,10.101.003 BCA (8162440909 an PT. Adhiland Sukses Abadi),43000
Lumiera Garden,2025-11-28,KAS_KELUAR,BCA PT. ASA,"Peralatan Taman (pisau potong rumput, senarpotong rumput, bluck cutter, sekrop, pacul, arit)",60.104.001 OPERASIONAL KANTOR,10.101.003 BCA (8162440909 an PT. Adhiland Sukses Abadi),405000
Lumiera Garden,2025-11-28,KAS_KELUAR,BCA PT. ASACek : 620440,Tarikan Tunai,10.101.004 SILANG KAS,10.101.003 BCA (8162440909 an PT. Adhiland Sukses Abadi),329170600
Lumiera Garden,2025-11-28,KAS_KELUAR,BCA PT. ASA,Roundap & Gramoxone,60.104.001 OPERASIONAL KANTOR,10.101.003 BCA (8162440909 an PT. Adhiland Sukses Abadi),145000
Lumiera Garden,2025-11-28,KAS_KELUAR,Kas Kecil,Reimburse Pak Adhi (Tiket Masuk Museum Topkapi Turki / 6 pack),60.104.001 OPERASIONAL KANTOR,10.101.001 KAS KECIL,8160000
Lumiera Garden,2025-11-28,KAS_KELUAR,Kas Kecil,Pembayaran Hutang Ke Sigura-Gura,20.103.006 HUTANG SIGURA-GURA,10.101.001 KAS KECIL,121010600
Lumiera Garden,2025-11-28,KAS_MASUK,Cash/TunaiCek : 620440,Pencairan Cek,10.101.002 CASH/TUNAI,10.101.004 SILANG KAS,329170600
Lumiera Garden,2025-11-27,KAS_KELUAR,Kas Kecil(126) Kwitansi,Iuran Sampah Kantor/Ruko bulan November 2025,60.104.012 KEAMANAN DAN KEBERSIHAN,10.101.001 KAS KECIL,75000
Lumiera Garden,2025-11-27,KAS_MASUK,Kas Kecil,Pinjaman dari Joyo Agung 2,10.101.001 KAS KECIL,20.103.009 HUTANG JOYO AGUNG 2,600000
Lumiera Garden,2025-11-26,KAS_KELUAR,BCA PT. ASA,Bensin Pick Up (Pak Dian),10.101.004 SILANG KAS,10.101.003 BCA (8162440909 an PT. Adhiland Sukses Abadi),200000
Lumiera Garden,2025-11-25,KAS_KELUAR,BCA PT. ASA,Lampu Bohlam Jalan Masuk (3 unit) - Gajayana Electronic,10.202.012 PENERANGAN JALAN UMUM,10.101.003 BCA (8162440909 an PT. Adhiland Sukses Abadi),540000
Lumiera Garden,2025-11-25,KAS_KELUAR,Kas Kecil(125) Gas Station,Bensin Mesin Pemotong Rumput,60.104.001 OPERASIONAL KANTOR,10.101.001 KAS KECIL,50000
Lumiera Garden,2025-11-24,KAS_KELUAR,Kas Kecil,Biaya Kelurahan untuk keterangan jalan masuk Lumiera Garden,10.201.011 PERIJINAN,10.101.001 KAS KECIL,250000
Lumiera Garden,2025-11-24,KAS_MASUK,Kas Kecil,Pinjaman dari Joyo Agung 2,10.101.001 KAS KECIL,20.103.009 HUTANG JOYO AGUNG 2,200000
Lumiera Garden,2025-11-22,KAS_KELUAR,Kas Kecil(124) Semusim Cafe,Weekly Marcomm,60.104.013 MEETING,10.101.001 KAS KECIL,250000
Lumiera Garden,2025-11-22,KAS_KELUAR,Kas Kecil,Pasang Lampu Pagar Sisi Sungai (4 unit) - Suwandi,10.202.012 PENERANGAN JALAN UMUM,10.101.001 KAS KECIL,300000
Lumiera Garden,2025-11-22,KAS_KELUAR,Kas Kecil,Pasang PJU + Instalasi (3 unit) - Suwandi,10.202.012 PENERANGAN JALAN UMUM,10.101.001 KAS KECIL,4500000
Lumiera Garden,2025-11-22,KAS_MASUK,Kas Kecil,Pinjaman dari Sigura-Gura,10.101.001 KAS KECIL,20.103.006 HUTANG SIGURA-GURA,5000000
Lumiera Garden,2025-11-21,KAS_KELUAR,BCA PT. ASA,Reimburse Pak Verry (Bensin Pick Up),60.104.007 BENSIN OPERASIONAL,10.101.003 BCA (8162440909 an PT. Adhiland Sukses Abadi),200000
Lumiera Garden,2025-11-21,KAS_KELUAR,BCA PT. ASA,Pasang CCTV Kawasan + Instalasi - Oxygen CCTV,60.104.012 KEAMANAN DAN KEBERSIHAN,10.101.003 BCA (8162440909 an PT. Adhiland Sukses Abadi),1690000
Lumiera Garden,2025-11-21,KAS_KELUAR,BCA PT. ASA,Reimburse Pak Roy (Nota D' Garden Resto & Cafe / Perjalanan ke Bondowoso),60.104.001 OPERASIONAL KANTOR,10.101.003 BCA (8162440909 an PT. Adhiland Sukses Abadi),592000
Lumiera Garden,2025-11-21,KAS_MASUK,BCA PT. ASAKW 049,"Pembayaran Ke-1 Pembelian Unit Kavling C-04 an Budiono, SH.",10.101.003 BCA (8162440909 an PT. Adhiland Sukses Abadi),20.101.001 UANG MUKA,150000000
Lumiera Garden,2025-11-21,KAS_MASUK,BCA PT. ASALK 17,Pembayaran Ke-1 Pembelian Rukost LK-17 an Muhammad Nassar,10.101.003 BCA (8162440909 an PT. Adhiland Sukses Abadi),20.101.001 UANG MUKA,200000000
Lumiera Garden,2025-11-21,KAS_KELUAR,Kas Kecil,Reimburse Hasan (Konsumsi Take Konten LG / 2 nota),60.104.001 OPERASIONAL KANTOR,10.101.001 KAS KECIL,19200
Lumiera Garden,2025-11-20,PENYESUAIAN,(123) Qof,"Cuci Mobil - Akomodasi Juanda (Antar Bapak"" Direksi)",60.104.001 OPERASIONAL KANTOR,10.101.004 SILANG KAS,35000
Lumiera Garden,2025-11-20,PENYESUAIAN,(123) IDM Jl. Raya Sengkaling,"Top Up E-Toll (2 Nota) - Akomodasi Juanda (Antar Bapak"" Direksi)",60.104.011 PERJALANAN DINAS,10.101.004 SILANG KAS,300000
Lumiera Garden,2025-11-20,PENYESUAIAN,(123) SPBU Rest Area Km 84B,"Pertalite Avanza - Akomodasi Juanda (Antar Bapak"" Direksi)",60.104.007 BENSIN OPERASIONAL,10.101.004 SILANG KAS,300000
Lumiera Garden,2025-11-20,PENYESUAIAN,(123) Pertashop 5P Dinoyo,"Pertamax Zenix - Akomodasi Juanda (Antar Bapak"" Direksi)",60.104.007 BENSIN OPERASIONAL,10.101.004 SILANG KAS,265000
Lumiera Garden,2025-11-20,PENYESUAIAN,(119) Nota,Nitrogen Zenix - Akomodasi Bondowoso,60.104.001 OPERASIONAL KANTOR,10.101.004 SILANG KAS,15000
Lumiera Garden,2025-11-20,PENYESUAIAN,(119) Qof,Cuci Mobil Zenix - Akomodasi Bondowoso,60.104.001 OPERASIONAL KANTOR,10.101.004 SILANG KAS,45000
Lumiera Garden,2025-11-20,PENYESUAIAN,(119) Alfamart Jl Raya Pandansari,Top Up E-Toll - Akomodasi Bondowoso,60.104.011 PERJALANAN DINAS,10.101.004 SILANG KAS,300000
Lumiera Garden,2025-11-20,PENYESUAIAN,(119) SPBU Bendungan Sutami,Pertamax Zenix (2 Nota) - Akomodasi Bondowosao,60.104.007 BENSIN OPERASIONAL,10.101.004 SILANG KAS,540000
Lumiera Garden,2025-11-20,KAS_KELUAR,Kas Kecil(132) Nota,Pegangan Novia,10.101.004 SILANG KAS,10.101.001 KAS KECIL,50000
Lumiera Garden,2025-11-19,KAS_KELUAR,Kas Kecil(122) Nota,Kopi JM Tulen (All 5 kg),60.104.001 OPERASIONAL KANTOR,10.101.001 KAS KECIL,120000
Lumiera Garden,2025-11-18,KAS_KELUAR,BCA PT. ASA,"Akomodasi Mengantarkan Bapak"" DIreksi ke Juanda",10.101.004 SILANG KAS,10.101.003 BCA (8162440909 an PT. Adhiland Sukses Abadi),900000
Lumiera Garden,2025-11-17,KAS_KELUAR,BCA PT. ASA,Tarikan Tunai (Pengembalian Hutang Sigura-Gura),20.103.006 HUTANG SIGURA-GURA,10.101.003 BCA (8162440909 an PT. Adhiland Sukses Abadi),800000000
Lumiera Garden,2025-11-17,KAS_KELUAR,BCA PT. ASA,Biaya Admin (TF beda bank),60.104.010 ADMINISTRASI BANK,10.101.003 BCA (8162440909 an PT. Adhiland Sukses Abadi),2500
Lumiera Garden,2025-11-17,KAS_KELUAR,BCA PT. ASA(121) RM Roda Baru Depan Ringin Ampera,Konsumsi Meeting Marketing (17 Nov 2025 / 20 kotak),60.104.013 MEETING,10.101.003 BCA (8162440909 an PT. Adhiland Sukses Abadi),475000
Lumiera Garden,2025-11-17,KAS_KELUAR,Kas Kecil(120) Grosir Pokok Berkah,"Galon Refil (Cleo 4, Aqua 1)",60.104.001 OPERASIONAL KANTOR,10.101.001 KAS KECIL,89000
Lumiera Garden,2025-11-15,KAS_KELUAR,BCA PT. ASA,Token Listrik Kawasan (513111484250 / PJU Lumiera Joyo Agung),60.104.003 TOKEN PLN,10.101.003 BCA (8162440909 an PT. Adhiland Sukses Abadi),2004301
Lumiera Garden,2025-11-15,KAS_MASUK,BCA PT. ASALK 9,"Pembayaran Cicilan Pelunasan Ke-4 Kavling LK-09 an Dwi Mulyono, ST",10.101.003 BCA (8162440909 an PT. Adhiland Sukses Abadi),20.101.001 UANG MUKA,30000000
Lumiera Garden,2025-11-14,PENYESUAIAN,,Pindah Saldo,10.101.001 KAS KECIL,10.101.002 CASH/TUNAI,1600000
Lumiera Garden,2025-11-14,KAS_MASUK,BCA PT. ASALK 23,Pembayaran Angsuran Ke-1 Pembelian Rukost Kavling LK-23 an Ririn Yuni Astutik,10.101.003 BCA (8162440909 an PT. Adhiland Sukses Abadi),20.101.001 UANG MUKA,180000000
Lumiera Garden,2025-11-14,KAS_KELUAR,BCA PT. ASA,Reimburse Pak Adhi (Laptop Digital Marketing - Asus Gaming V16 V3607VU-1545B7T-HM ),11.101.001 PERALATAN KANTOR,10.101.003 BCA (8162440909 an PT. Adhiland Sukses Abadi),13191950
Lumiera Garden,2025-11-14,KAS_KELUAR,BCA PT. ASA,Kekurangan Belanja Kebutuhan Galeri Marketing,60.104.001 OPERASIONAL KANTOR,10.101.003 BCA (8162440909 an PT. Adhiland Sukses Abadi),720040
Lumiera Garden,2025-11-14,KAS_KELUAR,BCA PT. ASA,DP Open Table MOG (1 - 30 Nov 2025),60.101.006 EXPO,10.101.003 BCA (8162440909 an PT. Adhiland Sukses Abadi),10000000
Lumiera Garden,2025-11-14,KAS_KELUAR,BCA PT. ASA,Waarmerking PPJB LK-17 an M. Nassar,60.104.023 BIAYA ADMINISTRASI WAARMERKING,10.101.003 BCA (8162440909 an PT. Adhiland Sukses Abadi),250000
Lumiera Garden,2025-11-14,KAS_KELUAR,BCA PT. ASA,Komisi Makelar Tanah / Pak Yazak,10.201.026 KOMISI PEMBELIAN TANAH,10.101.003 BCA (8162440909 an PT. Adhiland Sukses Abadi),10000000
Lumiera Garden,2025-11-14,KAS_KELUAR,BCA PT. ASA,Biaya Admin (TF beda bank),60.104.010 ADMINISTRASI BANK,10.101.003 BCA (8162440909 an PT. Adhiland Sukses Abadi),2500
Lumiera Garden,2025-11-14,KAS_KELUAR,BCA PT. ASA,Kas Bon Karyawan (Umum / Sukamto),10.102.011 PIUTANG KARYAWAN,10.101.003 BCA (8162440909 an PT. Adhiland Sukses Abadi),1000000
Lumiera Garden,2025-11-14,KAS_KELUAR,BCA PT. ASA,Akomodasi Umroh Direktur Teknik,60.104.001 OPERASIONAL KANTOR,10.101.003 BCA (8162440909 an PT. Adhiland Sukses Abadi),10000000
Lumiera Garden,2025-11-14,KAS_KELUAR,BCA PT. ASA,Akomodasi Umroh Direktur B&D,60.104.001 OPERASIONAL KANTOR,10.101.003 BCA (8162440909 an PT. Adhiland Sukses Abadi),10000000
Lumiera Garden,2025-11-14,KAS_KELUAR,BCA PT. ASA,Akomodasi Umroh Direktur Operasional,60.104.001 OPERASIONAL KANTOR,10.101.003 BCA (8162440909 an PT. Adhiland Sukses Abadi),10000000
Lumiera Garden,2025-11-14,KAS_KELUAR,BCA PT. ASA,Akomodasi Umroh Direktur Utama,60.104.001 OPERASIONAL KANTOR,10.101.003 BCA (8162440909 an PT. Adhiland Sukses Abadi),10000000
Lumiera Garden,2025-11-14,KAS_KELUAR,BCA PT. ASA,Akomodasi Umroh Komisaris Independen,60.104.001 OPERASIONAL KANTOR,10.101.003 BCA (8162440909 an PT. Adhiland Sukses Abadi),10000000
Lumiera Garden,2025-11-14,KAS_KELUAR,BCA PT. ASA,Akomodasi Umroh Komisaris Utama,60.104.001 OPERASIONAL KANTOR,10.101.003 BCA (8162440909 an PT. Adhiland Sukses Abadi),10000000
Lumiera Garden,2025-11-14,KAS_KELUAR,BCA PT. ASA,Wifi Project bulan November (01000557664),60.104.006 TAGIHAN WIFI,10.101.003 BCA (8162440909 an PT. Adhiland Sukses Abadi),416250
Lumiera Garden,2025-11-14,KAS_KELUAR,BCA PT. ASA,Wifi Kantor Ruko Suhat bulan November (01000274460),60.104.006 TAGIHAN WIFI,10.101.003 BCA (8162440909 an PT. Adhiland Sukses Abadi),416250
Lumiera Garden,2025-11-14,KAS_KELUAR,BCA PT. ASA,Pembayaran Halo Call Center November (08113646900),60.104.005 TAGIHAN HALO CALL CENTER (08113646900),10.101.003 BCA (8162440909 an PT. Adhiland Sukses Abadi),202800
Lumiera Garden,2025-11-14,KAS_KELUAR,Kas Kecil,Reimburse Pak Adhi (Weekly Meeting Pak Rendra),60.104.013 MEETING,10.101.001 KAS KECIL,315458
Lumiera Garden,2025-11-14,KAS_KELUAR,Kas Kecil,Reimburse Pak Adhi (1 Set Meja 2 Kursi),11.101.001 PERALATAN KANTOR,10.101.001 KAS KECIL,659000
Lumiera Garden,2025-11-14,KAS_KELUAR,Kas Kecil,Reimburse Pak Adhi (Kursi Duduk Hijau Tua / 4 pcs),11.101.001 PERALATAN KANTOR,10.101.001 KAS KECIL,1276000
Lumiera Garden,2025-11-14,KAS_KELUAR,Kas Kecil,Reimburse Pak Adhi (Lemari Pintu Sliding 2 Pintu),11.101.001 PERALATAN KANTOR,10.101.001 KAS KECIL,1699000
Lumiera Garden,2025-11-14,KAS_KELUAR,Kas Kecil,Tipping Guide Umroh,60.104.001 OPERASIONAL KANTOR,10.101.001 KAS KECIL,4231080
Lumiera Garden,2025-11-14,KAS_MASUK,Kas Kecil,Pinjaman dari Joyo Agung 2,10.101.001 KAS KECIL,20.103.009 HUTANG JOYO AGUNG 2,7000000
Lumiera Garden,2025-11-13,PENYESUAIAN,II Bantex (27),Air Mineral Ternalplus 250ml (6 karton) + Parkir,60.104.001 OPERASIONAL KANTOR,10.101.004 SILANG KAS,1215000
Lumiera Garden,2025-11-13,KAS_KELUAR,BCA PT. ASA(119) Nota,Akomodasi Bondowoso,10.101.004 SILANG KAS,10.101.003 BCA (8162440909 an PT. Adhiland Sukses Abadi),900000
Lumiera Garden,2025-11-13,KAS_KELUAR,Kas Kecil(118) UB Coffee,Meeting Koordinasi Delegasi Tugas Sementara,60.104.013 MEETING,10.101.001 KAS KECIL,744700
Lumiera Garden,2025-11-13,KAS_KELUAR,"Kas Kecil(117) Nota Indomaret, A-Z Barokah, Dharmalia Plastik","Kebutuhan Kantor (Sabun Cuci Piring, Keset, Trashbag 80x100 / 3 nota)",60.104.001 OPERASIONAL KANTOR,10.101.001 KAS KECIL,107000
Lumiera Garden,2025-11-13,KAS_KELUAR,Kas Kecil(116) Nota,Reimburse Andik (Beli Refil Galon Project),60.104.001 OPERASIONAL KANTOR,10.101.001 KAS KECIL,21000
Lumiera Garden,2025-11-13,KAS_MASUK,Kas Kecil,Kembalian sisa dana belanja air mineral eternalplus,10.101.001 KAS KECIL,10.101.004 SILANG KAS,45000
Lumiera Garden,2025-11-12,KAS_KELUAR,Kas Kecil,Komisi Marcomm Desain Grafis (16%) Kavling LK-21,60.101.002 INSENTIF/KOMISI,10.101.001 KAS KECIL,150400
Lumiera Garden,2025-11-12,KAS_KELUAR,Kas Kecil,Komisi Marcomm Konten Kreator (16%) Kavling LK-21,60.101.002 INSENTIF/KOMISI,10.101.001 KAS KECIL,150400
Lumiera Garden,2025-11-12,KAS_KELUAR,Kas Kecil,Komisi Marcomm Desain Grafis (16%) Kavling LK-21,60.101.002 INSENTIF/KOMISI,10.101.001 KAS KECIL,150400
Lumiera Garden,2025-11-12,KAS_KELUAR,Kas Kecil,Komisi Admin Sosmed (15%) Kavling LK-21,60.101.002 INSENTIF/KOMISI,10.101.001 KAS KECIL,141000
Lumiera Garden,2025-11-12,KAS_KELUAR,Kas Kecil,Komisi Marcomm Videografer (16%) Kavling LK-21,60.101.002 INSENTIF/KOMISI,10.101.001 KAS KECIL,150400
Lumiera Garden,2025-11-12,KAS_KELUAR,Kas Kecil,Komisi Marcomm SPV (21%) Kavling LK-21,60.101.002 INSENTIF/KOMISI,10.101.001 KAS KECIL,197400
Lumiera Garden,2025-11-12,KAS_KELUAR,Kas Kecil,Komisi Direktur Teknik Kavling LK-21,60.101.002 INSENTIF/KOMISI,10.101.001 KAS KECIL,2350000
Lumiera Garden,2025-11-12,KAS_KELUAR,Kas Kecil,Komisi Komisaris Kavling LK-21,60.101.002 INSENTIF/KOMISI,10.101.001 KAS KECIL,2350000
Lumiera Garden,2025-11-12,KAS_KELUAR,Kas Kecil,Komisi Direktur B&D Kavling LK-21,60.101.002 INSENTIF/KOMISI,10.101.001 KAS KECIL,2350000
Lumiera Garden,2025-11-12,KAS_KELUAR,Kas Kecil,Komisi Direktur Operasional Kavling LK-21,60.101.002 INSENTIF/KOMISI,10.101.001 KAS KECIL,2350000
Lumiera Garden,2025-11-12,KAS_KELUAR,Kas Kecil,Komisi Direktur Utama Kavling LK-21,60.101.002 INSENTIF/KOMISI,10.101.001 KAS KECIL,2350000
Lumiera Garden,2025-11-12,KAS_KELUAR,Kas Kecil,BLT SPV Marketing Kavling LK-21,60.101.001 BLT,10.101.001 KAS KECIL,2000000
Lumiera Garden,2025-11-12,KAS_KELUAR,Kas Kecil,Komisi SPV Marketing Kavling LK-21,60.101.002 INSENTIF/KOMISI,10.101.001 KAS KECIL,5875000
Lumiera Garden,2025-11-12,KAS_KELUAR,Kas Kecil,Komisi Marketing Kavling LK-21,60.101.002 INSENTIF/KOMISI,10.101.001 KAS KECIL,17625000
Lumiera Garden,2025-11-12,KAS_MASUK,Kas Kecil,Pinjaman dari Sigura-Gura,10.101.001 KAS KECIL,20.103.006 HUTANG SIGURA-GURA,38500000
Lumiera Garden,2025-11-11,PENYESUAIAN,II Bantex (25),Perlengkapan Gallery Marketing (14 nota),60.104.001 OPERASIONAL KANTOR,10.101.004 SILANG KAS,5129000
Lumiera Garden,2025-11-11,KAS_KELUAR,BCA PT. ASA,Biaya Admin (TF beda bank),60.104.010 ADMINISTRASI BANK,10.101.003 BCA (8162440909 an PT. Adhiland Sukses Abadi),2500
Lumiera Garden,2025-11-11,KAS_KELUAR,BCA PT. ASA,Kasur 90x200cm dan Bantal Guling - Galeri Marketing - Pirnoto,11.101.001 PERALATAN KANTOR,10.101.003 BCA (8162440909 an PT. Adhiland Sukses Abadi),1000000
Lumiera Garden,2025-11-11,KAS_MASUK,BCA PT. ASALK 21,"Pembayaran DP Pembelian Rukost Kavling LK-21 an E. Wida Kusumawati, AMD",10.101.003 BCA (8162440909 an PT. Adhiland Sukses Abadi),20.101.001 UANG MUKA,1000000000
Lumiera Garden,2025-11-11,KAS_KELUAR,Kas KecilII Kwitansi 171,Instalasi & Material CCTV Tandon - Suwandi,10.202.020 TANDON AIR,10.101.001 KAS KECIL,1300000
Lumiera Garden,2025-11-11,KAS_KELUAR,Kas Kecil(115) Qof Carwash & Cafe,Cuci Mobil Pick Up (061125),60.104.001 OPERASIONAL KANTOR,10.101.001 KAS KECIL,38000
Lumiera Garden,2025-11-10,KAS_KELUAR,BCA PT. ASA,Kas Bon Karyawan (Security / Dian Nuri),10.102.011 PIUTANG KARYAWAN,10.101.003 BCA (8162440909 an PT. Adhiland Sukses Abadi),1500000
Lumiera Garden,2025-11-08,PENYESUAIAN,,Pindah Saldo,10.101.001 KAS KECIL,10.101.002 CASH/TUNAI,114000000
Lumiera Garden,2025-11-08,KAS_KELUAR,Kas KecilII Kwitansi 173,Termin 50% Kavling LK-6 (43/SPK.ADP/VIII/2025) - Arya Desta,10.203.001 PERSEDIAAN BANGUNAN,10.101.001 KAS KECIL,163625000
Lumiera Garden,2025-11-08,KAS_MASUK,Kas Kecil,Pinjaman dari Sigura-Gura,10.101.001 KAS KECIL,20.103.006 HUTANG SIGURA-GURA,50000000
Lumiera Garden,2025-11-08,KAS_KELUAR,Kas Kecil(114) Fajar Baru Pisang Kipas,Weekly Marcomm,60.104.013 MEETING,10.101.001 KAS KECIL,250000
Lumiera Garden,2025-11-07,PENYESUAIAN,,Pindah Saldo,10.101.001 KAS KECIL,10.101.002 CASH/TUNAI,29300000
Lumiera Garden,2025-11-07,KAS_KELUAR,BCA PT. ASA,Refund ITJ LK-01 an Debora,20.101.002 UANG TANDA JADI,10.101.003 BCA (8162440909 an PT. Adhiland Sukses Abadi),5000000
Lumiera Garden,2025-11-07,KAS_KELUAR,BCA PT. ASA,Tas Kamera,11.101.001 PERALATAN KANTOR,10.101.003 BCA (8162440909 an PT. Adhiland Sukses Abadi),504500
Lumiera Garden,2025-11-07,KAS_KELUAR,BCA PT. ASA,Tas Drone,11.101.001 PERALATAN KANTOR,10.101.003 BCA (8162440909 an PT. Adhiland Sukses Abadi),283700
Lumiera Garden,2025-11-07,KAS_KELUAR,BCA PT. ASA,Budgeting Belanja Mineral Galeri Marketing,10.101.004 SILANG KAS,10.101.003 BCA (8162440909 an PT. Adhiland Sukses Abadi),1260000
Lumiera Garden,2025-11-07,KAS_KELUAR,BCA PT. ASA,Biaya Admin (TF beda bank),60.104.010 ADMINISTRASI BANK,10.101.003 BCA (8162440909 an PT. Adhiland Sukses Abadi),2500
Lumiera Garden,2025-11-07,KAS_KELUAR,BCA PT. ASA,Ads (11.1),60.101.005 BEBAN DIGITAL ADS,10.101.003 BCA (8162440909 an PT. Adhiland Sukses Abadi),5000000
Lumiera Garden,2025-11-07,KAS_KELUAR,BCA PT. ASA,Pasang Baru Listrik - SLO & NIDI LK-12 an Fitri Agustina (7 Unit),10.202.032 PLN UNIT,10.101.003 BCA (8162440909 an PT. Adhiland Sukses Abadi),910000
Lumiera Garden,2025-11-07,KAS_KELUAR,BCA PT. ASA,Pasang Baru Listrik - SLO & NIDI LK-10 an M Yunus (7 Unit),10.202.032 PLN UNIT,10.101.003 BCA (8162440909 an PT. Adhiland Sukses Abadi),910000
Lumiera Garden,2025-11-07,KAS_KELUAR,BCA PT. ASA,Pasang Baru Listrik - SLO & NIDI LK-9 an Dwi Mulyono (7 Unit),10.202.032 PLN UNIT,10.101.003 BCA (8162440909 an PT. Adhiland Sukses Abadi),910000
Lumiera Garden,2025-11-07,KAS_KELUAR,BCA PT. ASA,Pasang Baru Listrik - SLO & NIDI LK-8 an Agustina Irawati (7 Unit),10.202.032 PLN UNIT,10.101.003 BCA (8162440909 an PT. Adhiland Sukses Abadi),910000
Lumiera Garden,2025-11-07,KAS_KELUAR,BCA PT. ASA,Pasang Baru Listrik - SLO & NIDI LK-7 an Heny Susanti (7 Unit),10.202.032 PLN UNIT,10.101.003 BCA (8162440909 an PT. Adhiland Sukses Abadi),910000
Lumiera Garden,2025-11-07,KAS_KELUAR,BCA PT. ASA,Reimburse Pak Rula (Material Filter Kolam Galeri Marketing),10.202.017 GALLERY MARKETING,10.101.003 BCA (8162440909 an PT. Adhiland Sukses Abadi),475000
Lumiera Garden,2025-11-07,KAS_KELUAR,BCA PT. ASA,Reimburse Pak Rula (Bensin Mesin Potong Rumput),60.104.001 OPERASIONAL KANTOR,10.101.003 BCA (8162440909 an PT. Adhiland Sukses Abadi),50000
Lumiera Garden,2025-11-07,KAS_KELUAR,BCA PT. ASA,Fee Konsultan Pajak,60.104.035 KONSULTAN,10.101.003 BCA (8162440909 an PT. Adhiland Sukses Abadi),500000
Lumiera Garden,2025-11-07,KAS_KELUAR,Kas Kecil,Pelunasan Open Table MOG (1-31 Oktober 2025),60.101.006 EXPO,10.101.001 KAS KECIL,28000000
Lumiera Garden,2025-11-07,KAS_KELUAR,Kas Kecil(113) Pos Indonesia,Kirim Berkas PPJB LK-21 an E Wida Kusumawati,60.104.009 PERANGKO/KIRIMAN SRT & DOK,10.101.001 KAS KECIL,19000
Lumiera Garden,2025-11-06,KAS_KELUAR,Kas Kecil(112) Nota,LPJ 3kg (Kantor),60.104.001 OPERASIONAL KANTOR,10.101.001 KAS KECIL,22000
Lumiera Garden,2025-11-06,KAS_KELUAR,Kas Kecil(111) Malang Badminton Arena,Reimburse Pak Dedy (Member Badminton Bulan November),60.104.001 OPERASIONAL KANTOR,10.101.001 KAS KECIL,480000
Lumiera Garden,2025-11-04,KAS_KELUAR,BCA PT. ASA,Tarikan Tunai (Cek 620438),10.101.004 SILANG KAS,10.101.003 BCA (8162440909 an PT. Adhiland Sukses Abadi),200000000
Lumiera Garden,2025-11-04,KAS_KELUAR,Kas Kecil(110) Toko Wongkamfoeng,Reward Karyawan bulan Oktober 2025,60.104.002 SUMBANGAN/REWARD,10.101.001 KAS KECIL,146000
Lumiera Garden,2025-11-04,KAS_KELUAR,Kas Kecil,Pembayaran Hutang Ke Sigura-Gura,20.103.006 HUTANG SIGURA-GURA,10.101.001 KAS KECIL,500000
Lumiera Garden,2025-11-04,KAS_KELUAR,Cash/Tunai,Biaya Admin Setoran Tunai (DP Umroh),60.104.010 ADMINISTRASI BANK,10.101.002 CASH/TUNAI,2900
Lumiera Garden,2025-11-04,KAS_KELUAR,Kas Kecil,Pelunasan Umroh 13 hari (6 pack),60.104.001 OPERASIONAL KANTOR,10.101.001 KAS KECIL,199400000
Lumiera Garden,2025-11-04,KAS_MASUK,Kas KecilCek : 620438,Pencairan Cek,10.101.001 KAS KECIL,10.101.004 SILANG KAS,200000000
Lumiera Garden,2025-11-04,KAS_KELUAR,Kas Kecil(109) Nota,Pegangan Novia (Galon Aqua 2),60.104.001 OPERASIONAL KANTOR,10.101.001 KAS KECIL,42000
Lumiera Garden,2025-11-04,KAS_KELUAR,Kas Kecil(108) Indomaret & BM Mart,Galon Refil untuk proyek (4 Aqua) - 3 nota,60.104.001 OPERASIONAL KANTOR,10.101.001 KAS KECIL,82000
Lumiera Garden,2025-11-03,KAS_MASUK,BCA PT. ASALK 21,ITJ kavling LK-21 an E Wida Kusumawati,10.101.003 BCA (8162440909 an PT. Adhiland Sukses Abadi),20.101.002 UANG TANDA JADI,5000000
Lumiera Garden,2025-11-03,KAS_MASUK,BCA PT. ASALK 7,Pembayaran Pelunasan Rukost Kavling LK-07 an Heny Susanti,10.101.003 BCA (8162440909 an PT. Adhiland Sukses Abadi),20.101.001 UANG MUKA,134000000
Lumiera Garden,2025-11-01,PENYESUAIAN,,Potongan Kas Bon Karyawan bulan Oktober (Security / Suliaji),60.102.001 GAJI KARYAWAN TETAP,10.102.011 PIUTANG KARYAWAN,300000
Lumiera Garden,2025-11-01,PENYESUAIAN,,Potongan Kas Bon Karyawan bulan Oktober (Security / Yossi),60.102.001 GAJI KARYAWAN TETAP,10.102.011 PIUTANG KARYAWAN,200000
Lumiera Garden,2025-11-01,PENYESUAIAN,,Potongan Kas Bon Karyawan bulan Oktober (Umum / Sudjarno),60.102.001 GAJI KARYAWAN TETAP,10.102.011 PIUTANG KARYAWAN,300000
Lumiera Garden,2025-11-01,PENYESUAIAN,,Potongan Kas Bon Karyawan bulan Oktober (Marketing / Silvi),60.102.001 GAJI KARYAWAN TETAP,10.102.011 PIUTANG KARYAWAN,333333
Lumiera Garden,2025-11-01,PENYESUAIAN,,Potongan Kas Bon Karyawan bulan Oktober (Direksi / Dedy Nazarudin),60.102.001 GAJI KARYAWAN TETAP,10.102.011 PIUTANG KARYAWAN,500000
Lumiera Garden,2025-11-01,PENYESUAIAN,,Potongan Kas Bon Karyawan bulan Oktober (OB / Andik),60.102.001 GAJI KARYAWAN TETAP,10.102.011 PIUTANG KARYAWAN,500000
Lumiera Garden,2025-11-01,PENYESUAIAN,,Potongan Kas Bon Karyawan bulan Oktober (Security / Dela Herman),60.102.001 GAJI KARYAWAN TETAP,10.102.011 PIUTANG KARYAWAN,500000
Lumiera Garden,2025-11-01,PENYESUAIAN,,Potongan Kas Bon Karyawan bulan Oktober (Security / Yusuf Efendi),60.102.001 GAJI KARYAWAN TETAP,10.102.011 PIUTANG KARYAWAN,250000
Lumiera Garden,2025-11-01,PENYESUAIAN,,Potongan Kas Bon Karyawan bulan Oktober (Security / Dian Nuri),60.102.001 GAJI KARYAWAN TETAP,10.102.011 PIUTANG KARYAWAN,500000
Lumiera Garden,2025-11-01,KAS_KELUAR,BCA PT. ASA,Upah Penjaga Alat / P. Didik (01 Okt s/d 28 Okt 2025),60.103.001 HONOR,10.101.003 BCA (8162440909 an PT. Adhiland Sukses Abadi),1400000
Lumiera Garden,2025-11-01,KAS_KELUAR,BCA PT. ASA,Biaya Admin (TF beda bank),60.104.010 ADMINISTRASI BANK,10.101.003 BCA (8162440909 an PT. Adhiland Sukses Abadi),5000
Lumiera Garden,2025-11-01,KAS_KELUAR,BCA PT. ASA,Gaji Karyawan bulan Oktober 2025 (Payroll),60.102.001 GAJI KARYAWAN TETAP,10.101.003 BCA (8162440909 an PT. Adhiland Sukses Abadi),126488819
Lumiera Garden,2025-10-31,PENYESUAIAN,(96.A) Nota,Weekly Marcomm (25 Okt 2025),60.104.013 MEETING,10.101.004 SILANG KAS,250000
Lumiera Garden,2025-10-31,PENYESUAIAN,,Pindah Saldo,10.101.001 KAS KECIL,10.101.002 CASH/TUNAI,18000000
Lumiera Garden,2025-10-31,KAS_KELUAR,BCA PT. ASA,Refund ITJ LK-01 an Erni Dwi Retnowati,20.101.002 UANG TANDA JADI,10.101.003 BCA (8162440909 an PT. Adhiland Sukses Abadi),5000000
Lumiera Garden,2025-10-31,KAS_KELUAR,BCA PT. ASA,Pajak Bunga,60.104.029 BEBAN PAJAK LAINNYA/PAJAK BUNGA,10.101.003 BCA (8162440909 an PT. Adhiland Sukses Abadi),19578
Lumiera Garden,2025-10-31,KAS_MASUK,BCA PT. ASA,Bunga Bank,10.101.003 BCA (8162440909 an PT. Adhiland Sukses Abadi),40.102.001 BUNGA BANK,97890
Lumiera Garden,2025-10-31,KAS_KELUAR,BCA PT. ASA,Admin Bank (Potongan Bulanan),60.104.010 ADMINISTRASI BANK,10.101.003 BCA (8162440909 an PT. Adhiland Sukses Abadi),30000
Lumiera Garden,2025-10-31,KAS_KELUAR,BCA PT. ASA,Budgeting CRD (Listrik Kawasan),10.101.004 SILANG KAS,10.101.003 BCA (8162440909 an PT. Adhiland Sukses Abadi),2006000
Lumiera Garden,2025-10-31,KAS_KELUAR,BCA PT. ASA,Biaya Admin (TF beda bank),60.104.010 ADMINISTRASI BANK,10.101.003 BCA (8162440909 an PT. Adhiland Sukses Abadi),2500
Lumiera Garden,2025-10-31,KAS_KELUAR,BCA PT. ASA,Reimburse Pak Achmad (Konsumsi PPJB LK-24 / Sidoarjo),60.104.001 OPERASIONAL KANTOR,10.101.003 BCA (8162440909 an PT. Adhiland Sukses Abadi),334000
Lumiera Garden,2025-10-31,KAS_KELUAR,BCA PT. ASA,Reimburse Maria (Konsumsi PPJB LK-24 / SIdoarjo),60.104.001 OPERASIONAL KANTOR,10.101.003 BCA (8162440909 an PT. Adhiland Sukses Abadi),57600
Lumiera Garden,2025-10-31,KAS_KELUAR,BCA PT. ASA,Reimburse Pak Dedy (Bensin Pick Up / 2 nota),60.104.007 BENSIN OPERASIONAL,10.101.003 BCA (8162440909 an PT. Adhiland Sukses Abadi),400000
Lumiera Garden,2025-10-31,KAS_KELUAR,BCA PT. ASA,Biaya Admin (TF beda bank),60.104.010 ADMINISTRASI BANK,10.101.003 BCA (8162440909 an PT. Adhiland Sukses Abadi),2500
Lumiera Garden,2025-10-31,KAS_KELUAR,BCA PT. ASA,Ads,60.101.005 BEBAN DIGITAL ADS,10.101.003 BCA (8162440909 an PT. Adhiland Sukses Abadi),5000000
Lumiera Garden,2025-10-31,KAS_KELUAR,BCA PT. ASA,Perhitungan Teknis MEP Rumah Kost Lumiera Garden dan SKK Ahli Elektrikal Bangunan Gedung (Untuk pengurusan PBG),10.201.027 PBG,10.101.003 BCA (8162440909 an PT. Adhiland Sukses Abadi),2500000
Lumiera Garden,2025-10-31,KAS_KELUAR,BCA PT. ASA,Percepatan Checking SHM 2432 & 2433 an Farida Budi,10.201.015 SERTIFIKAT INDUK,10.101.003 BCA (8162440909 an PT. Adhiland Sukses Abadi),1000000
Lumiera Garden,2025-10-31,KAS_KELUAR,BCA PT. ASA,Waarmerking PPJB LK-19 an Farida Budi W.,60.104.023 BIAYA ADMINISTRASI WAARMERKING,10.101.003 BCA (8162440909 an PT. Adhiland Sukses Abadi),250000
Lumiera Garden,2025-10-31,KAS_KELUAR,BCA PT. ASA,Reimburse Pak Rula (Pupuk Taman Fasum),60.104.001 OPERASIONAL KANTOR,10.101.003 BCA (8162440909 an PT. Adhiland Sukses Abadi),450000
Lumiera Garden,2025-10-31,KAS_KELUAR,BCA PT. ASA,Pembuatan Taman Sisi Gudang,10.202.008 TAMAN DAN PENGHIJAUAN,10.101.003 BCA (8162440909 an PT. Adhiland Sukses Abadi),3700000
Lumiera Garden,2025-10-31,KAS_KELUAR,BCA PT. ASA,Biaya Admin (TF beda bank),60.104.010 ADMINISTRASI BANK,10.101.003 BCA (8162440909 an PT. Adhiland Sukses Abadi),2500
Lumiera Garden,2025-10-31,KAS_KELUAR,BCA PT. ASA,ESCROW - Token Perdana 72 Token,10.202.032 PLN UNIT,10.101.003 BCA (8162440909 an PT. Adhiland Sukses Abadi),3600000
Lumiera Garden,2025-10-31,KAS_KELUAR,BCA PT. ASA,ESCROW - Biaya Uang Jaminan Pelanggan 12 Unit,10.202.032 PLN UNIT,10.101.003 BCA (8162440909 an PT. Adhiland Sukses Abadi),2074800
Lumiera Garden,2025-10-31,KAS_KELUAR,BCA PT. ASA,ESCROW - Biaya Penyambungan 84 Token,10.202.032 PLN UNIT,10.101.003 BCA (8162440909 an PT. Adhiland Sukses Abadi),102312000
Lumiera Garden,2025-10-31,KAS_KELUAR,Kas Kecil,Reimburse Pak Adhi (Weekly Meeting Pak Rendra / 271025),60.104.013 MEETING,10.101.001 KAS KECIL,417607
Lumiera Garden,2025-10-31,KAS_KELUAR,Kas Kecil,Reimburse Pak Adhi (Cuci Mobil),60.104.001 OPERASIONAL KANTOR,10.101.001 KAS KECIL,50000
Lumiera Garden,2025-10-31,KAS_KELUAR,Kas Kecil,Reimbusre Pak Adhi (Bensin pemotong rumput),60.104.001 OPERASIONAL KANTOR,10.101.001 KAS KECIL,50000
Lumiera Garden,2025-10-31,KAS_KELUAR,Kas Kecil,Reimburse Pak Adhi (Meeting Direksi /241025),60.104.013 MEETING,10.101.001 KAS KECIL,109000
Lumiera Garden,2025-10-31,KAS_KELUAR,Kas Kecil,Reimburse Pak Adhi (Pompa Air Kolam),10.202.017 GALLERY MARKETING,10.101.001 KAS KECIL,475000
Lumiera Garden,2025-10-31,KAS_KELUAR,Kas Kecil,Reimburse Pak Adhi ( Meeting Direksi /231025),60.104.013 MEETING,10.101.001 KAS KECIL,90903
Lumiera Garden,2025-10-31,KAS_KELUAR,Kas Kecil,Reimburse Pak Adhi ( Meeting Direksi /221025),60.104.013 MEETING,10.101.001 KAS KECIL,146255
Lumiera Garden,2025-10-31,KAS_KELUAR,Cash/Tunai,Pembayaran Hutang Ke Sigura-Gura,20.103.006 HUTANG SIGURA-GURA,10.101.002 CASH/TUNAI,106000000
Lumiera Garden,2025-10-31,KAS_KELUAR,Kas Kecil,Insentif - Investor Pemilik Lahan / Tanah Jati Lumiera (P. Dedy),10.201.026 KOMISI PEMBELIAN TANAH,10.101.001 KAS KECIL,15870000
Lumiera Garden,2025-10-30,PENYESUAIAN,,Pindah Saldo,10.101.001 KAS KECIL,10.101.002 CASH/TUNAI,400000
Lumiera Garden,2025-10-30,KAS_KELUAR,BCA PT. ASA,"Reimburse Pak Rula (Lampu Sorot 50w & Kabel Twist 2x1,5mm - Taman Sisi Sungai)",10.202.008 TAMAN DAN PENGHIJAUAN,10.101.003 BCA (8162440909 an PT. Adhiland Sukses Abadi),2485000
Lumiera Garden,2025-10-30,KAS_KELUAR,Kas Kecil(107) Grosir Pokok Berkah,"Galon Refil (Cleo 4, Aqua 1)",60.104.001 OPERASIONAL KANTOR,10.101.001 KAS KECIL,88500
Lumiera Garden,2025-10-30,KAS_KELUAR,Kas Kecil(106) Bariklana,Print Desain Kawasan SG & LG,60.104.001 OPERASIONAL KANTOR,10.101.001 KAS KECIL,22800
Lumiera Garden,2025-10-30,KAS_KELUAR,Kas Kecil(105) Kwitansi,Kontribusi Lingkungan & Sosial RW.04 Jatimulyo (September - Oktober 2025),60.104.001 OPERASIONAL KANTOR,10.101.001 KAS KECIL,100000
Lumiera Garden,2025-10-29,KAS_MASUK,BCA PT. ASALK 1,ITJ Kavling LK-01 an Debora,10.101.003 BCA (8162440909 an PT. Adhiland Sukses Abadi),20.101.002 UANG TANDA JADI,5000000
Lumiera Garden,2025-10-29,KAS_KELUAR,BCA PT. ASA,Cashback Kavling C-04 (Free Sewa Kost Kavling RK-04 Kamar 1 / Nov 25 - Apr 26),60.101.999 BEBAN PROMOSI LAIN-LAIN,10.101.003 BCA (8162440909 an PT. Adhiland Sukses Abadi),9000000
Lumiera Garden,2025-10-29,KAS_KELUAR,Kas Kecil(104) Qof Carwash & Cafe,Pegangan Mas Andik (Cuci Mobil),60.104.001 OPERASIONAL KANTOR,10.101.001 KAS KECIL,43000
Lumiera Garden,2025-10-29,KAS_KELUAR,Kas Kecil(104) SPBU Bendungan Sutami,Pegangan Mas Andik (Bensin Zenix),60.104.007 BENSIN OPERASIONAL,10.101.001 KAS KECIL,320000
Lumiera Garden,2025-10-28,KAS_KELUAR,BCA PT. ASA,Biaya Admin (TF beda bank),60.104.010 ADMINISTRASI BANK,10.101.003 BCA (8162440909 an PT. Adhiland Sukses Abadi),2500
Lumiera Garden,2025-10-28,KAS_KELUAR,BCA PT. ASA(101) RM Roda Baru Depan Ringin,Konsumsi Meeting Marketing (29 Okt 2025 / 20 kotak),60.104.013 MEETING,10.101.003 BCA (8162440909 an PT. Adhiland Sukses Abadi),460000
Lumiera Garden,2025-10-28,KAS_KELUAR,Cash/Tunai,Pembayaran Hutang Ke Sigura-Gura,20.103.006 HUTANG SIGURA-GURA,10.101.002 CASH/TUNAI,200000000
Lumiera Garden,2025-10-28,KAS_KELUAR,Kas Kecil(103) Jaya Cookies,Pegangan Mas Andik (Kue Basah+Mineral - Meeting Marketing 29/10/25),60.104.013 MEETING,10.101.001 KAS KECIL,172000
Lumiera Garden,2025-10-27,PENYESUAIAN,,Pindah Saldo,10.101.001 KAS KECIL,10.101.002 CASH/TUNAI,19000000
Lumiera Garden,2025-10-27,KAS_KELUAR,Kas Kecil(102) Kwitansi,Iuran Sampah Kantor/Ruko bulan Oktober 2025,60.104.012 KEAMANAN DAN KEBERSIHAN,10.101.001 KAS KECIL,75000
Lumiera Garden,2025-10-27,KAS_KELUAR,Kas Kecil(100) Gosend,Kirim berkas belanko pembukaan rekening baru escrow,60.104.009 PERANGKO/KIRIMAN SRT & DOK,10.101.001 KAS KECIL,17500
Lumiera Garden,2025-10-27,KAS_KELUAR,Kas Kecil(99) Pos Indonesia,Kirim berkas PPJB LK-17 an Muhammad Nassar + Parkir,60.104.009 PERANGKO/KIRIMAN SRT & DOK,10.101.001 KAS KECIL,74500
Lumiera Garden,2025-10-27,KAS_KELUAR,Kas Kecil(98) Nota,Property Konten (Take Video di LG),60.104.001 OPERASIONAL KANTOR,10.101.001 KAS KECIL,25000
Lumiera Garden,2025-10-27,KAS_KELUAR,Cash/Tunai,Biaya Admin Setoran Tunai (Addendum Galeri Marketing),60.104.010 ADMINISTRASI BANK,10.101.002 CASH/TUNAI,2900
Lumiera Garden,2025-10-27,KAS_KELUAR,Kas Kecil,Addendum Galeri Marketing,10.202.017 GALLERY MARKETING,10.101.001 KAS KECIL,18820000
Lumiera Garden,2025-10-26,KAS_MASUK,BCA PT. ASALK 9,"Pembayaran Cicilan Pelunasan Ke-3 Kavling LK-09 an Dwi Mulyono, ST",10.101.003 BCA (8162440909 an PT. Adhiland Sukses Abadi),20.101.001 UANG MUKA,15000000
Lumiera Garden,2025-10-25,PENYESUAIAN,,Pindah Saldo,10.101.001 KAS KECIL,10.101.002 CASH/TUNAI,25000000
Lumiera Garden,2025-10-25,KAS_KELUAR,Kas Kecil,Parkir BCA Basrah,60.104.001 OPERASIONAL KANTOR,10.101.001 KAS KECIL,2000
Lumiera Garden,2025-10-25,KAS_KELUAR,Kas Kecil(97) Tani Mart,Pembelian Pupuk Gramoxone 1 L,60.104.001 OPERASIONAL KANTOR,10.101.001 KAS KECIL,65000
Lumiera Garden,2025-10-25,KAS_KELUAR,Kas Kecil(96.A) Nota,Weekly Marcomm,10.101.004 SILANG KAS,10.101.001 KAS KECIL,250000
Lumiera Garden,2025-10-25,KAS_KELUAR,Kas Kecil,Pembayaran Hutang Ke Sigura-Gura,20.103.006 HUTANG SIGURA-GURA,10.101.001 KAS KECIL,400000
Lumiera Garden,2025-10-25,KAS_KELUAR,Kas Kecil,Komisi Marcomm Kavling C-04,60.101.002 INSENTIF/KOMISI,10.101.001 KAS KECIL,89088
Lumiera Garden,2025-10-25,KAS_KELUAR,Kas Kecil,Komisi Marcomm Kavling C-04,60.101.002 INSENTIF/KOMISI,10.101.001 KAS KECIL,89088
Lumiera Garden,2025-10-25,KAS_KELUAR,Kas Kecil,Komisi Marcomm Kavling C-04,60.101.002 INSENTIF/KOMISI,10.101.001 KAS KECIL,89088
Lumiera Garden,2025-10-25,KAS_KELUAR,Kas Kecil,Komisi Marcomm Kavling C-04,60.101.002 INSENTIF/KOMISI,10.101.001 KAS KECIL,83520
Lumiera Garden,2025-10-25,KAS_KELUAR,Kas Kecil,Komisi Marcomm Kavling C-04,60.101.002 INSENTIF/KOMISI,10.101.001 KAS KECIL,89088
Lumiera Garden,2025-10-25,KAS_KELUAR,Kas Kecil,Komisi Marcomm Kavling C-04,60.101.002 INSENTIF/KOMISI,10.101.001 KAS KECIL,116928
Lumiera Garden,2025-10-25,KAS_KELUAR,Kas Kecil,Komisi Direktur Teknik Kavling C-04,60.101.002 INSENTIF/KOMISI,10.101.001 KAS KECIL,1392000
Lumiera Garden,2025-10-25,KAS_KELUAR,Kas Kecil,Komisi Komisaris Kavling C-04,60.101.002 INSENTIF/KOMISI,10.101.001 KAS KECIL,1392000
Lumiera Garden,2025-10-25,KAS_KELUAR,Kas Kecil,Komisi Direktur B&D Kavling C-04,60.101.002 INSENTIF/KOMISI,10.101.001 KAS KECIL,1392000
Lumiera Garden,2025-10-25,KAS_KELUAR,Kas Kecil,Komisi Direktur Operasional Kavling C-04,60.101.002 INSENTIF/KOMISI,10.101.001 KAS KECIL,1392000
Lumiera Garden,2025-10-25,KAS_KELUAR,Kas Kecil,Komisi Direktur Utama Kavling C-04,60.101.002 INSENTIF/KOMISI,10.101.001 KAS KECIL,1392000
Lumiera Garden,2025-10-25,KAS_KELUAR,Kas Kecil,BLT SPV Marketing Kavling C-04,60.101.001 BLT,10.101.001 KAS KECIL,2000000
Lumiera Garden,2025-10-25,KAS_KELUAR,Kas Kecil,Komisi SPV Marketing Kavling C-04,60.101.002 INSENTIF/KOMISI,10.101.001 KAS KECIL,3480000
Lumiera Garden,2025-10-25,KAS_KELUAR,Kas Kecil,BLT Marketing Kavling C-04,60.101.001 BLT,10.101.001 KAS KECIL,1000000
Lumiera Garden,2025-10-25,KAS_KELUAR,Kas Kecil,Komisi Marketing Kavling C-04,60.101.002 INSENTIF/KOMISI,10.101.001 KAS KECIL,10440000
Lumiera Garden,2025-10-25,KAS_KELUAR,Kas Kecil(96) Nota,"Kopi JM Tulen (1,5 kg)",60.104.001 OPERASIONAL KANTOR,10.101.001 KAS KECIL,102000
Lumiera Garden,2025-10-24,PENYESUAIAN,,Pindah Saldo,10.101.001 KAS KECIL,10.101.002 CASH/TUNAI,282587400
Lumiera Garden,2025-10-24,KAS_KELUAR,BCA PT. ASACek : 620436,Tarikan Tunai,10.101.004 SILANG KAS,10.101.003 BCA (8162440909 an PT. Adhiland Sukses Abadi),500000000
Lumiera Garden,2025-10-24,KAS_KELUAR,BCA PT. ASA,Waarmerking PPJB Kav. LK-23 an Ririn Yuni Astutik,60.104.023 BIAYA ADMINISTRASI WAARMERKING,10.101.003 BCA (8162440909 an PT. Adhiland Sukses Abadi),250000
Lumiera Garden,2025-10-24,KAS_KELUAR,BCA PT. ASA,Get Contact LG (Telle),60.104.001 OPERASIONAL KANTOR,10.101.003 BCA (8162440909 an PT. Adhiland Sukses Abadi),22090
Lumiera Garden,2025-10-24,KAS_KELUAR,BCA PT. ASA,DP Open Table MOG (1-31 Oktober 2025),60.101.006 EXPO,10.101.003 BCA (8162440909 an PT. Adhiland Sukses Abadi),10000000
Lumiera Garden,2025-10-24,KAS_KELUAR,BCA PT. ASA,Akta Pelepasan SHM 2432 & 2433 an Farida Budi Wijayanti,10.201.009 AJB & AKTA PELEPASAN HAK,10.101.003 BCA (8162440909 an PT. Adhiland Sukses Abadi),6000000
Lumiera Garden,2025-10-24,KAS_KELUAR,BCA PT. ASA,Taman Galeri Marketing,10.202.017 GALLERY MARKETING,10.101.003 BCA (8162440909 an PT. Adhiland Sukses Abadi),6000000
Lumiera Garden,2025-10-24,KAS_KELUAR,BCA PT. ASA,Reimburse Pak Adhi (Weekly Meeting Pak Rendra),60.104.013 MEETING,10.101.003 BCA (8162440909 an PT. Adhiland Sukses Abadi),714715
Lumiera Garden,2025-10-24,KAS_KELUAR,BCA PT. ASA,Biaya Admin (TF beda bank),60.104.010 ADMINISTRASI BANK,10.101.003 BCA (8162440909 an PT. Adhiland Sukses Abadi),2500
Lumiera Garden,2025-10-24,KAS_KELUAR,BCA PT. ASA,Kas Bon Karyawan (Security / Suliaji),10.102.011 PIUTANG KARYAWAN,10.101.003 BCA (8162440909 an PT. Adhiland Sukses Abadi),600000
Lumiera Garden,2025-10-24,KAS_MASUK,BCA PT. ASAKW 040,"Pembayaran DP Hunian Kavling C-04 an Budiono, SH.",10.101.003 BCA (8162440909 an PT. Adhiland Sukses Abadi),20.101.001 UANG MUKA,50000000
Lumiera Garden,2025-10-24,KAS_MASUK,Cash/TunaiLK 24,DP Pembelian Rukost Kavling LK-24 an Hikmatul Hikmiah,10.101.002 CASH/TUNAI,20.101.001 UANG MUKA,50000000
Lumiera Garden,2025-10-24,KAS_KELUAR,Kas Kecil(95) Flazz BCA,Top Up E-Toll (PPJB LK-24 / Sidoarjo),60.104.011 PERJALANAN DINAS,10.101.001 KAS KECIL,200000
Lumiera Garden,2025-10-24,KAS_KELUAR,Kas Kecil(95) SPBU Rest Area KM 84B,Bensin Zenix (PPJB LK-24 / Sidoarjo),60.104.007 BENSIN OPERASIONAL,10.101.001 KAS KECIL,200000
Lumiera Garden,2025-10-24,KAS_KELUAR,Kas Kecil,Pembayaran Hutang Ke Sigura-Gura,20.103.006 HUTANG SIGURA-GURA,10.101.001 KAS KECIL,281600816
Lumiera Garden,2025-10-24,KAS_MASUK,Cash/Tunai,"Pembayaran DP Hunian Kavling C-04 an Budiono, SH.",10.101.002 CASH/TUNAI,20.101.001 UANG MUKA,300000000
Lumiera Garden,2025-10-24,KAS_KELUAR,Cash/Tunai,Termin 95% Galeri Marketing (42/SPK.ADP/VIII/2025) - Riadi,10.202.017 GALLERY MARKETING,10.101.002 CASH/TUNAI,54000000
Lumiera Garden,2025-10-24,KAS_MASUK,Cash/TunaiCek : 620436,Pencairan Cek,10.101.002 CASH/TUNAI,10.101.004 SILANG KAS,500000000
Lumiera Garden,2025-10-23,KAS_KELUAR,BCA PT. ASA,Biaya Admin (TF beda bank),60.104.010 ADMINISTRASI BANK,10.101.003 BCA (8162440909 an PT. Adhiland Sukses Abadi),2500
Lumiera Garden,2025-10-23,KAS_KELUAR,BCA PT. ASA,Ads,60.101.005 BEBAN DIGITAL ADS,10.101.003 BCA (8162440909 an PT. Adhiland Sukses Abadi),5000000
Lumiera Garden,2025-10-23,KAS_KELUAR,BCA PT. ASA,Budgeting Perabot Marketing Galeri / CRD,10.101.004 SILANG KAS,10.101.003 BCA (8162440909 an PT. Adhiland Sukses Abadi),5129000
Lumiera Garden,2025-10-23,KAS_KELUAR,Kas Kecil,Property Konten (Take Video di LG),60.104.001 OPERASIONAL KANTOR,10.101.001 KAS KECIL,107700
Lumiera Garden,2025-10-22,KAS_KELUAR,BCA PT. ASA,Drone Marcomm,11.101.001 PERALATAN KANTOR,10.101.003 BCA (8162440909 an PT. Adhiland Sukses Abadi),32994000
Lumiera Garden,2025-10-22,KAS_KELUAR,Kas Kecil45953,Komisi Marcomm Kavling LK-17,60.101.002 INSENTIF/KOMISI,10.101.001 KAS KECIL,150400
Lumiera Garden,2025-10-22,KAS_KELUAR,Kas Kecil,Komisi Marcomm Kavling LK-17,60.101.002 INSENTIF/KOMISI,10.101.001 KAS KECIL,150400
Lumiera Garden,2025-10-22,KAS_KELUAR,Kas Kecil,Komisi Marcomm Kavling LK-17,60.101.002 INSENTIF/KOMISI,10.101.001 KAS KECIL,150400
Lumiera Garden,2025-10-22,KAS_KELUAR,Kas Kecil,Komisi Marcomm Kavling LK-17,60.101.002 INSENTIF/KOMISI,10.101.001 KAS KECIL,131600
Lumiera Garden,2025-10-22,KAS_KELUAR,Kas Kecil,Komisi Marcomm Kavling LK-17,60.101.002 INSENTIF/KOMISI,10.101.001 KAS KECIL,141000
Lumiera Garden,2025-10-22,KAS_KELUAR,Kas Kecil,Komisi Marcomm Kavling LK-17,60.101.002 INSENTIF/KOMISI,10.101.001 KAS KECIL,216200
Lumiera Garden,2025-10-22,KAS_KELUAR,Kas Kecil,Komisi Direktur Teknik Kavling LK-17,60.101.002 INSENTIF/KOMISI,10.101.001 KAS KECIL,2350000
Lumiera Garden,2025-10-22,KAS_KELUAR,Kas Kecil,Komisi Komisaris Kavling LK-17,60.101.002 INSENTIF/KOMISI,10.101.001 KAS KECIL,2350000
Lumiera Garden,2025-10-22,KAS_KELUAR,Kas Kecil,Komisi Direktur B&D Kavling LK-17,60.101.002 INSENTIF/KOMISI,10.101.001 KAS KECIL,2350000
Lumiera Garden,2025-10-22,KAS_KELUAR,Kas Kecil,Komisi Direktur Operasional Kavling LK-17,60.101.002 INSENTIF/KOMISI,10.101.001 KAS KECIL,2350000
Lumiera Garden,2025-10-22,KAS_KELUAR,Kas Kecil,Komisi Direktur Utama Kavling LK-17,60.101.002 INSENTIF/KOMISI,10.101.001 KAS KECIL,2350000
Lumiera Garden,2025-10-22,KAS_KELUAR,Kas Kecil,BLT SPV Marketing Kavling LK-17,60.101.001 BLT,10.101.001 KAS KECIL,2000000
Lumiera Garden,2025-10-22,KAS_KELUAR,Kas Kecil,Komisi SPV Marketing Kavling LK-17,60.101.002 INSENTIF/KOMISI,10.101.001 KAS KECIL,5875000
Lumiera Garden,2025-10-22,KAS_KELUAR,Kas Kecil,BLT Marketing Kavling LK-17,60.101.001 BLT,10.101.001 KAS KECIL,1000000
Lumiera Garden,2025-10-22,KAS_KELUAR,Kas Kecil,Komisi Marketing Kavling LK-17,60.101.002 INSENTIF/KOMISI,10.101.001 KAS KECIL,17625000
Lumiera Garden,2025-10-22,KAS_MASUK,Kas Kecil,Pinjaman dari Joyo Agung 2,10.101.001 KAS KECIL,20.103.009 HUTANG JOYO AGUNG 2,39200000
Lumiera Garden,2025-10-21,KAS_MASUK,BCA PT. ASALK 17,Pembayaran DP Rukost Kavling LK-17 an Muhammad Nassar,10.101.003 BCA (8162440909 an PT. Adhiland Sukses Abadi),20.101.001 UANG MUKA,587500000
Lumiera Garden,2025-10-21,KAS_KELUAR,Kas Kecil,Komisi Marcomm Kavling LK-19,60.101.002 INSENTIF/KOMISI,10.101.001 KAS KECIL,137600
Lumiera Garden,2025-10-21,KAS_KELUAR,Kas Kecil,Komisi Marcomm Kavling LK-19,60.101.002 INSENTIF/KOMISI,10.101.001 KAS KECIL,137600
Lumiera Garden,2025-10-21,KAS_KELUAR,Kas Kecil,Komisi Marcomm Kavling LK-19,60.101.002 INSENTIF/KOMISI,10.101.001 KAS KECIL,137600
Lumiera Garden,2025-10-21,KAS_KELUAR,Kas Kecil,Komisi Marcomm Kavling LK-19,60.101.002 INSENTIF/KOMISI,10.101.001 KAS KECIL,120400
Lumiera Garden,2025-10-21,KAS_KELUAR,Kas Kecil,Komisi Marcomm Kavling LK-19,60.101.002 INSENTIF/KOMISI,10.101.001 KAS KECIL,129000
Lumiera Garden,2025-10-21,KAS_KELUAR,Kas Kecil,Komisi Marcomm Kavling LK-19,60.101.002 INSENTIF/KOMISI,10.101.001 KAS KECIL,197800
Lumiera Garden,2025-10-21,KAS_KELUAR,Kas Kecil,Komisi Direktur Teknik Kavling LK-19,60.101.002 INSENTIF/KOMISI,10.101.001 KAS KECIL,2150000
Lumiera Garden,2025-10-21,KAS_KELUAR,Kas Kecil,Komisi Komisaris Kavling LK-19,60.101.002 INSENTIF/KOMISI,10.101.001 KAS KECIL,2150000
Lumiera Garden,2025-10-21,KAS_KELUAR,Kas Kecil,Komisi Direktur B&D Kavling LK-19,60.101.002 INSENTIF/KOMISI,10.101.001 KAS KECIL,2150000
Lumiera Garden,2025-10-21,KAS_KELUAR,Kas Kecil,Komisi Direktur Operasional Kavling LK-19,60.101.002 INSENTIF/KOMISI,10.101.001 KAS KECIL,2150000
Lumiera Garden,2025-10-21,KAS_KELUAR,Kas Kecil,Komisi Direktur Utama Kavling LK-19,60.101.002 INSENTIF/KOMISI,10.101.001 KAS KECIL,2150000
Lumiera Garden,2025-10-21,KAS_KELUAR,Kas Kecil,BLT SPV Marketing Kavling LK-19,60.101.001 BLT,10.101.001 KAS KECIL,2000000
Lumiera Garden,2025-10-21,KAS_KELUAR,Kas Kecil,Komisi SPV Marketing Kavling LK-19,60.101.002 INSENTIF/KOMISI,10.101.001 KAS KECIL,5375000
Lumiera Garden,2025-10-21,KAS_KELUAR,Kas Kecil,BLT Marketing Kavling LK-19,60.101.001 BLT,10.101.001 KAS KECIL,1000000
Lumiera Garden,2025-10-21,KAS_KELUAR,Kas Kecil,Komisi Marketing Kavling LK-19,60.101.002 INSENTIF/KOMISI,10.101.001 KAS KECIL,16125000
Lumiera Garden,2025-10-21,KAS_MASUK,Kas Kecil,Pinjaman dari Joyo Agung 2,10.101.001 KAS KECIL,20.103.009 HUTANG JOYO AGUNG 2,36110000
Lumiera Garden,2025-10-20,PENYESUAIAN,,Hutang Pembelian Tanah Jati (Tukar Guling Tanah Jati dengan Kavling LK-19),10.201.001 PERSEDIAAN TANAH,20.103.002 HUTANG TANAH,517000000
Lumiera Garden,2025-10-20,PENYESUAIAN,,Pembelian Tanah -/+ 529 m2 (Tukar Guling Tanah Jati dengan Kavling LK-19 an Farida Budi),10.201.001 PERSEDIAAN TANAH,20.101.001 UANG MUKA,1070000000
Lumiera Garden,2025-10-19,KAS_MASUK,BCA PT. ASAKW 040,ITJ Kavling C-4 an Raka Aditya,10.101.003 BCA (8162440909 an PT. Adhiland Sukses Abadi),20.101.002 UANG TANDA JADI,5000000
Lumiera Garden,2025-10-18,KAS_MASUK,BCA PT. ASALK 17,ITJ Kavling LK-17 an Muhammad Nassar,10.101.003 BCA (8162440909 an PT. Adhiland Sukses Abadi),20.101.002 UANG TANDA JADI,5000000
Lumiera Garden,2025-10-18,KAS_MASUK,BCA PT. ASALK 7,Pembayaran Angsuran Ke-10 & 11 Rukost Kavling LK-07 an Heny Susanti,10.101.003 BCA (8162440909 an PT. Adhiland Sukses Abadi),20.101.001 UANG MUKA,100000000
Lumiera Garden,2025-10-18,KAS_MASUK,BCA PT. ASALK 7,Pembayaran Pelunasan Angsuran Ke-9 Rukost Kavling LK-07 an Heny Susanti,10.101.003 BCA (8162440909 an PT. Adhiland Sukses Abadi),20.101.001 UANG MUKA,20000000
Lumiera Garden,2025-10-17,PENYESUAIAN,(94) Top Up Flazz,E-Toll (Kunjungan User - Jombang - Tim P. Verry),60.104.011 PERJALANAN DINAS,10.101.004 SILANG KAS,100000
Lumiera Garden,2025-10-17,PENYESUAIAN,(94) SPBU Bendungan Sutami,Pompa Ban (Kunjungan User - Jombang - Tim P. Verry),60.104.001 OPERASIONAL KANTOR,10.101.004 SILANG KAS,10000
Lumiera Garden,2025-10-17,PENYESUAIAN,(94) SPBU Bendungan Sutami,Bensin Pertamax (Kunjungan User - Jombang - Tim P. Verry),60.104.007 BENSIN OPERASIONAL,10.101.004 SILANG KAS,290000
Lumiera Garden,2025-10-17,KAS_KELUAR,BCA PT. ASA,Refund ITJ LK-21 an Agus Tanzili,20.101.002 UANG TANDA JADI,10.101.003 BCA (8162440909 an PT. Adhiland Sukses Abadi),5000000
Lumiera Garden,2025-10-17,KAS_KELUAR,BCA PT. ASA(94) SPBU Bendungan Sutami & Top Up Flazz,Budgeting Mas Andik Bensin & E-Toll (Kunjungan User - Jombang - Tim P. Verry),10.101.004 SILANG KAS,10.101.003 BCA (8162440909 an PT. Adhiland Sukses Abadi),400000
Lumiera Garden,2025-10-17,KAS_KELUAR,BCA PT. ASA,Reimburse Bella (bonding Marketing),60.104.013 MEETING,10.101.003 BCA (8162440909 an PT. Adhiland Sukses Abadi),75000
Lumiera Garden,2025-10-17,KAS_KELUAR,BCA PT. ASA,Reimburse Bella (Langganan WPS Pro),60.104.001 OPERASIONAL KANTOR,10.101.003 BCA (8162440909 an PT. Adhiland Sukses Abadi),320790
Lumiera Garden,2025-10-17,KAS_KELUAR,BCA PT. ASA,Biaya Admin (TF beda bank),60.104.010 ADMINISTRASI BANK,10.101.003 BCA (8162440909 an PT. Adhiland Sukses Abadi),2500
Lumiera Garden,2025-10-17,KAS_KELUAR,BCA PT. ASA,Reimburse Pak Rula (Obeng & Kunci T),60.104.001 OPERASIONAL KANTOR,10.101.003 BCA (8162440909 an PT. Adhiland Sukses Abadi),109500
Lumiera Garden,2025-10-17,KAS_KELUAR,BCA PT. ASA,Biaya Admin (TF beda bank),60.104.010 ADMINISTRASI BANK,10.101.003 BCA (8162440909 an PT. Adhiland Sukses Abadi),2500
Lumiera Garden,2025-10-17,KAS_KELUAR,BCA PT. ASA,Instalasi & Pasang AC Galleri Marketing (2 unit),10.202.017 GALLERY MARKETING,10.101.003 BCA (8162440909 an PT. Adhiland Sukses Abadi),920000
Lumiera Garden,2025-10-17,KAS_MASUK,BCA PT. ASALK 7,Pembayaran Cicilan Angsuran Ke-9 Rukost Kavling LK-07 an Heny Susanti,10.101.003 BCA (8162440909 an PT. Adhiland Sukses Abadi),20.101.001 UANG MUKA,30000000
Lumiera Garden,2025-10-17,KAS_MASUK,BCA PT. ASALK 7,Pembayaran Pelunasan Angsuran Ke-5-8 Rukost Kavling LK-07 an Heny Susanti,10.101.003 BCA (8162440909 an PT. Adhiland Sukses Abadi),20.101.001 UANG MUKA,120000000
Lumiera Garden,2025-10-17,KAS_KELUAR,Kas Kecil,Reimburse Pak Adhi (Vaksi Meningitis+Polio),60.104.011 PERJALANAN DINAS,10.101.001 KAS KECIL,2625000
Lumiera Garden,2025-10-17,KAS_KELUAR,Kas Kecil,"Reimburse Pak Adhi (Ongkos Bersih"" Marketing Gallery)",60.104.001 OPERASIONAL KANTOR,10.101.001 KAS KECIL,100000
Lumiera Garden,2025-10-17,KAS_KELUAR,Kas Kecil,Reimburse Pak Adhi (Weekly Meeting Direksi Komisaris),60.104.013 MEETING,10.101.001 KAS KECIL,833085
Lumiera Garden,2025-10-17,KAS_KELUAR,Kas Kecil,Reimburse Pak Adhi (Alat Kebersihan Marketing Gallery / 2 Nota),60.104.001 OPERASIONAL KANTOR,10.101.001 KAS KECIL,370700
Lumiera Garden,2025-10-17,KAS_KELUAR,Kas Kecil,Reimburse Pak Adhi (Vas Hiasan Meja),11.101.001 PERALATAN KANTOR,10.101.001 KAS KECIL,299000
Lumiera Garden,2025-10-17,KAS_KELUAR,Kas Kecil,Reimburse Pak Adhi (Keset Informa),11.101.001 PERALATAN KANTOR,10.101.001 KAS KECIL,229000
Lumiera Garden,2025-10-17,KAS_KELUAR,Kas Kecil,Reimburse Pak Adhi (Meja Kotak Abu-abu),11.101.001 PERALATAN KANTOR,10.101.001 KAS KECIL,4999000
Lumiera Garden,2025-10-17,KAS_KELUAR,Kas Kecil,"Reimburse Pak Adhi (Set Sofa Abu 3,2,1)",11.101.001 PERALATAN KANTOR,10.101.001 KAS KECIL,10999000
Lumiera Garden,2025-10-17,KAS_KELUAR,Kas Kecil,Reimburse Pak Adhi (Karpet Cream),11.101.001 PERALATAN KANTOR,10.101.001 KAS KECIL,1699000
Lumiera Garden,2025-10-17,KAS_KELUAR,Kas Kecil,Reimburse Pak Adhi (Meja Bulat Abu-abu / 2 pcs),11.101.001 PERALATAN KANTOR,10.101.001 KAS KECIL,1798000
Lumiera Garden,2025-10-17,KAS_MASUK,Kas Kecil,Pinjaman dari Joyo Agung 2,10.101.001 KAS KECIL,20.103.009 HUTANG JOYO AGUNG 2,23951785
Lumiera Garden,2025-10-16,KAS_KELUAR,Kas Kecil(93) Gerbang Tol Pandaan,Pengangan mas Andik - Top Up E-Toll (Kunjungan User - Pasuruan/Tim Amin),60.104.011 PERJALANAN DINAS,10.101.001 KAS KECIL,100000
Lumiera Garden,2025-10-16,KAS_KELUAR,Kas Kecil(93) SPBU Karangploso,Pengangan mas Andik - Pertamax Zenix (Kunjungan User - Pasuruan/Tim Amin),60.104.007 BENSIN OPERASIONAL,10.101.001 KAS KECIL,200000
Lumiera Garden,2025-10-15,KAS_KELUAR,Kas Kecil(92) Malang Badminton Arena,Sewa Lapangan Badminton (21.00 s/d 22.00) & Sewa Raket (4 pcs / 3 jam),60.104.001 OPERASIONAL KANTOR,10.101.001 KAS KECIL,150000
Lumiera Garden,2025-10-14,KAS_KELUAR,BCA PT. ASA,Biaya Admin,60.104.010 ADMINISTRASI BANK,10.101.003 BCA (8162440909 an PT. Adhiland Sukses Abadi),6000
Lumiera Garden,2025-10-14,KAS_KELUAR,BCA PT. ASA,Tambah Daya PLN (PJU Lumiera dari 4.400 VA ke 5.500 VA),10.202.028 LISTRIK LOKASI,10.101.003 BCA (8162440909 an PT. Adhiland Sukses Abadi),1115900
Lumiera Garden,2025-10-14,KAS_MASUK,BCA PT. ASALK 7,Pembayaran Cicilan Angsuran Ke-8 Rukost Kavling LK-07 an Heny Susanti,10.101.003 BCA (8162440909 an PT. Adhiland Sukses Abadi),20.101.001 UANG MUKA,20000000
Lumiera Garden,2025-10-13,KAS_MASUK,BCA PT. ASALK 19,ITJ Kavling LK-19 an Farida Budi Wijaya,10.101.003 BCA (8162440909 an PT. Adhiland Sukses Abadi),20.101.002 UANG TANDA JADI,5000000
Lumiera Garden,2025-10-11,KAS_MASUK,BCA PT. ASALK 13,ITJ Kavling LK-13 an Podang Peksiadji,10.101.003 BCA (8162440909 an PT. Adhiland Sukses Abadi),20.101.002 UANG TANDA JADI,5000000
Lumiera Garden,2025-10-11,KAS_MASUK,BCA PT. ASALK 1,ITJ Kavling LK-01 an Hari Purwanto Adi / Erni Dwi Retnowati,10.101.003 BCA (8162440909 an PT. Adhiland Sukses Abadi),20.101.002 UANG TANDA JADI,5000000
Lumiera Garden,2025-10-11,KAS_KELUAR,BCA PT. ASA,Pelunasan Seragam Kemeja (7 pcs) & Polo (7 pcs) - No. Inv. 3 24/BB/09/2025 - Baboon,60.104.001 OPERASIONAL KANTOR,10.101.003 BCA (8162440909 an PT. Adhiland Sukses Abadi),1330000
Lumiera Garden,2025-10-11,KAS_KELUAR,Kas Kecil(91) Tiong Bahru,Weekly Marcomm,60.104.013 MEETING,10.101.001 KAS KECIL,250000
Lumiera Garden,2025-10-10,KAS_KELUAR,BCA PT. ASA,Reimburse Pak Dedy (Bensin Pick Up),60.104.007 BENSIN OPERASIONAL,10.101.003 BCA (8162440909 an PT. Adhiland Sukses Abadi),200000
Lumiera Garden,2025-10-10,KAS_KELUAR,BCA PT. ASA,Reimburse Adib (Pembayaran Open Table WW 04-05 Okt 2025),60.101.006 EXPO,10.101.003 BCA (8162440909 an PT. Adhiland Sukses Abadi),400000
Lumiera Garden,2025-10-10,KAS_KELUAR,BCA PT. ASA,Reimburse Pak Rula (Jas Hujan untuk orang harian / 3 pcs),60.104.001 OPERASIONAL KANTOR,10.101.003 BCA (8162440909 an PT. Adhiland Sukses Abadi),210000
Lumiera Garden,2025-10-10,KAS_KELUAR,BCA PT. ASA,Biaya Admin (TF beda bank),60.104.010 ADMINISTRASI BANK,10.101.003 BCA (8162440909 an PT. Adhiland Sukses Abadi),2500
Lumiera Garden,2025-10-10,KAS_KELUAR,BCA PT. ASA,Instalasi Pipa AC LK-3 (6 unit),10.203.005 AC,10.101.003 BCA (8162440909 an PT. Adhiland Sukses Abadi),1500000
Lumiera Garden,2025-10-10,KAS_KELUAR,BCA PT. ASA,Biaya Admin (TF beda bank),60.104.010 ADMINISTRASI BANK,10.101.003 BCA (8162440909 an PT. Adhiland Sukses Abadi),2500
Lumiera Garden,2025-10-10,KAS_KELUAR,BCA PT. ASA,Instalasi Pipa AC LK-2 (6 unit),10.203.005 AC,10.101.003 BCA (8162440909 an PT. Adhiland Sukses Abadi),1500000
Lumiera Garden,2025-10-10,KAS_KELUAR,BCA PT. ASA,Reimburse Pak Rula (Instalasi Listrik Galeri Marketing),10.202.017 GALLERY MARKETING,10.101.003 BCA (8162440909 an PT. Adhiland Sukses Abadi),1290000
Lumiera Garden,2025-10-10,KAS_KELUAR,BCA PT. ASA,"Reimburse Pak Rula (Kabel NYM 2x1,5 mm AC LK-3 / 50m)",10.203.005 AC,10.101.003 BCA (8162440909 an PT. Adhiland Sukses Abadi),700000
Lumiera Garden,2025-10-10,KAS_KELUAR,BCA PT. ASA,Reimburse Pak Rula (Pipa Refrigrant AC LK-3 / 30m),10.203.005 AC,10.101.003 BCA (8162440909 an PT. Adhiland Sukses Abadi),2100000
Lumiera Garden,2025-10-10,KAS_KELUAR,BCA PT. ASA,Kas Bon Karyawan (Security / Yossy),10.102.011 PIUTANG KARYAWAN,10.101.003 BCA (8162440909 an PT. Adhiland Sukses Abadi),1000000
Lumiera Garden,2025-10-10,KAS_KELUAR,BCA PT. ASA,Wifi Project bulan Oktober (01000557664),60.104.006 TAGIHAN WIFI,10.101.003 BCA (8162440909 an PT. Adhiland Sukses Abadi),416250
Lumiera Garden,2025-10-10,KAS_KELUAR,BCA PT. ASA,Wifi Kantor Ruko Suhat bulan Oktober (01000274460),60.104.006 TAGIHAN WIFI,10.101.003 BCA (8162440909 an PT. Adhiland Sukses Abadi),416250
Lumiera Garden,2025-10-10,KAS_KELUAR,BCA PT. ASA,Pembayaran Halo Call Center Oktober (08113646900),60.104.005 TAGIHAN HALO CALL CENTER (08113646900),10.101.003 BCA (8162440909 an PT. Adhiland Sukses Abadi),202800
Lumiera Garden,2025-10-10,KAS_KELUAR,Cash/Tunai,Biaya Admin Setoran Tunai (DP Umroh),60.104.010 ADMINISTRASI BANK,10.101.002 CASH/TUNAI,2900
Lumiera Garden,2025-10-10,KAS_KELUAR,Kas Kecil,DP Umroh 13 hari (6 pack),60.104.001 OPERASIONAL KANTOR,10.101.001 KAS KECIL,27000000
Lumiera Garden,2025-10-10,KAS_KELUAR,Kas Kecil,Reimburse Pak Adhi (Weekly Meeting Pak Rendra),60.104.013 MEETING,10.101.001 KAS KECIL,293007
Lumiera Garden,2025-10-10,KAS_KELUAR,Kas Kecil,Reimburse Pak Adhi (Meeting Direksi di Joyoagung),60.104.013 MEETING,10.101.001 KAS KECIL,157000
Lumiera Garden,2025-10-10,KAS_KELUAR,Kas Kecil,Reimburse Pak Adhi (Garansi AC Hartono),10.202.017 GALLERY MARKETING,10.101.001 KAS KECIL,198000
Lumiera Garden,2025-10-10,KAS_KELUAR,Kas Kecil,Reimburse Pak Adhi (AC 1PK untuk Marketing Gallery / 2 unit),10.202.017 GALLERY MARKETING,10.101.001 KAS KECIL,6798000
Lumiera Garden,2025-10-10,KAS_MASUK,Kas Kecil,Pinjaman dari Joyo Agung 2,10.101.001 KAS KECIL,20.103.009 HUTANG JOYO AGUNG 2,34448907
Lumiera Garden,2025-10-10,KAS_KELUAR,Kas Kecil(90) Majesty Soehat,Cetak Roll Banner LG,60.101.004 BEBAN ADVERTISING,10.101.001 KAS KECIL,382000
Lumiera Garden,2025-10-10,KAS_MASUK,Kas Kecil,Pinjaman dari Sigura-gura,10.101.001 KAS KECIL,20.103.006 HUTANG SIGURA-GURA,1500000
Lumiera Garden,2025-10-09,KAS_MASUK,BCA PT. ASALK 24,ITJ Kavling LK-24 an Hikmatul Hikmiah,10.101.003 BCA (8162440909 an PT. Adhiland Sukses Abadi),20.101.002 UANG TANDA JADI,5000000
Lumiera Garden,2025-10-08,KAS_KELUAR,Kas Kecil,Instalasi Panel & Indikator Tandon Kawasan - Suwandi,10.202.020 TANDON AIR,10.101.001 KAS KECIL,700000
Lumiera Garden,2025-10-08,KAS_MASUK,Kas Kecil,Pinjaman dari Joyo Agung 2,10.101.001 KAS KECIL,20.103.009 HUTANG JOYO AGUNG 2,700000
Lumiera Garden,2025-10-07,KAS_MASUK,BCA PT. ASALK 21,ITJ Kavling LK-21 an Agus Tanzili,10.101.003 BCA (8162440909 an PT. Adhiland Sukses Abadi),20.101.002 UANG TANDA JADI,5000000
Lumiera Garden,2025-10-04,KAS_KELUAR,Kas Kecil(89) Sama Jaya,Kopi 6kg (No.1&2) + Gula 3Kg + Parkir,60.104.001 OPERASIONAL KANTOR,10.101.001 KAS KECIL,220000
Lumiera Garden,2025-10-04,KAS_KELUAR,Kas Kecil,Termin 50% Kavling LK-04 (37/SPK.ADP/VII/2025) - Richi Setiawan,10.203.001 PERSEDIAAN BANGUNAN,10.101.001 KAS KECIL,166812500
Lumiera Garden,2025-10-04,KAS_MASUK,Kas Kecil,Pinjaman dari Sigura-gura,10.101.001 KAS KECIL,20.103.006 HUTANG SIGURA-GURA,167000000
Lumiera Garden,2025-10-03,KAS_KELUAR,BCA PT. ASA,Token Listrik Kawasan (513111484250 / PJU Lumiera Joyo Agung),60.104.003 TOKEN PLN,10.101.003 BCA (8162440909 an PT. Adhiland Sukses Abadi),2006000
Lumiera Garden,2025-10-03,KAS_KELUAR,BCA PT. ASA,Reimburse Pak Achmad (Bensin Zenix - Kunjungan User),60.104.007 BENSIN OPERASIONAL,10.101.003 BCA (8162440909 an PT. Adhiland Sukses Abadi),150000
Lumiera Garden,2025-10-03,KAS_KELUAR,BCA PT. ASA,Pelunasan Open Table MOG (01 - 30 Sept 2025),60.101.006 EXPO,10.101.003 BCA (8162440909 an PT. Adhiland Sukses Abadi),28000000
Lumiera Garden,2025-10-03,KAS_KELUAR,BCA PT. ASA,Reimburse Pak Rula (Material AC Gallery Marketing ),10.202.017 GALLERY MARKETING,10.101.003 BCA (8162440909 an PT. Adhiland Sukses Abadi),3082000
Lumiera Garden,2025-10-03,KAS_KELUAR,BCA PT. ASA,Reimburse Pak Rula (Material Panel & Indikator Tandon) - 5 Nota,10.202.020 TANDON AIR,10.101.003 BCA (8162440909 an PT. Adhiland Sukses Abadi),1796000
Lumiera Garden,2025-10-02,KAS_KELUAR,Kas Kecil(88) Jaya Cookies & Toko Anda,Konsumsi Monthly (Kue Basah & Cleo),60.104.013 MEETING,10.101.001 KAS KECIL,173000
Lumiera Garden,2025-10-01,PENYESUAIAN,,Potongan Kas Bon Karyawan bulan September (Umum / Sudjarno),60.102.001 GAJI KARYAWAN TETAP,10.102.011 PIUTANG KARYAWAN,300000
Lumiera Garden,2025-10-01,PENYESUAIAN,,Potongan Kas Bon Karyawan bulan September (Direksi / Dedy Nazarudin),60.102.001 GAJI KARYAWAN TETAP,10.102.011 PIUTANG KARYAWAN,500000
Lumiera Garden,2025-10-01,PENYESUAIAN,,Potongan Kas Bon Karyawan bulan September (Marketing / Silvi),60.102.001 GAJI KARYAWAN TETAP,10.102.011 PIUTANG KARYAWAN,333333
Lumiera Garden,2025-10-01,PENYESUAIAN,,Potongan Kas Bon Karyawan bulan September (Security / Yusuf Efendi),60.102.001 GAJI KARYAWAN TETAP,10.102.011 PIUTANG KARYAWAN,250000
Lumiera Garden,2025-10-01,PENYESUAIAN,,Potongan Kas Bon Karyawan bulan September (Security / Dela Herman),60.102.001 GAJI KARYAWAN TETAP,10.102.011 PIUTANG KARYAWAN,500000
Lumiera Garden,2025-10-01,PENYESUAIAN,,Potongan Kas Bon Karyawan bulan September (Security / Dian Nuri),60.102.001 GAJI KARYAWAN TETAP,10.102.011 PIUTANG KARYAWAN,500000
Lumiera Garden,2025-10-01,PENYESUAIAN,,Potongan Kas Bon Karyawan bulan September (OB / Andik),60.102.001 GAJI KARYAWAN TETAP,10.102.011 PIUTANG KARYAWAN,500000
Lumiera Garden,2025-10-01,KAS_KELUAR,BCA PT. ASA,Upah Penjaga Alat / P. Didik (01 Sept s/d 30 Sept 2025),60.103.001 HONOR,10.101.003 BCA (8162440909 an PT. Adhiland Sukses Abadi),1500000
Lumiera Garden,2025-10-01,KAS_KELUAR,BCA PT. ASA,Biaya Admin (TF beda bank),60.104.010 ADMINISTRASI BANK,10.101.003 BCA (8162440909 an PT. Adhiland Sukses Abadi),17500
Lumiera Garden,2025-10-01,KAS_KELUAR,BCA PT. ASA,Gaji Karyawan bulan September 2025 (Non Payroll),60.102.001 GAJI KARYAWAN TETAP,10.101.003 BCA (8162440909 an PT. Adhiland Sukses Abadi),9694976
Lumiera Garden,2025-10-01,KAS_KELUAR,BCA PT. ASA,Gaji Karyawan bulan September 2025 (Payroll),60.102.001 GAJI KARYAWAN TETAP,10.101.003 BCA (8162440909 an PT. Adhiland Sukses Abadi),140428298
Lumiera Garden,2025-10-01,KAS_KELUAR,Kas Kecil(87) Indomaret,Handsoap,60.104.001 OPERASIONAL KANTOR,10.101.001 KAS KECIL,8900
Lumiera Garden,2025-09-30,KAS_KELUAR,BCA PT. ASA,Pajak Bunga,60.104.029 BEBAN PAJAK LAINNYA/PAJAK BUNGA,10.101.003 BCA (8162440909 an PT. Adhiland Sukses Abadi),12512
Lumiera Garden,2025-09-30,KAS_MASUK,BCA PT. ASA,Bunga Bank,10.101.003 BCA (8162440909 an PT. Adhiland Sukses Abadi),40.102.001 BUNGA BANK,62562
Lumiera Garden,2025-09-30,KAS_KELUAR,BCA PT. ASA,Admin Bank (Potongan Bulanan),60.104.010 ADMINISTRASI BANK,10.101.003 BCA (8162440909 an PT. Adhiland Sukses Abadi),30000
Lumiera Garden,2025-09-29,KAS_KELUAR,Kas Kecil(86) Adi Ban,Tambal Tubles Mobil Zenix,60.104.001 OPERASIONAL KANTOR,10.101.001 KAS KECIL,15000
Lumiera Garden,2025-09-27,KAS_KELUAR,Kas Kecil(85) SPBU Bendungan Sutami,Pegangan mas Andik (Cuci Mobil),60.104.001 OPERASIONAL KANTOR,10.101.001 KAS KECIL,50000
Lumiera Garden,2025-09-27,KAS_KELUAR,Kas Kecil(85) SPBU Bendungan Sutami,Pegangan mas Andik (Bensin Zenix),60.104.007 BENSIN OPERASIONAL,10.101.001 KAS KECIL,250000
Lumiera Garden,2025-09-27,KAS_KELUAR,Kas Kecil(84) Nota,Weekly Marcomm,60.104.013 MEETING,10.101.001 KAS KECIL,245000
Lumiera Garden,2025-09-26,KAS_KELUAR,BCA PT. ASA,Reimburse Pak Dedy (Akomodasi Akad LK-23 / 4 Nota),60.104.011 PERJALANAN DINAS,10.101.003 BCA (8162440909 an PT. Adhiland Sukses Abadi),637500
Lumiera Garden,2025-09-26,KAS_KELUAR,BCA PT. ASA,Reimburse Pak Dedy (Meeting SPV),60.104.013 MEETING,10.101.003 BCA (8162440909 an PT. Adhiland Sukses Abadi),107000
Lumiera Garden,2025-09-26,KAS_KELUAR,BCA PT. ASA,Biaya Admin (TF beda bank),60.104.010 ADMINISTRASI BANK,10.101.003 BCA (8162440909 an PT. Adhiland Sukses Abadi),2500
Lumiera Garden,2025-09-26,KAS_KELUAR,BCA PT. ASA,Papan Kavling LG (Rukost & Hunian) / 20 pcs - StarOne,60.101.004 BEBAN ADVERTISING,10.101.003 BCA (8162440909 an PT. Adhiland Sukses Abadi),60000
Lumiera Garden,2025-09-26,KAS_KELUAR,BCA PT. ASA,Brosur LG uk 63x25cm / 3000 lbr - micky mouse,60.101.004 BEBAN ADVERTISING,10.101.003 BCA (8162440909 an PT. Adhiland Sukses Abadi),12000000
Lumiera Garden,2025-09-26,KAS_KELUAR,BCA PT. ASA,Reimburse Bella Telle (Bonding Marketing / 3 Nota),60.104.013 MEETING,10.101.003 BCA (8162440909 an PT. Adhiland Sukses Abadi),125000
Lumiera Garden,2025-09-26,KAS_KELUAR,BCA PT. ASA,Akta Perjanjian Kerjasama (Ely Suryana - PT. ASA),10.201.022 AKTA KERJASAMA,10.101.003 BCA (8162440909 an PT. Adhiland Sukses Abadi),2500000
Lumiera Garden,2025-09-26,KAS_KELUAR,BCA PT. ASA,Waarmerking Perjanjian Kerjasama Sunarya & PT. ASA,60.104.023 BIAYA ADMINISTRASI WAARMERKING,10.101.003 BCA (8162440909 an PT. Adhiland Sukses Abadi),250000
Lumiera Garden,2025-09-26,KAS_KELUAR,BCA PT. ASA,Reimburse Maria (Periksa Air Minum Rumah Tangga),60.104.999 LAIN-LAIN,10.101.003 BCA (8162440909 an PT. Adhiland Sukses Abadi),184260
Lumiera Garden,2025-09-26,KAS_KELUAR,BCA PT. ASA,Reimburse Pak Rula (Kran Taman / 4 pcs),10.202.008 TAMAN DAN PENGHIJAUAN,10.101.003 BCA (8162440909 an PT. Adhiland Sukses Abadi),60000
Lumiera Garden,2025-09-26,KAS_KELUAR,BCA PT. ASA,Reimburse Pak Rula (Bensin mesin potong rumput & Alkon),60.104.001 OPERASIONAL KANTOR,10.101.003 BCA (8162440909 an PT. Adhiland Sukses Abadi),100000
Lumiera Garden,2025-09-26,KAS_KELUAR,BCA PT. ASA,Reimburse Pak Rula (Alat Potong Taman),60.104.001 OPERASIONAL KANTOR,10.101.003 BCA (8162440909 an PT. Adhiland Sukses Abadi),176000
Lumiera Garden,2025-09-26,KAS_KELUAR,BCA PT. ASA,Reimburse Pak Adhi (Tempat Sampah Dorong 120L Warna Kuning),11.101.001 PERALATAN KANTOR,10.101.003 BCA (8162440909 an PT. Adhiland Sukses Abadi),479900
Lumiera Garden,2025-09-26,KAS_KELUAR,BCA PT. ASA,Reimburse Pak Adhi (Gembok Kecil Anti Air),60.104.001 OPERASIONAL KANTOR,10.101.003 BCA (8162440909 an PT. Adhiland Sukses Abadi),46900
Lumiera Garden,2025-09-26,KAS_KELUAR,BCA PT. ASA,Reimburse Pak Adhi (Meeting Direksi / 09 September 2025),60.104.013 MEETING,10.101.003 BCA (8162440909 an PT. Adhiland Sukses Abadi),165000
Lumiera Garden,2025-09-26,KAS_KELUAR,BCA PT. ASA,Reimburse Novi (Karangan Bunga / Ayah Adib),60.104.002 SUMBANGAN/REWARD,10.101.003 BCA (8162440909 an PT. Adhiland Sukses Abadi),50000
Lumiera Garden,2025-09-26,KAS_KELUAR,BCA PT. ASA,Reimburse Pak Roy (Karangan Bunga / Ayah Adib),60.104.002 SUMBANGAN/REWARD,10.101.003 BCA (8162440909 an PT. Adhiland Sukses Abadi),500000
Lumiera Garden,2025-09-26,KAS_KELUAR,BCA PT. ASA,Reimburse Pak Roy (Pertalite Avanza),60.104.007 BENSIN OPERASIONAL,10.101.003 BCA (8162440909 an PT. Adhiland Sukses Abadi),300000
Lumiera Garden,2025-09-26,KAS_KELUAR,BCA PT. ASA,Reimburse Wiya (Pembelian Materai u/ akad LK-23),60.104.008 MATERAI,10.101.003 BCA (8162440909 an PT. Adhiland Sukses Abadi),34500
Lumiera Garden,2025-09-26,KAS_KELUAR,BCA PT. ASA,Get Contact LG (Telle),60.104.001 OPERASIONAL KANTOR,10.101.003 BCA (8162440909 an PT. Adhiland Sukses Abadi),22090
Lumiera Garden,2025-09-26,KAS_KELUAR,BCA PT. ASA,Biaya Admin (TF beda bank),60.104.010 ADMINISTRASI BANK,10.101.003 BCA (8162440909 an PT. Adhiland Sukses Abadi),2500
Lumiera Garden,2025-09-26,KAS_KELUAR,BCA PT. ASA,Pintu Pagar Sisi Sungai - Restu Jaya,10.202.013 PAGAR LINGKUNGAN,10.101.003 BCA (8162440909 an PT. Adhiland Sukses Abadi),630000
Lumiera Garden,2025-09-26,KAS_KELUAR,BCA PT. ASA,Tangga Akses Tandon - Restu Jaya,10.202.020 TANDON AIR,10.101.003 BCA (8162440909 an PT. Adhiland Sukses Abadi),3200000
Lumiera Garden,2025-09-26,KAS_KELUAR,BCA PT. ASACek : 620437,Tarikan Tunai,10.101.004 SILANG KAS,10.101.003 BCA (8162440909 an PT. Adhiland Sukses Abadi),296000000
Lumiera Garden,2025-09-26,KAS_KELUAR,Cash/Tunai,Biaya Admin Setoran Tunai (Termin Kavling LK-3 - Riadi),60.104.010 ADMINISTRASI BANK,10.101.002 CASH/TUNAI,2900
Lumiera Garden,2025-09-26,KAS_KELUAR,Cash/Tunai,Termin 50% Kavling LK-3 (26/SPK.ADP/V/2025) - Riadi,10.203.001 PERSEDIAAN BANGUNAN,10.101.002 CASH/TUNAI,161500000
Lumiera Garden,2025-09-26,KAS_KELUAR,Cash/Tunai,Pembayaran Hutang Ke Sigura-Gura,20.103.006 HUTANG SIGURA-GURA,10.101.002 CASH/TUNAI,116997100
Lumiera Garden,2025-09-26,KAS_KELUAR,Cash/Tunai,Pembayaran Hutang ke Joyo Agung,20.103.009 HUTANG JOYO AGUNG 2,10.101.002 CASH/TUNAI,17500000
Lumiera Garden,2025-09-26,KAS_MASUK,Cash/TunaiCek : 620437,Pencairan Cek,10.101.002 CASH/TUNAI,10.101.004 SILANG KAS,296000000
Lumiera Garden,2025-09-25,KAS_KELUAR,BCA PT. ASA,Refund ITJ LK-21 an Ramses Indriawan,20.101.002 UANG TANDA JADI,10.101.003 BCA (8162440909 an PT. Adhiland Sukses Abadi),5000000
Lumiera Garden,2025-09-25,KAS_KELUAR,BCA PT. ASA,Refund ITJ LK-20 an Ramses Indriawan,20.101.002 UANG TANDA JADI,10.101.003 BCA (8162440909 an PT. Adhiland Sukses Abadi),5000000
Lumiera Garden,2025-09-25,KAS_KELUAR,BCA PT. ASA,Biaya Admin (TF beda bank),60.104.010 ADMINISTRASI BANK,10.101.003 BCA (8162440909 an PT. Adhiland Sukses Abadi),2500
Lumiera Garden,2025-09-24,PENYESUAIAN,,Pindah Saldo,10.101.001 KAS KECIL,10.101.002 CASH/TUNAI,23105700
Lumiera Garden,2025-09-24,KAS_KELUAR,BCA PT. ASA,DP Seragam Kemeja (7 pcs) & Polo (7 pcs) - No. Inv. 3 24/BB/09/2025 - Baboon,60.104.001 OPERASIONAL KANTOR,10.101.003 BCA (8162440909 an PT. Adhiland Sukses Abadi),1330000
Lumiera Garden,2025-09-24,KAS_KELUAR,Kas Kecil,Komisi Marcomm Kavling LK-23,60.101.002 INSENTIF/KOMISI,10.101.001 KAS KECIL,137600
Lumiera Garden,2025-09-24,KAS_KELUAR,Kas Kecil,Komisi Marcomm Kavling LK-23,60.101.002 INSENTIF/KOMISI,10.101.001 KAS KECIL,137600
Lumiera Garden,2025-09-24,KAS_KELUAR,Kas Kecil,Komisi Marcomm Kavling LK-23,60.101.002 INSENTIF/KOMISI,10.101.001 KAS KECIL,137600
Lumiera Garden,2025-09-24,KAS_KELUAR,Kas Kecil,Komisi Marcomm Kavling LK-23,60.101.002 INSENTIF/KOMISI,10.101.001 KAS KECIL,120400
Lumiera Garden,2025-09-24,KAS_KELUAR,Kas Kecil,Komisi Marcomm Kavling LK-23,60.101.002 INSENTIF/KOMISI,10.101.001 KAS KECIL,129000
Lumiera Garden,2025-09-24,KAS_KELUAR,Kas Kecil,Komisi Marcomm Kavling LK-23,60.101.002 INSENTIF/KOMISI,10.101.001 KAS KECIL,197800
Lumiera Garden,2025-09-24,KAS_KELUAR,Kas Kecil,Komisi Direktur Teknik Kavling LK-23,60.101.002 INSENTIF/KOMISI,10.101.001 KAS KECIL,2150000
Lumiera Garden,2025-09-24,KAS_KELUAR,Kas Kecil,Komisi Komisaris Kavling LK-23,60.101.002 INSENTIF/KOMISI,10.101.001 KAS KECIL,2150000
Lumiera Garden,2025-09-24,KAS_KELUAR,Kas Kecil,Komisi Direktur B&D Kavling LK-23,60.101.002 INSENTIF/KOMISI,10.101.001 KAS KECIL,2150000
Lumiera Garden,2025-09-24,KAS_KELUAR,Kas Kecil,Komisi Direktur Operasional Kavling LK-23,60.101.002 INSENTIF/KOMISI,10.101.001 KAS KECIL,2150000
Lumiera Garden,2025-09-24,KAS_KELUAR,Kas Kecil,Komisi Direktur Utama Kavling LK-23,60.101.002 INSENTIF/KOMISI,10.101.001 KAS KECIL,2150000
Lumiera Garden,2025-09-24,KAS_KELUAR,Kas Kecil,BLT SPV Marketing Kavling LK-23,60.101.001 BLT,10.101.001 KAS KECIL,2000000
Lumiera Garden,2025-09-24,KAS_KELUAR,Kas Kecil,Komisi SPV Marketing Kavling LK-23,60.101.002 INSENTIF/KOMISI,10.101.001 KAS KECIL,5375000
Lumiera Garden,2025-09-24,KAS_KELUAR,Kas Kecil,BLT Marketing Kavling LK-23,60.101.001 BLT,10.101.001 KAS KECIL,1000000
Lumiera Garden,2025-09-24,KAS_KELUAR,Kas Kecil,Komisi Marketing Kavling LK-23,60.101.002 INSENTIF/KOMISI,10.101.001 KAS KECIL,16125000
Lumiera Garden,2025-09-24,KAS_MASUK,Kas Kecil,Pinjaman dari Sigura-gura,10.101.001 KAS KECIL,20.103.006 HUTANG SIGURA-GURA,13494300
Lumiera Garden,2025-09-23,KAS_KELUAR,BCA PT. ASA,Refund ITJ LK-18 an Ernani Indrawati,20.101.002 UANG TANDA JADI,10.101.003 BCA (8162440909 an PT. Adhiland Sukses Abadi),5000000
Lumiera Garden,2025-09-23,KAS_MASUK,BCA PT. ASALK 22,PTB Rukost Kavling LK-22 an Jovita Ika Pramyas,10.101.003 BCA (8162440909 an PT. Adhiland Sukses Abadi),20.101.001 UANG MUKA,720000
Lumiera Garden,2025-09-23,KAS_MASUK,BCA PT. ASALK 22,Pelunasan Pembelian Rukost Kavling LK-22 an Jovita Ika Pramyas,10.101.003 BCA (8162440909 an PT. Adhiland Sukses Abadi),20.101.001 UANG MUKA,100000000
Lumiera Garden,2025-09-23,KAS_MASUK,BCA PT. ASALK 23,Pembayaran DP 2 Pembelian Rukost Kavling LK-23 an Ririn Yuni Astutik,10.101.003 BCA (8162440909 an PT. Adhiland Sukses Abadi),20.101.001 UANG MUKA,512500000
Lumiera Garden,2025-09-22,PENYESUAIAN,(83) Nota,Parkir EXPO MOG,60.104.001 OPERASIONAL KANTOR,10.101.004 SILANG KAS,174400
Lumiera Garden,2025-09-22,KAS_KELUAR,Kas Kecil(83) Nota,Kekurangan Parkir EXPO MOG,60.104.001 OPERASIONAL KANTOR,10.101.001 KAS KECIL,2600
Lumiera Garden,2025-09-22,KAS_KELUAR,Kas Kecil(82) SPBU Raya Tlogomas & Raya Sengkaling,Pegangan Pak Dian (Bensin Pick Up),60.104.007 BENSIN OPERASIONAL,10.101.001 KAS KECIL,200000
Lumiera Garden,2025-09-22,KAS_KELUAR,Kas Kecil(81) Megah Jaya,Pembelian Material Gudang,10.202.025 GUDANG,10.101.001 KAS KECIL,135000
Lumiera Garden,2025-09-21,KAS_MASUK,BCA PT. ASALK 23,Pembayaran DP 1 Pembelian Rukost Kavling LK-23 an Ririn Yuni Astutik,10.101.003 BCA (8162440909 an PT. Adhiland Sukses Abadi),20.101.001 UANG MUKA,20000000
Lumiera Garden,2025-09-20,KAS_MASUK,BCA PT. ASALK 18,ITJ Kavling LK-18 an Ernani Indrawati,10.101.003 BCA (8162440909 an PT. Adhiland Sukses Abadi),20.101.002 UANG TANDA JADI,5000000
Lumiera Garden,2025-09-20,KAS_KELUAR,Kas Kecil(80) Nota,Pegangan Mas Galih (Weekly Marcomm),60.104.013 MEETING,10.101.001 KAS KECIL,227000
Lumiera Garden,2025-09-19,PENYESUAIAN,,Pindah Saldo,10.101.001 KAS KECIL,10.101.002 CASH/TUNAI,151000000
Lumiera Garden,2025-09-19,KAS_KELUAR,BCA PT. ASA,Reimburse Pak Dedy (Konsumsi Louding Out MOG),60.101.006 EXPO,10.101.003 BCA (8162440909 an PT. Adhiland Sukses Abadi),469000
Lumiera Garden,2025-09-19,KAS_KELUAR,BCA PT. ASA,Uang Makan EXPO MOG (3-14 Sept 2025) - Andik,60.101.006 EXPO,10.101.003 BCA (8162440909 an PT. Adhiland Sukses Abadi),600000
Lumiera Garden,2025-09-19,KAS_KELUAR,BCA PT. ASA,Uang Makan EXPO MOG (3-14 Sept 2025) - Silvia,60.101.006 EXPO,10.101.003 BCA (8162440909 an PT. Adhiland Sukses Abadi),400000
Lumiera Garden,2025-09-19,KAS_KELUAR,BCA PT. ASA,Uang Makan EXPO MOG (3-14 Sept 2025) - Adit,60.101.006 EXPO,10.101.003 BCA (8162440909 an PT. Adhiland Sukses Abadi),450000
Lumiera Garden,2025-09-19,KAS_KELUAR,BCA PT. ASA,Uang Makan EXPO MOG (3-14 Sept 2025) - Wiya,60.101.006 EXPO,10.101.003 BCA (8162440909 an PT. Adhiland Sukses Abadi),450000
Lumiera Garden,2025-09-19,KAS_KELUAR,BCA PT. ASA,Uang Makan EXPO MOG (3-14 Sept 2025) - Wira,60.101.006 EXPO,10.101.003 BCA (8162440909 an PT. Adhiland Sukses Abadi),450000
Lumiera Garden,2025-09-19,KAS_KELUAR,BCA PT. ASA,"Reimburse Pak Yasin (TNT Yamura merah, Cetak Stempel Notaris, Stampad Kenko )",10.201.011 PERIJINAN,10.101.003 BCA (8162440909 an PT. Adhiland Sukses Abadi),117000
Lumiera Garden,2025-09-19,KAS_KELUAR,BCA PT. ASA,Reimburse Pak Rula (Dak Tape LK-02),10.203.005 AC,10.101.003 BCA (8162440909 an PT. Adhiland Sukses Abadi),45000
Lumiera Garden,2025-09-19,KAS_KELUAR,Kas Kecil,Pelunasan EXPO MOG (03 Sept - 14 Sept 2025),60.101.006 EXPO,10.101.001 KAS KECIL,90000000
Lumiera Garden,2025-09-19,KAS_KELUAR,Kas Kecil,Biaya Admin,60.104.010 ADMINISTRASI BANK,10.101.001 KAS KECIL,2900
Lumiera Garden,2025-09-19,KAS_KELUAR,Kas Kecil,Termin 50% Galeri Marketing (42/SPK.ADP/VIII/2025) - Riadi,10.202.017 GALLERY MARKETING,10.101.001 KAS KECIL,60000000
Lumiera Garden,2025-09-19,KAS_KELUAR,Kas Kecil(79) NS,Sewa Lensa Marcomm,60.101.999 BEBAN PROMOSI LAIN-LAIN,10.101.001 KAS KECIL,120000
Lumiera Garden,2025-09-16,KAS_KELUAR,BCA PT. ASA,Refund ITJ LK-23 an Fat Khudin,20.101.002 UANG TANDA JADI,10.101.003 BCA (8162440909 an PT. Adhiland Sukses Abadi),5000000
Lumiera Garden,2025-09-16,KAS_KELUAR,Kas Kecil(78) Kwitansi,Iuran Sampah Kantor/Ruko bulan September 2025,60.104.012 KEAMANAN DAN KEBERSIHAN,10.101.001 KAS KECIL,75000
Lumiera Garden,2025-09-14,KAS_MASUK,BCA PT. ASALK 23,ITJ Kavling LK-23 an Ririn Yuni Astutik,10.101.003 BCA (8162440909 an PT. Adhiland Sukses Abadi),20.101.002 UANG TANDA JADI,5000000
Lumiera Garden,2025-09-13,KAS_KELUAR,BCA PT. ASA,Reimburse Pak Rula (Pipa Refrigant AC LK-02 /30m),10.203.005 AC,10.101.003 BCA (8162440909 an PT. Adhiland Sukses Abadi),2100000
Lumiera Garden,2025-09-13,KAS_KELUAR,BCA PT. ASA(77) Gas Station,Budgeting Pak Dian (Bensin Alkon),60.104.001 OPERASIONAL KANTOR,10.101.003 BCA (8162440909 an PT. Adhiland Sukses Abadi),50000
Lumiera Garden,2025-09-13,KAS_KELUAR,BCA PT. ASA(77) SPBU Raya Tlogomas,Budgeting Pak Dian (Bensin Pick Up),60.104.007 BENSIN OPERASIONAL,10.101.003 BCA (8162440909 an PT. Adhiland Sukses Abadi),250000
Lumiera Garden,2025-09-12,KAS_KELUAR,BCA PT. ASA,Reimburse Pak Dedy (Konsumsi Loading EXPO MOG),60.101.006 EXPO,10.101.003 BCA (8162440909 an PT. Adhiland Sukses Abadi),285000
Lumiera Garden,2025-09-12,KAS_KELUAR,BCA PT. ASA,Reimburse Pak Dian (Sapu Lidi - 10 pcs / 1 nota),60.104.001 OPERASIONAL KANTOR,10.101.003 BCA (8162440909 an PT. Adhiland Sukses Abadi),50000
Lumiera Garden,2025-09-12,KAS_KELUAR,BCA PT. ASA,Reimburse Pak Dian (Material Tandon Lumiera / 3 nota),10.202.020 TANDON AIR,10.101.003 BCA (8162440909 an PT. Adhiland Sukses Abadi),98000
Lumiera Garden,2025-09-12,KAS_KELUAR,BCA PT. ASA(58 A) Indomaret & Alfamart,Reimburse Pak Sugeng (Kekurangan pengajuan tgl 6 Agt 2025),60.104.001 OPERASIONAL KANTOR,10.101.003 BCA (8162440909 an PT. Adhiland Sukses Abadi),28000
Lumiera Garden,2025-09-12,KAS_KELUAR,BCA PT. ASA,Reimburse Pak Sugeng (Round up & Galon / 3 nota),60.104.001 OPERASIONAL KANTOR,10.101.003 BCA (8162440909 an PT. Adhiland Sukses Abadi),174600
Lumiera Garden,2025-09-12,KAS_KELUAR,BCA PT. ASA,"Reimburse Pak Rula (Kabel AC NYM 2x1,5mm LK-02 (50m))",10.203.005 AC,10.101.003 BCA (8162440909 an PT. Adhiland Sukses Abadi),725000
Lumiera Garden,2025-09-12,KAS_KELUAR,BCA PT. ASA,Reimburse Pak Rula (Cat Tandon 8 kg),10.202.020 TANDON AIR,10.101.003 BCA (8162440909 an PT. Adhiland Sukses Abadi),485695
Lumiera Garden,2025-09-12,KAS_KELUAR,BCA PT. ASA,Reimburse Pak Rula (Lampu Taman 50W / 2 pcs),10.202.008 TAMAN DAN PENGHIJAUAN,10.101.003 BCA (8162440909 an PT. Adhiland Sukses Abadi),370000
Lumiera Garden,2025-09-12,KAS_KELUAR,BCA PT. ASA,Kas Bon Karyawan (Security / Sudjarno),10.102.011 PIUTANG KARYAWAN,10.101.003 BCA (8162440909 an PT. Adhiland Sukses Abadi),3000000
Lumiera Garden,2025-09-12,KAS_KELUAR,BCA PT. ASA,Wifi Project bulan September (01000557664),60.104.006 TAGIHAN WIFI,10.101.003 BCA (8162440909 an PT. Adhiland Sukses Abadi),416250
Lumiera Garden,2025-09-12,KAS_KELUAR,BCA PT. ASA,Tambah Karyawan HRIS GajiHub (5),60.104.001 OPERASIONAL KANTOR,10.101.003 BCA (8162440909 an PT. Adhiland Sukses Abadi),654511
Lumiera Garden,2025-09-12,KAS_KELUAR,BCA PT. ASA,Wifi Kantor Ruko Suhat bulan September (01000274460),60.104.006 TAGIHAN WIFI,10.101.003 BCA (8162440909 an PT. Adhiland Sukses Abadi),416250
Lumiera Garden,2025-09-12,KAS_KELUAR,BCA PT. ASA,Pembayaran Halo Call Center September (08113646900),60.104.005 TAGIHAN HALO CALL CENTER (08113646900),10.101.003 BCA (8162440909 an PT. Adhiland Sukses Abadi),202800
Lumiera Garden,2025-09-12,KAS_KELUAR,Cash/Tunai,Ads (9.2),60.101.005 BEBAN DIGITAL ADS,10.101.002 CASH/TUNAI,15000000
Lumiera Garden,2025-09-12,KAS_KELUAR,Cash/Tunai,Instalasi Pipa Tandon (46/SPK-ADP/IX/2025) - Syaiful Anwar,10.202.020 TANDON AIR,10.101.002 CASH/TUNAI,21926000
Lumiera Garden,2025-09-12,KAS_KELUAR,Cash/Tunai,Perawatan Tanaman Lumiera (2) - A. Bobby,10.202.008 TAMAN DAN PENGHIJAUAN,10.101.002 CASH/TUNAI,500000
Lumiera Garden,2025-09-12,KAS_KELUAR,Cash/Tunai,Taman Sisi Pagar - A. Bobby,10.202.008 TAMAN DAN PENGHIJAUAN,10.101.002 CASH/TUNAI,13850000
Lumiera Garden,2025-09-12,KAS_KELUAR,Cash/Tunai,Termin I (50%) C-03 (28/SPK.ADP/V/2025) - Kurniawan Dwi Putro,10.203.001 PERSEDIAAN BANGUNAN,10.101.002 CASH/TUNAI,112500000
Lumiera Garden,2025-09-12,KAS_KELUAR,Cash/Tunai,Termin I (50%) C-02 (27/SPK.ADP/V/2025) - Kurniawan Dwi Putro,10.203.001 PERSEDIAAN BANGUNAN,10.101.002 CASH/TUNAI,112500000
Lumiera Garden,2025-09-12,KAS_KELUAR,Cash/Tunai,Termin I (50%) LK-11 (25/SPK.ADP/V/2025) - Richi Setiawan,10.203.001 PERSEDIAAN BANGUNAN,10.101.002 CASH/TUNAI,166812500
Lumiera Garden,2025-09-11,KAS_KELUAR,Cash/Tunai,Waarmerking Kwitansi Pelunasan Pembayaran Tanah Lumiera (1682 & 1683),60.104.023 BIAYA ADMINISTRASI WAARMERKING,10.101.002 CASH/TUNAI,800000
Lumiera Garden,2025-09-10,KAS_KELUAR,BCA PT. ASA,Workshop CEO Development,60.104.016 TRAINING KARYAWAN,10.101.003 BCA (8162440909 an PT. Adhiland Sukses Abadi),10000000
Lumiera Garden,2025-09-10,KAS_MASUK,BCA PT. ASA,ITJ Kavling LK-23 an Fat Khudin,10.101.003 BCA (8162440909 an PT. Adhiland Sukses Abadi),20.101.002 UANG TANDA JADI,5000000
Lumiera Garden,2025-09-09,KAS_KELUAR,BCA PT. ASA(76) CV. Andi Motor,Ganti ban mobil pick up,60.104.021 MAINTENANCE KENDARAAN,10.101.003 BCA (8162440909 an PT. Adhiland Sukses Abadi),1580000
Lumiera Garden,2025-09-08,PENYESUAIAN,,Pindah Saldo,10.101.001 KAS KECIL,10.101.002 CASH/TUNAI,600000
Lumiera Garden,2025-09-08,KAS_KELUAR,BCA PT. ASA(75) Bengkel Mobil Paino,Service Pick Up,60.104.021 MAINTENANCE KENDARAAN,10.101.003 BCA (8162440909 an PT. Adhiland Sukses Abadi),425000
Lumiera Garden,2025-09-08,KAS_KELUAR,BCA PT. ASA,Pembayaran Hutang ke Sigura-Gura (Termin B-12),20.103.006 HUTANG SIGURA-GURA,10.101.003 BCA (8162440909 an PT. Adhiland Sukses Abadi),200980000
Lumiera Garden,2025-09-08,KAS_KELUAR,BCA PT. ASA,Pengurusan Perizinan SIPA,10.201.011 PERIJINAN,10.101.003 BCA (8162440909 an PT. Adhiland Sukses Abadi),73000000
Lumiera Garden,2025-09-08,KAS_KELUAR,Kas Kecil(74) UD. Samajaya,Kopi (No.2 & 3) + Gula,60.104.001 OPERASIONAL KANTOR,10.101.001 KAS KECIL,171000
Lumiera Garden,2025-09-08,KAS_KELUAR,Kas Kecil(73) SPBU Bendungan Sutami & Raya Tlogomas,Pegangan Pak Dian (Bensin Pick Up),60.104.007 BENSIN OPERASIONAL,10.101.001 KAS KECIL,250000
Lumiera Garden,2025-09-08,KAS_KELUAR,Kas Kecil(72) Pom Pokok Berkah,Pegangan Pak Dian (Bensin Alkon),60.104.001 OPERASIONAL KANTOR,10.101.001 KAS KECIL,50000
Lumiera Garden,2025-09-07,KAS_MASUK,BCA PT. ASALK 21,ITJ kavling LK-21 an Ramses Indriawan,10.101.003 BCA (8162440909 an PT. Adhiland Sukses Abadi),20.101.002 UANG TANDA JADI,5000000
Lumiera Garden,2025-09-07,KAS_MASUK,BCA PT. ASAKW 026,ITJ kavling LK-20 an Ramses Indriawan,10.101.003 BCA (8162440909 an PT. Adhiland Sukses Abadi),20.101.002 UANG TANDA JADI,5000000
Lumiera Garden,2025-09-06,KAS_MASUK,BCA PT. ASALK 7,Pembayaran Cicilan Angsuran Ke7 Rukost Kavling LK-07 an Heny Susanti,10.101.003 BCA (8162440909 an PT. Adhiland Sukses Abadi),20.101.001 UANG MUKA,20000000
Lumiera Garden,2025-09-04,PENYESUAIAN,,Reimburse Pak Roy (Top Up E-Toll - untuk Perjalanan Melayat),60.104.011 PERJALANAN DINAS,10.101.004 SILANG KAS,15000
Lumiera Garden,2025-09-04,KAS_KELUAR,BCA PT. ASA,Reimburse Bella (Pengharum Ruangan Marcomm & Telle),60.104.001 OPERASIONAL KANTOR,10.101.003 BCA (8162440909 an PT. Adhiland Sukses Abadi),87600
Lumiera Garden,2025-09-04,KAS_KELUAR,BCA PT. ASA,"Reimburse Pak Dian (Oli samping alkon, tongkat pramuka untuk take video / 2 nota)",60.104.001 OPERASIONAL KANTOR,10.101.003 BCA (8162440909 an PT. Adhiland Sukses Abadi),40000
Lumiera Garden,2025-09-04,KAS_KELUAR,BCA PT. ASA,Biaya Admin (TF beda bank),60.104.010 ADMINISTRASI BANK,10.101.003 BCA (8162440909 an PT. Adhiland Sukses Abadi),2500
Lumiera Garden,2025-09-04,KAS_KELUAR,BCA PT. ASA,Ads (9.1),60.101.005 BEBAN DIGITAL ADS,10.101.003 BCA (8162440909 an PT. Adhiland Sukses Abadi),5000000
Lumiera Garden,2025-09-04,KAS_KELUAR,BCA PT. ASA,Reimburse Pak Rula (Cat Tandon ABu-abu),10.202.020 TANDON AIR,10.101.003 BCA (8162440909 an PT. Adhiland Sukses Abadi),1155023
Lumiera Garden,2025-09-04,KAS_KELUAR,BCA PT. ASA,Reimburse Pak Rula (Pupuk Urea),60.104.001 OPERASIONAL KANTOR,10.101.003 BCA (8162440909 an PT. Adhiland Sukses Abadi),232000
Lumiera Garden,2025-09-04,KAS_KELUAR,BCA PT. ASA,Reimburse Pak Rula (Bensin Alkon),60.104.001 OPERASIONAL KANTOR,10.101.003 BCA (8162440909 an PT. Adhiland Sukses Abadi),100000
Lumiera Garden,2025-09-04,KAS_KELUAR,BCA PT. ASA,Reimburse Handik (Bensin Pickup / 2 nota),60.104.007 BENSIN OPERASIONAL,10.101.003 BCA (8162440909 an PT. Adhiland Sukses Abadi),200000
Lumiera Garden,2025-09-04,KAS_KELUAR,BCA PT. ASA,Reimburse Pak Roy (Top Up E-Toll - untuk Perjalanan Melayat),60.104.011 PERJALANAN DINAS,10.101.003 BCA (8162440909 an PT. Adhiland Sukses Abadi),285000
Lumiera Garden,2025-09-04,KAS_KELUAR,BCA PT. ASA,Token Listrik Kawasan (513111484250 / PJU Lumiera Joyo Agung),60.104.003 TOKEN PLN,10.101.003 BCA (8162440909 an PT. Adhiland Sukses Abadi),2006000
Lumiera Garden,2025-09-04,KAS_KELUAR,Kas Kecil(71) Winner,Reimburse Pak Yasin (Print Warna untuk berkas kata pelepasan LG),10.201.009 AJB & AKTA PELEPASAN HAK,10.101.001 KAS KECIL,4000
Lumiera Garden,2025-09-04,KAS_KELUAR,Kas Kecil,"Cetak V Banner 260x90 (300 pcs), Pasang Bambu (300 pcs), Ijin & Pajak (150 pcs) - Sigmaprint",60.101.004 BEBAN ADVERTISING,10.101.001 KAS KECIL,34950000
Lumiera Garden,2025-09-04,KAS_KELUAR,Kas Kecil,Termin 95% Tandon Kawasan (32/SPK.ADP/VI/2025) - Arifin,10.202.020 TANDON AIR,10.101.001 KAS KECIL,188330000
Lumiera Garden,2025-09-04,KAS_KELUAR,Kas Kecil,Addendum Pagar Pagar Kawasan Sisi Timur & Bronjong - Arifin,10.202.013 PAGAR LINGKUNGAN,10.101.001 KAS KECIL,25000000
Lumiera Garden,2025-09-04,KAS_KELUAR,Kas Kecil,Termin 95% Pagar Kawasan Belakang (39/SPK.ADP/VII/2025) - Arifin,10.202.013 PAGAR LINGKUNGAN,10.101.001 KAS KECIL,52650000
Lumiera Garden,2025-09-04,KAS_KELUAR,Kas Kecil,Admin Bank Setor Tunai,60.104.010 ADMINISTRASI BANK,10.101.001 KAS KECIL,2900
Lumiera Garden,2025-09-04,KAS_KELUAR,Kas Kecil,Termin 50% Kavling LK-02 (36/SPK.ADP/VI/2025) - Riadi,10.203.001 PERSEDIAAN BANGUNAN,10.101.001 KAS KECIL,161500000
Lumiera Garden,2025-09-04,KAS_MASUK,Kas Kecil,Pinjaman dari Sigura-gura,10.101.001 KAS KECIL,20.103.006 HUTANG SIGURA-GURA,462432900
Lumiera Garden,2025-09-04,KAS_KELUAR,Kas Kecil(70) Nota,Kopi Kapal Api (Kantor),60.104.001 OPERASIONAL KANTOR,10.101.001 KAS KECIL,52000
Lumiera Garden,2025-09-03,KAS_KELUAR,Kas Kecil(69) Toko Aneka Plastik,Karet Gelang (untuk bendel uang) + Parkir,60.104.001 OPERASIONAL KANTOR,10.101.001 KAS KECIL,29000
Lumiera Garden,2025-09-03,KAS_MASUK,Cash/TunaiLK 22,Pembayaran Ke-3 Pembelian Rukost Kavling LK-22 an Jovita Ika P.,10.101.002 CASH/TUNAI,20.101.001 UANG MUKA,617000000
Lumiera Garden,2025-09-02,PENYESUAIAN,II Alfamidi SG,"Permen, dll - Expo",60.104.001 OPERASIONAL KANTOR,10.101.004 SILANG KAS,188600
Lumiera Garden,2025-09-02,PENYESUAIAN,II Dewa-Dewi,"Minuman E+ 250ml, Kunir Asem, Tissue",60.104.001 OPERASIONAL KANTOR,10.101.004 SILANG KAS,1027000
Lumiera Garden,2025-09-02,KAS_KELUAR,BCA PT. ASA,Upah Penjaga Alat / P. Didik (01 Agt s/d 31 Agt 2025),60.103.001 HONOR,10.101.003 BCA (8162440909 an PT. Adhiland Sukses Abadi),1550000
Lumiera Garden,2025-09-02,KAS_KELUAR,BCA PT. ASA,Budgeting EXPO Belanja (Mas Andik),10.101.004 SILANG KAS,10.101.003 BCA (8162440909 an PT. Adhiland Sukses Abadi),1390000
Lumiera Garden,2025-09-01,PENYESUAIAN,(67) CIPA 97 Carwash,Pegangan Pak Roy (Cuci Mobil Zenix),60.104.001 OPERASIONAL KANTOR,10.101.004 SILANG KAS,35000
Lumiera Garden,2025-09-01,PENYESUAIAN,(67) SPBU Raya Tlogomas,Pegangan Pak Roy (Bensin Zenix),60.104.007 BENSIN OPERASIONAL,10.101.004 SILANG KAS,300000
Lumiera Garden,2025-09-01,PENYESUAIAN,,Potongan Kas Bon Karyawan bulan Agustus (Direksi / Dedy Nazarudin),60.102.001 GAJI KARYAWAN TETAP,10.102.011 PIUTANG KARYAWAN,500000
Lumiera Garden,2025-09-01,PENYESUAIAN,,Potongan Kas Bon Karyawan bulan Agustus (Marketing / Silvi),60.102.001 GAJI KARYAWAN TETAP,10.102.011 PIUTANG KARYAWAN,333333
Lumiera Garden,2025-09-01,PENYESUAIAN,,Potongan Kas Bon Karyawan bulan Agustus (Security / Yusuf Efendi),60.102.001 GAJI KARYAWAN TETAP,10.102.011 PIUTANG KARYAWAN,200000
Lumiera Garden,2025-09-01,PENYESUAIAN,,Potongan Kas Bon Karyawan bulan Agustus (Security / Dela Herman),60.102.001 GAJI KARYAWAN TETAP,10.102.011 PIUTANG KARYAWAN,500000
Lumiera Garden,2025-09-01,PENYESUAIAN,,Potongan Kas Bon Karyawan bulan Agustus (Security / Dian Nuri),60.102.001 GAJI KARYAWAN TETAP,10.102.011 PIUTANG KARYAWAN,500000
Lumiera Garden,2025-09-01,PENYESUAIAN,,Potongan Kas Bon Karyawan bulan Agustus (OB / Andik),60.102.001 GAJI KARYAWAN TETAP,10.102.011 PIUTANG KARYAWAN,500000
Lumiera Garden,2025-09-01,KAS_KELUAR,BCA PT. Adhiland Sukses Abadi,Refund ITJ LK-18 an Mohamad Ikhwan,20.101.002 UANG TANDA JADI,10.101.003 BCA (8162440909 an PT. Adhiland Sukses Abadi),5000000
Lumiera Garden,2025-09-01,KAS_KELUAR,BCA PT. ASA,Pembelian Token Listrik Ruko Suhat (ID Pel : 513110771875 an Wisnu Novianto),60.104.003 TOKEN PLN,10.101.003 BCA (8162440909 an PT. Adhiland Sukses Abadi),981871
Lumiera Garden,2025-09-01,KAS_KELUAR,BCA PT. ASA,Karangan Bunga (Almarhum ayah Pak Rendra),60.104.002 SUMBANGAN/REWARD,10.101.003 BCA (8162440909 an PT. Adhiland Sukses Abadi),3300000
Lumiera Garden,2025-09-01,KAS_KELUAR,BCA PT. ASA,Biaya Admin (TF beda bank),60.104.010 ADMINISTRASI BANK,10.101.003 BCA (8162440909 an PT. Adhiland Sukses Abadi),16500
Lumiera Garden,2025-09-01,KAS_KELUAR,BCA PT. ASA,Gaji Karyawan bulan Agustus 2025,60.102.001 GAJI KARYAWAN TETAP,10.101.003 BCA (8162440909 an PT. Adhiland Sukses Abadi),144342683
Lumiera Garden,2025-09-01,KAS_KELUAR,BCA PT. ASA,Biaya Pembuatan Token,60.104.001 OPERASIONAL KANTOR,10.101.003 BCA (8162440909 an PT. Adhiland Sukses Abadi),50000
Lumiera Garden,2025-09-01,KAS_KELUAR,Kas KecilBCA Borobudur,Biaya Materai (Pengurusan Token),60.104.008 MATERAI,10.101.001 KAS KECIL,10000
Lumiera Garden,2025-09-01,KAS_KELUAR,Kas Kecil(68) Nota,Elpigi 3 Kg (Dapur Kantor),60.104.001 OPERASIONAL KANTOR,10.101.001 KAS KECIL,23000
Lumiera Garden,2025-09-01,KAS_KELUAR,Kas Kecil,Pegangan Pak Roy (Bensin & Cuci Mobil),10.101.004 SILANG KAS,10.101.001 KAS KECIL,350000
Lumiera Garden,2025-08-31,PENYESUAIAN,II Bantex (22),Minuman Kerja Bakti (Gigantops - 16/08/25),60.104.001 OPERASIONAL KANTOR,10.101.004 SILANG KAS,70000
Lumiera Garden,2025-08-31,PENYESUAIAN,II Bantex (22),Senter (Sinar Sakti - 09/08/25),60.104.001 OPERASIONAL KANTOR,10.101.004 SILANG KAS,115000
Lumiera Garden,2025-08-31,KAS_KELUAR,BCA PT. ASA,Admin Bank (Potongan Bulanan),60.104.010 ADMINISTRASI BANK,10.101.003 BCA (8162440909 an PT. Adhiland Sukses Abadi),30000
Lumiera Garden,2025-08-30,KAS_KELUAR,Cash/Tunai,Pembayaran Hutang Ke Sigura-Gura (Termin I B-12),20.103.006 HUTANG SIGURA-GURA,10.101.002 CASH/TUNAI,217600000
Lumiera Garden,2025-08-29,KAS_KELUAR,BCA PT. ASA,Get Contact LG (Telle),60.104.001 OPERASIONAL KANTOR,10.101.003 BCA (8162440909 an PT. Adhiland Sukses Abadi),22090
Lumiera Garden,2025-08-29,KAS_KELUAR,BCA PT. ASA,Biaya Admin (TF beda bank),60.104.010 ADMINISTRASI BANK,10.101.003 BCA (8162440909 an PT. Adhiland Sukses Abadi),2500
Lumiera Garden,2025-08-29,KAS_KELUAR,BCA PT. ASA,Reimburse Pak Wira (Konsumsi Akad LK-22),60.104.001 OPERASIONAL KANTOR,10.101.003 BCA (8162440909 an PT. Adhiland Sukses Abadi),146000
Lumiera Garden,2025-08-29,KAS_KELUAR,BCA PT. ASA,Sponsorship Kicaumania (Bunul),60.101.004 BEBAN ADVERTISING,10.101.003 BCA (8162440909 an PT. Adhiland Sukses Abadi),2000000
Lumiera Garden,2025-08-29,KAS_KELUAR,BCA PT. ASA,DP EXPO MOG (3 -12 September 2025),60.101.006 EXPO,10.101.003 BCA (8162440909 an PT. Adhiland Sukses Abadi),90000000
Lumiera Garden,2025-08-29,KAS_KELUAR,BCA PT. ASA,Biaya Admin (TF beda bank),60.104.010 ADMINISTRASI BANK,10.101.003 BCA (8162440909 an PT. Adhiland Sukses Abadi),2500
Lumiera Garden,2025-08-29,KAS_KELUAR,BCA PT. ASA,Ads (8.5),60.101.005 BEBAN DIGITAL ADS,10.101.003 BCA (8162440909 an PT. Adhiland Sukses Abadi),5000000
Lumiera Garden,2025-08-29,KAS_KELUAR,BCA PT. ASA,Biaya Admin (TF beda bank),60.104.010 ADMINISTRASI BANK,10.101.003 BCA (8162440909 an PT. Adhiland Sukses Abadi),2500
Lumiera Garden,2025-08-29,KAS_KELUAR,BCA PT. ASA,Fls uk 300 x 55 pla3b3 (8 pcs),60.101.004 BEBAN ADVERTISING,10.101.003 BCA (8162440909 an PT. Adhiland Sukses Abadi),282400
Lumiera Garden,2025-08-29,KAS_KELUAR,BCA PT. ASA,"Jasa Pasang + Bongkar Umbul"" Uk 500x85 (Bunul) / 15 pcs",60.101.004 BEBAN ADVERTISING,10.101.003 BCA (8162440909 an PT. Adhiland Sukses Abadi),1050000
Lumiera Garden,2025-08-29,KAS_KELUAR,BCA PT. ASA,"Umbul"" Uk.500x85 (15 pcs)",60.101.004 BEBAN ADVERTISING,10.101.003 BCA (8162440909 an PT. Adhiland Sukses Abadi),2287500
Lumiera Garden,2025-08-29,KAS_KELUAR,BCA PT. ASA,Waarmerking PPJB Kav. LK-22 an Jovita,60.104.023 BIAYA ADMINISTRASI WAARMERKING,10.101.003 BCA (8162440909 an PT. Adhiland Sukses Abadi),250000
Lumiera Garden,2025-08-29,KAS_KELUAR,BCA PT. ASA,Rekom Validasi Pajak (Sertifikat Yayok),10.201.009 AJB & AKTA PELEPASAN HAK,10.101.003 BCA (8162440909 an PT. Adhiland Sukses Abadi),1500000
Lumiera Garden,2025-08-29,KAS_KELUAR,BCA PT. ASA,Akta Pelepasan Induk Sertifikat D (Yayok Tuhoyoto),10.201.009 AJB & AKTA PELEPASAN HAK,10.101.003 BCA (8162440909 an PT. Adhiland Sukses Abadi),2500000
Lumiera Garden,2025-08-29,KAS_KELUAR,BCA PT. ASA,"Legalisir 3 bendel (Sertifikat Yayok, Inggrid, Tohrengga)",10.201.009 AJB & AKTA PELEPASAN HAK,10.101.003 BCA (8162440909 an PT. Adhiland Sukses Abadi),750000
Lumiera Garden,2025-08-29,KAS_KELUAR,BCA PT. ASA,Biaya Admin (TF beda bank),60.104.010 ADMINISTRASI BANK,10.101.003 BCA (8162440909 an PT. Adhiland Sukses Abadi),2500
Lumiera Garden,2025-08-29,KAS_KELUAR,BCA PT. ASA,Instalasi Pipa & Kabel AC Kav. LK-7 & LK-8,10.203.005 AC,10.101.003 BCA (8162440909 an PT. Adhiland Sukses Abadi),3000000
Lumiera Garden,2025-08-29,KAS_KELUAR,BCA PT. ASA,Reimburse Pak Dedy (Bensin Pick Up),60.104.007 BENSIN OPERASIONAL,10.101.003 BCA (8162440909 an PT. Adhiland Sukses Abadi),100000
Lumiera Garden,2025-08-29,KAS_KELUAR,BCA PT. ASA,Reimburse Pak Dedy (Bensin Alkon),60.104.001 OPERASIONAL KANTOR,10.101.003 BCA (8162440909 an PT. Adhiland Sukses Abadi),100000
Lumiera Garden,2025-08-27,PENYESUAIAN,,Pindah Saldo,10.101.001 KAS KECIL,10.101.002 CASH/TUNAI,34600000
Lumiera Garden,2025-08-27,KAS_KELUAR,BCA PT. ASA,Token Listrik Kawasan (513111484250 / PJU Lumiera Joyo Agung),60.104.003 TOKEN PLN,10.101.003 BCA (8162440909 an PT. Adhiland Sukses Abadi),1003000
Lumiera Garden,2025-08-27,KAS_KELUAR,Kas Kecil,Komisi Marcomm Kavling LK-22,60.101.002 INSENTIF/KOMISI,10.101.001 KAS KECIL,131200
Lumiera Garden,2025-08-27,KAS_KELUAR,Kas Kecil,Komisi Marcomm Kavling LK-22,60.101.002 INSENTIF/KOMISI,10.101.001 KAS KECIL,131200
Lumiera Garden,2025-08-27,KAS_KELUAR,Kas Kecil,Komisi Marcomm Kavling LK-22,60.101.002 INSENTIF/KOMISI,10.101.001 KAS KECIL,131200
Lumiera Garden,2025-08-27,KAS_KELUAR,Kas Kecil,Komisi Marcomm Kavling LK-22,60.101.002 INSENTIF/KOMISI,10.101.001 KAS KECIL,114800
Lumiera Garden,2025-08-27,KAS_KELUAR,Kas Kecil,Komisi Marcomm Kavling LK-22,60.101.002 INSENTIF/KOMISI,10.101.001 KAS KECIL,123000
Lumiera Garden,2025-08-27,KAS_KELUAR,Kas Kecil,Komisi Marcomm Kavling LK-22,60.101.002 INSENTIF/KOMISI,10.101.001 KAS KECIL,188600
Lumiera Garden,2025-08-27,KAS_KELUAR,Kas Kecil,Komisi Direktur Teknik Kavling LK-22,60.101.002 INSENTIF/KOMISI,10.101.001 KAS KECIL,2050000
Lumiera Garden,2025-08-27,KAS_KELUAR,Kas Kecil,Komisi Komisaris Kavling LK-22,60.101.002 INSENTIF/KOMISI,10.101.001 KAS KECIL,2050000
Lumiera Garden,2025-08-27,KAS_KELUAR,Kas Kecil,Komisi Direktur B&D Kavling LK-22,60.101.002 INSENTIF/KOMISI,10.101.001 KAS KECIL,2050000
Lumiera Garden,2025-08-27,KAS_KELUAR,Kas Kecil,Komisi Direktur Operasional Kavling LK-22,60.101.002 INSENTIF/KOMISI,10.101.001 KAS KECIL,2050000
Lumiera Garden,2025-08-27,KAS_KELUAR,Kas Kecil,Komisi Direktur Utama Kavling LK-22,60.101.002 INSENTIF/KOMISI,10.101.001 KAS KECIL,2050000
Lumiera Garden,2025-08-27,KAS_KELUAR,Kas Kecil,BLT SPV Marketing Kavling LK-22,60.101.001 BLT,10.101.001 KAS KECIL,2000000
Lumiera Garden,2025-08-27,KAS_KELUAR,Kas Kecil,Komisi SPV Marketing Kavling LK-22,60.101.002 INSENTIF/KOMISI,10.101.001 KAS KECIL,5125000
Lumiera Garden,2025-08-27,KAS_KELUAR,Kas Kecil,BLT Marketing Kavling LK-22,60.101.001 BLT,10.101.001 KAS KECIL,1000000
Lumiera Garden,2025-08-27,KAS_KELUAR,Kas Kecil,Komisi Marketing Kavling LK-22,60.101.002 INSENTIF/KOMISI,10.101.001 KAS KECIL,15375000
Lumiera Garden,2025-08-26,KAS_MASUK,BCA PT. ASALK 9,"Pembayaran Cicilan Pelunasan Ke-2 Kavling LK-09 an Dwi Mulyono, ST",10.101.003 BCA (8162440909 an PT. Adhiland Sukses Abadi),20.101.001 UANG MUKA,35000000
Lumiera Garden,2025-08-26,KAS_MASUK,Cash/TunaiLK 22,Pembayaran DP Ke-2 Pembelian Rukost Kavling LK-22 an Jovita Ika P.,10.101.002 CASH/TUNAI,20.101.001 UANG MUKA,253000000
Lumiera Garden,2025-08-25,KAS_KELUAR,BCA PT. ASA,Reimburse Adib (Bensin Zenix),60.104.007 BENSIN OPERASIONAL,10.101.003 BCA (8162440909 an PT. Adhiland Sukses Abadi),200000
Lumiera Garden,2025-08-25,KAS_KELUAR,BCA PT. ASA,Reimburse Pak Rula (Bensin Pick Up),60.104.007 BENSIN OPERASIONAL,10.101.003 BCA (8162440909 an PT. Adhiland Sukses Abadi),100000
Lumiera Garden,2025-08-22,KAS_KELUAR,BCA PT. ASA,Reimburse Pak Verry (Top Up E-Toll Canvas Surabaya & FU user Surabaya),60.104.011 PERJALANAN DINAS,10.101.003 BCA (8162440909 an PT. Adhiland Sukses Abadi),138000
Lumiera Garden,2025-08-22,KAS_KELUAR,BCA PT. ASA,Open Table MOG (01 - 31 Agustus 2025),60.101.006 EXPO,10.101.003 BCA (8162440909 an PT. Adhiland Sukses Abadi),38000000
Lumiera Garden,2025-08-22,KAS_KELUAR,BCA PT. ASA,Reimburse Pak Roy (Konsumsi Meeting dengan Mas Uki / 20 Agt 2025),60.104.013 MEETING,10.101.003 BCA (8162440909 an PT. Adhiland Sukses Abadi),233502
Lumiera Garden,2025-08-22,KAS_KELUAR,Kas Kecil(66) Kwitansi,Kontribusi Lingkungan & Sosial RW.04 Jatimulyo (Juli-Agustus 2025),60.104.001 OPERASIONAL KANTOR,10.101.001 KAS KECIL,100000
Lumiera Garden,2025-08-22,KAS_KELUAR,Kas Kecil,Reimburse Hasan (Perpanjangan Capcut),60.104.001 OPERASIONAL KANTOR,10.101.001 KAS KECIL,20000
Lumiera Garden,2025-08-21,PENYESUAIAN,,"Pinjaman Manajamen Kost (Cetak Tata Tertib & Nomor"" Penting)",10.102.013 PIUTANG MANAJEMEN KOST,60.104.001 OPERASIONAL KANTOR,25800
Lumiera Garden,2025-08-21,KAS_KELUAR,Kas Kecil(65) Light Printing,"Pinjaman Manajamen Kost (Cetak Tata Tertib & Nomor"" Penting)",10.102.013 PIUTANG MANAJEMEN KOST,10.101.001 KAS KECIL,8600
Lumiera Garden,2025-08-21,KAS_KELUAR,Kas Kecil(64) Citra Kendedes,Buah tangan jenguk karyawan sakit,60.104.001 OPERASIONAL KANTOR,10.101.001 KAS KECIL,140000
Lumiera Garden,2025-08-20,KAS_MASUK,BCA PT. ASALK 22,DP Kavling LK-22 an Jovita Ika Pramyas,10.101.003 BCA (8162440909 an PT. Adhiland Sukses Abadi),20.101.001 UANG MUKA,50000000
Lumiera Garden,2025-08-20,KAS_KELUAR,Kas Kecil,"Pajak BPHTB Sertifikat 2428, Induk D luas 470 M2",10.201.007 BPHTB - BELI TANAH,10.101.001 KAS KECIL,97642500
Lumiera Garden,2025-08-20,KAS_MASUK,Kas Kecil,Pinjaman dari Sigura-gura,10.101.001 KAS KECIL,20.103.006 HUTANG SIGURA-GURA,97600000
Lumiera Garden,2025-08-17,KAS_MASUK,BCA PT. ASALK 18,ITJ Kavling LK-18 an Mohamad Ikhwan OR,10.101.003 BCA (8162440909 an PT. Adhiland Sukses Abadi),20.101.002 UANG TANDA JADI,5000000
Lumiera Garden,2025-08-17,KAS_MASUK,BCA PT. ASALK 22,ITJ Kavling LK-22 an Jovita Ika Pramyas,10.101.003 BCA (8162440909 an PT. Adhiland Sukses Abadi),20.101.002 UANG TANDA JADI,5000000
Lumiera Garden,2025-08-15,KAS_KELUAR,BCA PT. ASA,Reimburse Galih (Weekly Marcomm / 3 nota),60.104.013 MEETING,10.101.003 BCA (8162440909 an PT. Adhiland Sukses Abadi),394000
Lumiera Garden,2025-08-15,KAS_KELUAR,BCA PT. ASA,"Seragam Marketing (Kemeja Biru & Polo Biru Putih/ masing"" 6 pcs) - Baboon",60.104.001 OPERASIONAL KANTOR,10.101.003 BCA (8162440909 an PT. Adhiland Sukses Abadi),2220000
Lumiera Garden,2025-08-15,KAS_KELUAR,BCA PT. ASA,Kirim Bongkaran 1 Rit (7 Agt 2025) - Amiet Sewu,10.202.003 PERATAAN TANAH/CUT & FILL,10.101.003 BCA (8162440909 an PT. Adhiland Sukses Abadi),125000
Lumiera Garden,2025-08-15,KAS_KELUAR,BCA PT. ASA,Reimburse Pak Dian (Kotak Sekrup & Obeng),60.104.001 OPERASIONAL KANTOR,10.101.003 BCA (8162440909 an PT. Adhiland Sukses Abadi),45000
Lumiera Garden,2025-08-15,KAS_KELUAR,BCA PT. ASA,Reimburse Pak Dian (Bensin Alkon),60.104.001 OPERASIONAL KANTOR,10.101.003 BCA (8162440909 an PT. Adhiland Sukses Abadi),50000
Lumiera Garden,2025-08-15,KAS_KELUAR,BCA PT. ASA,Reimburse Pak Dian (Bensin Pick Up),60.104.007 BENSIN OPERASIONAL,10.101.003 BCA (8162440909 an PT. Adhiland Sukses Abadi),100000
Lumiera Garden,2025-08-15,KAS_KELUAR,BCA PT. ASA,Kas Bon Karyawan (Marketing / Silvia),10.102.011 PIUTANG KARYAWAN,10.101.003 BCA (8162440909 an PT. Adhiland Sukses Abadi),2000000
Lumiera Garden,2025-08-15,KAS_KELUAR,BCA PT. ASA,Kas Bon Karyawan (Direksi/ Pak Dedy),10.102.011 PIUTANG KARYAWAN,10.101.003 BCA (8162440909 an PT. Adhiland Sukses Abadi),80000000
Lumiera Garden,2025-08-15,KAS_KELUAR,BCA PT. ASA,Tatakan Laptop (Vanda),60.104.001 OPERASIONAL KANTOR,10.101.003 BCA (8162440909 an PT. Adhiland Sukses Abadi),56000
Lumiera Garden,2025-08-15,KAS_KELUAR,BCA PT. ASA,Mousepad Tele & Videografer (Vanda & Hasan),60.104.001 OPERASIONAL KANTOR,10.101.003 BCA (8162440909 an PT. Adhiland Sukses Abadi),45426
Lumiera Garden,2025-08-15,KAS_KELUAR,Kas Kecil,"Reimburse Pak Rula (Kabel NYM 2x1,5 mm / 100m - Kabel Power AC LK-7&8)",10.203.005 AC,10.101.001 KAS KECIL,1400000
Lumiera Garden,2025-08-15,KAS_KELUAR,Kas Kecil,Reimburse Pak Rula (Daktape Kavling LK-7 & LK-8),10.203.005 AC,10.101.001 KAS KECIL,160000
Lumiera Garden,2025-08-15,KAS_KELUAR,Kas Kecil,Reimburse Pak Rula (Freon R32 Kavling LK-7 & LK-8),10.203.005 AC,10.101.001 KAS KECIL,1306250
Lumiera Garden,2025-08-15,KAS_KELUAR,Kas Kecil,Reimburse Pak Rula (Pipa AC & Dak Tape Kavling LK-8 / 30 pcs),10.203.005 AC,10.101.001 KAS KECIL,2100000
Lumiera Garden,2025-08-15,KAS_KELUAR,Kas Kecil,Reimburse Pak Rula (Pipa AC & Dak Tape Kavling LK-7 / 30 pcs),10.203.005 AC,10.101.001 KAS KECIL,2100000
Lumiera Garden,2025-08-15,KAS_KELUAR,Kas Kecil,Termin 50% Kavling LK-8 (16/SPK.ADP/IV/2025) - Liswandi,10.203.001 PERSEDIAAN BANGUNAN,10.101.001 KAS KECIL,163625000
Lumiera Garden,2025-08-15,KAS_KELUAR,Kas Kecil,Termin 50% Kavling LK-7 (15/SPK.ADP/IV/2025) - Liswandi,10.203.001 PERSEDIAAN BANGUNAN,10.101.001 KAS KECIL,163625000
Lumiera Garden,2025-08-15,KAS_MASUK,Kas Kecil,Pinjaman dari Sigura-gura,10.101.001 KAS KECIL,20.103.006 HUTANG SIGURA-GURA,335000000
Lumiera Garden,2025-08-13,KAS_KELUAR,BCA PT. ASA,Biaya Admin (TF beda bank),60.104.010 ADMINISTRASI BANK,10.101.003 BCA (8162440909 an PT. Adhiland Sukses Abadi),2500
Lumiera Garden,2025-08-13,KAS_KELUAR,BCA PT. ASA,Ads (8.3),60.101.005 BEBAN DIGITAL ADS,10.101.003 BCA (8162440909 an PT. Adhiland Sukses Abadi),5000000
Lumiera Garden,2025-08-13,KAS_KELUAR,BCA PT. ASA,Budgeting Event Agustusan,60.104.018 EVENT KANTOR,10.101.003 BCA (8162440909 an PT. Adhiland Sukses Abadi),2500000
Lumiera Garden,2025-08-13,KAS_KELUAR,Kas Kecil(63) Nota,Pegangan Mas Andik (Surabaya),60.104.001 OPERASIONAL KANTOR,10.101.001 KAS KECIL,300000
Lumiera Garden,2025-08-12,KAS_KELUAR,Kas Kecil(62) Nota,Pegangan Pak Dian (Bensin Alkon),60.104.001 OPERASIONAL KANTOR,10.101.001 KAS KECIL,100000
Lumiera Garden,2025-08-12,KAS_KELUAR,Kas Kecil(62) Nota,Pegangan Pak Dian (Bensin Pick Up),60.104.007 BENSIN OPERASIONAL,10.101.001 KAS KECIL,200000
Lumiera Garden,2025-08-08,KAS_KELUAR,BCA PT. ASA,Reimburse Pak Rula (Hembodus Kotak/s - 15bj - Taman Komunal),10.202.008 TAMAN DAN PENGHIJAUAN,10.101.003 BCA (8162440909 an PT. Adhiland Sukses Abadi),75000
Lumiera Garden,2025-08-08,KAS_KELUAR,BCA PT. ASA,Reimburse Pak Dedy (Bensin Avanza / 060825),60.104.007 BENSIN OPERASIONAL,10.101.003 BCA (8162440909 an PT. Adhiland Sukses Abadi),200000
Lumiera Garden,2025-08-08,KAS_KELUAR,BCA PT. ASA,Reimburse Galih (Weekly Marcom / 4 Nota),60.104.013 MEETING,10.101.003 BCA (8162440909 an PT. Adhiland Sukses Abadi),344000
Lumiera Garden,2025-08-08,KAS_KELUAR,BCA PT. ASA,Pemasangan Lampu Tangga Taman Lumiera / 15 pcs,10.202.008 TAMAN DAN PENGHIJAUAN,10.101.003 BCA (8162440909 an PT. Adhiland Sukses Abadi),900000
Lumiera Garden,2025-08-08,KAS_KELUAR,BCA PT. ASA,Wifi Kantor Ruko Suhat bulan Agustus (01000274460),60.104.006 TAGIHAN WIFI,10.101.003 BCA (8162440909 an PT. Adhiland Sukses Abadi),416250
Lumiera Garden,2025-08-08,KAS_KELUAR,BCA PT. ASA,Wifi Project bulan Agustus (01000557664),60.104.006 TAGIHAN WIFI,10.101.003 BCA (8162440909 an PT. Adhiland Sukses Abadi),416250
Lumiera Garden,2025-08-08,KAS_KELUAR,BCA PT. ASA,Pembayaran Halo Call Center Agustus (08113646900),60.104.005 TAGIHAN HALO CALL CENTER (08113646900),10.101.003 BCA (8162440909 an PT. Adhiland Sukses Abadi),202800
Lumiera Garden,2025-08-08,KAS_KELUAR,Kas Kecil(61) UD Budi Wjoyo,"Pegangan Pak Dian (Beli Bambu Umbul"")",60.104.001 OPERASIONAL KANTOR,10.101.001 KAS KECIL,80000
Lumiera Garden,2025-08-08,KAS_KELUAR,Kas Kecil,Reimburse Pak Adhi (Meeting dengan pemilik lahan batu),60.104.013 MEETING,10.101.001 KAS KECIL,479000
Lumiera Garden,2025-08-08,KAS_KELUAR,Kas Kecil,Reimburse Pak Adhi (Weekly Meeting Direksi & Komisaris),60.104.013 MEETING,10.101.001 KAS KECIL,169022
Lumiera Garden,2025-08-08,KAS_KELUAR,Kas Kecil,Reimburse Pak Adhi (Meeting dengan perwakilan polda),60.104.013 MEETING,10.101.001 KAS KECIL,247000
Lumiera Garden,2025-08-08,KAS_MASUK,Kas Kecil,Pinjaman dari Sigura-gura,10.101.001 KAS KECIL,20.103.006 HUTANG SIGURA-GURA,900000
Lumiera Garden,2025-08-07,KAS_KELUAR,Kas Kecil(60) Nota / Indomaret SoeHat,Elpigi & Ken/M Ring Seal Gas,60.104.001 OPERASIONAL KANTOR,10.101.001 KAS KECIL,26500
Lumiera Garden,2025-08-06,KAS_KELUAR,Kas Kecil(59) Nota,Konsumsi Pak Yayok (2 Nota),60.104.001 OPERASIONAL KANTOR,10.101.001 KAS KECIL,66000
Lumiera Garden,2025-08-06,KAS_KELUAR,Kas Kecil(58 A) Indomaret & Alfamart,Pegangan Pak Sugeng (Beli Galon/ 3 nota),60.104.001 OPERASIONAL KANTOR,10.101.001 KAS KECIL,100000
Lumiera Garden,2025-08-05,KAS_KELUAR,BCA PT. ASA,Biaya Admin (TF beda bank),60.104.010 ADMINISTRASI BANK,10.101.003 BCA (8162440909 an PT. Adhiland Sukses Abadi),2500
Lumiera Garden,2025-08-05,KAS_KELUAR,BCA PT. ASA,Ads (8.1),60.101.005 BEBAN DIGITAL ADS,10.101.003 BCA (8162440909 an PT. Adhiland Sukses Abadi),5000000
Lumiera Garden,2025-08-04,KAS_KELUAR,BCA PT. ASA,Cetak V Banner 260x90 + Pasang Bambu (250) & Ijin Pajak (125) - Sigmaprint,60.101.004 BEBAN ADVERTISING,10.101.003 BCA (8162440909 an PT. Adhiland Sukses Abadi),29125000
Lumiera Garden,2025-08-02,KAS_MASUK,BCA PT. ASA,Pembayaran Pelunasan 1 C-02 an Fitria Amalia Dewi,10.101.003 BCA (8162440909 an PT. Adhiland Sukses Abadi),20.101.001 UANG MUKA,100000000
Lumiera Garden,2025-08-02,KAS_KELUAR,BCA PT. ASA,Upah Penjaga Alat / P.Didik (26 Juni - 31 Juli 2025),60.103.001 HONOR,10.101.003 BCA (8162440909 an PT. Adhiland Sukses Abadi),1800000
Lumiera Garden,2025-08-02,KAS_KELUAR,BCA PT. ASA,Parkir Ruko Suhat,60.104.001 OPERASIONAL KANTOR,10.101.003 BCA (8162440909 an PT. Adhiland Sukses Abadi),350000
Lumiera Garden,2025-08-02,KAS_KELUAR,Kas Kecil(58) UD. SAMAJAYA,"Pembelian Kopi 1,5kg (No.1) & 3,5kg (No.2)",60.104.001 OPERASIONAL KANTOR,10.101.001 KAS KECIL,503000
Lumiera Garden,2025-08-02,KAS_KELUAR,Kas Kecil,Laptop Lenovo IDEAPAD (Telle/Vanda),11.101.001 PERALATAN KANTOR,10.101.001 KAS KECIL,3450000
Lumiera Garden,2025-08-02,KAS_MASUK,Kas Kecil,Pinjaman dari Sigura-gura,10.101.001 KAS KECIL,20.103.006 HUTANG SIGURA-GURA,3500000
Lumiera Garden,2025-08-01,PENYESUAIAN,,Potongan Kas Bon Karyawan bulan Juli (Security / Dela Herman),60.102.001 GAJI KARYAWAN TETAP,10.102.011 PIUTANG KARYAWAN,500000
Lumiera Garden,2025-08-01,PENYESUAIAN,,Potongan Kas Bon Karyawan bulan Juli (Security / Dian Nuri),60.102.001 GAJI KARYAWAN TETAP,10.102.011 PIUTANG KARYAWAN,500000
Lumiera Garden,2025-08-01,PENYESUAIAN,,Potongan Kas Bon Karyawan bulan Juli (OB / Andik),60.102.001 GAJI KARYAWAN TETAP,10.102.011 PIUTANG KARYAWAN,500000
Lumiera Garden,2025-08-01,KAS_KELUAR,BCA PT. ASA,Pembayaran Komisi Tanah Pak Yazak,10.201.026 KOMISI PEMBELIAN TANAH,10.101.003 BCA (8162440909 an PT. Adhiland Sukses Abadi),29900000
Lumiera Garden,2025-08-01,KAS_KELUAR,BCA PT. ASA,Biaya Admin (TF beda bank),60.104.010 ADMINISTRASI BANK,10.101.003 BCA (8162440909 an PT. Adhiland Sukses Abadi),2500
Lumiera Garden,2025-08-01,KAS_KELUAR,BCA PT. ASA,UB MEDCOM (Program PKKMaba),60.101.999 BEBAN PROMOSI LAIN-LAIN,10.101.003 BCA (8162440909 an PT. Adhiland Sukses Abadi),16000000
Lumiera Garden,2025-08-01,KAS_KELUAR,BCA PT. ASA,Budgeting CRD (Senter),10.101.004 SILANG KAS,10.101.003 BCA (8162440909 an PT. Adhiland Sukses Abadi),200000
Lumiera Garden,2025-08-01,KAS_KELUAR,BCA PT. ASA,Reimburse Ida (Weekly Marcomm),60.104.013 MEETING,10.101.003 BCA (8162440909 an PT. Adhiland Sukses Abadi),98500
Lumiera Garden,2025-08-01,KAS_KELUAR,BCA PT. ASA,Pelunasan Open Table MOG (01-31 Juli 2025),60.101.006 EXPO,10.101.003 BCA (8162440909 an PT. Adhiland Sukses Abadi),28000000
Lumiera Garden,2025-08-01,KAS_KELUAR,BCA PT. ASA,Reimburse Pak Dian (Bensin mobil pick up / 2 nota),60.104.007 BENSIN OPERASIONAL,10.101.003 BCA (8162440909 an PT. Adhiland Sukses Abadi),200000
Lumiera Garden,2025-08-01,KAS_KELUAR,BCA PT. ASA,Reimburse Pak Dian (Bensin alkon untuk perawatan taman / 3 nota),60.104.001 OPERASIONAL KANTOR,10.101.003 BCA (8162440909 an PT. Adhiland Sukses Abadi),150000
Lumiera Garden,2025-08-01,KAS_KELUAR,BCA PT. ASA,Reimburse Pak Roy (Konsumsi Lahan Baru),60.104.013 MEETING,10.101.003 BCA (8162440909 an PT. Adhiland Sukses Abadi),117000
Lumiera Garden,2025-08-01,KAS_KELUAR,BCA PT. ASA,Reimburse Pak Roy (Konsumsi pertemuan dengan pemilik tanah dau),60.104.013 MEETING,10.101.003 BCA (8162440909 an PT. Adhiland Sukses Abadi),1000500
Lumiera Garden,2025-08-01,KAS_KELUAR,BCA PT. ASA,Token Listrik Kawasan,60.104.003 TOKEN PLN,10.101.003 BCA (8162440909 an PT. Adhiland Sukses Abadi),1003000
Lumiera Garden,2025-08-01,KAS_KELUAR,BCA PT. ASA,Biaya Admin (TF beda bank),60.104.010 ADMINISTRASI BANK,10.101.003 BCA (8162440909 an PT. Adhiland Sukses Abadi),5000
Lumiera Garden,2025-08-01,KAS_KELUAR,BCA PT. ASA,Gaji Karyawan bulan Juli 2025,60.102.001 GAJI KARYAWAN TETAP,10.101.003 BCA (8162440909 an PT. Adhiland Sukses Abadi),143387936
Lumiera Garden,2025-08-01,KAS_KELUAR,Kas Kecil,Termin 50% Pembangunan Unit LK-12 (22/SPK.ADP/IV/2025) - Richi Setiawan,10.203.001 PERSEDIAAN BANGUNAN,10.101.001 KAS KECIL,165750000
Lumiera Garden,2025-08-01,KAS_KELUAR,Kas Kecil,Termin 50% Pembangunan Unit LK-10 (18/SPK.ADP/IV/2025) - Nirsa Annas,10.203.001 PERSEDIAAN BANGUNAN,10.101.001 KAS KECIL,170000000
Lumiera Garden,2025-08-01,KAS_KELUAR,Kas Kecil,Termin 50% Pembangunan Unit LK-09 (17/SPK.ADP/IV/2025) - Nirsa Annas,10.203.001 PERSEDIAAN BANGUNAN,10.101.001 KAS KECIL,170000000
Lumiera Garden,2025-08-01,KAS_KELUAR,Kas Kecil,Termin 50% Pekerjaan Pagar Kawasan (39/SPK.ADP/VII/2025) - Arifin,10.202.013 PAGAR LINGKUNGAN,10.101.001 KAS KECIL,58500000
Lumiera Garden,2025-08-01,KAS_MASUK,Kas Kecil,Pinjaman dari Sigura-gura,10.101.001 KAS KECIL,20.103.006 HUTANG SIGURA-GURA,565500000
Lumiera Garden,2025-08-01,KAS_KELUAR,Kas Kecil(57) Grosir Pokok Berkah,"Galon Refil (Cleo 3, Aqua 1)",60.104.001 OPERASIONAL KANTOR,10.101.001 KAS KECIL,71000
Lumiera Garden,2025-08-01,KAS_KELUAR,Kas Kecil(56) Kwitansi,Iuran Sampah Kantor/Ruko (KW 010825),60.104.012 KEAMANAN DAN KEBERSIHAN,10.101.001 KAS KECIL,75000
Lumiera Garden,2025-08-01,KAS_KELUAR,Kas Kecil(55) Nota,Karet Gelang (untuk bendel uang),60.104.001 OPERASIONAL KANTOR,10.101.001 KAS KECIL,3500
Lumiera Garden,2025-07-31,KAS_KELUAR,BCA PT. ASA,Admin Bank (Potongan Bulanan),60.104.010 ADMINISTRASI BANK,10.101.003 BCA (8162440909 an PT. Adhiland Sukses Abadi),30000
Lumiera Garden,2025-07-31,KAS_KELUAR,BCA PT. ASA,Biaya Admin,60.104.010 ADMINISTRASI BANK,10.101.003 BCA (8162440909 an PT. Adhiland Sukses Abadi),2500
Lumiera Garden,2025-07-31,KAS_KELUAR,BCA PT. ASA,Ads (8.1),60.101.005 BEBAN DIGITAL ADS,10.101.003 BCA (8162440909 an PT. Adhiland Sukses Abadi),5000000
Lumiera Garden,2025-07-31,KAS_KELUAR,Kas Kecil(54.B) Pertamina,Pegangan Pak Dian (Bensin Pick Up),60.104.007 BENSIN OPERASIONAL,10.101.001 KAS KECIL,300000
Lumiera Garden,2025-07-30,KAS_KELUAR,Kas Kecil(54.A) Light Printing,"Pegangan Galih Marcomm (untuk cetak"")",60.104.001 OPERASIONAL KANTOR,10.101.001 KAS KECIL,60800
Lumiera Garden,2025-07-30,KAS_KELUAR,Kas Kecil(54) Light Printing,Cetak Companny Profil Adhiland,60.104.001 OPERASIONAL KANTOR,10.101.001 KAS KECIL,108200
Lumiera Garden,2025-07-30,KAS_KELUAR,Kas Kecil,Penganggti uang yang tidak genap dalam 1 bendel,60.102.999 LAIN-LAIN,10.101.001 KAS KECIL,100000
Lumiera Garden,2025-07-30,KAS_KELUAR,Kas Kecil,Biaya Admin Setoran Tunai (Termin Tanah Pak Yayok),60.104.010 ADMINISTRASI BANK,10.101.001 KAS KECIL,30000
Lumiera Garden,2025-07-30,KAS_KELUAR,Kas Kecil,Pembayaran Termin Tanah - Yayok Tuhoyoto Wisanggo,10.201.001 PERSEDIAAN TANAH,10.101.001 KAS KECIL,2000000000
Lumiera Garden,2025-07-30,KAS_MASUK,Cash/Tunai,Pinjaman dari Sigura-Gura,10.101.002 CASH/TUNAI,20.103.006 HUTANG SIGURA-GURA,2000000000
Lumiera Garden,2025-07-29,KAS_KELUAR,BCA PT. ASA,Kas Bon Karyawan (OB / Andik Sutrisno),10.102.011 PIUTANG KARYAWAN,10.101.003 BCA (8162440909 an PT. Adhiland Sukses Abadi),500000
Lumiera Garden,2025-07-28,KAS_KELUAR,Kas Kecil(53) Jaya Cookies,Konsumsi Kue Basah (Monthly Marketing & Tamu Lahan Baru),60.104.013 MEETING,10.101.001 KAS KECIL,200000
Lumiera Garden,2025-07-26,PENYESUAIAN,,Pindah Saldo,10.101.001 KAS KECIL,10.101.002 CASH/TUNAI,2000900000
Lumiera Garden,2025-07-26,KAS_KELUAR,Kas Kecil,Pegangan Marcomm (Weekly),60.104.013 MEETING,10.101.001 KAS KECIL,300000
Lumiera Garden,2025-07-26,KAS_KELUAR,Kas Kecil(52) Wijaya Fotocopy,"Laminating (Peringatan dilarang parkir, dll)",60.104.001 OPERASIONAL KANTOR,10.101.001 KAS KECIL,21000
Lumiera Garden,2025-07-25,PENYESUAIAN,,Pindah Saldo,10.101.001 KAS KECIL,10.101.002 CASH/TUNAI,1000000
Lumiera Garden,2025-07-25,KAS_KELUAR,BCA PT. ASA,Reimburse Galih (Meeting Marcomm / 3 Nota),60.104.013 MEETING,10.101.003 BCA (8162440909 an PT. Adhiland Sukses Abadi),271000
Lumiera Garden,2025-07-25,KAS_KELUAR,BCA PT. ASA,Biaya Admin,60.104.010 ADMINISTRASI BANK,10.101.003 BCA (8162440909 an PT. Adhiland Sukses Abadi),2500
Lumiera Garden,2025-07-25,KAS_KELUAR,BCA PT. ASA,Ganti Visual Mini Billboard 2x3 (Gambar Adhiland - 5 Titik),60.101.004 BEBAN ADVERTISING,10.101.003 BCA (8162440909 an PT. Adhiland Sukses Abadi),1650000
Lumiera Garden,2025-07-25,KAS_KELUAR,BCA PT. ASA,Reimburse Pak Dian (Bensin Pick Up),60.104.007 BENSIN OPERASIONAL,10.101.003 BCA (8162440909 an PT. Adhiland Sukses Abadi),100000
Lumiera Garden,2025-07-25,KAS_KELUAR,BCA PT. ASA,"Reimburse Pak Dian (Pupuk Taman , Bensin Alkon / 2 Nota)",60.104.001 OPERASIONAL KANTOR,10.101.003 BCA (8162440909 an PT. Adhiland Sukses Abadi),200000
Lumiera Garden,2025-07-25,KAS_KELUAR,BCA PT. ASA,Retensi 5% Pekerjaan Sumur Athesis (11/SPK/ADP/IV/2025),10.202.022 PENGEBORAN AIR BERSIH/SUMUR,10.101.003 BCA (8162440909 an PT. Adhiland Sukses Abadi),3250000
Lumiera Garden,2025-07-25,KAS_KELUAR,Kas Kecil,Reimburse Pak Adhi (Lampu In Lite 3W / 15 pcs),10.202.008 TAMAN DAN PENGHIJAUAN,10.101.001 KAS KECIL,635150
Lumiera Garden,2025-07-25,KAS_KELUAR,Kas Kecil(51) SPBU Bendungan Sutami,Pegangan mas Andik (Bensin Zenix),60.104.007 BENSIN OPERASIONAL,10.101.001 KAS KECIL,300000
Lumiera Garden,2025-07-21,PENYESUAIAN,,Pindah Saldo,10.101.001 KAS KECIL,10.101.002 CASH/TUNAI,249000000
Lumiera Garden,2025-07-21,KAS_KELUAR,Kas Kecil,Pajak BPHTB Tanah C (SHM 2735) an Inggrid Permata,10.201.007 BPHTB - BELI TANAH,10.101.001 KAS KECIL,172962500
Lumiera Garden,2025-07-21,KAS_KELUAR,Kas Kecil,Pajak BPHTB Tanah A (SHM 2736) an Tohrengga,10.201.007 BPHTB - BELI TANAH,10.101.001 KAS KECIL,75661300
Lumiera Garden,2025-07-21,KAS_MASUK,Cash/Tunai,Pinjaman dari Sigura-Gura,10.101.002 CASH/TUNAI,20.103.006 HUTANG SIGURA-GURA,200000000
Lumiera Garden,2025-07-19,KAS_KELUAR,Kas Kecil(50) Ilham Fotocopy,Reimburse Pak Roy (Cetak Bisnis Proposal / Print A4 BC FC + Jilid Spiral (2 paket),60.104.001 OPERASIONAL KANTOR,10.101.001 KAS KECIL,76000
Lumiera Garden,2025-07-18,PENYESUAIAN,,Pindah Saldo,10.101.001 KAS KECIL,10.101.002 CASH/TUNAI,600000
Lumiera Garden,2025-07-18,KAS_KELUAR,BCA PT. ASA,DP Open Table MOG (01 -31 Juli 2025),60.101.006 EXPO,10.101.003 BCA (8162440909 an PT. Adhiland Sukses Abadi),10000000
Lumiera Garden,2025-07-18,KAS_KELUAR,BCA PT. ASA,Biaya Admin,60.104.010 ADMINISTRASI BANK,10.101.003 BCA (8162440909 an PT. Adhiland Sukses Abadi),2500
Lumiera Garden,2025-07-18,KAS_KELUAR,BCA PT. ASA,Ads (7.3),60.101.005 BEBAN DIGITAL ADS,10.101.003 BCA (8162440909 an PT. Adhiland Sukses Abadi),5000000
Lumiera Garden,2025-07-18,KAS_KELUAR,BCA PT. ASA,Reimburse Pak Dian (Bensin Alkon & Roundap Taman - 2 nota),60.104.001 OPERASIONAL KANTOR,10.101.003 BCA (8162440909 an PT. Adhiland Sukses Abadi),230000
Lumiera Garden,2025-07-18,KAS_KELUAR,BCA PT. ASA,Upah Instalasi Lampu Taman / 12 titik - Edy Priono,10.202.008 TAMAN DAN PENGHIJAUAN,10.101.003 BCA (8162440909 an PT. Adhiland Sukses Abadi),780000
Lumiera Garden,2025-07-18,KAS_KELUAR,BCA PT. ASA,Reimburse Pak Rula (Lampu Inlite 30W/4 unit & 50W/2 unit Taman Communal),10.202.008 TAMAN DAN PENGHIJAUAN,10.101.003 BCA (8162440909 an PT. Adhiland Sukses Abadi),896000
Lumiera Garden,2025-07-18,KAS_KELUAR,BCA PT. ASA,"Reimburse Pak Rula (Kabel NYM 2x1,5 mm Taman Communal / 100m)",10.202.008 TAMAN DAN PENGHIJAUAN,10.101.003 BCA (8162440909 an PT. Adhiland Sukses Abadi),1650000
Lumiera Garden,2025-07-18,KAS_MASUK,BCA PT. ASALK 5,Pembayaran Cicilan Angsuran Ke-1 Pembelian Rukost Kavling LK-05 an Ninik Yulaikah,10.101.003 BCA (8162440909 an PT. Adhiland Sukses Abadi),20.101.001 UANG MUKA,45625000
Lumiera Garden,2025-07-18,KAS_MASUK,BCA PT. ASALK 6,Pembayaran Angsuran Ke 1-7 Pembelian Rukost Kavling LK-06 an Ninik Yulaikah,10.101.003 BCA (8162440909 an PT. Adhiland Sukses Abadi),20.101.001 UANG MUKA,354375000
Lumiera Garden,2025-07-18,KAS_KELUAR,Cash/Tunai,Pembayaran Hutang ke Joyo Agung (HRIS GajiHub),20.103.009 HUTANG JOYO AGUNG 2,10.101.002 CASH/TUNAI,3200000
Lumiera Garden,2025-07-18,KAS_KELUAR,Kas Kecil,Reimburse Pak Adhi (Snack Weekly),60.104.013 MEETING,10.101.001 KAS KECIL,20000
Lumiera Garden,2025-07-18,KAS_KELUAR,Kas Kecil,Reimburse Pak Adhi (Weekly Pak Rendra),60.104.013 MEETING,10.101.001 KAS KECIL,176042
Lumiera Garden,2025-07-18,KAS_KELUAR,Kas Kecil,Reimburse Pak Adhi (Direksi dengan pemilik tanah),60.104.013 MEETING,10.101.001 KAS KECIL,321999
Lumiera Garden,2025-07-18,KAS_KELUAR,Kas Kecil,HRIS GajiHub (Paket Elite 12 Bulan),60.104.001 OPERASIONAL KANTOR,10.101.001 KAS KECIL,3200000
Lumiera Garden,2025-07-18,KAS_MASUK,Kas Kecil,Pinjaman dari Joyo Agung 2,10.101.001 KAS KECIL,20.103.009 HUTANG JOYO AGUNG 2,3200000
Lumiera Garden,2025-07-17,KAS_KELUAR,Kas Kecil(49) Aira Barokah,Galon Aqua (17/07/25) & Gula - 2 nota,60.104.001 OPERASIONAL KANTOR,10.101.001 KAS KECIL,38000
Lumiera Garden,2025-07-17,KAS_KELUAR,Kas Kecil,Pegangan Bella Telle (Beli Log Stabilizer),60.104.001 OPERASIONAL KANTOR,10.101.001 KAS KECIL,200000
Lumiera Garden,2025-07-17,KAS_KELUAR,Kas Kecil(48) Indomaret Raya Joyo Agung,Galon Aqua Air Mineral 19L (08/0725),60.104.001 OPERASIONAL KANTOR,10.101.001 KAS KECIL,42000
Lumiera Garden,2025-07-16,KAS_MASUK,BCA PT. ASAKW 016,Pembayaran PTB Kavling LK-02 an Etty Parawati,10.101.003 BCA (8162440909 an PT. Adhiland Sukses Abadi),20.101.001 UANG MUKA,3798000
Lumiera Garden,2025-07-16,KAS_MASUK,BCA PT. ASALK 2,Pembayaran Pelunasan Kavling LK-02 an Etty Parawati,10.101.003 BCA (8162440909 an PT. Adhiland Sukses Abadi),20.101.001 UANG MUKA,480000000
Lumiera Garden,2025-07-16,KAS_KELUAR,Kas Kecil(47) Pos Indonesia,Pengiriman Kwitansi LK-02 an Etty Parawati,60.104.009 PERANGKO/KIRIMAN SRT & DOK,10.101.001 KAS KECIL,17000
Lumiera Garden,2025-07-16,KAS_KELUAR,Kas Kecil,Pegangan Pak Dian Teknik (Bensin Alkon & Material Pasang CCTV / 4 Nota),60.104.001 OPERASIONAL KANTOR,10.101.001 KAS KECIL,221000
Lumiera Garden,2025-07-12,KAS_KELUAR,Kas Kecil,Bantuan Dana Kegiatan Grebeg Suro Kec. Tlogomas,60.104.002 SUMBANGAN/REWARD,10.101.001 KAS KECIL,500000
Lumiera Garden,2025-07-11,KAS_KELUAR,BCA PT. ASA,Get Contact LG (Telle),60.104.001 OPERASIONAL KANTOR,10.101.003 BCA (8162440909 an PT. Adhiland Sukses Abadi),22090
Lumiera Garden,2025-07-11,KAS_KELUAR,BCA PT. ASA,Reimburse Pak Dedy (Bensin Pick Up),60.104.007 BENSIN OPERASIONAL,10.101.003 BCA (8162440909 an PT. Adhiland Sukses Abadi),150000
Lumiera Garden,2025-07-11,KAS_KELUAR,BCA PT. ASA,Reimburse Galih (Brainstorming / 3 Nota),60.104.013 MEETING,10.101.003 BCA (8162440909 an PT. Adhiland Sukses Abadi),302200
Lumiera Garden,2025-07-11,KAS_KELUAR,BCA PT. ASA,Reimburse Pak Dian (Material Bantu Listrik Kerja),10.202.028 LISTRIK LOKASI,10.101.003 BCA (8162440909 an PT. Adhiland Sukses Abadi),18000
Lumiera Garden,2025-07-11,KAS_KELUAR,BCA PT. ASA,Wifi Kantor Ruko Suhat bulan Juli (01000274460),60.104.006 TAGIHAN WIFI,10.101.003 BCA (8162440909 an PT. Adhiland Sukses Abadi),416250
Lumiera Garden,2025-07-11,KAS_KELUAR,BCA PT. ASA,Wifi Project bulan Juli (01000557664),60.104.006 TAGIHAN WIFI,10.101.003 BCA (8162440909 an PT. Adhiland Sukses Abadi),416250
Lumiera Garden,2025-07-11,KAS_KELUAR,BCA PT. ASA,Pembayaran Halo Call Center (08113646900),60.104.005 TAGIHAN HALO CALL CENTER (08113646900),10.101.003 BCA (8162440909 an PT. Adhiland Sukses Abadi),202800
Lumiera Garden,2025-07-11,KAS_KELUAR,Kas Kecil(46) Toko Wongkamfoeng,Reward Karyawan bulan Mei & Juni 2025,60.104.002 SUMBANGAN/REWARD,10.101.001 KAS KECIL,286000
Lumiera Garden,2025-07-11,KAS_KELUAR,Kas Kecil(45) Piranha Photocopy & ATK 2,"Pembelian Kertas Samak Coklat, Isi Cuter, Lem Povinal",60.104.001 OPERASIONAL KANTOR,10.101.001 KAS KECIL,16000
Lumiera Garden,2025-07-11,KAS_KELUAR,Kas Kecil,UM EXPO MOG (25 Juni - 06 Juli 2025) - Andik,60.101.006 EXPO,10.101.001 KAS KECIL,600000
Lumiera Garden,2025-07-11,KAS_KELUAR,Kas Kecil,UM EXPO MOG (25 Juni - 06 Juli 2025) - Nanda,60.101.006 EXPO,10.101.001 KAS KECIL,450000
Lumiera Garden,2025-07-11,KAS_KELUAR,Kas Kecil,UM EXPO MOG (25 Juni - 06 Juli 2025) - Ika,60.101.006 EXPO,10.101.001 KAS KECIL,500000
Lumiera Garden,2025-07-11,KAS_KELUAR,Kas Kecil,Pelunasan EXPO MOG (25 Juni - 06 Juli 2025),60.101.006 EXPO,10.101.001 KAS KECIL,65000000
Lumiera Garden,2025-07-11,KAS_KELUAR,Kas Kecil,Reimburse Pak Rula (Transport & Snack Survey Pohon) - 4 Nota,60.104.001 OPERASIONAL KANTOR,10.101.001 KAS KECIL,426000
Lumiera Garden,2025-07-11,KAS_KELUAR,Kas Kecil,Pemasangan Tiang PJU Double (4 pcs) - Lumintu,10.202.012 PENERANGAN JALAN UMUM,10.101.001 KAS KECIL,14220000
Lumiera Garden,2025-07-11,KAS_KELUAR,Kas Kecil,Pemotongan Pohon & Pembersihan Lahan - A. Bobby,60.104.012 KEAMANAN DAN KEBERSIHAN,10.101.001 KAS KECIL,950000
Lumiera Garden,2025-07-11,KAS_KELUAR,Kas Kecil,Tambahan Calatea Communal / 125 pcs - A. Bobby,10.202.008 TAMAN DAN PENGHIJAUAN,10.101.001 KAS KECIL,1875000
Lumiera Garden,2025-07-11,KAS_KELUAR,Kas Kecil,Reimburse Pak Adhi (Lampu Jalan LED Solar 500watt),10.202.012 PENERANGAN JALAN UMUM,10.101.001 KAS KECIL,185898
Lumiera Garden,2025-07-11,KAS_KELUAR,Kas Kecil,Reimburse Pak Adhi (Lampu Jalan LED Solar 1000watt),10.202.012 PENERANGAN JALAN UMUM,10.101.001 KAS KECIL,225898
Lumiera Garden,2025-07-11,KAS_KELUAR,Kas Kecil,Reimburse Pak Adhi (Lampu Dinding Tempel Solar),10.202.012 PENERANGAN JALAN UMUM,10.101.001 KAS KECIL,159549
Lumiera Garden,2025-07-11,KAS_MASUK,Kas Kecil,Pinjaman dari Sigura-Gura,10.101.001 KAS KECIL,20.103.006 HUTANG SIGURA-GURA,85000000
Lumiera Garden,2025-07-07,KAS_KELUAR,Kas Kecil,Biaya Admin,60.104.010 ADMINISTRASI BANK,10.101.001 KAS KECIL,2500
Lumiera Garden,2025-07-07,KAS_KELUAR,Kas Kecil,Pelunasan Pembelian Pohon Pule,10.202.008 TAMAN DAN PENGHIJAUAN,10.101.001 KAS KECIL,13050000
Lumiera Garden,2025-07-07,KAS_MASUK,Kas Kecil,Pinjaman dari Joyo Agung 2,10.101.001 KAS KECIL,20.103.009 HUTANG JOYO AGUNG 2,13052500
Lumiera Garden,2025-07-05,PENYESUAIAN,,Pindah Saldo,10.101.001 KAS KECIL,10.101.002 CASH/TUNAI,10000000
Lumiera Garden,2025-07-05,KAS_KELUAR,Kas Kecil,Pembelian Aki Mobil Pick Up,60.104.021 MAINTENANCE KENDARAAN,10.101.001 KAS KECIL,850000
Lumiera Garden,2025-07-05,KAS_KELUAR,Kas Kecil,Pagar Mobil + Planger & Pengaman Belakang - Mobil Pick Up,11.103.001 KENDARAAN,10.101.001 KAS KECIL,1500000
Lumiera Garden,2025-07-05,KAS_KELUAR,Kas Kecil,Meeting Direksi & Tamu (04/07/25),60.104.013 MEETING,10.101.001 KAS KECIL,325000
Lumiera Garden,2025-07-05,KAS_KELUAR,Kas Kecil,Batu Tapak Taman (20 pcs),10.202.008 TAMAN DAN PENGHIJAUAN,10.101.001 KAS KECIL,560000
Lumiera Garden,2025-07-05,KAS_KELUAR,Kas Kecil,Meja Kursi Batu Taman (3 set),10.202.008 TAMAN DAN PENGHIJAUAN,10.101.001 KAS KECIL,6000000
Lumiera Garden,2025-07-05,KAS_KELUAR,Kas Kecil,Top Up E-Toll (Malang - Surabaya /PP),60.104.011 PERJALANAN DINAS,10.101.001 KAS KECIL,134000
Lumiera Garden,2025-07-05,KAS_KELUAR,Kas Kecil,Bensin Avanza (Polda Jatim),60.104.007 BENSIN OPERASIONAL,10.101.001 KAS KECIL,150000
Lumiera Garden,2025-07-04,PENYESUAIAN,,Pindah Saldo,10.101.001 KAS KECIL,10.101.002 CASH/TUNAI,63600000
Lumiera Garden,2025-07-04,KAS_KELUAR,BCA PT. ASA411/ADL-LG/VII/2025,Reimburse Pak Ahmad (Bensin Avanza),60.104.007 BENSIN OPERASIONAL,10.101.003 BCA (8162440909 an PT. Adhiland Sukses Abadi),100000
Lumiera Garden,2025-07-04,KAS_KELUAR,Kas Kecil,Pengembalian Hutang Ke Sigura-Gura,20.103.006 HUTANG SIGURA-GURA,10.101.001 KAS KECIL,700000
Lumiera Garden,2025-07-04,KAS_KELUAR,Kas Kecil,Token Listrik Kawasan bulan Juli 2025 (ID : 513111484250 an PJU Lumiera Joyo Agung),60.104.003 TOKEN PLN,10.101.001 KAS KECIL,2006000
Lumiera Garden,2025-07-04,KAS_KELUAR,Kas Kecil,Biaya Admin,60.104.010 ADMINISTRASI BANK,10.101.001 KAS KECIL,2900
Lumiera Garden,2025-07-04,KAS_KELUAR,Kas Kecil,Penutup Proyek LG uk 2 m x 86 m - StarOne,60.104.999 LAIN-LAIN,10.101.001 KAS KECIL,20000000
Lumiera Garden,2025-07-04,KAS_KELUAR,Kas Kecil,Biaya Notaris Balik Nama Tanah A (SHM 2736) an Tohrengga - (Pembatalan PPJB & Rekom Validasi Pajak),10.201.006 BIAYA BALIK NAMA,10.101.001 KAS KECIL,2500000
Lumiera Garden,2025-07-04,KAS_KELUAR,Kas Kecil,Biaya Notaris Akta Pelepasan Hak an Tohrengga Islah Kanoman,10.201.009 AJB & AKTA PELEPASAN HAK,10.101.001 KAS KECIL,2500000
Lumiera Garden,2025-07-04,KAS_KELUAR,Kas Kecil,Biaya Notaris Balik Nama Tanah C (SHM 2735) an Inggrid - (Pembatalan PPJB & Rekom Validasi Pajak),10.201.006 BIAYA BALIK NAMA,10.101.001 KAS KECIL,2500000
Lumiera Garden,2025-07-04,KAS_KELUAR,Kas Kecil,Biaya Notaris Akta Pelepasan Hak an Inggrid Permata Lestari,10.201.009 AJB & AKTA PELEPASAN HAK,10.101.001 KAS KECIL,2500000
Lumiera Garden,2025-07-04,KAS_KELUAR,Kas Kecil413/ADL-LG/VII/2025,Taman Communal Space - A. Bobby,10.202.008 TAMAN DAN PENGHIJAUAN,10.101.001 KAS KECIL,18745000
Lumiera Garden,2025-07-04,KAS_KELUAR,Kas Kecil412/ADL-LG/VII/2025,Brosur Lumiera (3000 pcs) - mm/ad,60.101.004 BEBAN ADVERTISING,10.101.001 KAS KECIL,12000000
Lumiera Garden,2025-07-03,PENYESUAIAN,,Pindah Saldo,10.101.001 KAS KECIL,10.101.002 CASH/TUNAI,5500000
Lumiera Garden,2025-07-03,KAS_KELUAR,Kas Kecil(44) Indomaret Bunga Coklat,Gula (3 pcs),60.104.001 OPERASIONAL KANTOR,10.101.001 KAS KECIL,52800
Lumiera Garden,2025-07-03,KAS_KELUAR,Kas Kecil(43) Sido Mulia,Kopi Sido Mulia 1B (500 gr / 6 plastik),60.104.001 OPERASIONAL KANTOR,10.101.001 KAS KECIL,602000
Lumiera Garden,2025-07-03,KAS_KELUAR,Kas Kecil410/ADL-LG/VII/2025,Refund ITJ Kavling LK-19 an Heny Setyo Handoko,20.101.002 UANG TANDA JADI,10.101.001 KAS KECIL,5000000
Lumiera Garden,2025-07-03,KAS_MASUK,Kas Kecil,Pengembalian Sisa Dana Budgeting CRD,10.101.001 KAS KECIL,10.101.004 SILANG KAS,284000
Lumiera Garden,2025-07-03,KAS_KELUAR,Cash/Tunai409/ADL-LG/VII/2025,Kompensasi Polda Lahan Lumiera,10.201.011 PERIJINAN,10.101.002 CASH/TUNAI,70000000
Lumiera Garden,2025-07-03,KAS_MASUK,Cash/Tunai,Pinjaman dari Sigura-Gura,10.101.002 CASH/TUNAI,20.103.006 HUTANG SIGURA-GURA,200000000
Lumiera Garden,2025-07-03,KAS_KELUAR,Kas Kecil408/ADL-LG/VII/2025,Karpet New Carry (165 x 260) - Mobil Pick Up,11.103.001 KENDARAAN,10.101.001 KAS KECIL,700000
Lumiera Garden,2025-07-03,KAS_MASUK,Kas Kecil,Pinjaman dari Sigura-Gura,10.101.001 KAS KECIL,20.103.006 HUTANG SIGURA-GURA,700000
Lumiera Garden,2025-07-02,KAS_KELUAR,BCA PT. ASA/ADL-LG/VII/2025,Pembelian Pohon Pule,10.202.008 TAMAN DAN PENGHIJAUAN,10.101.003 BCA (8162440909 an PT. Adhiland Sukses Abadi),10000000
Lumiera Garden,2025-07-02,KAS_KELUAR,Kas Kecil/ADL-LG/VII/2025,DP Pembelian Pohon Pule,10.202.008 TAMAN DAN PENGHIJAUAN,10.101.001 KAS KECIL,5000000
Lumiera Garden,2025-07-02,KAS_MASUK,Kas Kecil,Pinjaman dari Joyo Agung 2,10.101.001 KAS KECIL,20.103.009 HUTANG JOYO AGUNG 2,5000000
Lumiera Garden,2025-07-01,PENYESUAIAN,,Potongan Kas Bon Karyawan bulan Juni (Security / Dela Herman),60.102.001 GAJI KARYAWAN TETAP,10.102.011 PIUTANG KARYAWAN,500000
Lumiera Garden,2025-07-01,PENYESUAIAN,,Potongan Kas Bon Karyawan bulan Juni (OB / Andik),60.102.001 GAJI KARYAWAN TETAP,10.102.011 PIUTANG KARYAWAN,500000
Lumiera Garden,2025-07-01,PENYESUAIAN,,Potongan Kas Bon Karyawan bulan Juni (Security / Dian Nuri),60.102.001 GAJI KARYAWAN TETAP,10.102.011 PIUTANG KARYAWAN,500000
Lumiera Garden,2025-07-01,KAS_KELUAR,BCA PT. ASA,Biaya Admin,60.104.010 ADMINISTRASI BANK,10.101.003 BCA (8162440909 an PT. Adhiland Sukses Abadi),2500
Lumiera Garden,2025-07-01,KAS_KELUAR,BCA PT. ASA,Gaji bulan Juni 2025 - Novia Hiqmah,60.102.001 GAJI KARYAWAN TETAP,10.101.003 BCA (8162440909 an PT. Adhiland Sukses Abadi),692308
Lumiera Garden,2025-07-01,KAS_KELUAR,BCA PT. ASA,Biaya Admin,60.104.010 ADMINISTRASI BANK,10.101.003 BCA (8162440909 an PT. Adhiland Sukses Abadi),2500
Lumiera Garden,2025-07-01,KAS_KELUAR,BCA PT. ASA,Gaji bulan Juni 2025 - Andy Ilham,60.102.001 GAJI KARYAWAN TETAP,10.101.003 BCA (8162440909 an PT. Adhiland Sukses Abadi),1500000
Lumiera Garden,2025-07-01,KAS_KELUAR,BCA PT. ASA,Gaji Karyawan bulan Juni 2025,60.102.001 GAJI KARYAWAN TETAP,10.101.003 BCA (8162440909 an PT. Adhiland Sukses Abadi),30784323
Lumiera Garden,2025-07-01,KAS_KELUAR,Kas Kecil,Gaji Karyawan bulan Juni 2025,60.102.001 GAJI KARYAWAN TETAP,10.101.001 KAS KECIL,35800000
Lumiera Garden,2025-07-01,KAS_MASUK,Kas Kecil,Pengembalian Hutang dari Sigura-Gura,10.101.001 KAS KECIL,10.102.010 PIUTANG SIGURA-GURA,21400000
Lumiera Garden,2025-07-01,KAS_MASUK,Kas Kecil,Pinjaman dari Sigura-Gura,10.101.001 KAS KECIL,20.103.006 HUTANG SIGURA-GURA,14600000
Lumiera Garden,2025-06-30,KAS_KELUAR,BCA PT. ASA,Admin Bank (Potongan Bulanan),60.104.010 ADMINISTRASI BANK,10.101.003 BCA (8162440909 an PT. Adhiland Sukses Abadi),30000
Lumiera Garden,2025-06-30,KAS_KELUAR,BCA PT. ASA407/ADL-LG/VI/2025,ND Filter Kamera,11.101.001 PERALATAN KANTOR,10.101.003 BCA (8162440909 an PT. Adhiland Sukses Abadi),1280380
Lumiera Garden,2025-06-28,KAS_MASUK,BCA PT. ASALK 9,"Pembayaran Pelunasan Ke-1 Kavling LK-09 an Dwi Mulyono, ST",10.101.003 BCA (8162440909 an PT. Adhiland Sukses Abadi),20.101.001 UANG MUKA,40000000
Lumiera Garden,2025-06-26,KAS_KELUAR,BCA PT. ASA406/ADL-LG/VI/2025,Reimburse P. Dian ( Kebutuhan Bensin Mesin Pemotong Rumput),60.104.001 OPERASIONAL KANTOR,10.101.003 BCA (8162440909 an PT. Adhiland Sukses Abadi),50000
Lumiera Garden,2025-06-26,KAS_KELUAR,BCA PT. ASA405/ADL-LG/VI/2025,Reimburse P. Rula (Lampu Jalan Masuk LED 60 Watt / 3 pcs),10.202.012 PENERANGAN JALAN UMUM,10.101.003 BCA (8162440909 an PT. Adhiland Sukses Abadi),339000
Lumiera Garden,2025-06-26,KAS_KELUAR,BCA PT. ASA404/ADL-LG/VI/2025,"Reimburse P. Sugeng ( Bensin, Gembok, dll / 4 Nota)",60.104.001 OPERASIONAL KANTOR,10.101.003 BCA (8162440909 an PT. Adhiland Sukses Abadi),190800
Lumiera Garden,2025-06-26,KAS_KELUAR,BCA PT. ASA403/ADL-LG/VI/2025,Kas Bon Karyawan - Security (Della Herman),10.102.011 PIUTANG KARYAWAN,10.101.003 BCA (8162440909 an PT. Adhiland Sukses Abadi),3000000
Lumiera Garden,2025-06-26,KAS_KELUAR,Kas Kecil402/ADL-LG/VI/2025,Pembelian Tandon 1000L,10.202.020 TANDON AIR,10.101.001 KAS KECIL,950000
Lumiera Garden,2025-06-26,KAS_KELUAR,Kas Kecil401/ADL-LG/VI/2025,Cetak V Banner 260 x 90 + Pasang Bambu + Izin & Pajak (400 pcs),60.101.004 BEBAN ADVERTISING,10.101.001 KAS KECIL,15500000
Lumiera Garden,2025-06-26,KAS_KELUAR,Kas Kecil400/ADL-LG/VI/2025,Pembuatan Taman Behrem Sisi Timur & Tanaman - A. Bobby,10.202.008 TAMAN DAN PENGHIJAUAN,10.101.001 KAS KECIL,10735000
Lumiera Garden,2025-06-26,KAS_KELUAR,Kas Kecil399/ADL-LG/VI/2025,Reimburse Pak Adhi (Top Up E-Toll),60.104.011 PERJALANAN DINAS,10.101.001 KAS KECIL,200000
Lumiera Garden,2025-06-26,KAS_KELUAR,Kas Kecil399/ADL-LG/VI/2025,Reimburse Pak Adhi (Makan 5 orang),60.104.011 PERJALANAN DINAS,10.101.001 KAS KECIL,170715
Lumiera Garden,2025-06-26,KAS_KELUAR,Kas Kecil399/ADL-LG/VI/2025,Reimburse Pak Adhi (Weekly Pak Rendra),60.104.013 MEETING,10.101.001 KAS KECIL,168752
Lumiera Garden,2025-06-26,KAS_KELUAR,Kas Kecil399/ADL-LG/VI/2025,Reimburse Pak Adhi (Mug+toples+sendok),60.104.001 OPERASIONAL KANTOR,10.101.001 KAS KECIL,67000
Lumiera Garden,2025-06-26,KAS_KELUAR,Kas Kecil399/ADL-LG/VI/2025,Reimburse Pak Adhi (Dispenser Miyako Hitam),11.101.001 PERALATAN KANTOR,10.101.001 KAS KECIL,895000
Lumiera Garden,2025-06-26,KAS_KELUAR,Kas Kecil399/ADL-LG/VI/2025,Reimburse Pak Adhi (Meeting Koordinasi Kebersihan),60.104.013 MEETING,10.101.001 KAS KECIL,280000
Lumiera Garden,2025-06-26,KAS_KELUAR,Kas Kecil,Biaya Admin,60.104.010 ADMINISTRASI BANK,10.101.001 KAS KECIL,2500
Lumiera Garden,2025-06-26,KAS_KELUAR,Kas Kecil,Ads,60.101.005 BEBAN DIGITAL ADS,10.101.001 KAS KECIL,10000000
Lumiera Garden,2025-06-26,KAS_MASUK,Kas Kecil,Pengembalian Hutang dari Sigura-Gura,10.101.001 KAS KECIL,10.102.010 PIUTANG SIGURA-GURA,39002500
Lumiera Garden,2025-06-25,KAS_KELUAR,BCA PT. ASA398/ADL-LG/VI/2025,Pelunasan Pembelian Mobil Pick Up,11.103.001 KENDARAAN,10.101.003 BCA (8162440909 an PT. Adhiland Sukses Abadi),39000000
Lumiera Garden,2025-06-24,KAS_KELUAR,BCA PT. ASA398/ADL-LG/VI/2025,DP Mobil Pick Up,11.103.001 KENDARAAN,10.101.003 BCA (8162440909 an PT. Adhiland Sukses Abadi),80000000
Lumiera Garden,2025-06-21,KAS_KELUAR,Kas Kecil397/ADL-LG/VI/2025,Reimburse P. Dian (Pembelian Stopkontak Area Belakang - Jalur Kerja & CCTV),10.202.024 FASUM,10.101.001 KAS KECIL,55000
Lumiera Garden,2025-06-21,KAS_MASUK,Kas Kecil,Pinjaman dari Sigura-Gura,10.101.001 KAS KECIL,20.103.006 HUTANG SIGURA-GURA,55000
Lumiera Garden,2025-06-20,PENYESUAIAN,394/ADL-LG/VI/2025 II Map Kuning (19),Listrik Kawasan (25/06/25),60.104.003 TOKEN PLN,10.101.004 SILANG KAS,1003000
Lumiera Garden,2025-06-20,PENYESUAIAN,,Pindah Saldo,10.101.001 KAS KECIL,10.101.002 CASH/TUNAI,2350000
Lumiera Garden,2025-06-20,KAS_KELUAR,BCA PT. ASA396/ADL-LG/VI/2025,Get Contact LG + Admin (Telle),60.104.001 OPERASIONAL KANTOR,10.101.003 BCA (8162440909 an PT. Adhiland Sukses Abadi),24090
Lumiera Garden,2025-06-20,KAS_KELUAR,BCA PT. ASA395/ADL-LG/VI/2025,Headset Bluetooth (Telle Marketing / 2 pcs),11.101.001 PERALATAN KANTOR,10.101.003 BCA (8162440909 an PT. Adhiland Sukses Abadi),356200
Lumiera Garden,2025-06-20,KAS_KELUAR,BCA PT. ASA394/ADL-LG/VI/2025 II Map Kuning (19),Budgeting CRD Listrik Kawasan,10.101.004 SILANG KAS,10.101.003 BCA (8162440909 an PT. Adhiland Sukses Abadi),1003000
Lumiera Garden,2025-06-20,KAS_KELUAR,BCA PT. ASA393/ADL-LG/VI/2025,Biaya Admin,60.104.010 ADMINISTRASI BANK,10.101.003 BCA (8162440909 an PT. Adhiland Sukses Abadi),2500
Lumiera Garden,2025-06-20,KAS_KELUAR,BCA PT. ASA393/ADL-LG/VI/2025,Buang Tanah Kav. LK-2 & LK-3 (8 rit / 3-5 Juni 2025) - Musla/Riadi,10.203.999 LAIN-LAIN,10.101.003 BCA (8162440909 an PT. Adhiland Sukses Abadi),1600000
Lumiera Garden,2025-06-20,KAS_KELUAR,Kas Kecil392/ADL-LG/VI/2025,Reimburse Pak Adhi (Weekly Pak Rendra),60.104.013 MEETING,10.101.001 KAS KECIL,191000
Lumiera Garden,2025-06-20,KAS_KELUAR,Kas Kecil392/ADL-LG/VI/2025,Reimburse Pak Adhi (CCTV+SD Card 64GB / 2pcs) - Outdoor,11.102.001 PERALATAN TEKNIK,10.101.001 KAS KECIL,1850000
Lumiera Garden,2025-06-20,KAS_KELUAR,Kas Kecil392/ADL-LG/VI/2025,Reimburse Pak Adhi (E-toll PP / Pertemuan POLDA JATIM),60.104.011 PERJALANAN DINAS,10.101.001 KAS KECIL,138000
Lumiera Garden,2025-06-20,KAS_KELUAR,Kas Kecil392/ADL-LG/VI/2025,Reimburse Pak Adhi (Bensin Avanza / Pertemuan POLDA JATIM),60.104.007 BENSIN OPERASIONAL,10.101.001 KAS KECIL,200000
Lumiera Garden,2025-06-16,KAS_KELUAR,Kas Kecil(42) POS Indonesia,Pembelian Materai,60.104.008 MATERAI,10.101.001 KAS KECIL,502000
Lumiera Garden,2025-06-13,KAS_KELUAR,BCA PT. ASA391/ADL-LG/VI/2025,Reimburse Pak Dedy (Loding Out Expo Matos),60.101.006 EXPO,10.101.003 BCA (8162440909 an PT. Adhiland Sukses Abadi),432000
Lumiera Garden,2025-06-13,KAS_KELUAR,BCA PT. ASA390/ADL-LG/VI/2025,Biaya Admin,60.104.010 ADMINISTRASI BANK,10.101.003 BCA (8162440909 an PT. Adhiland Sukses Abadi),2500
Lumiera Garden,2025-06-13,KAS_KELUAR,BCA PT. ASA390/ADL-LG/VI/2025,Perbaikan Sumur Resapan - Riadi,10.202.022 PENGEBORAN AIR BERSIH/SUMUR,10.101.003 BCA (8162440909 an PT. Adhiland Sukses Abadi),300000
Lumiera Garden,2025-06-13,KAS_KELUAR,BCA PT. ASA389/ADL-LG/VI/2025,Biaya Admin,60.104.010 ADMINISTRASI BANK,10.101.003 BCA (8162440909 an PT. Adhiland Sukses Abadi),2500
Lumiera Garden,2025-06-13,KAS_KELUAR,BCA PT. ASA389/ADL-LG/VI/2025,Pemindahan Gudang Proyek - Riadi,10.202.025 GUDANG,10.101.003 BCA (8162440909 an PT. Adhiland Sukses Abadi),1000000
Lumiera Garden,2025-06-13,KAS_KELUAR,BCA PT. ASA388/ADL-LG/VI/2025,UM EXPO Matos 29 Mei - 08 Juni 2025 (Andik),60.101.006 EXPO,10.101.003 BCA (8162440909 an PT. Adhiland Sukses Abadi),550000
Lumiera Garden,2025-06-13,KAS_KELUAR,BCA PT. ASA388/ADL-LG/VI/2025,UM EXPO Matos 29 Mei - 08 Juni 2025 (Ika),60.101.006 EXPO,10.101.003 BCA (8162440909 an PT. Adhiland Sukses Abadi),350000
Lumiera Garden,2025-06-13,KAS_KELUAR,BCA PT. ASA388/ADL-LG/VI/2025,Biaya Admin,60.104.010 ADMINISTRASI BANK,10.101.003 BCA (8162440909 an PT. Adhiland Sukses Abadi),2500
Lumiera Garden,2025-06-13,KAS_KELUAR,BCA PT. ASA388/ADL-LG/VI/2025,UM EXPO Matos 29 Mei - 08 Juni 2025 (Nanda),60.101.006 EXPO,10.101.003 BCA (8162440909 an PT. Adhiland Sukses Abadi),350000
Lumiera Garden,2025-06-13,KAS_KELUAR,BCA PT. ASA387/ADL-LG/VI/2025,Reimburse Pak Rula (Pemindahan Kabel PLN diatas Kavling LK-12),10.202.028 LISTRIK LOKASI,10.101.003 BCA (8162440909 an PT. Adhiland Sukses Abadi),450000
Lumiera Garden,2025-06-13,KAS_KELUAR,BCA PT. ASA386/ADL-LG/VI/2025,"Penanaman Taman Berem Kavling LK-24, LK-25 & Communal, Pemindahan & Penanaman Pohon",10.202.008 TAMAN DAN PENGHIJAUAN,10.101.003 BCA (8162440909 an PT. Adhiland Sukses Abadi),6445000
Lumiera Garden,2025-06-13,KAS_KELUAR,Kas Kecil385/ADL-LG/VI/2025,Reimburse Pak Adhi (Ongkos Potong / Qurban - 3 orang),60.104.018 EVENT KANTOR,10.101.001 KAS KECIL,1000000
Lumiera Garden,2025-06-13,KAS_KELUAR,Kas Kecil385/ADL-LG/VI/2025,"Reimburse Pak Adhi (Terpal, Tampar / Qurban)",11.101.001 PERALATAN KANTOR,10.101.001 KAS KECIL,507500
Lumiera Garden,2025-06-13,KAS_KELUAR,Kas Kecil385/ADL-LG/VI/2025,Reimburse Pak Adhi (CCTV+SD Card 64Gb) -Indoor,11.102.001 PERALATAN TEKNIK,10.101.001 KAS KECIL,1174080
Lumiera Garden,2025-06-13,KAS_KELUAR,Kas Kecil385/ADL-LG/VI/2025,Reimburse Pak Adhi (Bensin Avanza),60.104.007 BENSIN OPERASIONAL,10.101.001 KAS KECIL,300000
Lumiera Garden,2025-06-13,KAS_MASUK,Kas Kecil,Pengembalian Hutang dari Sigura-Gura,10.101.001 KAS KECIL,10.102.010 PIUTANG SIGURA-GURA,3500000
Lumiera Garden,2025-06-13,KAS_KELUAR,Kas Kecil(41) Nota,"Gula (JA, SG, LG) & Galon (SG,LG)",60.104.001 OPERASIONAL KANTOR,10.101.001 KAS KECIL,96000
Lumiera Garden,2025-06-12,KAS_KELUAR,Kas Kecil(40) Shopee - Starone Printing,No Kavling Lumiera / 3 pcs (uk.20x20 lb) - StarOne,60.104.001 OPERASIONAL KANTOR,10.101.001 KAS KECIL,9000
Lumiera Garden,2025-06-09,KAS_MASUK,BCA PT. ASALK 7,Pembayaran Cicilan Angsuran Ke-6 Rukost Kavling LK-07 an Heny Susanti,10.101.003 BCA (8162440909 an PT. Adhiland Sukses Abadi),20.101.001 UANG MUKA,20000000
Lumiera Garden,2025-06-09,KAS_KELUAR,Kas Kecil(39) Light Printing,Cetak Sticker Box (PSS-VINYL CAMEL Glossy - Light Printing),60.104.018 EVENT KANTOR,10.101.001 KAS KECIL,11000
Lumiera Garden,2025-06-09,KAS_KELUAR,Kas Kecil(38) Nota,"Semangka, Es Batu, Lada, Arang & Kecap Bango",60.104.018 EVENT KANTOR,10.101.001 KAS KECIL,124000
Lumiera Garden,2025-06-09,KAS_KELUAR,Kas Kecil(37) Nota,Kecap Bango,60.104.018 EVENT KANTOR,10.101.001 KAS KECIL,26000
Lumiera Garden,2025-06-09,KAS_KELUAR,Kas Kecil(36) Nota,"Cab, Gula, Sunlight & Spon cuci piring",60.104.018 EVENT KANTOR,10.101.001 KAS KECIL,60000
Lumiera Garden,2025-06-09,KAS_KELUAR,Kas Kecil(35) Nota,Galon Aqua,60.104.018 EVENT KANTOR,10.101.001 KAS KECIL,21000
Lumiera Garden,2025-06-09,KAS_KELUAR,Kas Kecil(34) Nota,"Lahap 3kg, Gelas Polkadot, Entong, Kertas Bundar, Sendok, Nutri & Kertas bks",60.104.018 EVENT KANTOR,10.101.001 KAS KECIL,131000
Lumiera Garden,2025-06-09,KAS_KELUAR,Kas Kecil(33) Toko Alif Pecah Belah,Bakaran & Kipas,60.104.018 EVENT KANTOR,10.101.001 KAS KECIL,28000
Lumiera Garden,2025-06-07,PENYESUAIAN,384/ADL-LG/VI/2025 II Map Kuning (17),Listrik Kawasan (10/06/25),60.104.003 TOKEN PLN,10.101.004 SILANG KAS,1003000
Lumiera Garden,2025-06-07,PENYESUAIAN,,Pindah Saldo,10.101.001 KAS KECIL,10.101.002 CASH/TUNAI,2000000
Lumiera Garden,2025-06-07,KAS_KELUAR,BCA PT. ASA384/ADL-LG/VI/2025,Budgeting CRD Listrik Kawasan & Pupuk,10.101.004 SILANG KAS,10.101.003 BCA (8162440909 an PT. Adhiland Sukses Abadi),1153000
Lumiera Garden,2025-06-07,KAS_KELUAR,BCA PT. ASA383/ADL-LG/VI/2025,Pemindahan Area Kavling LK-02 - LK-06 & Pembuatan Kontur Taman A5 - A7,10.202.008 TAMAN DAN PENGHIJAUAN,10.101.003 BCA (8162440909 an PT. Adhiland Sukses Abadi),4000000
Lumiera Garden,2025-06-07,KAS_KELUAR,BCA PT. ASA381/ADL-LG/VI/2025,Wifi Project bulan Juni (Biznet Home),60.104.006 TAGIHAN WIFI,10.101.003 BCA (8162440909 an PT. Adhiland Sukses Abadi),416250
Lumiera Garden,2025-06-07,KAS_KELUAR,BCA PT. ASA381/ADL-LG/VI/2025,Pembayaran Halo Call Center (08113646900),60.104.005 TAGIHAN HALO CALL CENTER (08113646900),10.101.003 BCA (8162440909 an PT. Adhiland Sukses Abadi),202800
Lumiera Garden,2025-06-07,KAS_KELUAR,Kas Kecil(32) Tiong Bahru,Reimburse Pak Adhi (Weekly Direksi / 02 Juni 2025),60.104.013 MEETING,10.101.001 KAS KECIL,223000
Lumiera Garden,2025-06-07,KAS_KELUAR,Kas Kecil382/ADL-LG/VI/2025,Reimburse Pak Adhi (Kabel FO 200 m + Router & HTB Pro + Jasa Pasang),10.202.999 LAIN-LAIN,10.101.001 KAS KECIL,1270000
Lumiera Garden,2025-06-05,KAS_KELUAR,BCA PT. Adhiland Sukses Abadi379/ADL-LG/VI/2025,Refund ITJ Kavling LK-18 an Nor Hedayanti,20.101.002 UANG TANDA JADI,10.101.003 BCA (8162440909 an PT. Adhiland Sukses Abadi),5000000
Lumiera Garden,2025-06-05,KAS_KELUAR,BCA PT. ASA380/ADL-LG/VI/2025,Pembelian Token Listrik Ruko Suhat (ID Pel : 513110771875 an Wisnu Novianto),60.104.003 TOKEN PLN,10.101.003 BCA (8162440909 an PT. Adhiland Sukses Abadi),1003000
Lumiera Garden,2025-06-05,KAS_KELUAR,Kas Kecil378/ADL-LG/VI/2025,Survey KKPR Siteplan,10.201.013 SITE PLAN,10.101.001 KAS KECIL,2000000
Lumiera Garden,2025-06-05,KAS_MASUK,Kas Kecil,Pengembalian Hutang dari Sigura-Gura,10.101.001 KAS KECIL,10.102.010 PIUTANG SIGURA-GURA,2000000
Lumiera Garden,2025-06-04,KAS_KELUAR,Kas Kecil(31 A) Pos Indonesia,Kirim Kwitansi LK-02 / Ibu Etty Parawati,60.104.009 PERANGKO/KIRIMAN SRT & DOK,10.101.001 KAS KECIL,19000
Lumiera Garden,2025-06-04,KAS_MASUK,Kas Kecil,Pengembalian Hutang dari Sigura-Gura,10.101.001 KAS KECIL,10.102.010 PIUTANG SIGURA-GURA,19000
Lumiera Garden,2025-06-03,KAS_MASUK,BCA PT. ASALK 2,Pembayaran Cicilan Pelunasan Kavling LK-02 an Etty Parawati,10.101.003 BCA (8162440909 an PT. Adhiland Sukses Abadi),20.101.001 UANG MUKA,120000000
Lumiera Garden,2025-06-03,KAS_KELUAR,Kas Kecil(31) kwitansi RT/RW,Iuran Sampah Kantor/Ruko (KW 310525),60.104.012 KEAMANAN DAN KEBERSIHAN,10.101.001 KAS KECIL,75000
Lumiera Garden,2025-06-03,KAS_KELUAR,Cash/Tunai377/ADL-LG/VI/2025,DP Tanah Makam Lumiera Seluas 140m2,10.201.019 KOMPENSASI MAKAM,10.101.002 CASH/TUNAI,100000000
Lumiera Garden,2025-06-03,KAS_MASUK,Cash/Tunai,Pengembalian Hutang dari Sigura-Gura,10.101.002 CASH/TUNAI,10.102.010 PIUTANG SIGURA-GURA,50000000
Lumiera Garden,2025-06-01,PENYESUAIAN,,Potongan Kas Bon Karyawan bulan Mei (OB / Andik),60.102.001 GAJI KARYAWAN TETAP,10.102.011 PIUTANG KARYAWAN,500000
Lumiera Garden,2025-06-01,PENYESUAIAN,,Potongan Kas Bon Karyawan bulan Mei (Security / Dian Nuri),60.102.001 GAJI KARYAWAN TETAP,10.102.011 PIUTANG KARYAWAN,500000
Lumiera Garden,2025-06-01,PENYESUAIAN,,Potongan Kas Bon Karyawan bulan Mei (Security / Dela Herman),60.102.001 GAJI KARYAWAN TETAP,10.102.011 PIUTANG KARYAWAN,200000
Lumiera Garden,2025-06-01,KAS_KELUAR,BCA PT. ASA,Biaya Admin (TF beda bank),60.104.010 ADMINISTRASI BANK,10.101.003 BCA (8162440909 an PT. Adhiland Sukses Abadi),5000
Lumiera Garden,2025-06-01,KAS_KELUAR,BCA PT. ASA,Gaji Karyawan bulan Mei 2025,60.102.001 GAJI KARYAWAN TETAP,10.101.003 BCA (8162440909 an PT. Adhiland Sukses Abadi),67249707
Lumiera Garden,2025-05-31,KAS_KELUAR,BCA PT. ASA,Pajak Bunga,60.104.029 BEBAN PAJAK LAINNYA/PAJAK BUNGA,10.101.003 BCA (8162440909 an PT. Adhiland Sukses Abadi),551
Lumiera Garden,2025-05-31,KAS_MASUK,BCA PT. ASA,Bunga Bank,10.101.003 BCA (8162440909 an PT. Adhiland Sukses Abadi),40.102.001 BUNGA BANK,2754
Lumiera Garden,2025-05-31,KAS_KELUAR,BCA PT. ASA,Admin Bank (Potongan Bulanan),60.104.010 ADMINISTRASI BANK,10.101.003 BCA (8162440909 an PT. Adhiland Sukses Abadi),30000
Lumiera Garden,2025-05-31,KAS_KELUAR,BCA PT. ASA376/ADL-LG/V/2025,Termin III Perpanjangan Billboard Kawi,60.101.004 BEBAN ADVERTISING,10.101.003 BCA (8162440909 an PT. Adhiland Sukses Abadi),20000000
Lumiera Garden,2025-05-31,KAS_KELUAR,BCA PT. ASA375/ADL-LG/V/2025,Biaya Admin,60.104.010 ADMINISTRASI BANK,10.101.003 BCA (8162440909 an PT. Adhiland Sukses Abadi),2500
Lumiera Garden,2025-05-31,KAS_KELUAR,BCA PT. ASA375/ADL-LG/V/2025,Ads (5.4),60.101.005 BEBAN DIGITAL ADS,10.101.003 BCA (8162440909 an PT. Adhiland Sukses Abadi),10000000
Lumiera Garden,2025-05-31,KAS_KELUAR,BCA PT. ASA374/ADL-LG/V/2025,Reimburse Pak Rula (Material perubahan jalur listrik kawasan),10.202.023 JARINGAN LISTRIK PROYEK,10.101.003 BCA (8162440909 an PT. Adhiland Sukses Abadi),1230000
Lumiera Garden,2025-05-31,KAS_KELUAR,BCA PT. ASA374/ADL-LG/V/2025,Reimburse Pak Rula (Material panel pompa sumur),10.202.022 PENGEBORAN AIR BERSIH/SUMUR,10.101.003 BCA (8162440909 an PT. Adhiland Sukses Abadi),400000
Lumiera Garden,2025-05-31,KAS_KELUAR,BCA PT. ASA373/ADL-LG/V/2025,Reimburse Pak Sugeng (Pembelian sapu lidi u/ kebersihan),60.104.001 OPERASIONAL KANTOR,10.101.003 BCA (8162440909 an PT. Adhiland Sukses Abadi),30000
Lumiera Garden,2025-05-31,KAS_KELUAR,BCA PT. ASA373/ADL-LG/V/2025,Reimburse Pak Sugeng (Sewa armada angkat drum dari SG ke LG),10.202.003 PERATAAN TANAH/CUT & FILL,10.101.003 BCA (8162440909 an PT. Adhiland Sukses Abadi),140000
Lumiera Garden,2025-05-31,KAS_KELUAR,BCA PT. ASA373/ADL-LG/V/2025,Reimburse Pak Sugeng (Pembelian bensin mesin potong rumput / 2 nota),60.104.001 OPERASIONAL KANTOR,10.101.003 BCA (8162440909 an PT. Adhiland Sukses Abadi),100000
Lumiera Garden,2025-05-31,KAS_KELUAR,BCA PT. ASA373/ADL-LG/V/2025,Reimburse Pak Sugeng (Pembelian material pipa PVC tandon air kerja / 4 nota),10.202.020 TANDON AIR,10.101.003 BCA (8162440909 an PT. Adhiland Sukses Abadi),193000
Lumiera Garden,2025-05-31,KAS_KELUAR,BCA PT. ASA372/ADL-LG/V/2025,Pembayaran Ke-3 Komisi Tanah Pak Yazak,10.201.026 KOMISI PEMBELIAN TANAH,10.101.003 BCA (8162440909 an PT. Adhiland Sukses Abadi),10000000
Lumiera Garden,2025-05-31,KAS_KELUAR,BCA PT. ASA371/ADL-LG/V/2025,Reimburse Pak Muliyawan (Tiket PP Sby-Dps / Dps-Sby),60.104.018 EVENT KANTOR,10.101.003 BCA (8162440909 an PT. Adhiland Sukses Abadi),2715003
Lumiera Garden,2025-05-31,KAS_KELUAR,BCA PT. ASA370/ADL-LG/V/2025,Biaya Admin,60.104.010 ADMINISTRASI BANK,10.101.003 BCA (8162440909 an PT. Adhiland Sukses Abadi),2500
Lumiera Garden,2025-05-30,KAS_KELUAR,Kas Kecil(30) BM Mart,Pembelian Galon Isi Ulang di Lokasi Project Lumiera,60.104.001 OPERASIONAL KANTOR,10.101.001 KAS KECIL,20000
Lumiera Garden,2025-05-28,KAS_KELUAR,BCA PT. Adhiland Sukses Abadi370/ADL-LG/V/2025,Refund ITJ LK-17 an Dyah Ratnawati,20.101.002 UANG TANDA JADI,10.101.003 BCA (8162440909 an PT. Adhiland Sukses Abadi),2000000
Lumiera Garden,2025-05-28,KAS_KELUAR,BCA PT. ASA369/ADL-LG/V/2025,Upah instalasi listrik kerja & Material panel listrik,10.202.023 JARINGAN LISTRIK PROYEK,10.101.003 BCA (8162440909 an PT. Adhiland Sukses Abadi),1250000
Lumiera Garden,2025-05-27,KAS_MASUK,BCA PT. ASALK 17,ITJ Kavling LK-17 an Dyah Ratnawati,10.101.003 BCA (8162440909 an PT. Adhiland Sukses Abadi),20.101.002 UANG TANDA JADI,2000000
Lumiera Garden,2025-05-27,KAS_KELUAR,Kas Kecil368/ADL-LG/V/2025,Get Contact LG + Admin (Telle),60.104.001 OPERASIONAL KANTOR,10.101.001 KAS KECIL,21090
Lumiera Garden,2025-05-27,KAS_KELUAR,Kas Kecil(29.A) Tiong Bahru,Reimburse Pak Adhi (Weekly dengan P. Rendra / 260525),60.104.013 MEETING,10.101.001 KAS KECIL,309514
Lumiera Garden,2025-05-26,KAS_KELUAR,Kas Kecil367/ADL-LG/V/2025,Hardisk (Seagate One Touch External HDD / 1 TB USB 3.0),11.101.001 PERALATAN KANTOR,10.101.001 KAS KECIL,975000
Lumiera Garden,2025-05-25,KAS_MASUK,BCA PT. ASALK 18,ITJ Kavling LK-18 an Nor Hedayanti,10.101.003 BCA (8162440909 an PT. Adhiland Sukses Abadi),20.101.002 UANG TANDA JADI,5000000
Lumiera Garden,2025-05-18,KAS_KELUAR,BCA PT. ASA366/ADL-LG/V/2025,Pelunasan Gathering Bali (4 hari 2 malam),60.104.018 EVENT KANTOR,10.101.003 BCA (8162440909 an PT. Adhiland Sukses Abadi),78000000
Lumiera Garden,2025-05-16,PENYESUAIAN,364/ADL-LG/V/2025 II Map Kuning (15),Listrik Kawasan (17/05/25),60.104.003 TOKEN PLN,10.101.004 SILANG KAS,1506000
Lumiera Garden,2025-05-16,PENYESUAIAN,,Pindah Saldo,10.101.001 KAS KECIL,10.101.002 CASH/TUNAI,12600000
Lumiera Garden,2025-05-16,KAS_KELUAR,BCA PT. ASA365/ADL-LG/V/2025,Kas Bon Karyawan - Security,10.102.011 PIUTANG KARYAWAN,10.101.003 BCA (8162440909 an PT. Adhiland Sukses Abadi),3000000
Lumiera Garden,2025-05-16,KAS_KELUAR,BCA PT. ASA364/ADL-LG/V/2025,Budgeting CRD Listrik Kawasan,10.101.004 SILANG KAS,10.101.003 BCA (8162440909 an PT. Adhiland Sukses Abadi),1506000
Lumiera Garden,2025-05-16,KAS_KELUAR,BCA PT. ASA363/ADL-LG/V/2025,Cetak V Banner 260x90 + Pasang Bambu + Ijin & Pajak - Sigmaprint,60.101.004 BEBAN ADVERTISING,10.101.003 BCA (8162440909 an PT. Adhiland Sukses Abadi),29125000
Lumiera Garden,2025-05-16,KAS_KELUAR,BCA PT. ASA362/ADL-LG/V/2025,Pelunasan Stan EXPO MOG (1-12 Mei 2025 / 12 Hari),60.101.006 EXPO,10.101.003 BCA (8162440909 an PT. Adhiland Sukses Abadi),65000000
Lumiera Garden,2025-05-16,KAS_KELUAR,BCA PT. ASA361/ADL-LG/V/2025,Uang Makan Marketing EXPO - Ika,60.101.006 EXPO,10.101.003 BCA (8162440909 an PT. Adhiland Sukses Abadi),400000
Lumiera Garden,2025-05-16,KAS_KELUAR,BCA PT. ASA361/ADL-LG/V/2025,Uang Makan Marketing EXPO - Adib,60.101.006 EXPO,10.101.003 BCA (8162440909 an PT. Adhiland Sukses Abadi),450000
Lumiera Garden,2025-05-16,KAS_KELUAR,BCA PT. ASA361/ADL-LG/V/2025,Biaya Admin,60.104.010 ADMINISTRASI BANK,10.101.003 BCA (8162440909 an PT. Adhiland Sukses Abadi),2500
Lumiera Garden,2025-05-16,KAS_KELUAR,BCA PT. ASA361/ADL-LG/V/2025,Uang Makan Marketing EXPO - Nanda,60.101.006 EXPO,10.101.003 BCA (8162440909 an PT. Adhiland Sukses Abadi),400000
Lumiera Garden,2025-05-16,KAS_KELUAR,BCA PT. ASA361/ADL-LG/V/2025,Uang Makan Marketing EXPO - Fahmi,60.101.006 EXPO,10.101.003 BCA (8162440909 an PT. Adhiland Sukses Abadi),350000
Lumiera Garden,2025-05-16,KAS_KELUAR,BCA PT. ASA360/ADL-LG/V/2025,Waarmerking PPJB Kavling LK-05 an Ninik Yulaikah,60.104.023 BIAYA ADMINISTRASI WAARMERKING,10.101.003 BCA (8162440909 an PT. Adhiland Sukses Abadi),250000
Lumiera Garden,2025-05-16,KAS_KELUAR,BCA PT. ASA359/ADL-LG/V/2025,Reimburse Pak Yasin (Bensin untuk ke perizinan KKPR Lummiera),60.104.007 BENSIN OPERASIONAL,10.101.003 BCA (8162440909 an PT. Adhiland Sukses Abadi),20000
Lumiera Garden,2025-05-16,KAS_KELUAR,BCA PT. ASA358/ADL-LG/V/2025,Doorprize Gathering Bali Adhiland,60.104.018 EVENT KANTOR,10.101.003 BCA (8162440909 an PT. Adhiland Sukses Abadi),7100000
Lumiera Garden,2025-05-16,KAS_KELUAR,Kas Kecil358/ADL-LG/V/2025,Uang Saku Gathering Bali Adhiland,60.104.018 EVENT KANTOR,10.101.001 KAS KECIL,6600000
Lumiera Garden,2025-05-16,KAS_KELUAR,Kas Kecil357/ADL-LG/V/2025,Reimburse Pak Adhi (Meja Gaming Minimalis Modern / Meja Kantor),11.101.001 PERALATAN KANTOR,10.101.001 KAS KECIL,538914
Lumiera Garden,2025-05-16,KAS_KELUAR,Kas Kecil357/ADL-LG/V/2025,Reimburse Pak Adhi (Weekly Pak Rendra),60.104.013 MEETING,10.101.001 KAS KECIL,157053
Lumiera Garden,2025-05-16,KAS_KELUAR,Kas Kecil357/ADL-LG/V/2025,Reimburse Pak Adhi (Tiket PP Sby-Dps 3 orang),60.104.018 EVENT KANTOR,10.101.001 KAS KECIL,3831800
Lumiera Garden,2025-05-15,KAS_KELUAR,Kas Kecil356/ADL-LG/V/2025,Tempered Glass Call Center,60.104.001 OPERASIONAL KANTOR,10.101.001 KAS KECIL,76750
Lumiera Garden,2025-05-14,KAS_KELUAR,BCA PT. ASA355/ADL-LG/V/2025,"Budgeting Kabel BC 3x2,5 mm (Fasum Sumur Bor)",10.202.022 PENGEBORAN AIR BERSIH/SUMUR,10.101.003 BCA (8162440909 an PT. Adhiland Sukses Abadi),3400000
Lumiera Garden,2025-05-10,KAS_KELUAR,BCA PT. ASA354/ADL-LG/V/2025,"Lensa FE 35 mm 1,8",11.101.001 PERALATAN KANTOR,10.101.003 BCA (8162440909 an PT. Adhiland Sukses Abadi),8658100
Lumiera Garden,2025-05-09,PENYESUAIAN,347/ADL-LG/V/2025 II Map Kuning (14),Listrik Kawasan (13/05/25),60.104.003 TOKEN PLN,10.101.004 SILANG KAS,1003000
Lumiera Garden,2025-05-09,KAS_KELUAR,BCA PT. ASA352/ADL-LG/V/2025,Perhitungan Struktur Tandon,10.202.020 TANDON AIR,10.101.003 BCA (8162440909 an PT. Adhiland Sukses Abadi),2000000
Lumiera Garden,2025-05-09,KAS_KELUAR,BCA PT. ASA351/ADL-LG/V/2025,Godox SL-100 BI LED Continous Light,11.101.001 PERALATAN KANTOR,10.101.003 BCA (8162440909 an PT. Adhiland Sukses Abadi),3761000
Lumiera Garden,2025-05-09,KAS_KELUAR,BCA PT. ASA350/ADL-LG/V/2025,Kas Bon Karyawan,10.102.011 PIUTANG KARYAWAN,10.101.003 BCA (8162440909 an PT. Adhiland Sukses Abadi),50000000
Lumiera Garden,2025-05-09,KAS_KELUAR,BCA PT. ASA349/ADL-LG/V/2025,Pelunasan Gambar DED Tandon - Sandy Hermawan,10.202.020 TANDON AIR,10.101.003 BCA (8162440909 an PT. Adhiland Sukses Abadi),500000
Lumiera Garden,2025-05-09,KAS_KELUAR,BCA PT. ASA348/ADL-LG/V/2025,Kas Bon Karyawan,10.102.011 PIUTANG KARYAWAN,10.101.003 BCA (8162440909 an PT. Adhiland Sukses Abadi),6000000
Lumiera Garden,2025-05-09,KAS_KELUAR,BCA PT. ASA347/ADL-LG/V/2025,Budgeting CRD Listrik Kawasan,10.101.004 SILANG KAS,10.101.003 BCA (8162440909 an PT. Adhiland Sukses Abadi),1003000
Lumiera Garden,2025-05-09,KAS_KELUAR,BCA PT. ASA346/ADL-LG/V/2025,Gambar DWG Siteplan Lumiera,10.201.013 SITE PLAN,10.101.003 BCA (8162440909 an PT. Adhiland Sukses Abadi),1000000
Lumiera Garden,2025-05-09,KAS_KELUAR,BCA PT. ASA345/ADL-LG/V/2025,SKA Arsitek Lumiera,10.201.013 SITE PLAN,10.101.003 BCA (8162440909 an PT. Adhiland Sukses Abadi),2000000
Lumiera Garden,2025-05-09,KAS_KELUAR,BCA PT. ASA344/ADL-LG/V/2025,Pelunasan Pekerjaan Bor Sumur Artesis (11/SPK.ADP/IV/2025),10.202.022 PENGEBORAN AIR BERSIH/SUMUR,10.101.003 BCA (8162440909 an PT. Adhiland Sukses Abadi),48750000
Lumiera Garden,2025-05-09,KAS_KELUAR,BCA PT. ASA343/ADL-LG/V/2025,Biaya Admin,60.104.010 ADMINISTRASI BANK,10.101.003 BCA (8162440909 an PT. Adhiland Sukses Abadi),2500
Lumiera Garden,2025-05-09,KAS_KELUAR,BCA PT. ASA343/ADL-LG/V/2025,"Termin 2 (45%) Pek. 100% Pipa Air Bersih Kawasan (20/SPK.ADP/IV/2025) & Addendum Pipa 1,5",10.202.018 SALURAN DISTRIBUSI AIR,10.101.003 BCA (8162440909 an PT. Adhiland Sukses Abadi),28597500
Lumiera Garden,2025-05-09,KAS_KELUAR,BCA PT. ASA342/ADL-LG/V/2025,Wifi Project bulan Mei (Biznet Home),60.104.006 TAGIHAN WIFI,10.101.003 BCA (8162440909 an PT. Adhiland Sukses Abadi),416250
Lumiera Garden,2025-05-09,KAS_KELUAR,BCA PT. ASA342/ADL-LG/V/2025,Pembayaran Halo Call Center (08113646900),60.104.005 TAGIHAN HALO CALL CENTER (08113646900),10.101.003 BCA (8162440909 an PT. Adhiland Sukses Abadi),202800
Lumiera Garden,2025-05-09,KAS_KELUAR,Kas Kecil353/ADL-LG/V/2025,Air Kerja bulan April 2025,60.104.004 TAGIHAN PDAM,10.101.001 KAS KECIL,200000
Lumiera Garden,2025-05-08,KAS_KELUAR,BCA PT. ASA341/ADL-LG/V/2025,Pembelian Token Listrik Ruko Suhat (ID Pel : 513110771875 an Wisnu Novianto),60.104.003 TOKEN PLN,10.101.003 BCA (8162440909 an PT. Adhiland Sukses Abadi),1003000
Lumiera Garden,2025-05-07,KAS_KELUAR,BCA PT. ASA(29) Shell Kawi,Bensin Operasional (Innova Zenix),60.104.007 BENSIN OPERASIONAL,10.101.003 BCA (8162440909 an PT. Adhiland Sukses Abadi),300000
Lumiera Garden,2025-05-07,KAS_KELUAR,BCA PT. ASA340/ADL-LG/V/2025,Komisi Marcomm Kavling LK-05,60.101.002 INSENTIF/KOMISI,10.101.003 BCA (8162440909 an PT. Adhiland Sukses Abadi),105000
Lumiera Garden,2025-05-07,KAS_KELUAR,BCA PT. ASA340/ADL-LG/V/2025,Komisi Marcomm Kavling LK-05,60.101.002 INSENTIF/KOMISI,10.101.003 BCA (8162440909 an PT. Adhiland Sukses Abadi),100625
Lumiera Garden,2025-05-07,KAS_KELUAR,BCA PT. ASA340/ADL-LG/V/2025,Komisi Marcomm Kavling LK-05,60.101.002 INSENTIF/KOMISI,10.101.003 BCA (8162440909 an PT. Adhiland Sukses Abadi),100625
Lumiera Garden,2025-05-07,KAS_KELUAR,BCA PT. ASA340/ADL-LG/V/2025,Komisi Marcomm Kavling LK-05,60.101.002 INSENTIF/KOMISI,10.101.003 BCA (8162440909 an PT. Adhiland Sukses Abadi),131250
Lumiera Garden,2025-05-07,KAS_KELUAR,Kas Kecil(29) Shell Kawi,Bensin Operasional (Innova Zenix),60.104.007 BENSIN OPERASIONAL,10.101.001 KAS KECIL,35000
Lumiera Garden,2025-05-06,PENYESUAIAN,,Pindah Saldo,10.101.001 KAS KECIL,10.101.002 CASH/TUNAI,28500000
Lumiera Garden,2025-05-06,KAS_KELUAR,Kas Kecil339/ADL-LG/V/2025,Komisi Direktur Teknik Kavling LK-05,60.101.002 INSENTIF/KOMISI,10.101.001 KAS KECIL,1750000
Lumiera Garden,2025-05-06,KAS_KELUAR,Kas Kecil339/ADL-LG/V/2025,Komisi Komisaris Kavling LK-05,60.101.002 INSENTIF/KOMISI,10.101.001 KAS KECIL,1750000
Lumiera Garden,2025-05-06,KAS_KELUAR,Kas Kecil339/ADL-LG/V/2025,Komisi Direktur B&D Kavling LK-05,60.101.002 INSENTIF/KOMISI,10.101.001 KAS KECIL,1750000
Lumiera Garden,2025-05-06,KAS_KELUAR,Kas Kecil339/ADL-LG/V/2025,Komisi Direktur Operasional Kavling LK-05,60.101.002 INSENTIF/KOMISI,10.101.001 KAS KECIL,1750000
Lumiera Garden,2025-05-06,KAS_KELUAR,Kas Kecil339/ADL-LG/V/2025,Komisi Direktur Utama Kavling LK-05,60.101.002 INSENTIF/KOMISI,10.101.001 KAS KECIL,1750000
Lumiera Garden,2025-05-06,KAS_KELUAR,Kas Kecil339/ADL-LG/V/2025,BLT SPV Marketing Kavling LK-05,60.101.001 BLT,10.101.001 KAS KECIL,2000000
Lumiera Garden,2025-05-06,KAS_KELUAR,Kas Kecil339/ADL-LG/V/2025,Komisi SPV Marketing Kavling LK-05,60.101.002 INSENTIF/KOMISI,10.101.001 KAS KECIL,4375000
Lumiera Garden,2025-05-06,KAS_KELUAR,Kas Kecil339/ADL-LG/V/2025,Komisi Marketing Kavling LK-05,60.101.002 INSENTIF/KOMISI,10.101.001 KAS KECIL,13125000
Lumiera Garden,2025-05-05,KAS_MASUK,BCA PT. ASALK 7,Pembayaran Cicilan Angsuran Ke-5 Rukost Kavling LK-07 an Heny Susanti,10.101.003 BCA (8162440909 an PT. Adhiland Sukses Abadi),20.101.001 UANG MUKA,20000000
Lumiera Garden,2025-05-04,KAS_KELUAR,Kas Kecil(28) SPBU Jl. Bandung,Penggangan Mas Andik (Bensin Zenix - EXPO),60.104.007 BENSIN OPERASIONAL,10.101.001 KAS KECIL,400000
Lumiera Garden,2025-05-03,KAS_KELUAR,BCA PT. ASA338/ADL-LG/V/2025,DP EXPO MOG (1-12 Mei 2025),60.101.006 EXPO,10.101.003 BCA (8162440909 an PT. Adhiland Sukses Abadi),25000000
Lumiera Garden,2025-05-02,PENYESUAIAN,,Pindah Saldo,10.101.001 KAS KECIL,10.101.002 CASH/TUNAI,1000000
Lumiera Garden,2025-05-02,KAS_KELUAR,BCA PT. Adhiland Sukses Abadi337/ADL-LG/V/2025,Refund ITJ LK-15 an Dimas Perdana,20.101.002 UANG TANDA JADI,10.101.003 BCA (8162440909 an PT. Adhiland Sukses Abadi),5000000
Lumiera Garden,2025-05-02,KAS_KELUAR,BCA PT. ASA337/ADL-LG/V/2025,Biaya Admin,60.104.010 ADMINISTRASI BANK,10.101.003 BCA (8162440909 an PT. Adhiland Sukses Abadi),2500
Lumiera Garden,2025-05-02,KAS_MASUK,BCA PT. ASALK 5,Pembayaran DP 4 Pembelian Rukost Kavling LK-05 an Ninik Yulaikah,10.101.003 BCA (8162440909 an PT. Adhiland Sukses Abadi),20.101.001 UANG MUKA,90000000
Lumiera Garden,2025-05-02,KAS_KELUAR,BCA PT. ASA336/ADL-LG/V/2025,Upah Penjaga Alat /P.Didik (28-31 Maret 2025 dan 1-25 April 2025 total 29 hari),60.103.001 HONOR,10.101.003 BCA (8162440909 an PT. Adhiland Sukses Abadi),1450000
Lumiera Garden,2025-05-02,KAS_KELUAR,BCA PT. ASA335/ADL-LG/V/2025,Biaya Admin,60.104.010 ADMINISTRASI BANK,10.101.003 BCA (8162440909 an PT. Adhiland Sukses Abadi),2500
Lumiera Garden,2025-05-02,KAS_KELUAR,BCA PT. ASA335/ADL-LG/V/2025,Ads (5.1),60.101.005 BEBAN DIGITAL ADS,10.101.003 BCA (8162440909 an PT. Adhiland Sukses Abadi),10000000
Lumiera Garden,2025-05-02,KAS_KELUAR,BCA PT. ASA,Pinjaman untuk Sigura-gura (Perawatan Taman & Penggantian Tanaman Communal),10.102.010 PIUTANG SIGURA-GURA,10.101.003 BCA (8162440909 an PT. Adhiland Sukses Abadi),2400000
Lumiera Garden,2025-05-02,KAS_KELUAR,BCA PT. ASA334/ADL-LG/V/2025,Biaya Admin,60.104.010 ADMINISTRASI BANK,10.101.003 BCA (8162440909 an PT. Adhiland Sukses Abadi),2500
Lumiera Garden,2025-05-02,KAS_KELUAR,BCA PT. ASA334/ADL-LG/V/2025,Pekerjaan Pembuatan Sumur Resapan Dia.1 meter - Riadi,10.202.022 PENGEBORAN AIR BERSIH/SUMUR,10.101.003 BCA (8162440909 an PT. Adhiland Sukses Abadi),1345000
Lumiera Garden,2025-05-01,PENYESUAIAN,,Potongan Kas Bon Karyawan bulan April (OB / Andik),60.102.001 GAJI KARYAWAN TETAP,10.102.011 PIUTANG KARYAWAN,500000
Lumiera Garden,2025-05-01,PENYESUAIAN,,Potongan Kas Bon Karyawan bulan April (Security / Dela Herman),60.102.001 GAJI KARYAWAN TETAP,10.102.011 PIUTANG KARYAWAN,200000
Lumiera Garden,2025-05-01,KAS_KELUAR,BCA PT. ASA,Biaya Admin,60.104.010 ADMINISTRASI BANK,10.101.003 BCA (8162440909 an PT. Adhiland Sukses Abadi),2500
Lumiera Garden,2025-05-01,KAS_KELUAR,BCA PT. ASA,Gaji Karyawan bulan April 2025,60.102.001 GAJI KARYAWAN TETAP,10.101.003 BCA (8162440909 an PT. Adhiland Sukses Abadi),980769
Lumiera Garden,2025-05-01,KAS_KELUAR,BCA PT. ASA,Gaji Karyawan bulan April 2025,60.102.001 GAJI KARYAWAN TETAP,10.101.003 BCA (8162440909 an PT. Adhiland Sukses Abadi),64778075
Lumiera Garden,2025-05-01,KAS_MASUK,Cash/Tunai,Pengembalian Hutang dari Sigura-Gura,10.101.002 CASH/TUNAI,10.102.010 PIUTANG SIGURA-GURA,2400000
Lumiera Garden,2025-05-01,KAS_KELUAR,Kas Kecil(27) Platinum Badminton,Reimburse Bella (Member Badminton Bulan Mei),60.104.001 OPERASIONAL KANTOR,10.101.001 KAS KECIL,610000
Lumiera Garden,2025-05-01,KAS_MASUK,Cash/TunaiLK 4,Pembayaran Pelunasan Ke-2 Pembelian Rukost Kavling LK-04 an Endah Kuswintari,10.101.002 CASH/TUNAI,20.101.001 UANG MUKA,84000000
Lumiera Garden,2025-04-30,KAS_KELUAR,BCA PT. ASA,Pajak Bunga,60.104.029 BEBAN PAJAK LAINNYA/PAJAK BUNGA,10.101.003 BCA (8162440909 an PT. Adhiland Sukses Abadi),14897
Lumiera Garden,2025-04-30,KAS_MASUK,BCA PT. ASA,Bunga Bank,10.101.003 BCA (8162440909 an PT. Adhiland Sukses Abadi),40.102.001 BUNGA BANK,74485
Lumiera Garden,2025-04-30,KAS_KELUAR,BCA PT. ASA333/ADL-LG/IV/2025,Admin Bank (Potongan Bulanan),60.104.010 ADMINISTRASI BANK,10.101.003 BCA (8162440909 an PT. Adhiland Sukses Abadi),30000
Lumiera Garden,2025-04-30,KAS_KELUAR,BCA PT. ASA333/ADL-LG/IV/2025,Pelunasan Workshop Depart Bisnis - Tranceformasi Indo,60.104.016 TRAINING KARYAWAN,10.101.003 BCA (8162440909 an PT. Adhiland Sukses Abadi),19300000
Lumiera Garden,2025-04-30,KAS_MASUK,BCA PT. ASALK 5,Pembayaran DP 3 Pembelian Rukost Kavling LK-05 an Ninik Yulaikah,10.101.003 BCA (8162440909 an PT. Adhiland Sukses Abadi),20.101.001 UANG MUKA,30000000
Lumiera Garden,2025-04-29,KAS_KELUAR,Kas Kecil,Admin Bank Setor Tunai (Pembayaran Termin Tanah - Inggrid Permata Lestari),60.104.010 ADMINISTRASI BANK,10.101.001 KAS KECIL,60000
Lumiera Garden,2025-04-29,KAS_KELUAR,Kas Kecil332/ADL-LG/IV/2025,Pembayaran Termin Tanah - Inggrid Permata,10.201.001 PERSEDIAAN TANAH,10.101.001 KAS KECIL,2000300000
Lumiera Garden,2025-04-29,KAS_MASUK,Kas Kecil,Pengembalian Hutang dari Sigura-Gura,10.101.001 KAS KECIL,10.102.010 PIUTANG SIGURA-GURA,2000300000
Lumiera Garden,2025-04-26,KAS_KELUAR,Kas Kecil(26) Nota Indomaret,Pembelian Air Mineral + Parkir,60.104.013 MEETING,10.101.001 KAS KECIL,36400
Lumiera Garden,2025-04-25,PENYESUAIAN,319/ADL-LG/IV/2025 II Map Kuning (13),Listrik Kawasan (28/04/25),60.104.003 TOKEN PLN,10.101.004 SILANG KAS,1003000
Lumiera Garden,2025-04-25,KAS_KELUAR,BCA PT. ASA331/ADL-LG/IV/2025,Reimburse Bella (Gosend - Pengiriman seragam ke baboon),60.104.001 OPERASIONAL KANTOR,10.101.003 BCA (8162440909 an PT. Adhiland Sukses Abadi),19000
Lumiera Garden,2025-04-25,KAS_KELUAR,BCA PT. ASA330/ADL-LG/IV/2025,Reimburse Pak Roy (Ongkir - Pengiriman seragam dari baboon ke lokasi SG),60.104.001 OPERASIONAL KANTOR,10.101.003 BCA (8162440909 an PT. Adhiland Sukses Abadi),25000
Lumiera Garden,2025-04-25,KAS_KELUAR,BCA PT. ASA329/ADL-LG/IV/2025,Pelunasan Map Adhiland uk.33 x 46 (Terbuka),60.104.001 OPERASIONAL KANTOR,10.101.003 BCA (8162440909 an PT. Adhiland Sukses Abadi),2750000
Lumiera Garden,2025-04-25,KAS_KELUAR,BCA PT. ASA328/ADL-LG/IV/2025,Termin II Perpanjangan Billboard Kawi,60.101.004 BEBAN ADVERTISING,10.101.003 BCA (8162440909 an PT. Adhiland Sukses Abadi),20000000
Lumiera Garden,2025-04-25,KAS_KELUAR,BCA PT. ASA327/ADL-LG/IV/2025,Reimburse Pak Yasin (Patok BPN / 5 pcs),"10.201.012 PENGUKURAN ""BPN""",10.101.003 BCA (8162440909 an PT. Adhiland Sukses Abadi),250000
Lumiera Garden,2025-04-25,KAS_KELUAR,BCA PT. ASA326/ADL-LG/IV/2025,Reimburse Pak Rula (Upah perbaikan alkon),60.104.001 OPERASIONAL KANTOR,10.101.003 BCA (8162440909 an PT. Adhiland Sukses Abadi),150000
Lumiera Garden,2025-04-25,KAS_KELUAR,BCA PT. ASA325/ADL-LG/IV/2025,Reimburse Pak Dian (sparepart alkon & baliho - 2 nota),60.104.001 OPERASIONAL KANTOR,10.101.003 BCA (8162440909 an PT. Adhiland Sukses Abadi),208000
Lumiera Garden,2025-04-25,KAS_KELUAR,BCA PT. ASA324/ADL-LG/IV/2025,Biaya Admin,60.104.010 ADMINISTRASI BANK,10.101.003 BCA (8162440909 an PT. Adhiland Sukses Abadi),2500
Lumiera Garden,2025-04-25,KAS_KELUAR,BCA PT. ASA324/ADL-LG/IV/2025,DP 50% Pemasangan Pipa Jaringan Kawasan (20/SPK-ADP/IV/2025) - Saiful Anwar,10.202.018 SALURAN DISTRIBUSI AIR,10.101.003 BCA (8162440909 an PT. Adhiland Sukses Abadi),21775000
Lumiera Garden,2025-04-25,KAS_KELUAR,BCA PT. ASA323/ADL-LG/IV/2025,Reimburse Pak Sugeng (Upah pasang patok beton BPN),"10.201.012 PENGUKURAN ""BPN""",10.101.003 BCA (8162440909 an PT. Adhiland Sukses Abadi),100000
Lumiera Garden,2025-04-25,KAS_KELUAR,BCA PT. ASA322/ADL-LG/IV/2025,"Reimburse Pak Sugeng (inventaris batu asah inax, meteran 7,5 - 2 nota)",60.104.001 OPERASIONAL KANTOR,10.101.003 BCA (8162440909 an PT. Adhiland Sukses Abadi),64000
Lumiera Garden,2025-04-25,KAS_KELUAR,BCA PT. ASA321/ADL-LG/IV/2025,"Reimburse Pak Sugeng (bensin alkon,oli alkon, kresek sampah, sapu, bendrat - 6 nota)",60.104.001 OPERASIONAL KANTOR,10.101.003 BCA (8162440909 an PT. Adhiland Sukses Abadi),230000
Lumiera Garden,2025-04-25,KAS_KELUAR,BCA PT. ASA320/ADL-LG/IV/2025,Reimburse Pak Roy (Pertalite Avanza / 230425),60.104.007 BENSIN OPERASIONAL,10.101.003 BCA (8162440909 an PT. Adhiland Sukses Abadi),300000
Lumiera Garden,2025-04-25,KAS_KELUAR,BCA PT. ASA320/ADL-LG/IV/2025,Reimburse Pak Roy (Top Up E- Toll / 2 nota),60.104.011 PERJALANAN DINAS,10.101.003 BCA (8162440909 an PT. Adhiland Sukses Abadi),150000
Lumiera Garden,2025-04-25,KAS_KELUAR,BCA PT. ASA319/ADL-LG/IV/2025 II Map Kuning (13),Budgeting CRD Listrik Kawasan,10.101.004 SILANG KAS,10.101.003 BCA (8162440909 an PT. Adhiland Sukses Abadi),1003000
Lumiera Garden,2025-04-25,KAS_KELUAR,Kas Kecil(25) Jaya Cookies,Pembelian Aneka Kue Basah (Monthly Marketing),60.104.013 MEETING,10.101.001 KAS KECIL,68500
Lumiera Garden,2025-04-24,PENYESUAIAN,,Pindah Saldo,10.101.001 KAS KECIL,10.101.002 CASH/TUNAI,200000
Lumiera Garden,2025-04-24,KAS_KELUAR,BCA PT. ASA318/ADL-LG/IV/2025,Pelunasan Seragam Poloshirt (Warna Biru & Putih) / 2 pcs - Baboon T-Shirt Garment,60.104.001 OPERASIONAL KANTOR,10.101.003 BCA (8162440909 an PT. Adhiland Sukses Abadi),160000
Lumiera Garden,2025-04-24,KAS_KELUAR,BCA PT. ASA318/ADL-LG/IV/2025,Pelunasan Seragam Kemeja PDH (Warna Kuning) / 3 pcs - Baboon T-Shirt Garment,60.104.001 OPERASIONAL KANTOR,10.101.003 BCA (8162440909 an PT. Adhiland Sukses Abadi),277500
Lumiera Garden,2025-04-24,KAS_KELUAR,BCA PT. ASA318/ADL-LG/IV/2025,Pelunasan Seragam Kemeja PDH (Warna Biru) / 3 pcs - Baboon T-Shirt Garment,60.104.001 OPERASIONAL KANTOR,10.101.003 BCA (8162440909 an PT. Adhiland Sukses Abadi),300000
Lumiera Garden,2025-04-24,KAS_KELUAR,BCA PT. ASA317/ADL-LG/IV/2025,DP Gambar DED Tandon - Sandy Hermawan,10.202.020 TANDON AIR,10.101.003 BCA (8162440909 an PT. Adhiland Sukses Abadi),1000000
Lumiera Garden,2025-04-24,KAS_KELUAR,BCA PT. ASA310/ADL-LG/IV/2025,Jasa Ukur BPN,"10.201.012 PENGUKURAN ""BPN""",10.101.003 BCA (8162440909 an PT. Adhiland Sukses Abadi),2000000
Lumiera Garden,2025-04-24,KAS_KELUAR,Kas Kecil316/ADL-LG/IV/2025,Get Contact LG + Admin (Telle),60.104.001 OPERASIONAL KANTOR,10.101.001 KAS KECIL,22090
Lumiera Garden,2025-04-24,KAS_KELUAR,Kas Kecil(24) Nota,Pembelian Gula 1kg & Galon 1 pcs,60.104.001 OPERASIONAL KANTOR,10.101.001 KAS KECIL,39000
Lumiera Garden,2025-04-21,KAS_KELUAR,Kas Kecil315/ADL-LG/IV/2025,Cue Card 2 Eksemplar - Light Printing,60.101.004 BEBAN ADVERTISING,10.101.001 KAS KECIL,32400
Lumiera Garden,2025-04-21,KAS_KELUAR,Kas Kecil314/ADL-LG/IV/2025,"Banner Bukber Adhiland uk. 3 x 1,5 - Light Printing",60.101.004 BEBAN ADVERTISING,10.101.001 KAS KECIL,67500
Lumiera Garden,2025-04-21,KAS_KELUAR,Kas Kecil313/ADL-LG/IV/2025,Pembelian Material Instalasi Listrik Kantor Lt.3 - Gajayana Electronics,60.104.019 RENOVASI KANTOR,10.101.001 KAS KECIL,546500
Lumiera Garden,2025-04-21,KAS_KELUAR,Kas Kecil312/ADL-LG/IV/2025,Air Kerja bulan April 2025,60.104.004 TAGIHAN PDAM,10.101.001 KAS KECIL,200000
Lumiera Garden,2025-04-21,KAS_MASUK,Kas Kecil,Pengembalian Hutang dari Sigura-Gura,10.101.001 KAS KECIL,10.102.010 PIUTANG SIGURA-GURA,846400
Lumiera Garden,2025-04-19,PENYESUAIAN,,Pindah Saldo,10.101.001 KAS KECIL,10.101.002 CASH/TUNAI,450000
Lumiera Garden,2025-04-19,KAS_KELUAR,BCA PT. ASA309/ADL-LG/IV/2025,Pemindahan Taman Kavling 5-12 & Pembuatan Taman Lumiera Kav. C-5 - LK-1 2- Jasa Landscape Abadi,10.202.008 TAMAN DAN PENGHIJAUAN,10.101.003 BCA (8162440909 an PT. Adhiland Sukses Abadi),7000000
Lumiera Garden,2025-04-19,KAS_KELUAR,BCA PT. ASA308/ADL-LG/IV/2025,Kas Bon Karyawan (OB / Andik Sutrisno),10.102.011 PIUTANG KARYAWAN,10.101.003 BCA (8162440909 an PT. Adhiland Sukses Abadi),3000000
Lumiera Garden,2025-04-19,KAS_KELUAR,BCA PT. ASA307/ADL-LG/IV/2025,Kas Bon Karyawan (Security / Della Herman Wahyudi),10.102.011 PIUTANG KARYAWAN,10.101.003 BCA (8162440909 an PT. Adhiland Sukses Abadi),400000
Lumiera Garden,2025-04-19,KAS_KELUAR,Kas Kecil,Parkir BCA Basrah,60.104.001 OPERASIONAL KANTOR,10.101.001 KAS KECIL,2000
Lumiera Garden,2025-04-19,KAS_KELUAR,Kas Kecil311/ADL-LG/IV/2025,Reimburse Pak Adhi (Weekly Pak Rendra / 140425),60.104.013 MEETING,10.101.001 KAS KECIL,185582
Lumiera Garden,2025-04-19,KAS_KELUAR,Kas Kecil311/ADL-LG/IV/2025,Reimburse Pak Adhi (Pilox Black Doff untuk batas patok / 110425),"10.201.012 PENGUKURAN ""BPN""",10.101.001 KAS KECIL,45000
Lumiera Garden,2025-04-19,KAS_KELUAR,Kas Kecil311/ADL-LG/IV/2025,Reimburse Pak Adhi (Weekly Direksi / 240325),60.104.013 MEETING,10.101.001 KAS KECIL,184053
Lumiera Garden,2025-04-17,KAS_KELUAR,Kas Kecil(23) Sido Mulia,Kopi Sido Mulia 1B (500 gr / 6 plastik),60.104.001 OPERASIONAL KANTOR,10.101.001 KAS KECIL,360000
Lumiera Garden,2025-04-17,KAS_KELUAR,Kas Kecil(22) Nota,Galon Aqua (Lokasi Sigura-Gura),60.104.001 OPERASIONAL KANTOR,10.101.001 KAS KECIL,22000
Lumiera Garden,2025-04-16,KAS_KELUAR,BCA PT. ASA306/ADL-LG/IV/2025,DP Seragam Poloshirt (Warna Biru & Putih) / 2 pcs - Baboon T-Shirt Garment,60.104.001 OPERASIONAL KANTOR,10.101.003 BCA (8162440909 an PT. Adhiland Sukses Abadi),160000
Lumiera Garden,2025-04-16,KAS_KELUAR,BCA PT. ASA306/ADL-LG/IV/2025,DP Seragam Kemeja PDH (Warna Kuning) / 3 pcs - Baboon T-Shirt Garment,60.104.001 OPERASIONAL KANTOR,10.101.003 BCA (8162440909 an PT. Adhiland Sukses Abadi),277500
Lumiera Garden,2025-04-16,KAS_KELUAR,BCA PT. ASA306/ADL-LG/IV/2025,DP Seragam Kemeja PDH (Warna Biru) / 3 pcs - Baboon T-Shirt Garment,60.104.001 OPERASIONAL KANTOR,10.101.003 BCA (8162440909 an PT. Adhiland Sukses Abadi),300000
Lumiera Garden,2025-04-15,KAS_KELUAR,BCA PT. ASA305/ADL-LG/IV/2025,Biaya Admin,60.104.010 ADMINISTRASI BANK,10.101.003 BCA (8162440909 an PT. Adhiland Sukses Abadi),2500
Lumiera Garden,2025-04-15,KAS_KELUAR,BCA PT. ASA305/ADL-LG/IV/2025,Pembelian Material Kabel TC 60m & STK Listrik Kerja - Warung Listrik (Warlis),10.202.028 LISTRIK LOKASI,10.101.003 BCA (8162440909 an PT. Adhiland Sukses Abadi),505000
Lumiera Garden,2025-04-11,PENYESUAIAN,304/ADL-LG/IV/2025 II Map Kuning (12),Pupuk 1L (Tani Mart - 16/04/25),60.104.001 OPERASIONAL KANTOR,10.101.004 SILANG KAS,128000
Lumiera Garden,2025-04-11,PENYESUAIAN,304/ADL-LG/IV/2025 II Map Kuning (12),Listrik Kawasan (18/04/25),60.104.003 TOKEN PLN,10.101.004 SILANG KAS,1003000
Lumiera Garden,2025-04-11,KAS_KELUAR,BCA PT. ASA304/ADL-LG/IV/2025 II Map Kuning (12),Budgeting CRD Listrik & Pupuk,10.101.004 SILANG KAS,10.101.003 BCA (8162440909 an PT. Adhiland Sukses Abadi),1153000
Lumiera Garden,2025-04-11,KAS_KELUAR,BCA PT. ASA303/ADL-LG/IV/2025,Reimburse Amin (Kekurangan dana Kue Lebaran),60.104.001 OPERASIONAL KANTOR,10.101.003 BCA (8162440909 an PT. Adhiland Sukses Abadi),358700
Lumiera Garden,2025-04-11,KAS_KELUAR,BCA PT. ASA302/ADL-LG/IV/2025,Reimburse Pak Rula (Upah Pasang & Material MCB Tambah Daya Listrik Fasum),10.202.028 LISTRIK LOKASI,10.101.003 BCA (8162440909 an PT. Adhiland Sukses Abadi),350000
Lumiera Garden,2025-04-11,KAS_KELUAR,BCA PT. ASA301/ADL-LG/IV/2025,DP 20% Pek. Pengeboran Sumur (11/SPK-ADB/IV/2025) - Kasmari,10.202.022 PENGEBORAN AIR BERSIH/SUMUR,10.101.003 BCA (8162440909 an PT. Adhiland Sukses Abadi),13000000
Lumiera Garden,2025-04-11,KAS_KELUAR,BCA PT. ASA300/ADL-LG/IV/2025,Wifi Project bulan April (Biznet Home),60.104.006 TAGIHAN WIFI,10.101.003 BCA (8162440909 an PT. Adhiland Sukses Abadi),416250
Lumiera Garden,2025-04-11,KAS_KELUAR,BCA PT. ASA299/ADL-LG/IV/2025,Reimburse Pak Rula (Pertamax Avanza - 260325),60.104.007 BENSIN OPERASIONAL,10.101.003 BCA (8162440909 an PT. Adhiland Sukses Abadi),200000
Lumiera Garden,2025-04-11,KAS_KELUAR,BCA PT. ASA299/ADL-LG/IV/2025,Reimburse Pak Rula (Monthly Direksi - 030325),60.104.013 MEETING,10.101.003 BCA (8162440909 an PT. Adhiland Sukses Abadi),200000
Lumiera Garden,2025-04-11,KAS_KELUAR,BCA PT. ASA298/ADL-LG/IV/2025,Pembelian Tatakan Laptop Tellemarketing,60.104.001 OPERASIONAL KANTOR,10.101.003 BCA (8162440909 an PT. Adhiland Sukses Abadi),46900
Lumiera Garden,2025-04-11,KAS_KELUAR,BCA PT. ASA298/ADL-LG/IV/2025,Pembelian Tatakan Galon Lt.3,60.104.001 OPERASIONAL KANTOR,10.101.003 BCA (8162440909 an PT. Adhiland Sukses Abadi),76600
Lumiera Garden,2025-04-11,KAS_KELUAR,BCA PT. ASA298/ADL-LG/IV/2025,Pembelian Pompa Galon Lt.3,60.104.001 OPERASIONAL KANTOR,10.101.003 BCA (8162440909 an PT. Adhiland Sukses Abadi),39000
Lumiera Garden,2025-04-11,KAS_KELUAR,BCA PT. ASA297/ADL-LG/IV/2025,Pembelian Token Listrik Ruko Suhat (ID Pel : 513110771875 an Wisnu Novianto),60.104.003 TOKEN PLN,10.101.003 BCA (8162440909 an PT. Adhiland Sukses Abadi),1003000
Lumiera Garden,2025-04-11,KAS_KELUAR,BCA PT. ASA297/ADL-LG/IV/2025,Pembayaran Halo Call Center (08113646900),60.104.005 TAGIHAN HALO CALL CENTER (08113646900),10.101.003 BCA (8162440909 an PT. Adhiland Sukses Abadi),202800
Lumiera Garden,2025-04-11,KAS_KELUAR,Cash/Tunai,Pinjaman untuk Sigura-Gura (TTD Fasum - bu Nadia),10.102.010 PIUTANG SIGURA-GURA,10.101.002 CASH/TUNAI,1000000
Lumiera Garden,2025-04-10,KAS_KELUAR,BCA PT. ASA296/ADL-LG/IV/2025,Biaya Admin,60.104.010 ADMINISTRASI BANK,10.101.003 BCA (8162440909 an PT. Adhiland Sukses Abadi),2500
Lumiera Garden,2025-04-10,KAS_KELUAR,BCA PT. ASA296/ADL-LG/IV/2025,Ads,60.101.005 BEBAN DIGITAL ADS,10.101.003 BCA (8162440909 an PT. Adhiland Sukses Abadi),10000000
Lumiera Garden,2025-04-10,KAS_MASUK,BCA PT. ASALK 3,Pembayaran Pelunasan / Angsuran 3 Kavling LK-03 an Rachmadiana Sari,10.101.003 BCA (8162440909 an PT. Adhiland Sukses Abadi),20.101.001 UANG MUKA,145000000
Lumiera Garden,2025-04-09,KAS_KELUAR,Cash/Tunai,Pembayaran Hutang ke Joyo Agung (Komisi RK-11),20.103.009 HUTANG JOYO AGUNG 2,10.101.002 CASH/TUNAI,20504000
Lumiera Garden,2025-04-04,KAS_MASUK,BCA PT. ASALK 7,Pembayaran Angsuran Ke-4 Rukost Kavling LK-07 an Heny Susanti,10.101.003 BCA (8162440909 an PT. Adhiland Sukses Abadi),20.101.001 UANG MUKA,50000000
Lumiera Garden,2025-04-03,KAS_MASUK,BCA PT. ASALK 15,ITJ Kavling LK-15 an Dimas Perdana,10.101.003 BCA (8162440909 an PT. Adhiland Sukses Abadi),20.101.002 UANG TANDA JADI,5000000
Lumiera Garden,2025-03-31,KAS_KELUAR,BCA PT. ASA,Pajak Bunga,60.104.029 BEBAN PAJAK LAINNYA/PAJAK BUNGA,10.101.003 BCA (8162440909 an PT. Adhiland Sukses Abadi),495
Lumiera Garden,2025-03-31,KAS_MASUK,BCA PT. ASA,Bunga Bank,10.101.003 BCA (8162440909 an PT. Adhiland Sukses Abadi),40.102.001 BUNGA BANK,2477
Lumiera Garden,2025-03-31,KAS_KELUAR,BCA PT. ASA,Admin Bank (Potongan Bulanan),60.104.010 ADMINISTRASI BANK,10.101.003 BCA (8162440909 an PT. Adhiland Sukses Abadi),30000
Lumiera Garden,2025-03-27,KAS_KELUAR,BCA PT. ASA294/ADL-LG/III/2025,Wifi Project bulan Maret (Biznet Home),60.104.006 TAGIHAN WIFI,10.101.003 BCA (8162440909 an PT. Adhiland Sukses Abadi),416250
Lumiera Garden,2025-03-27,KAS_KELUAR,BCA PT. ASA293/ADL-LG/III/2025,Tambah Daya PLN (PJU Lumiera),10.202.028 LISTRIK LOKASI,10.101.003 BCA (8162440909 an PT. Adhiland Sukses Abadi),2153550
Lumiera Garden,2025-03-27,KAS_KELUAR,BCA PT. ASA292/ADL-LG/III/2025,Termin 1 Perpanjangan Billboard Kawi,60.101.004 BEBAN ADVERTISING,10.101.003 BCA (8162440909 an PT. Adhiland Sukses Abadi),20000000
Lumiera Garden,2025-03-27,KAS_KELUAR,BCA PT. ASA,Admin Bank,60.104.010 ADMINISTRASI BANK,10.101.003 BCA (8162440909 an PT. Adhiland Sukses Abadi),2500
Lumiera Garden,2025-03-27,KAS_KELUAR,BCA PT. ASA291/ADL-LG/III/2025,Pelunasan Neon Box Stand,60.101.004 BEBAN ADVERTISING,10.101.003 BCA (8162440909 an PT. Adhiland Sukses Abadi),6250000
Lumiera Garden,2025-03-27,KAS_KELUAR,BCA PT. ASA,Gaji Karyawan bulan Maret 2025,60.102.001 GAJI KARYAWAN TETAP,10.101.003 BCA (8162440909 an PT. Adhiland Sukses Abadi),131285847
Lumiera Garden,2025-03-27,KAS_KELUAR,BCA PT. ASA,Admin Bank,60.104.010 ADMINISTRASI BANK,10.101.003 BCA (8162440909 an PT. Adhiland Sukses Abadi),2500
Lumiera Garden,2025-03-27,KAS_KELUAR,BCA PT. ASA290/ADL-LG/III/2025,Pembelian Stopkontak & Saklar (Kantor) - Warung Listrik Warlis,60.104.001 OPERASIONAL KANTOR,10.101.003 BCA (8162440909 an PT. Adhiland Sukses Abadi),80000
Lumiera Garden,2025-03-27,KAS_KELUAR,BCA PT. ASA290/ADL-LG/III/2025,Pembelian Kabel NYM 2x15 (Project) - Warung Listrik Warlis,10.202.012 PENERANGAN JALAN UMUM,10.101.003 BCA (8162440909 an PT. Adhiland Sukses Abadi),450000
Lumiera Garden,2025-03-27,KAS_KELUAR,BCA PT. ASA,Pembayaran Hutang ke Joyo Agung (Termin 50% Pembangunan Kav. RK-12 - Dwi Arie),20.103.009 HUTANG JOYO AGUNG 2,10.101.003 BCA (8162440909 an PT. Adhiland Sukses Abadi),167875000
Lumiera Garden,2025-03-27,KAS_KELUAR,Kas Kecil289/ADL-LG/III/2025,Iuran Sampah Kantor/Ruko bulan Maret 2025,60.104.012 KEAMANAN DAN KEBERSIHAN,10.101.001 KAS KECIL,75000
Lumiera Garden,2025-03-27,KAS_KELUAR,Kas Kecil295/ADL-LG/III/2025,Bambu Umbul-umbul,60.101.004 BEBAN ADVERTISING,10.101.001 KAS KECIL,530000
Lumiera Garden,2025-03-27,KAS_MASUK,Kas Kecil,Pengembalian Hutang dari Sigura-Gura,10.101.001 KAS KECIL,10.102.010 PIUTANG SIGURA-GURA,530000
Lumiera Garden,2025-03-26,KAS_MASUK,BCA PT. ASAKW 007,"Pembayaran Pelunasan (2) Pembelian Unit Rumah Kav. C-03 an Tri Prasetyaningrum, SE.,MM",10.101.003 BCA (8162440909 an PT. Adhiland Sukses Abadi),20.101.001 UANG MUKA,14000000
Lumiera Garden,2025-03-26,KAS_KELUAR,BCA PT. ASA,Pembayaran Hutang ke Joyo Agung (Pelunasan Cetak V Banner Adhiland+Pasang+Izin),20.103.009 HUTANG JOYO AGUNG 2,10.101.003 BCA (8162440909 an PT. Adhiland Sukses Abadi),14562500
Lumiera Garden,2025-03-26,KAS_KELUAR,BCA PT. ASA,Pembayaran Hutang ke Joyo Agung (Termin 50% Pembangunan Kav. RK-09 - Dudun Jaenal),20.103.009 HUTANG JOYO AGUNG 2,10.101.003 BCA (8162440909 an PT. Adhiland Sukses Abadi),179400000
Lumiera Garden,2025-03-26,KAS_KELUAR,BCA PT. ASA,Admin Bank,60.104.010 ADMINISTRASI BANK,10.101.003 BCA (8162440909 an PT. Adhiland Sukses Abadi),2500
Lumiera Garden,2025-03-26,KAS_KELUAR,BCA PT. ASA285/ADL-LG/III/2025,Umbul-umbul uk 500 x 85 / 20 pcs,60.101.004 BEBAN ADVERTISING,10.101.003 BCA (8162440909 an PT. Adhiland Sukses Abadi),3050000
Lumiera Garden,2025-03-26,KAS_KELUAR,BCA PT. ASA284/ADL-LG/III/2025,"Budgeting Kue Lebaran (Kue, Mineral, Permen)",60.104.001 OPERASIONAL KANTOR,10.101.003 BCA (8162440909 an PT. Adhiland Sukses Abadi),1782000
Lumiera Garden,2025-03-26,KAS_KELUAR,BCA PT. ASA283/ADL-LG/III/2025,Reimburse Pak Sugeng (Pembelian Le Mineral),60.104.001 OPERASIONAL KANTOR,10.101.003 BCA (8162440909 an PT. Adhiland Sukses Abadi),22000
Lumiera Garden,2025-03-26,KAS_KELUAR,BCA PT. ASA283/ADL-LG/III/2025,Reimburse Pak Sugeng (Pembelian Sapu Lidi untuk pembersihan jalan),60.104.001 OPERASIONAL KANTOR,10.101.003 BCA (8162440909 an PT. Adhiland Sukses Abadi),30000
Lumiera Garden,2025-03-26,KAS_KELUAR,BCA PT. ASA283/ADL-LG/III/2025,Reimburse Pak Sugeng (Pembelian Material Bouwplank Kavling),10.202.002 PENGUKURAN BLOK-KAVLING,10.101.003 BCA (8162440909 an PT. Adhiland Sukses Abadi),65000
Lumiera Garden,2025-03-26,KAS_KELUAR,BCA PT. ASA282/ADL-LG/III/2025,Supply Paving (No. KW 0214/FI-SO/II/2025) - Focon,10.202.004 PAVING,10.101.003 BCA (8162440909 an PT. Adhiland Sukses Abadi),12837083
Lumiera Garden,2025-03-26,KAS_KELUAR,BCA PT. ASA281/ADL-LG/III/2025,Supply Paving (No. KW 0252/FI-SO/II/2025) - Focon,10.202.004 PAVING,10.101.003 BCA (8162440909 an PT. Adhiland Sukses Abadi),5220774
Lumiera Garden,2025-03-26,KAS_KELUAR,BCA PT. ASA280/ADL-LG/III/2025,Renovasi Kantor Ruang Direksi - Suroso,60.104.019 RENOVASI KANTOR,10.101.003 BCA (8162440909 an PT. Adhiland Sukses Abadi),9000000
Lumiera Garden,2025-03-26,KAS_KELUAR,Kas Kecil288/ADL-LG/III/2025,Reimburse Pak Adhi (Stiker Sandblast Ruangan),60.104.001 OPERASIONAL KANTOR,10.101.001 KAS KECIL,500000
Lumiera Garden,2025-03-26,KAS_KELUAR,Kas Kecil287/ADL-LG/III/2025,Reimburse Pak Adhi (Loker 4 Susun Marketing Gallery+Ongkir+Rakit),11.101.001 PERALATAN KANTOR,10.101.001 KAS KECIL,1015000
Lumiera Garden,2025-03-26,KAS_MASUK,Kas Kecil,Pengembalian Hutang dari Sigura-Gura,10.101.001 KAS KECIL,10.102.010 PIUTANG SIGURA-GURA,1515000
Lumiera Garden,2025-03-26,KAS_KELUAR,Cash/Tunai286/ADL-LG/III/2025,Termin 100% Pekerjaan Plengseng Timur & Galian (06/SPK-ADP/II/2025) - Arifin,10.202.041 PLENGSENG,10.101.002 CASH/TUNAI,110435000
Lumiera Garden,2025-03-26,KAS_MASUK,Cash/Tunai,Pengembalian Hutang dari Sigura-Gura,10.101.002 CASH/TUNAI,10.102.010 PIUTANG SIGURA-GURA,100000000
Lumiera Garden,2025-03-25,KAS_MASUK,BCA PT. ASAKW 007,"Pembayaran Pelunasan (1) Pembelian Unit Rumah Kav. C-03 an Tri Prasetyaningrum, SE.,MM",10.101.003 BCA (8162440909 an PT. Adhiland Sukses Abadi),20.101.001 UANG MUKA,350000000
Lumiera Garden,2025-03-25,KAS_KELUAR,Kas Kecil(21) SHC,Pembelian Kabel Sambungan Printer ( USB Extension 3M V.2D),60.104.001 OPERASIONAL KANTOR,10.101.001 KAS KECIL,35000
Lumiera Garden,2025-03-22,KAS_KELUAR,BCA PT. ASA,THR Lebaran 2025,60.102.006 THR,10.101.003 BCA (8162440909 an PT. Adhiland Sukses Abadi),112867666
Lumiera Garden,2025-03-21,PENYESUAIAN,269/ADL-LG/III/2025 II Map Kuning (11),Pilox,60.104.001 OPERASIONAL KANTOR,10.101.004 SILANG KAS,35000
Lumiera Garden,2025-03-21,PENYESUAIAN,269/ADL-LG/III/2025 II Map Kuning (11),Listrik Kawasan (26 & 29 Mar 2025),60.104.003 TOKEN PLN,10.101.004 SILANG KAS,1006000
Lumiera Garden,2025-03-21,KAS_KELUAR,BCA PT. ASA279/ADL-LG/III/2025,Reimburse Yusril (Bensin Marcomm),60.104.001 OPERASIONAL KANTOR,10.101.003 BCA (8162440909 an PT. Adhiland Sukses Abadi),30000
Lumiera Garden,2025-03-21,KAS_KELUAR,BCA PT. ASA278/ADL-LG/III/2025,"Perbaikan Kantor Lt.3 (Atap, Lampu, Lantai) - Suroso",60.104.019 RENOVASI KANTOR,10.101.003 BCA (8162440909 an PT. Adhiland Sukses Abadi),1300000
Lumiera Garden,2025-03-21,KAS_KELUAR,BCA PT. ASA277/ADL-LG/III/2025,Instalasi AC Ruko Suhat Lt.1 - Dany Service,60.104.019 RENOVASI KANTOR,10.101.003 BCA (8162440909 an PT. Adhiland Sukses Abadi),1017500
Lumiera Garden,2025-03-21,KAS_KELUAR,BCA PT. ASA276/ADL-LG/III/2025,Supply Kanstein & Paving (No.KW 0203/FI-SO/II/2025) - Focon,10.202.004 PAVING,10.101.003 BCA (8162440909 an PT. Adhiland Sukses Abadi),111640093
Lumiera Garden,2025-03-21,KAS_KELUAR,BCA PT. ASA275/ADL-LG/III/2025,"Pekerjaan Bongkar Pasang Paving, Avour, Sudet - Arifin",10.202.004 PAVING,10.101.003 BCA (8162440909 an PT. Adhiland Sukses Abadi),4660000
Lumiera Garden,2025-03-21,KAS_KELUAR,BCA PT. ASA274/ADL-LG/III/2025,Pembelian Pasir Paving untuk / 15 Rit (16 Feb - 01 Mar 2025) -Arifin,10.202.004 PAVING,10.101.003 BCA (8162440909 an PT. Adhiland Sukses Abadi),14250000
Lumiera Garden,2025-03-21,KAS_KELUAR,BCA PT. ASA273/ADL-LG/III/2025,Reimburse Pak Dian (Pembelian Stopkontak CCTV Lumiera),10.202.015 KEAMANAN,10.101.003 BCA (8162440909 an PT. Adhiland Sukses Abadi),20000
Lumiera Garden,2025-03-21,KAS_KELUAR,BCA PT. ASA272/ADL-LG/III/2025,Biaya Admin,60.104.010 ADMINISTRASI BANK,10.101.003 BCA (8162440909 an PT. Adhiland Sukses Abadi),2500
Lumiera Garden,2025-03-21,KAS_KELUAR,BCA PT. ASA272/ADL-LG/III/2025,Retensi 5% Pekerjaan Pasang Paving Stone (29/SPK.ADP-LG/XII/2024) - Agus Hasan Ashari,10.202.004 PAVING,10.101.003 BCA (8162440909 an PT. Adhiland Sukses Abadi),2256500
Lumiera Garden,2025-03-21,KAS_KELUAR,BCA PT. ASA271/ADL-LG/III/2025,Reimburse Pak Adhi (Top Up E-Toll - SIPA),60.104.011 PERJALANAN DINAS,10.101.003 BCA (8162440909 an PT. Adhiland Sukses Abadi),100000
Lumiera Garden,2025-03-21,KAS_KELUAR,BCA PT. ASA271/ADL-LG/III/2025,Reimburse Pak Adhi (Weekly Meeting Pak Rendra),60.104.013 MEETING,10.101.003 BCA (8162440909 an PT. Adhiland Sukses Abadi),297904
Lumiera Garden,2025-03-21,KAS_KELUAR,BCA PT. ASA270/ADL-LG/III/2025,Reimburse Pak Roy (Pertamax Zenix),60.104.007 BENSIN OPERASIONAL,10.101.003 BCA (8162440909 an PT. Adhiland Sukses Abadi),300000
Lumiera Garden,2025-03-21,KAS_KELUAR,BCA PT. ASA,Pembayaran Hutang ke Joyo Agung (Komisi Operasional Komisaris),20.103.009 HUTANG JOYO AGUNG 2,10.101.003 BCA (8162440909 an PT. Adhiland Sukses Abadi),50000000
Lumiera Garden,2025-03-21,KAS_KELUAR,BCA PT. ASA269/ADL-LG/III/2025 II Map Kuning (11),Budgeting CRD Listrik & Sabit,10.101.004 SILANG KAS,10.101.003 BCA (8162440909 an PT. Adhiland Sukses Abadi),913000
Lumiera Garden,2025-03-21,KAS_KELUAR,BCA PT. ASA268/ADL-LG/III/2025,Open Table MOG (1-31 Maret 2025),60.101.006 EXPO,10.101.003 BCA (8162440909 an PT. Adhiland Sukses Abadi),19000000
Lumiera Garden,2025-03-21,KAS_KELUAR,BCA PT. ASA267/ADL-LG/III/2025,DP Cetak+Pasang+Izin V Banner Adhiland,60.101.004 BEBAN ADVERTISING,10.101.003 BCA (8162440909 an PT. Adhiland Sukses Abadi),29125000
Lumiera Garden,2025-03-21,KAS_KELUAR,BCA PT. ASA266/ADL-LG/III/2025,Biaya Admin,60.104.010 ADMINISTRASI BANK,10.101.003 BCA (8162440909 an PT. Adhiland Sukses Abadi),2500
Lumiera Garden,2025-03-21,KAS_KELUAR,BCA PT. ASA266/ADL-LG/III/2025,DP Neon Box - CV. Sinar Prima Indonesia,60.101.004 BEBAN ADVERTISING,10.101.003 BCA (8162440909 an PT. Adhiland Sukses Abadi),6250000
Lumiera Garden,2025-03-21,KAS_KELUAR,BCA PT. ASA265/ADL-LG/III/2025,Pembelian Tempat Pensil Lt.3,60.104.001 OPERASIONAL KANTOR,10.101.003 BCA (8162440909 an PT. Adhiland Sukses Abadi),15332
Lumiera Garden,2025-03-21,KAS_KELUAR,BCA PT. ASA265/ADL-LG/III/2025,Pembelian Tempat Sampah Lt.3,60.104.001 OPERASIONAL KANTOR,10.101.003 BCA (8162440909 an PT. Adhiland Sukses Abadi),47107
Lumiera Garden,2025-03-21,KAS_KELUAR,BCA PT. ASA265/ADL-LG/III/2025,Pembelian Tempat Tisu Lt.3,60.104.001 OPERASIONAL KANTOR,10.101.003 BCA (8162440909 an PT. Adhiland Sukses Abadi),22701
Lumiera Garden,2025-03-20,PENYESUAIAN,264/ADL-LG/III/2025,Get Contact Lumiera,60.104.001 OPERASIONAL KANTOR,10.101.004 SILANG KAS,21090
Lumiera Garden,2025-03-20,KAS_KELUAR,Kas Kecil264/ADL-LG/III/2025,Get Contact LG (Telle),10.101.004 SILANG KAS,10.101.001 KAS KECIL,30000
Lumiera Garden,2025-03-19,KAS_KELUAR,Cash/Tunai263/ADL-LG/III/2025,Kompensasi BPN Pertek Lumiera 2000/m (luas 6954),10.201.011 PERIJINAN,10.101.002 CASH/TUNAI,14000000
Lumiera Garden,2025-03-18,KAS_KELUAR,BCA PT. ASA261/ADL-LG/III/2025,PC Marcomm - Galaxy Solusindo,11.101.001 PERALATAN KANTOR,10.101.003 BCA (8162440909 an PT. Adhiland Sukses Abadi),21664000
Lumiera Garden,2025-03-18,KAS_KELUAR,Cash/Tunai262/ADL-LG/III/2025,Santunan Anak Yatim / 20 anak (Acara APERSI),60.104.002 SUMBANGAN/REWARD,10.101.002 CASH/TUNAI,1000000
Lumiera Garden,2025-03-17,KAS_KELUAR,BCA PT. ASA260/ADL-LG/III/2025,Budgeting Parcel Lebaran,60.102.009 PARCEL LEBARAN,10.101.003 BCA (8162440909 an PT. Adhiland Sukses Abadi),16000000
Lumiera Garden,2025-03-14,KAS_KELUAR,BCA PT. ASA255/ADL-LG/III/2025,Instalasi AC Ruko Suhat Lt.3 - Dany Service,60.104.019 RENOVASI KANTOR,10.101.003 BCA (8162440909 an PT. Adhiland Sukses Abadi),2406000
Lumiera Garden,2025-03-14,KAS_KELUAR,BCA PT. ASA254/ADL-LG/III/2025,Pelunasan Hitung Struktur Bangunan,10.201.011 PERIJINAN,10.101.003 BCA (8162440909 an PT. Adhiland Sukses Abadi),1500000
Lumiera Garden,2025-03-14,KAS_KELUAR,BCA PT. ASA253/ADL-LG/III/2025,Biaya Admin,60.104.010 ADMINISTRASI BANK,10.101.003 BCA (8162440909 an PT. Adhiland Sukses Abadi),2500
Lumiera Garden,2025-03-14,KAS_KELUAR,BCA PT. ASA253/ADL-LG/III/2025,Pembayaran Ads,60.101.005 BEBAN DIGITAL ADS,10.101.003 BCA (8162440909 an PT. Adhiland Sukses Abadi),10000000
Lumiera Garden,2025-03-14,KAS_KELUAR,BCA PT. ASA252/ADL-LG/III/2025,DP 50% Map Adhiland uk.33 x 46 (Terbuka),60.104.001 OPERASIONAL KANTOR,10.101.003 BCA (8162440909 an PT. Adhiland Sukses Abadi),2750000
Lumiera Garden,2025-03-14,KAS_KELUAR,BCA PT. ASA251/ADL-LG/III/2025,Termin 3 Animasi 3D (202502/I/03) - Rura,10.201.021 ADVISE PLANNING GAMBAR 3D,10.101.003 BCA (8162440909 an PT. Adhiland Sukses Abadi),1600000
Lumiera Garden,2025-03-14,KAS_KELUAR,BCA PT. ASA250/ADL-LG/III/2025,"Pembelian Paving 6cm uk 10 x 5 x 10,5 / 4 m2 dan biaya ongkos kirim - Duta Beton Group",10.202.004 PAVING,10.101.003 BCA (8162440909 an PT. Adhiland Sukses Abadi),410000
Lumiera Garden,2025-03-14,KAS_KELUAR,BCA PT. ASA250/ADL-LG/III/2025,Pembelian Afur / 10 pcs - Duta Beton Group,10.202.004 PAVING,10.101.003 BCA (8162440909 an PT. Adhiland Sukses Abadi),180000
Lumiera Garden,2025-03-14,KAS_KELUAR,BCA PT. ASA249/ADL-LG/III/2025,Sewa Alat Stamper Kodok (Pekerjaan Paving) - Mitra Kuli,10.202.003 PERATAAN TANAH/CUT & FILL,10.101.003 BCA (8162440909 an PT. Adhiland Sukses Abadi),700000
Lumiera Garden,2025-03-14,KAS_KELUAR,BCA PT. ASA248/ADL-LG/III/2025,Reimburse Pak Sugeng (Pembelian semen untuk pekerjaan paving),10.202.004 PAVING,10.101.003 BCA (8162440909 an PT. Adhiland Sukses Abadi),60000
Lumiera Garden,2025-03-14,KAS_KELUAR,BCA PT. ASA248/ADL-LG/III/2025,Reimburse Pak Sugeng (Pembelian pilox + semen untuk pekerjaan paving / 2 Nota),10.202.004 PAVING,10.101.003 BCA (8162440909 an PT. Adhiland Sukses Abadi),248000
Lumiera Garden,2025-03-14,KAS_KELUAR,BCA PT. ASA247/ADL-LG/III/2025,Reimburse Pak Sugeng (Pembelian Bensin Alcon / 2 Nota),60.104.001 OPERASIONAL KANTOR,10.101.003 BCA (8162440909 an PT. Adhiland Sukses Abadi),100000
Lumiera Garden,2025-03-14,KAS_KELUAR,BCA PT. ASA246/ADL-LG/III/2025,Token Listrik Ruko Suhat (ID Pel : 513110771875 an Wisnu Novianto),60.104.003 TOKEN PLN,10.101.003 BCA (8162440909 an PT. Adhiland Sukses Abadi),1002500
Lumiera Garden,2025-03-14,KAS_KELUAR,BCA PT. ASA246/ADL-LG/III/2025,Pembayaran Call Center (08113646900),60.104.005 TAGIHAN HALO CALL CENTER (08113646900),10.101.003 BCA (8162440909 an PT. Adhiland Sukses Abadi),102800
Lumiera Garden,2025-03-14,KAS_KELUAR,BCA PT. ASA245/ADL-LG/III/2025,DP Perhitungan Struktur Bangunan,10.201.011 PERIJINAN,10.101.003 BCA (8162440909 an PT. Adhiland Sukses Abadi),1000000
Lumiera Garden,2025-03-14,KAS_KELUAR,Kas Kecil259/ADL-LG/III/2025,Termin 50% Pekerjaan Plengseng Timur & Galian (06/SPK-ADP/II/2025) - Arifin,10.202.041 PLENGSENG,10.101.001 KAS KECIL,110435000
Lumiera Garden,2025-03-14,KAS_KELUAR,Kas Kecil258/ADL-LG/III/2025,Reimburse Pak Adhi (Pembelian Lemari Dokumen 2 laci),11.101.001 PERALATAN KANTOR,10.101.001 KAS KECIL,1250000
Lumiera Garden,2025-03-14,KAS_KELUAR,Kas Kecil258/ADL-LG/III/2025,Reimburse Pak Adhi (Pembelian Kursi Direktur RD322 / 4 pcs),11.101.001 PERALATAN KANTOR,10.101.001 KAS KECIL,5200000
Lumiera Garden,2025-03-14,KAS_KELUAR,Kas Kecil257/ADL-LG/III/2025,Reimburse Pak Adhi (Pembelian Traffic Cone),11.102.001 PERALATAN TEKNIK,10.101.001 KAS KECIL,636900
Lumiera Garden,2025-03-14,KAS_KELUAR,Kas Kecil257/ADL-LG/III/2025,Reimburse Pak Adhi (Pembelian Inventaris Meja Kursi Kantor),11.101.001 PERALATAN KANTOR,10.101.001 KAS KECIL,7750000
Lumiera Garden,2025-03-14,KAS_KELUAR,Kas Kecil257/ADL-LG/III/2025,Reimburse Pak Adhi (Jasa Instalasi Router Lt.3),60.104.001 OPERASIONAL KANTOR,10.101.001 KAS KECIL,150000
Lumiera Garden,2025-03-14,KAS_KELUAR,Kas Kecil257/ADL-LG/III/2025,Reimburse Pak Adhi (Pembelian Router+Kabel LAN+RJ 45),60.104.001 OPERASIONAL KANTOR,10.101.001 KAS KECIL,845000
Lumiera Garden,2025-03-14,KAS_KELUAR,Kas Kecil256/ADL-LG/III/2025,Air Kerja bulan Maret 2025,60.104.004 TAGIHAN PDAM,10.101.001 KAS KECIL,200000
Lumiera Garden,2025-03-14,KAS_MASUK,Kas Kecil,Pengembalian Hutang dari Sigura-Gura,10.101.001 KAS KECIL,10.102.010 PIUTANG SIGURA-GURA,127000000
Lumiera Garden,2025-03-11,KAS_MASUK,BCA PT. ASALK 4,Pembayaran Pelunasan Ke-1 Pembelian Rukost Kavling LK-04 an Endah Kuswintari,10.101.003 BCA (8162440909 an PT. Adhiland Sukses Abadi),20.101.001 UANG MUKA,100000000
Lumiera Garden,2025-03-11,KAS_MASUK,BCA PT. ASALK 5,Pembayaran DP 2 Pembelian Rukost Kavling LK-05 an Ninik Yulaikah (3),10.101.003 BCA (8162440909 an PT. Adhiland Sukses Abadi),20.101.001 UANG MUKA,25000000
Lumiera Garden,2025-03-11,KAS_MASUK,BCA PT. ASALK 5,Pembayaran DP 2 Pembelian Rukost Kavling LK-05 an Ninik Yulaikah (2),10.101.003 BCA (8162440909 an PT. Adhiland Sukses Abadi),20.101.001 UANG MUKA,25000000
Lumiera Garden,2025-03-11,KAS_MASUK,BCA PT. ASALK 5,Pembayaran DP 2 Pembelian Rukost Kavling LK-05 an Ninik Yulaikah (1),10.101.003 BCA (8162440909 an PT. Adhiland Sukses Abadi),20.101.001 UANG MUKA,50000000
Lumiera Garden,2025-03-11,KAS_KELUAR,BCA PT. ASA244/ADL-LG/III/2025,SPS Pertek (Penerimaan Negara),10.201.011 PERIJINAN,10.101.003 BCA (8162440909 an PT. Adhiland Sukses Abadi),628160
Lumiera Garden,2025-03-08,KAS_KELUAR,BCA PT. ASA243/ADL-LG/III/2025,Pelunasan Bongkaran Armada Besar 75 rit - Amiet Sewu,10.202.003 PERATAAN TANAH/CUT & FILL,10.101.003 BCA (8162440909 an PT. Adhiland Sukses Abadi),13000000
Lumiera Garden,2025-03-07,PENYESUAIAN,239/ADL-LG/III/2025 II Map Kuning (10),Listrik Kawasan (12/03/25),60.104.003 TOKEN PLN,10.101.004 SILANG KAS,503000
Lumiera Garden,2025-03-07,PENYESUAIAN,239/ADL-LG/III/2025 II Map Kuning (10),Listrik Kawasan (24/02/25 - Pengembalian anggaran M. Kost JA),60.104.003 TOKEN PLN,10.101.004 SILANG KAS,103000
Lumiera Garden,2025-03-07,KAS_KELUAR,BCA PT. ASA240/ADL-LG/III/2025,Sound Advance M10BT - Marcomm,60.104.001 OPERASIONAL KANTOR,10.101.003 BCA (8162440909 an PT. Adhiland Sukses Abadi),298300
Lumiera Garden,2025-03-07,KAS_KELUAR,BCA PT. ASA239/ADL-LG/III/2025 II Map Kuning (10),Budgeting CRD Operasional,10.101.004 SILANG KAS,10.101.003 BCA (8162440909 an PT. Adhiland Sukses Abadi),846000
Lumiera Garden,2025-03-07,KAS_KELUAR,BCA PT. ASA238/ADL-LG/III/2025,Sewa Billboard bulan Februari 2025 / Melati Husada - mm/ad,60.101.004 BEBAN ADVERTISING,10.101.003 BCA (8162440909 an PT. Adhiland Sukses Abadi),20000000
Lumiera Garden,2025-03-07,KAS_KELUAR,BCA PT. ASA237/ADL-LG/III/2025,"Refund ITJ Kavling RK-11 an Siti Asmaidah, SE",20.103.009 HUTANG JOYO AGUNG 2,10.101.003 BCA (8162440909 an PT. Adhiland Sukses Abadi),5000000
Lumiera Garden,2025-03-07,KAS_KELUAR,BCA PT. ASA236/ADL-LG/III/2025,CCTV Hight Tec,60.104.012 KEAMANAN DAN KEBERSIHAN,10.101.003 BCA (8162440909 an PT. Adhiland Sukses Abadi),1892000
Lumiera Garden,2025-03-07,KAS_KELUAR,BCA PT. ASA235/ADL-LG/III/2025,Admin Bank,60.104.010 ADMINISTRASI BANK,10.101.003 BCA (8162440909 an PT. Adhiland Sukses Abadi),2500
Lumiera Garden,2025-03-07,KAS_KELUAR,BCA PT. ASA235/ADL-LG/III/2025,Termin II Pek. Paving & Kanstin (29/SPK.ADP-LG/XII/2024) - Agus Hasan Ashari,10.202.004 PAVING,10.101.003 BCA (8162440909 an PT. Adhiland Sukses Abadi),13716500
Lumiera Garden,2025-03-07,KAS_KELUAR,BCA PT. ASA234/ADL-LG/III/2025,Komisi Tanah Pak Yazak,10.201.026 KOMISI PEMBELIAN TANAH,10.101.003 BCA (8162440909 an PT. Adhiland Sukses Abadi),15200000
Lumiera Garden,2025-03-07,KAS_KELUAR,BCA PT. ASA233/ADL-LG/III/2025,Reimburse Pak Roy (Bensin Pertamax Avanza / 010325),60.104.007 BENSIN OPERASIONAL,10.101.003 BCA (8162440909 an PT. Adhiland Sukses Abadi),300000
Lumiera Garden,2025-03-07,KAS_KELUAR,BCA PT. ASA232/ADL-LG/III/2025,Budgeting Acara Buka Bersama,60.104.018 EVENT KANTOR,10.101.003 BCA (8162440909 an PT. Adhiland Sukses Abadi),15000000
Lumiera Garden,2025-03-07,KAS_KELUAR,Cash/Tunai242/ADL-LG/III/2025,Pekerjaan Pembangunan Gudang Perkakas - Arifin,10.202.025 GUDANG,10.101.002 CASH/TUNAI,9400000
Lumiera Garden,2025-03-07,KAS_KELUAR,Cash/Tunai241/ADL-LG/III/2025,Pelunasan Pek. 100% Plengsengan (29/SPK/XII/2024) - Arifin,10.202.041 PLENGSENG,10.101.002 CASH/TUNAI,91000000
Lumiera Garden,2025-03-07,KAS_MASUK,Cash/Tunai,Pengembalian Hutang dari Sigura-Gura,10.101.002 CASH/TUNAI,10.102.010 PIUTANG SIGURA-GURA,100400000
Lumiera Garden,2025-03-06,KAS_MASUK,BCA PT. ASALK 3,Pembayaran Angsuran 2 Kavling LK-03 an Rachmadiana Sari,10.101.003 BCA (8162440909 an PT. Adhiland Sukses Abadi),20.101.001 UANG MUKA,150000000
Lumiera Garden,2025-03-06,KAS_MASUK,BCA PT. ASALK 11,"Pembayaran Pelunasan Rukost Kavling LK-11 an Debora Asih Natalia Alle, ST",10.101.003 BCA (8162440909 an PT. Adhiland Sukses Abadi),20.101.001 UANG MUKA,459000000
Lumiera Garden,2025-03-04,KAS_MASUK,BCA PT. ASALK 7,Pembayaran Angsuran Ke-3 Rukost Kavling LK-07 an Heny Susanti,10.101.003 BCA (8162440909 an PT. Adhiland Sukses Abadi),20.101.001 UANG MUKA,50000000
Lumiera Garden,2025-03-03,KAS_KELUAR,BCA PT. ASA231/ADL-LG/III/2025,Pembelian AC Kantor Lt.3 - Universal Joyo Lestari,11.101.001 PERALATAN KANTOR,10.101.003 BCA (8162440909 an PT. Adhiland Sukses Abadi),3048000
Lumiera Garden,2025-03-01,KAS_KELUAR,BCA PT. ASA226/ADL-LG/III/2025,Upah Penjaga Alat /P.Didik (1-28 Februari 2025),10.101.004 SILANG KAS,10.101.003 BCA (8162440909 an PT. Adhiland Sukses Abadi),1400000
Lumiera Garden,2025-03-01,KAS_KELUAR,BCA PT. ASA225/ADL-LG/III/2025,Pelunasan Seragam Kemeja & Polo - Baboon T-Shirt Garment,60.104.001 OPERASIONAL KANTOR,10.101.003 BCA (8162440909 an PT. Adhiland Sukses Abadi),6660000
Lumiera Garden,2025-03-01,KAS_KELUAR,BCA PT. ASA,Pembayaran Gaji Karyawan (Februari),60.102.001 GAJI KARYAWAN TETAP,10.101.003 BCA (8162440909 an PT. Adhiland Sukses Abadi),60219738
Lumiera Garden,2025-03-01,KAS_KELUAR,Kas Kecil230/ADL-LG/III/2025,Call Center Lumiera Garden,60.104.005 TAGIHAN HALO CALL CENTER (08113646900),10.101.001 KAS KECIL,101000
Lumiera Garden,2025-03-01,KAS_KELUAR,Kas Kecil230/ADL-LG/III/2025,Pembelian Pengharum Ruangan Marcomm (Glade Fresh One EF70),60.104.001 OPERASIONAL KANTOR,10.101.001 KAS KECIL,26000
Lumiera Garden,2025-03-01,KAS_MASUK,Kas Kecil,Pengembalian Hutang dari Sigura-Gura,10.101.001 KAS KECIL,10.102.010 PIUTANG SIGURA-GURA,127000
Lumiera Garden,2025-03-01,KAS_KELUAR,Kas Kecil229/ADL-LG/III/2025,Cetak Poster LG - Light Printing,60.104.001 OPERASIONAL KANTOR,10.101.001 KAS KECIL,18000
Lumiera Garden,2025-03-01,KAS_KELUAR,Kas Kecil228/ADL-LG/III/2025,Admin Bank Setor Tunai (Pembayaran Termin Tanah - Inggrid Permata Lestari / 18 Feb 2025),60.104.010 ADMINISTRASI BANK,10.101.001 KAS KECIL,8700
Lumiera Garden,2025-03-01,KAS_KELUAR,Kas Kecil226/ADL-LG/III/2025,Upah Penjaga Alat / P.Didik (01-28 Februari 2025),60.103.001 HONOR,10.101.001 KAS KECIL,1400000
Lumiera Garden,2025-03-01,KAS_MASUK,Kas Kecil,Penerimaan Pindah Buku dari BCA PT. ASA - Upah Penjaga Alat / P.Didik (01-28 Februari 2025),10.101.001 KAS KECIL,10.101.004 SILANG KAS,1400000
Lumiera Garden,2025-03-01,KAS_KELUAR,Kas Kecil227/ADL-LG/III/2025,Kas Bon Pekerjaan Paving & Kanstein (29/SPK.ADP-LG/XII/2024) - Agus Hasan,10.202.004 PAVING,10.101.001 KAS KECIL,5000000
Lumiera Garden,2025-03-01,KAS_MASUK,Kas Kecil,Pengembalian Hutang dari Sigura-Gura,10.101.001 KAS KECIL,10.102.010 PIUTANG SIGURA-GURA,5000000
Lumiera Garden,2025-02-28,KAS_KELUAR,BCA PT. ASA,Pajak Bunga,60.104.029 BEBAN PAJAK LAINNYA/PAJAK BUNGA,10.101.003 BCA (8162440909 an PT. Adhiland Sukses Abadi),15449
Lumiera Garden,2025-02-28,KAS_MASUK,BCA PT. ASA,Bunga Bank,10.101.003 BCA (8162440909 an PT. Adhiland Sukses Abadi),40.102.001 BUNGA BANK,77243
Lumiera Garden,2025-02-28,KAS_KELUAR,BCA PT. ASA,Biaya Admin (Potongan Bulanan),60.104.010 ADMINISTRASI BANK,10.101.003 BCA (8162440909 an PT. Adhiland Sukses Abadi),30000
Lumiera Garden,2025-02-28,KAS_KELUAR,BCA PT. ASA224/ADL-LG/II/2025,Pemasangan Wifi Biznet 200 Mbps,60.104.006 TAGIHAN WIFI,10.101.003 BCA (8162440909 an PT. Adhiland Sukses Abadi),971250
Lumiera Garden,2025-02-28,KAS_KELUAR,BCA PT. ASA223/ADL-LG/II/2025,Open Table MOG (1-28 Feb 2025) - IlhamiOrganizer,60.101.006 EXPO,10.101.003 BCA (8162440909 an PT. Adhiland Sukses Abadi),18525000
Lumiera Garden,2025-02-28,KAS_KELUAR,BCA PT. ASA222/ADL-LG/II/2025,Termin 2 (Progress 60%) Pek. Renovasi Kantor (05/SPK-ADP/II/2025) - Suroso,60.104.019 RENOVASI KANTOR,10.101.003 BCA (8162440909 an PT. Adhiland Sukses Abadi),10000000
Lumiera Garden,2025-02-28,KAS_KELUAR,BCA PT. ASA221/ADL-LG/II/2025,Termin 1 Bongkaran Armada Besar 75 rit - Amiet Sewu,10.202.003 PERATAAN TANAH/CUT & FILL,10.101.003 BCA (8162440909 an PT. Adhiland Sukses Abadi),13250000
Lumiera Garden,2025-02-28,KAS_KELUAR,BCA PT. ASA221/ADL-LG/II/2025,Muat Sampah 1 rit (13 Feb 2025) - Amiet Sewu,10.202.003 PERATAAN TANAH/CUT & FILL,10.101.003 BCA (8162440909 an PT. Adhiland Sukses Abadi),225000
Lumiera Garden,2025-02-28,KAS_KELUAR,BCA PT. ASA220/ADL-LG/II/2025,Reimburse Pak Adhi (Weekly Meeting Pak Rendra),60.104.013 MEETING,10.101.003 BCA (8162440909 an PT. Adhiland Sukses Abadi),320204
Lumiera Garden,2025-02-28,KAS_KELUAR,BCA PT. ASA219/ADL-LG/II/2025,Reimburse Pak Adhi (Meeting Direksi),60.104.013 MEETING,10.101.003 BCA (8162440909 an PT. Adhiland Sukses Abadi),99000
Lumiera Garden,2025-02-28,KAS_KELUAR,BCA PT. ASA219/ADL-LG/II/2025,Reimburse Pak Adhi (Isi E-Toll Sidoarjo PP),60.104.001 OPERASIONAL KANTOR,10.101.003 BCA (8162440909 an PT. Adhiland Sukses Abadi),100000
Lumiera Garden,2025-02-28,KAS_KELUAR,BCA PT. ASA218/ADL-LG/II/2025,Reimburse Pak Adhi (Meeting dengan Polda),60.104.013 MEETING,10.101.003 BCA (8162440909 an PT. Adhiland Sukses Abadi),333000
Lumiera Garden,2025-02-21,PENYESUAIAN,,Pindah Saldo,10.101.001 KAS KECIL,10.101.002 CASH/TUNAI,2000000
Lumiera Garden,2025-02-21,KAS_MASUK,BCA PT. ASAKW 093,Pembayaran Pelunasan 1 C-02 an Fitria Amalia Dewi,10.101.003 BCA (8162440909 an PT. Adhiland Sukses Abadi),20.101.001 UANG MUKA,100000000
Lumiera Garden,2025-02-21,KAS_KELUAR,BCA PT. ASA217/ADL-LG/II/2025,Sewa Billboard Melati Husada (1-31 Januari 2025) - mm/ad,60.101.004 BEBAN ADVERTISING,10.101.003 BCA (8162440909 an PT. Adhiland Sukses Abadi),20000000
Lumiera Garden,2025-02-21,KAS_KELUAR,BCA PT. ASA216/ADL-LG/II/2025,Admin Bank,60.104.010 ADMINISTRASI BANK,10.101.003 BCA (8162440909 an PT. Adhiland Sukses Abadi),2500
Lumiera Garden,2025-02-21,KAS_KELUAR,BCA PT. ASA216/ADL-LG/II/2025,Pelunasan Pekerjaan Geolistrik - CV. Madhava Karya Indonesia,10.201.024 IJIN PENGEBORAN,10.101.003 BCA (8162440909 an PT. Adhiland Sukses Abadi),3000000
Lumiera Garden,2025-02-21,KAS_KELUAR,BCA PT. ASA215/ADL-LG/II/2025,Pelunasan Termin 1 (Progress 30%) Pek. Renovasi Kantor (05/SPK-ADP/II/2025) - Suroso,60.104.019 RENOVASI KANTOR,10.101.003 BCA (8162440909 an PT. Adhiland Sukses Abadi),5000000
Lumiera Garden,2025-02-21,KAS_KELUAR,BCA PT. ASA214/ADL-LG/II/2025,MOB D' MOB Vibro - Izuddin,10.202.003 PERATAAN TANAH/CUT & FILL,10.101.003 BCA (8162440909 an PT. Adhiland Sukses Abadi),3500000
Lumiera Garden,2025-02-21,KAS_KELUAR,BCA PT. ASA214/ADL-LG/II/2025,Sewa Vibro 13 jam (14-15 Feb 2025) - Izuddin,10.202.003 PERATAAN TANAH/CUT & FILL,10.101.003 BCA (8162440909 an PT. Adhiland Sukses Abadi),4550000
Lumiera Garden,2025-02-21,KAS_KELUAR,BCA PT. ASA214/ADL-LG/II/2025,Sewa EXA PC 78 / 27 Jam (11-14 Feb 2025) - Izuddin,10.202.003 PERATAAN TANAH/CUT & FILL,10.101.003 BCA (8162440909 an PT. Adhiland Sukses Abadi),9045000
Lumiera Garden,2025-02-21,KAS_KELUAR,BCA PT. ASA213/ADL-LG/II/2025,Sirtu 20rit (11-14 Feb 2025) -Izuddin,10.202.003 PERATAAN TANAH/CUT & FILL,10.101.003 BCA (8162440909 an PT. Adhiland Sukses Abadi),15500000
Lumiera Garden,2025-02-21,KAS_KELUAR,BCA PT. ASA212/ADL-LG/II/2025,Reimburse Pak Sugeng (Pembelian 1kg Paku 3 & 1/4 Kg Paku 1),60.104.001 OPERASIONAL KANTOR,10.101.003 BCA (8162440909 an PT. Adhiland Sukses Abadi),25000
Lumiera Garden,2025-02-21,KAS_KELUAR,BCA PT. ASA212/ADL-LG/II/2025,Reimburse Pak Sugeng (Gembok),60.104.001 OPERASIONAL KANTOR,10.101.003 BCA (8162440909 an PT. Adhiland Sukses Abadi),28000
Lumiera Garden,2025-02-21,KAS_KELUAR,BCA PT. ASA212/ADL-LG/II/2025,Reimburse Pak Sugeng (Galon Le Mineral),60.104.001 OPERASIONAL KANTOR,10.101.003 BCA (8162440909 an PT. Adhiland Sukses Abadi),44000
Lumiera Garden,2025-02-21,KAS_KELUAR,BCA PT. ASA212/ADL-LG/II/2025,Reimburse Pak Sugeng (Bensin Alkon),60.104.001 OPERASIONAL KANTOR,10.101.003 BCA (8162440909 an PT. Adhiland Sukses Abadi),200000
Lumiera Garden,2025-02-21,KAS_KELUAR,BCA PT. ASA211/ADL-LG/II/2025,Supply NRCP 400x2400 / 29 pcs (No.KW 0059/FI-SO/I/2025) - Focon,10.202.005 SALURAN,10.101.003 BCA (8162440909 an PT. Adhiland Sukses Abadi),13519800
Lumiera Garden,2025-02-21,KAS_KELUAR,BCA PT. ASA210/ADL-LG/II/2025,Termin Pekerjaan 100% Plengsengan (29/SPK/XII/2024) - Arifin,10.202.041 PLENGSENG,10.101.003 BCA (8162440909 an PT. Adhiland Sukses Abadi),50000000
Lumiera Garden,2025-02-21,KAS_KELUAR,BCA PT. ASA209/ADL-LG/II/2025,Begoan Sampah / 5 rit (3 Feb 2025) - Amiet Sewu,10.202.003 PERATAAN TANAH/CUT & FILL,10.101.003 BCA (8162440909 an PT. Adhiland Sukses Abadi),1125000
Lumiera Garden,2025-02-21,KAS_KELUAR,BCA PT. ASA209/ADL-LG/II/2025,Bongkaran Armada Besar / 10 rit (18 Feb 2025) - Amiet Sewu,10.202.003 PERATAAN TANAH/CUT & FILL,10.101.003 BCA (8162440909 an PT. Adhiland Sukses Abadi),3500000
Lumiera Garden,2025-02-21,KAS_KELUAR,BCA PT. ASA208/ADL-LG/II/2025,Pelunasan Logo Desain Lumiera - Hengky Andreas (mm/ad.),60.101.004 BEBAN ADVERTISING,10.101.003 BCA (8162440909 an PT. Adhiland Sukses Abadi),4250000
Lumiera Garden,2025-02-21,KAS_KELUAR,Kas Kecil207/ADL-LG/II/2025,Pembelian material paving jalan bagian lingkar sungai - Toko Mayang Grand,10.202.004 PAVING,10.101.001 KAS KECIL,390000
Lumiera Garden,2025-02-21,KAS_KELUAR,Kas Kecil207/ADL-LG/II/2025,Pembelian material bouwplank kavling C-03 - Toko Mayang Grand,10.203.999 LAIN-LAIN,10.101.001 KAS KECIL,118000
Lumiera Garden,2025-02-21,KAS_MASUK,Kas Kecil,Pengembalian Hutang dari Sigura-Gura,10.101.001 KAS KECIL,10.102.010 PIUTANG SIGURA-GURA,508000
Lumiera Garden,2025-02-21,KAS_KELUAR,Kas Kecil206/ADL-LG/II/2025,Pembelian Loker Besi (Berkas Legal),11.101.001 PERALATAN KANTOR,10.101.001 KAS KECIL,1500000
Lumiera Garden,2025-02-21,KAS_KELUAR,Kas Kecil205/ADL-LG/II/2025,Reimburse Pak Adhi (Meeting dengan Pak Rendra),60.104.013 MEETING,10.101.001 KAS KECIL,344703
Lumiera Garden,2025-02-21,KAS_KELUAR,Kas Kecil205/ADL-LG/II/2025,Reimburse Pak Adhi (Stempel Flash Adhiland),60.104.001 OPERASIONAL KANTOR,10.101.001 KAS KECIL,135000
Lumiera Garden,2025-02-21,KAS_KELUAR,Cash/Tunai,Pembayaran Hutang ke Joyo Agung,20.103.009 HUTANG JOYO AGUNG 2,10.101.002 CASH/TUNAI,3566000
Lumiera Garden,2025-02-18,KAS_MASUK,BCA PT. ASALK 5,Pembayaran DP (1) Pembelian Rukost Kavling LK-05 an Ninik Yulaikah,10.101.003 BCA (8162440909 an PT. Adhiland Sukses Abadi),20.101.001 UANG MUKA,50000000
Lumiera Garden,2025-02-18,KAS_KELUAR,BCA PT. ASA202/ADL-LG/II/2025,Pembayaran Denda Termin Tanah 15 hari - Inggrid Permata,10.201.001 PERSEDIAAN TANAH,10.101.003 BCA (8162440909 an PT. Adhiland Sukses Abadi),9000000
Lumiera Garden,2025-02-18,KAS_KELUAR,BCA PT. ASA202/ADL-LG/II/2025,Pembayaran Termin Tanah - Ingrid Permata Les (Tarikan Tunai),10.201.001 PERSEDIAAN TANAH,10.101.003 BCA (8162440909 an PT. Adhiland Sukses Abadi),200000000
Lumiera Garden,2025-02-18,KAS_KELUAR,Cash/Tunai203/ADL-LG/II/2025,Pembayaran Termin Tanah - Inggrid Permata Lestari,10.201.001 PERSEDIAAN TANAH,10.101.002 CASH/TUNAI,200000000
Lumiera Garden,2025-02-18,KAS_KELUAR,Kas Kecil204/ADL-LG/II/2025,Pembayaran Termin Tanah - Inggrid Permata Lestari,10.201.001 PERSEDIAAN TANAH,10.101.001 KAS KECIL,600000000
Lumiera Garden,2025-02-18,KAS_MASUK,Kas Kecil,Pengembalian Hutang dari Joyo Agung 2,10.101.001 KAS KECIL,10.102.012 PIUTANG JOYO AGUNG 2,547000000
Lumiera Garden,2025-02-18,KAS_MASUK,Kas Kecil,Pinjaman dari Joyo Agung 2 (Termin Tanah Inggrid Permata),10.101.001 KAS KECIL,20.103.009 HUTANG JOYO AGUNG 2,53000000
Lumiera Garden,2025-02-15,KAS_KELUAR,BCA PT. ASA201/ADL-LG/II/2025,Termin I (Progress 30%) Pekerjaan Renovasi Kantor - Suroso,60.104.019 RENOVASI KANTOR,10.101.003 BCA (8162440909 an PT. Adhiland Sukses Abadi),5000000
Lumiera Garden,2025-02-15,KAS_MASUK,Kas Kecil,Pinjaman dari Sigura-gura (Tambahan kas kecil),10.101.001 KAS KECIL,20.103.006 HUTANG SIGURA-GURA,56693
Lumiera Garden,2025-02-14,PENYESUAIAN,,Piutang Pemilik Ruko Suhat (Reimburse Pak Rula-Pembelian Keramik & Lampu Lt.3),10.102.999 PIUTANG LAINNYA,11.102.001 PERALATAN TEKNIK,479230
Lumiera Garden,2025-02-14,PENYESUAIAN,,Reimburse Pak Rula (Pembelian Lampu Taman / Inlite) -Gajayana Elektronik,10.202.008 TAMAN DAN PENGHIJAUAN,11.102.001 PERALATAN TEKNIK,1470770
Lumiera Garden,2025-02-14,PENYESUAIAN,,Pindah Saldo,10.101.001 KAS KECIL,10.101.002 CASH/TUNAI,6500000
Lumiera Garden,2025-02-14,KAS_KELUAR,BCA PT. ASA200/ADL-LG/II/2025,Admin Bank,60.104.010 ADMINISTRASI BANK,10.101.003 BCA (8162440909 an PT. Adhiland Sukses Abadi),2500
Lumiera Garden,2025-02-14,KAS_KELUAR,BCA PT. ASA200/ADL-LG/II/2025,DP 50% Geolistrik Air Bawah Tanah 3 Titik - CV. Madhava Karya Indonesia,10.201.024 IJIN PENGEBORAN,10.101.003 BCA (8162440909 an PT. Adhiland Sukses Abadi),3000000
Lumiera Garden,2025-02-14,KAS_KELUAR,BCA PT. ASA199/ADL-LG/II/2025,Waarmerking PPJB kav. LK-04 an Endah Kuswintari,60.104.023 BIAYA ADMINISTRASI WAARMERKING,10.101.003 BCA (8162440909 an PT. Adhiland Sukses Abadi),250000
Lumiera Garden,2025-02-14,KAS_KELUAR,BCA PT. ASA198/ADL-LG/II/2025,Reimburse Pak Rula (Pembelian Parfum Mobil Zenix),60.104.001 OPERASIONAL KANTOR,10.101.003 BCA (8162440909 an PT. Adhiland Sukses Abadi),75080
Lumiera Garden,2025-02-14,KAS_KELUAR,BCA PT. ASA198/ADL-LG/II/2025,Reimburse Pak Rula (Pembelian Keramik & Lampu Lt.3),10.102.999 PIUTANG LAINNYA,10.101.003 BCA (8162440909 an PT. Adhiland Sukses Abadi),589270
Lumiera Garden,2025-02-14,KAS_KELUAR,BCA PT. ASA197/ADL-LG/II/2025,Reimburse Pak Dian (Pembelian Paku Cor / 1 dus untuk taman),10.202.008 TAMAN DAN PENGHIJAUAN,10.101.003 BCA (8162440909 an PT. Adhiland Sukses Abadi),15000
Lumiera Garden,2025-02-14,KAS_KELUAR,BCA PT. ASA196/ADL-LG/II/2025,Ongkos Kirim Tiang PJU - PT. Terang Abadi Raya (Visicom),10.202.012 PENERANGAN JALAN UMUM,10.101.003 BCA (8162440909 an PT. Adhiland Sukses Abadi),1500000
Lumiera Garden,2025-02-14,KAS_KELUAR,BCA PT. ASA196/ADL-LG/II/2025,PO Tiang PJU Single Parabolic / 2 unit - PT. Terang Abadi Raya (Visicom),10.202.012 PENERANGAN JALAN UMUM,10.101.003 BCA (8162440909 an PT. Adhiland Sukses Abadi),5500000
Lumiera Garden,2025-02-14,KAS_KELUAR,BCA PT. ASA196/ADL-LG/II/2025,PO Tiang PJU Double Parabolic / 4 unit - PT. Terang Abadi Raya (Visicom),10.202.012 PENERANGAN JALAN UMUM,10.101.003 BCA (8162440909 an PT. Adhiland Sukses Abadi),12600000
Lumiera Garden,2025-02-14,KAS_KELUAR,BCA PT. ASA195/ADL-LG/II/2025,Retensi (5%) Pekerjaan Bronjong Batu (003/SPK.ADP/LG/XI/2024) - Arifin,10.202.009 PINTU GERBANG & POS JAGA,10.101.003 BCA (8162440909 an PT. Adhiland Sukses Abadi),4800000
Lumiera Garden,2025-02-14,KAS_KELUAR,BCA PT. ASA194/ADL-LG/II/2025,Pekerjaan Cor Beton Depan Pintu Masuk - Arifin,10.202.009 PINTU GERBANG & POS JAGA,10.101.003 BCA (8162440909 an PT. Adhiland Sukses Abadi),3900000
Lumiera Garden,2025-02-14,KAS_KELUAR,BCA PT. ASA194/ADL-LG/II/2025,Addendum Pek. Plengsengan - Arifin,10.202.041 PLENGSENG,10.101.003 BCA (8162440909 an PT. Adhiland Sukses Abadi),24800000
Lumiera Garden,2025-02-14,KAS_KELUAR,BCA PT. ASA194/ADL-LG/II/2025,Addendum Pek. Bronjong Batu / 12 m3 - Arifin,10.202.007 TURAP,10.101.003 BCA (8162440909 an PT. Adhiland Sukses Abadi),7200000
Lumiera Garden,2025-02-14,KAS_KELUAR,BCA PT. ASA193/ADL-LG/II/2025,Sewa EXA PC 78 / 30 Jam (3-10 Feb 2025) - Izuddin,10.202.003 PERATAAN TANAH/CUT & FILL,10.101.003 BCA (8162440909 an PT. Adhiland Sukses Abadi),10050000
Lumiera Garden,2025-02-14,KAS_KELUAR,BCA PT. ASA192/ADL-LG/II/2025,Bongkaran AB / 73 Rit (13-15 Jan 2025) - Amiet Sewu,10.202.003 PERATAAN TANAH/CUT & FILL,10.101.003 BCA (8162440909 an PT. Adhiland Sukses Abadi),25550000
Lumiera Garden,2025-02-14,KAS_KELUAR,BCA PT. ASA191/ADL-LG/II/2025,Reimburse Pak Roy (Top Up E-Toll / Malang-Bondowoso PP / 7 Feb 2025),60.104.011 PERJALANAN DINAS,10.101.003 BCA (8162440909 an PT. Adhiland Sukses Abadi),253000
Lumiera Garden,2025-02-14,KAS_KELUAR,BCA PT. ASA191/ADL-LG/II/2025,Reimburse Pak Roy (Pembelian Pertamax - Zenix / 7 Feb 2025),60.104.007 BENSIN OPERASIONAL,10.101.003 BCA (8162440909 an PT. Adhiland Sukses Abadi),500000
Lumiera Garden,2025-02-14,KAS_KELUAR,BCA PT. ASA190/ADL-LG/II/2025,Brosur 3000 lbr - mm/ad,60.101.004 BEBAN ADVERTISING,10.101.003 BCA (8162440909 an PT. Adhiland Sukses Abadi),12600000
Lumiera Garden,2025-02-14,KAS_KELUAR,BCA PT. ASA187/ADL-LG/II/2025,Token Listrik Ruko Suhat (ID Pel : 513110771875),10.101.004 SILANG KAS,10.101.003 BCA (8162440909 an PT. Adhiland Sukses Abadi),1002500
Lumiera Garden,2025-02-14,KAS_KELUAR,Cash/Tunai,Pinjaman untuk Joyo Agung (Komisaris),10.102.012 PIUTANG JOYO AGUNG 2,10.101.002 CASH/TUNAI,50000000
Lumiera Garden,2025-02-14,KAS_KELUAR,Cash/Tunai,Pinjaman untuk Sigura-Gura (Reimburse Pak Adhi & PBB 2025),10.102.010 PIUTANG SIGURA-GURA,10.101.002 CASH/TUNAI,10500000
Lumiera Garden,2025-02-14,KAS_KELUAR,Cash/Tunai189/ADL-LG/II/2025,Pembayaran Komisi Tanah Pak Yazak,10.201.026 KOMISI PEMBELIAN TANAH,10.101.002 CASH/TUNAI,10000000
Lumiera Garden,2025-02-14,KAS_KELUAR,Kas Kecil188/ADL-LG/II/2025,Reimburse Pak Adhi (Coating Mobil Zenix),60.104.001 OPERASIONAL KANTOR,10.101.001 KAS KECIL,6050000
Lumiera Garden,2025-02-14,KAS_KELUAR,Kas Kecil188/ADL-LG/II/2025,Reimburse Pak Adhi (Weekly Meeting Kopitiam / 10 Feb 2025),60.104.013 MEETING,10.101.001 KAS KECIL,260804
Lumiera Garden,2025-02-14,KAS_KELUAR,Kas Kecil188/ADL-LG/II/2025,Reimburse Pak Adhi (Weekly Meeting Omah Datok / 3 Feb 2025),60.104.013 MEETING,10.101.001 KAS KECIL,152000
Lumiera Garden,2025-02-14,KAS_KELUAR,Kas Kecil188/ADL-LG/II/2025,Reimburse Pak Adhi (Pembelian Karpet Mobil Innova Zenix),60.104.001 OPERASIONAL KANTOR,10.101.001 KAS KECIL,268839
Lumiera Garden,2025-02-14,KAS_KELUAR,Kas Kecil187/ADL-LG/II/2025,Token Listrik Ruko Suhat (ID Pel : 513110771875),60.104.003 TOKEN PLN,10.101.001 KAS KECIL,1002500
Lumiera Garden,2025-02-14,KAS_MASUK,Kas Kecil,Penerimaan Pindah Buku dari BCA PT. ASA - Token Listrik Ruko Suhat (ID Pel : 513110771875),10.101.001 KAS KECIL,10.101.004 SILANG KAS,1002500
Lumiera Garden,2025-02-13,KAS_KELUAR,Kas Kecil(20) Piskip Warkop,Weekly Operasional,60.104.013 MEETING,10.101.001 KAS KECIL,134000
Lumiera Garden,2025-02-12,KAS_KELUAR,Kas Kecil(19) POS Indonesia,Pengiriman Kwitansi LK-10 an Mochamad Yunus,60.104.009 PERANGKO/KIRIMAN SRT & DOK,10.101.001 KAS KECIL,20000
Lumiera Garden,2025-02-12,KAS_KELUAR,Kas Kecil(18) Indomaret Soekarno Hatta 3,Pembelian Perlengkapan Tasyakuran Logo Adhiland Baru (Sendok & Mangkok Plastik),60.104.001 OPERASIONAL KANTOR,10.101.001 KAS KECIL,24000
Lumiera Garden,2025-02-11,KAS_KELUAR,Kas Kecil186/ADL-LG/II/2025 II Kwitansi,Air Kerja,60.104.004 TAGIHAN PDAM,10.101.001 KAS KECIL,200000
Lumiera Garden,2025-02-10,KAS_MASUK,BCA PT. ASALK 3,Pembayaran Angsuran 1 Kavling LK-03 an Rachmadiana Sari,10.101.003 BCA (8162440909 an PT. Adhiland Sukses Abadi),20.101.001 UANG MUKA,150000000
Lumiera Garden,2025-02-10,KAS_MASUK,BCA PT. ASA,ITJ Joyo Agung Kavling RK-11 an Siti Asmaidah SE,10.101.003 BCA (8162440909 an PT. Adhiland Sukses Abadi),20.103.009 HUTANG JOYO AGUNG 2,5000000
Lumiera Garden,2025-02-10,KAS_KELUAR,Kas Kecil185/ADL-LG/II/2025 II SeaBank,Token Listrik Proyek (513111484250 an PJU Lumiera Joyo Agung),60.104.003 TOKEN PLN,10.101.001 KAS KECIL,502750
Lumiera Garden,2025-02-08,KAS_KELUAR,Kas Kecil(17) POS Indonesia,Pengiriman Surat LK-10 an Mochamad Yunus,60.104.009 PERANGKO/KIRIMAN SRT & DOK,10.101.001 KAS KECIL,20000
Lumiera Garden,2025-02-07,KAS_KELUAR,BCA PT. Adhiland Sukses Abadi183/ADL-LG/II/2025,Refund ITJ C-01 an Deny Widoyo,20.101.002 UANG TANDA JADI,10.101.003 BCA (8162440909 an PT. Adhiland Sukses Abadi),5000000
Lumiera Garden,2025-02-07,KAS_KELUAR,BCA PT. ASA184/ADL-LG/II/2025,Reimburse Pak Dedy (Konsumsi Louding Out MOG),60.101.006 EXPO,10.101.003 BCA (8162440909 an PT. Adhiland Sukses Abadi),468000
Lumiera Garden,2025-02-07,KAS_KELUAR,BCA PT. ASA182/ADL-LG/II/2025,Admin Bank,60.104.010 ADMINISTRASI BANK,10.101.003 BCA (8162440909 an PT. Adhiland Sukses Abadi),2500
Lumiera Garden,2025-02-07,KAS_KELUAR,BCA PT. ASA182/ADL-LG/II/2025,Pembayaran Pelunasan Billboard Beji,60.101.004 BEBAN ADVERTISING,10.101.003 BCA (8162440909 an PT. Adhiland Sukses Abadi),15000000
Lumiera Garden,2025-02-07,KAS_KELUAR,BCA PT. ASA181/ADL-LG/II/2025,Uang Makan Expo MOG - Andik,60.101.006 EXPO,10.101.003 BCA (8162440909 an PT. Adhiland Sukses Abadi),200000
Lumiera Garden,2025-02-07,KAS_KELUAR,BCA PT. ASA181/ADL-LG/II/2025,Uang Makan Expo MOG - Amin,60.101.006 EXPO,10.101.003 BCA (8162440909 an PT. Adhiland Sukses Abadi),200000
Lumiera Garden,2025-02-07,KAS_KELUAR,BCA PT. ASA181/ADL-LG/II/2025,Admin Bank,60.104.010 ADMINISTRASI BANK,10.101.003 BCA (8162440909 an PT. Adhiland Sukses Abadi),2500
Lumiera Garden,2025-02-07,KAS_KELUAR,BCA PT. ASA181/ADL-LG/II/2025,Uang Makan Expo MOG - Ika,60.101.006 EXPO,10.101.003 BCA (8162440909 an PT. Adhiland Sukses Abadi),200000
Lumiera Garden,2025-02-07,KAS_KELUAR,BCA PT. ASA181/ADL-LG/II/2025,Uang Makan Expo MOG - Achmad,60.101.006 EXPO,10.101.003 BCA (8162440909 an PT. Adhiland Sukses Abadi),200000
Lumiera Garden,2025-02-07,KAS_KELUAR,BCA PT. ASA181/ADL-LG/II/2025,Uang Makan Expo MOG - Adib,60.101.006 EXPO,10.101.003 BCA (8162440909 an PT. Adhiland Sukses Abadi),200000
Lumiera Garden,2025-02-07,KAS_KELUAR,BCA PT. ASA181/ADL-LG/II/2025,Uang Makan Expo MOG - Verry,60.101.006 EXPO,10.101.003 BCA (8162440909 an PT. Adhiland Sukses Abadi),50000
Lumiera Garden,2025-02-07,KAS_KELUAR,BCA PT. ASA181/ADL-LG/II/2025,Uang Makan Expo MOG - Adinda,60.101.006 EXPO,10.101.003 BCA (8162440909 an PT. Adhiland Sukses Abadi),200000
Lumiera Garden,2025-02-07,KAS_KELUAR,BCA PT. ASA181/ADL-LG/II/2025,Uang Makan Expo MOG - Wiya,60.101.006 EXPO,10.101.003 BCA (8162440909 an PT. Adhiland Sukses Abadi),150000
Lumiera Garden,2025-02-07,KAS_KELUAR,BCA PT. ASA181/ADL-LG/II/2025,Uang Makan Expo MOG - Aan,60.101.006 EXPO,10.101.003 BCA (8162440909 an PT. Adhiland Sukses Abadi),200000
Lumiera Garden,2025-02-07,KAS_KELUAR,BCA PT. ASA181/ADL-LG/II/2025,Uang Makan Expo MOG - Prayitno,60.101.006 EXPO,10.101.003 BCA (8162440909 an PT. Adhiland Sukses Abadi),200000
Lumiera Garden,2025-02-07,KAS_KELUAR,BCA PT. ASA180/ADL-LG/II/2025,Pelunasan Expo MOG (22 Jan - 2 Feb 2025) - IlhamiOrganizer,60.101.006 EXPO,10.101.003 BCA (8162440909 an PT. Adhiland Sukses Abadi),67750000
Lumiera Garden,2025-02-07,KAS_KELUAR,BCA PT. ASA179/ADL-LG/II/2025,Admin Bank,60.104.010 ADMINISTRASI BANK,10.101.003 BCA (8162440909 an PT. Adhiland Sukses Abadi),2500
Lumiera Garden,2025-02-07,KAS_KELUAR,BCA PT. ASA179/ADL-LG/II/2025,Pembayaran Ads,60.101.005 BEBAN DIGITAL ADS,10.101.003 BCA (8162440909 an PT. Adhiland Sukses Abadi),15000000
Lumiera Garden,2025-02-07,KAS_KELUAR,BCA PT. ASA178/ADL-LG/II/2025,Reimburse Maria (Zoom Premium 1 Bulan),60.104.001 OPERASIONAL KANTOR,10.101.003 BCA (8162440909 an PT. Adhiland Sukses Abadi),47000
Lumiera Garden,2025-02-07,KAS_KELUAR,BCA PT. ASA177/ADL-LG/II/2025,Waarmerking PPJB LK-11 an Debora Natalia,60.104.023 BIAYA ADMINISTRASI WAARMERKING,10.101.003 BCA (8162440909 an PT. Adhiland Sukses Abadi),250000
Lumiera Garden,2025-02-07,KAS_KELUAR,BCA PT. ASA177/ADL-LG/II/2025,Waarmerking PPJB C-03 an Tri Prasetya,60.104.023 BIAYA ADMINISTRASI WAARMERKING,10.101.003 BCA (8162440909 an PT. Adhiland Sukses Abadi),250000
Lumiera Garden,2025-02-07,KAS_KELUAR,BCA PT. ASA177/ADL-LG/II/2025,Waarmerking PPJB C-02 an Fitria Amalia,60.104.023 BIAYA ADMINISTRASI WAARMERKING,10.101.003 BCA (8162440909 an PT. Adhiland Sukses Abadi),250000
Lumiera Garden,2025-02-07,KAS_KELUAR,BCA PT. ASA176/ADL-LG/II/2025,Bongkaran Armada Kecil 26 Rit (16-22 Jan 2025) - Amiet Sewu,10.202.003 PERATAAN TANAH/CUT & FILL,10.101.003 BCA (8162440909 an PT. Adhiland Sukses Abadi),3250000
Lumiera Garden,2025-02-07,KAS_KELUAR,BCA PT. ASA175/ADL-LG/II/2025,Termin 3 Desain Rumah Tinggal T60/60 (202502/I/03) - RURA,10.201.021 ADVISE PLANNING GAMBAR 3D,10.101.003 BCA (8162440909 an PT. Adhiland Sukses Abadi),2600000
Lumiera Garden,2025-02-07,KAS_KELUAR,BCA PT. ASA175/ADL-LG/II/2025,Termin 3 Desain Rumah Kos 6 Kamar T85/66 - Rura,10.201.021 ADVISE PLANNING GAMBAR 3D,10.101.003 BCA (8162440909 an PT. Adhiland Sukses Abadi),3480000
Lumiera Garden,2025-02-07,KAS_KELUAR,BCA PT. ASA174/ADL-LG/II/2025,PO LED Visicom Street Light HHE RLB 100W / 10 pcs - PT. Terang Abadi Raya (Visicom),10.202.012 PENERANGAN JALAN UMUM,10.101.003 BCA (8162440909 an PT. Adhiland Sukses Abadi),16000000
Lumiera Garden,2025-02-07,KAS_KELUAR,BCA PT. ASA173/ADL-LG/II/2025,PO Paving (No.KW 2018/FI-SO/XII/2024) - Focon,10.202.004 PAVING,10.101.003 BCA (8162440909 an PT. Adhiland Sukses Abadi),3825970
Lumiera Garden,2025-02-07,KAS_KELUAR,BCA PT. ASA172/ADL-LG/II/2025,"Reimburse Pak Sugeng (Pilox, Sikat Panjang, Bensin Alkon)",60.104.001 OPERASIONAL KANTOR,10.101.003 BCA (8162440909 an PT. Adhiland Sukses Abadi),306000
Lumiera Garden,2025-02-07,KAS_KELUAR,Cash/Tunai,Pinjaman untuk Joyo Agung (Bayar Termin Tanah + Profit),10.102.012 PIUTANG JOYO AGUNG 2,10.101.002 CASH/TUNAI,487000000
Lumiera Garden,2025-02-07,KAS_KELUAR,Cash/Tunai,Pinjaman untuk Sigura-gura (Survei SLF),10.102.010 PIUTANG SIGURA-GURA,10.101.002 CASH/TUNAI,2000000
Lumiera Garden,2025-02-07,KAS_KELUAR,Kas Kecil(16) Grosir Pokok Berkah,Pembelian Cleo Galon Refil (3pcs),60.104.001 OPERASIONAL KANTOR,10.101.001 KAS KECIL,52500
Lumiera Garden,2025-02-06,KAS_KELUAR,Kas Kecil(15) J&T Express,Kirim Dokumen kavling LK-03,60.104.009 PERANGKO/KIRIMAN SRT & DOK,10.101.001 KAS KECIL,43000
Lumiera Garden,2025-02-06,KAS_KELUAR,Kas Kecil(14) Indomaret (Soekarno Hatta 3),Krisbow Glove Latex,60.104.001 OPERASIONAL KANTOR,10.101.001 KAS KECIL,27500
Lumiera Garden,2025-02-04,KAS_MASUK,BCA PT. ASALK 7,Pembayaran Angsuran 2 Kavling LK-07 an Heny Susanti,10.101.003 BCA (8162440909 an PT. Adhiland Sukses Abadi),20.101.001 UANG MUKA,50000000
Lumiera Garden,2025-02-03,KAS_KELUAR,BCA PT. ASAM.03-04 Feb 2025,Tagihan Hallo Call Center (08113646900),60.104.005 TAGIHAN HALO CALL CENTER (08113646900),10.101.003 BCA (8162440909 an PT. Adhiland Sukses Abadi),20903
Lumiera Garden,2025-02-03,KAS_KELUAR,BCA PT. ASA171/ADL-LG/II/2025,Parkir Bulanan Januari (Ruko Suhat) - Pak Raden,60.104.001 OPERASIONAL KANTOR,10.101.003 BCA (8162440909 an PT. Adhiland Sukses Abadi),350000
Lumiera Garden,2025-02-03,KAS_KELUAR,Kas Kecil(13) Royal ATK,"Pembelian ATK (Kertas HVS, Box File, Binder Clip, Penstand Ram Kotak)",60.104.001 OPERASIONAL KANTOR,10.101.001 KAS KECIL,151000
Lumiera Garden,2025-02-03,KAS_KELUAR,Kas Kecil(12) PT. Pos Indonesia,Pembelian Materai,60.104.008 MATERAI,10.101.001 KAS KECIL,500000
Lumiera Garden,2025-02-01,PENYESUAIAN,,Pindah Saldo,10.101.001 KAS KECIL,10.101.002 CASH/TUNAI,33000000
Lumiera Garden,2025-02-01,KAS_KELUAR,BCA PT. ASA169/ADL-LG/II/2025,Upah Penjaga Alat /P.Didik (01-31 Januari 2025),10.101.004 SILANG KAS,10.101.003 BCA (8162440909 an PT. Adhiland Sukses Abadi),1550000
Lumiera Garden,2025-02-01,KAS_KELUAR,BCA PT. ASA,Admin Bank,60.104.010 ADMINISTRASI BANK,10.101.003 BCA (8162440909 an PT. Adhiland Sukses Abadi),7500
Lumiera Garden,2025-02-01,KAS_KELUAR,BCA PT. ASA,Pembayaran Gaji Karyawan (Januari),60.102.001 GAJI KARYAWAN TETAP,10.101.003 BCA (8162440909 an PT. Adhiland Sukses Abadi),57481276
Lumiera Garden,2025-02-01,KAS_KELUAR,Kas Kecil170/ADL-LG/II/2025,Komisi Marcomm Kavling LK-04,60.101.002 INSENTIF/KOMISI,10.101.001 KAS KECIL,79120
Lumiera Garden,2025-02-01,KAS_KELUAR,Kas Kecil170/ADL-LG/II/2025,Komisi Marcomm Kavling LK-04,60.101.002 INSENTIF/KOMISI,10.101.001 KAS KECIL,69230
Lumiera Garden,2025-02-01,KAS_KELUAR,Kas Kecil170/ADL-LG/II/2025,Komisi Marcomm Kavling LK-04,60.101.002 INSENTIF/KOMISI,10.101.001 KAS KECIL,113735
Lumiera Garden,2025-02-01,KAS_KELUAR,Kas Kecil170/ADL-LG/II/2025,Komisi Marcomm Kavling LK-04,60.101.002 INSENTIF/KOMISI,10.101.001 KAS KECIL,232415
Lumiera Garden,2025-02-01,KAS_KELUAR,Kas Kecil170/ADL-LG/II/2025,Komisi Direktur Teknik Kavling LK-04,60.101.002 INSENTIF/KOMISI,10.101.001 KAS KECIL,1978000
Lumiera Garden,2025-02-01,KAS_KELUAR,Kas Kecil170/ADL-LG/II/2025,Komisi Komisaris Kavling LK-04,60.101.002 INSENTIF/KOMISI,10.101.001 KAS KECIL,1978000
Lumiera Garden,2025-02-01,KAS_KELUAR,Kas Kecil170/ADL-LG/II/2025,Komisi Direktur B&D Kavling LK-04,60.101.002 INSENTIF/KOMISI,10.101.001 KAS KECIL,1978000
Lumiera Garden,2025-02-01,KAS_KELUAR,Kas Kecil170/ADL-LG/II/2025,Komisi Direktur Operasional Kavling LK-04,60.101.002 INSENTIF/KOMISI,10.101.001 KAS KECIL,1978000
Lumiera Garden,2025-02-01,KAS_KELUAR,Kas Kecil170/ADL-LG/II/2025,Komisi Direktur Utama Kavling LK-04,60.101.002 INSENTIF/KOMISI,10.101.001 KAS KECIL,1978000
Lumiera Garden,2025-02-01,KAS_KELUAR,Kas Kecil170/ADL-LG/II/2025,BLT SPV Marketing Kavling LK-04,60.101.001 BLT,10.101.001 KAS KECIL,2000000
Lumiera Garden,2025-02-01,KAS_KELUAR,Kas Kecil170/ADL-LG/II/2025,Komisi SPV Marketing Kavling LK-04,60.101.002 INSENTIF/KOMISI,10.101.001 KAS KECIL,4945000
Lumiera Garden,2025-02-01,KAS_KELUAR,Kas Kecil170/ADL-LG/II/2025,BLT Marketing Kavling LK-04,60.101.001 BLT,10.101.001 KAS KECIL,1000000
Lumiera Garden,2025-02-01,KAS_KELUAR,Kas Kecil170/ADL-LG/II/2025,Komisi Marketing Kavling LK-04,60.101.002 INSENTIF/KOMISI,10.101.001 KAS KECIL,14835000
Lumiera Garden,2025-02-01,KAS_MASUK,Cash/TunaiLK 4,Pembayaran DP Rukost Kavling LK-04 an Endah Kuswantari,10.101.002 CASH/TUNAI,20.101.001 UANG MUKA,800000000
Lumiera Garden,2025-02-01,KAS_KELUAR,Kas Kecil169/ADL-LG/II/2025,Upah Penjaga Alat / P.Didik (01-31 Januari 2025),60.103.001 HONOR,10.101.001 KAS KECIL,1550000
Lumiera Garden,2025-02-01,KAS_MASUK,Kas Kecil,Penerimaan Pindah Buku dari BCA PT. ASA (Upah Penjaga Alat - P.Didik (01-31 Januari),10.101.001 KAS KECIL,10.101.004 SILANG KAS,1550000
Lumiera Garden,2025-01-31,PENYESUAIAN,,Pindah Saldo,10.101.001 KAS KECIL,10.101.002 CASH/TUNAI,50000000
Lumiera Garden,2025-01-31,PENYESUAIAN,,Pindah Saldo,10.101.001 KAS KECIL,10.101.002 CASH/TUNAI,21500000
Lumiera Garden,2025-01-31,KAS_KELUAR,BCA PT. Adhiland Sukses Abadi159/ADL-LG/I/2025,"Refund ITJ C-03 an Fifin Dwi Andriani, SE",20.101.002 UANG TANDA JADI,10.101.003 BCA (8162440909 an PT. Adhiland Sukses Abadi),5000000
Lumiera Garden,2025-01-31,KAS_KELUAR,BCA PT. ASA,Admin Bank (Potongan Bulanan),60.104.010 ADMINISTRASI BANK,10.101.003 BCA (8162440909 an PT. Adhiland Sukses Abadi),30000
Lumiera Garden,2025-01-31,KAS_KELUAR,BCA PT. ASA162/ADL-LG/I/2025,Admin Bank,60.104.010 ADMINISTRASI BANK,10.101.003 BCA (8162440909 an PT. Adhiland Sukses Abadi),2500
Lumiera Garden,2025-01-31,KAS_KELUAR,BCA PT. ASA162/ADL-LG/I/2025,Pembelian Kursi Kantor (10 pcs) - Pirnoto,11.101.001 PERALATAN KANTOR,10.101.003 BCA (8162440909 an PT. Adhiland Sukses Abadi),3650000
Lumiera Garden,2025-01-31,KAS_KELUAR,BCA PT. ASA161/ADL-LG/I/2025,Reimburse Pak Rula (Lampu Sorot 50W dan Kabel NYM),10.202.008 TAMAN DAN PENGHIJAUAN,10.101.003 BCA (8162440909 an PT. Adhiland Sukses Abadi),5347000
Lumiera Garden,2025-01-31,KAS_KELUAR,BCA PT. ASA160/ADL-LG/I/2025,Reimburse Maria (Gosend PPJB C-03 Ke Kantor),60.104.009 PERANGKO/KIRIMAN SRT & DOK,10.101.003 BCA (8162440909 an PT. Adhiland Sukses Abadi),22500
Lumiera Garden,2025-01-31,KAS_KELUAR,BCA PT. ASA160/ADL-LG/I/2025,Reimburse Maria (Gosend PPJB C-03 Ke Not),60.104.009 PERANGKO/KIRIMAN SRT & DOK,10.101.003 BCA (8162440909 an PT. Adhiland Sukses Abadi),23500
Lumiera Garden,2025-01-31,KAS_KELUAR,BCA PT. ASA160/ADL-LG/I/2025,Reimburse Maria (Print PPJB C-11),60.104.001 OPERASIONAL KANTOR,10.101.003 BCA (8162440909 an PT. Adhiland Sukses Abadi),4655
Lumiera Garden,2025-01-31,KAS_KELUAR,BCA PT. ASA160/ADL-LG/I/2025,Reimburse Maria (Print PPJB C-03),60.104.001 OPERASIONAL KANTOR,10.101.003 BCA (8162440909 an PT. Adhiland Sukses Abadi),5985
Lumiera Garden,2025-01-31,KAS_KELUAR,BCA PT. ASA159/ADL-LG/I/2025,Admin Bank,60.104.010 ADMINISTRASI BANK,10.101.003 BCA (8162440909 an PT. Adhiland Sukses Abadi),2500
Lumiera Garden,2025-01-31,KAS_KELUAR,BCA PT. ASA158/ADL-LG/I/2025,Termin II Animasi 3D (202501/I/25) - Rura,10.201.021 ADVISE PLANNING GAMBAR 3D,10.101.003 BCA (8162440909 an PT. Adhiland Sukses Abadi),3200000
Lumiera Garden,2025-01-31,KAS_KELUAR,BCA PT. ASA157/ADL-LG/I/2025,Waarmerking PPJB Kavling LK-12 an Fitria Agustina,60.104.023 BIAYA ADMINISTRASI WAARMERKING,10.101.003 BCA (8162440909 an PT. Adhiland Sukses Abadi),250000
Lumiera Garden,2025-01-31,KAS_KELUAR,BCA PT. ASA157/ADL-LG/I/2025,Waarmerking PPJB Kavling LK-03 an Rachmadiana Sari,60.104.023 BIAYA ADMINISTRASI WAARMERKING,10.101.003 BCA (8162440909 an PT. Adhiland Sukses Abadi),250000
Lumiera Garden,2025-01-31,KAS_KELUAR,BCA PT. ASA156/ADL-LG/I/2025,Termin (95%) Pekerjaan Bronjong Batu (003/SPK.ADP/LG/XI/2024) - Arifin,10.202.007 TURAP,10.101.003 BCA (8162440909 an PT. Adhiland Sukses Abadi),43200000
Lumiera Garden,2025-01-31,KAS_KELUAR,BCA PT. ASA155/ADL-LG/I/2025,PO Paving + Kanstein (No.KW 2014/FI-SO/2024) - Focon,10.202.004 PAVING,10.101.003 BCA (8162440909 an PT. Adhiland Sukses Abadi),20892109
Lumiera Garden,2025-01-31,KAS_KELUAR,BCA PT. ASA154/ADL-LG/I/2025,PO Kanstein + Paving (No.KW 1998/FI-SO/XII/2024) - Focon,10.202.004 PAVING,10.101.003 BCA (8162440909 an PT. Adhiland Sukses Abadi),46700364
Lumiera Garden,2025-01-31,KAS_KELUAR,BCA PT. ASA153/ADL-LG/I/2025,"Pekerjaan Fasum (Harian Pasang NRCP, Tutup NRCP & Bak Kontrol, Pasang Avour Rukost, Pasang Avour Jalan Utama) - Arifin",10.202.005 SALURAN,10.101.003 BCA (8162440909 an PT. Adhiland Sukses Abadi),3100000
Lumiera Garden,2025-01-31,KAS_KELUAR,BCA PT. ASA153/ADL-LG/I/2025,Pekerjaan Fasum (Sewa Stamper) - Arifin,10.202.003 PERATAAN TANAH/CUT & FILL,10.101.003 BCA (8162440909 an PT. Adhiland Sukses Abadi),450000
Lumiera Garden,2025-01-31,KAS_KELUAR,BCA PT. ASA153/ADL-LG/I/2025,Pekerjaan Fasum (Sewa alkon siram tanaman) - Arifin,10.202.008 TAMAN DAN PENGHIJAUAN,10.101.003 BCA (8162440909 an PT. Adhiland Sukses Abadi),700000
Lumiera Garden,2025-01-31,KAS_KELUAR,BCA PT. ASA153/ADL-LG/I/2025,"Pekerjaan Fasum (Pasir Paving, Perapian Pasang Paving) - Arifin",10.202.004 PAVING,10.101.003 BCA (8162440909 an PT. Adhiland Sukses Abadi),7840000
Lumiera Garden,2025-01-31,KAS_KELUAR,BCA PT. ASA152/ADL-LG/I/2025,Sewa EXA PC 78 / 32 jam (21 - 25 Januari 2025) - Izuddin,10.202.003 PERATAAN TANAH/CUT & FILL,10.101.003 BCA (8162440909 an PT. Adhiland Sukses Abadi),10720000
Lumiera Garden,2025-01-31,KAS_KELUAR,BCA PT. ASA151/ADL-LG/I/2025,Kirim Bongkaran 6 rit (13 - 14 Desember 2024) - UD. Hidup Baru,10.202.003 PERATAAN TANAH/CUT & FILL,10.101.003 BCA (8162440909 an PT. Adhiland Sukses Abadi),720000
Lumiera Garden,2025-01-31,KAS_KELUAR,BCA PT. ASA150/ADL-LG/I/2025,"Reimburse Pak Sugeng (Pembelian Gergaji, Sarplas /lem pvs, Kikir, 2 Sok) - Toko Mayang Grand 1",60.104.001 OPERASIONAL KANTOR,10.101.003 BCA (8162440909 an PT. Adhiland Sukses Abadi),58000
Lumiera Garden,2025-01-31,KAS_KELUAR,BCA PT. ASA150/ADL-LG/I/2025,Reimburse Pak Sugeng (Pembelian 5 Sapu) - Toko Mayang Grand 1,60.104.001 OPERASIONAL KANTOR,10.101.003 BCA (8162440909 an PT. Adhiland Sukses Abadi),40000
Lumiera Garden,2025-01-31,KAS_KELUAR,BCA PT. ASA150/ADL-LG/I/2025,"Reimburse Pak Sugeng (Bensin Alkon 3,84 liter) - Pom Pokok Berkah",60.104.001 OPERASIONAL KANTOR,10.101.003 BCA (8162440909 an PT. Adhiland Sukses Abadi),50000
Lumiera Garden,2025-01-31,KAS_KELUAR,BCA PT. ASA149/ADL-LG/I/2025,Reimburse Pak Roy (Bensin Avanza),60.104.007 BENSIN OPERASIONAL,10.101.003 BCA (8162440909 an PT. Adhiland Sukses Abadi),300000
Lumiera Garden,2025-01-31,KAS_KELUAR,BCA PT. ASACek : 620430,Tarikan Tunai,10.101.004 SILANG KAS,10.101.003 BCA (8162440909 an PT. Adhiland Sukses Abadi),200000000
Lumiera Garden,2025-01-31,KAS_MASUK,BCA PT. ASALK 19,ITJ Kavling LK-19 an Handoko,10.101.003 BCA (8162440909 an PT. Adhiland Sukses Abadi),20.101.002 UANG TANDA JADI,5000000
Lumiera Garden,2025-01-31,KAS_MASUK,BCA PT. ASALK 11,"Pembayaran DP 2 Rukost Kavling LK-11 an Debora Asih Natalia Alle, ST.",10.101.003 BCA (8162440909 an PT. Adhiland Sukses Abadi),20.101.001 UANG MUKA,450000000
Lumiera Garden,2025-01-31,KAS_KELUAR,Cash/Tunai,Pinjaman untuk Sigura-Gura (Pengembalian Dana Investor Nanang),10.102.010 PIUTANG SIGURA-GURA,10.101.002 CASH/TUNAI,100000000
Lumiera Garden,2025-01-31,KAS_KELUAR,Kas Kecil167/ADL-LG/I/2025,Komisi Marcomm Kavling LK-11,60.101.002 INSENTIF/KOMISI,10.101.001 KAS KECIL,77120
Lumiera Garden,2025-01-31,KAS_KELUAR,Kas Kecil167/ADL-LG/I/2025,Komisi Marcomm Kavling LK-11,60.101.002 INSENTIF/KOMISI,10.101.001 KAS KECIL,67480
Lumiera Garden,2025-01-31,KAS_KELUAR,Kas Kecil167/ADL-LG/I/2025,Komisi Marcomm Kavling LK-11,60.101.002 INSENTIF/KOMISI,10.101.001 KAS KECIL,110860
Lumiera Garden,2025-01-31,KAS_KELUAR,Kas Kecil167/ADL-LG/I/2025,Komisi Marcomm Kavling LK-11,60.101.002 INSENTIF/KOMISI,10.101.001 KAS KECIL,226540
Lumiera Garden,2025-01-31,KAS_KELUAR,Kas Kecil167/ADL-LG/I/2025,Komisi Direktur Teknik Kavling LK-11,60.101.002 INSENTIF/KOMISI,10.101.001 KAS KECIL,1928000
Lumiera Garden,2025-01-31,KAS_KELUAR,Kas Kecil167/ADL-LG/I/2025,Komisi Komisaris Kavling LK-11,60.101.002 INSENTIF/KOMISI,10.101.001 KAS KECIL,1928000
Lumiera Garden,2025-01-31,KAS_KELUAR,Kas Kecil167/ADL-LG/I/2025,Komisi Direktur B&D Kavling LK-11,60.101.002 INSENTIF/KOMISI,10.101.001 KAS KECIL,1928000
Lumiera Garden,2025-01-31,KAS_KELUAR,Kas Kecil167/ADL-LG/I/2025,Komisi Direktur Operasional Kavling LK-11,60.101.002 INSENTIF/KOMISI,10.101.001 KAS KECIL,1928000
Lumiera Garden,2025-01-31,KAS_KELUAR,Kas Kecil167/ADL-LG/I/2025,Komisi Direktur Utama Kavling LK-11,60.101.002 INSENTIF/KOMISI,10.101.001 KAS KECIL,1928000
Lumiera Garden,2025-01-31,KAS_KELUAR,Kas Kecil167/ADL-LG/I/2025,BLT SPV Marketing Kavling LK-11,60.101.001 BLT,10.101.001 KAS KECIL,2000000
Lumiera Garden,2025-01-31,KAS_KELUAR,Kas Kecil167/ADL-LG/I/2025,Komisi SPV Marketing Kavling LK-11,60.101.002 INSENTIF/KOMISI,10.101.001 KAS KECIL,4820000
Lumiera Garden,2025-01-31,KAS_KELUAR,Kas Kecil167/ADL-LG/I/2025,Admin Bank,60.104.010 ADMINISTRASI BANK,10.101.001 KAS KECIL,2900
Lumiera Garden,2025-01-31,KAS_KELUAR,Kas Kecil167/ADL-LG/I/2025,BLT Marketing Kavling LK-11,60.101.001 BLT,10.101.001 KAS KECIL,1000000
Lumiera Garden,2025-01-31,KAS_KELUAR,Kas Kecil167/ADL-LG/I/2025,Komisi Marketing Kavling LK-11,60.101.002 INSENTIF/KOMISI,10.101.001 KAS KECIL,14460000
Lumiera Garden,2025-01-31,KAS_KELUAR,Kas Kecil166/ADL-LG/I/2025,Komisi Marcomm Kavling C-02,60.101.002 INSENTIF/KOMISI,10.101.001 KAS KECIL,52900
Lumiera Garden,2025-01-31,KAS_KELUAR,Kas Kecil166/ADL-LG/I/2025,Komisi Marcomm Kavling C-02,60.101.002 INSENTIF/KOMISI,10.101.001 KAS KECIL,47610
Lumiera Garden,2025-01-31,KAS_KELUAR,Kas Kecil166/ADL-LG/I/2025,Komisi Marcomm Kavling C-02,60.101.002 INSENTIF/KOMISI,10.101.001 KAS KECIL,66125
Lumiera Garden,2025-01-31,KAS_KELUAR,Kas Kecil166/ADL-LG/I/2025,Komisi Marcomm Kavling C-02,60.101.002 INSENTIF/KOMISI,10.101.001 KAS KECIL,97865
Lumiera Garden,2025-01-31,KAS_KELUAR,Kas Kecil166/ADL-LG/I/2025,Komisi Direktur Teknik Kavling C-02,60.101.002 INSENTIF/KOMISI,10.101.001 KAS KECIL,1058000
Lumiera Garden,2025-01-31,KAS_KELUAR,Kas Kecil166/ADL-LG/I/2025,Komisi Komisaris Kavling C-02,60.101.002 INSENTIF/KOMISI,10.101.001 KAS KECIL,1058000
Lumiera Garden,2025-01-31,KAS_KELUAR,Kas Kecil166/ADL-LG/I/2025,Komisi Direktur B&D Kavling C-02,60.101.002 INSENTIF/KOMISI,10.101.001 KAS KECIL,1058000
Lumiera Garden,2025-01-31,KAS_KELUAR,Kas Kecil166/ADL-LG/I/2025,Komisi Direktur Operasional Kavling C-02,60.101.002 INSENTIF/KOMISI,10.101.001 KAS KECIL,1058000
Lumiera Garden,2025-01-31,KAS_KELUAR,Kas Kecil166/ADL-LG/I/2025,Komisi Direktur Utama Kavling C-02,60.101.002 INSENTIF/KOMISI,10.101.001 KAS KECIL,1058000
Lumiera Garden,2025-01-31,KAS_KELUAR,Kas Kecil166/ADL-LG/I/2025,BLT SPV Marketing Kavling C-02,60.101.001 BLT,10.101.001 KAS KECIL,2000000
Lumiera Garden,2025-01-31,KAS_KELUAR,Kas Kecil166/ADL-LG/I/2025,Komisi SPV Marketing Kavling C-02,60.101.002 INSENTIF/KOMISI,10.101.001 KAS KECIL,2645000
Lumiera Garden,2025-01-31,KAS_KELUAR,Kas Kecil166/ADL-LG/I/2025,Komisi Marketing Kavling C-02,60.101.002 INSENTIF/KOMISI,10.101.001 KAS KECIL,7935000
Lumiera Garden,2025-01-31,KAS_KELUAR,Kas Kecil165/ADL-LG/I/2025,Komisi Marcomm Kavling C-03,60.101.002 INSENTIF/KOMISI,10.101.001 KAS KECIL,52900
Lumiera Garden,2025-01-31,KAS_KELUAR,Kas Kecil165/ADL-LG/I/2025,Komisi Marcomm Kavling C-03,60.101.002 INSENTIF/KOMISI,10.101.001 KAS KECIL,47610
Lumiera Garden,2025-01-31,KAS_KELUAR,Kas Kecil165/ADL-LG/I/2025,Komisi Marcomm Kavling C-03,60.101.002 INSENTIF/KOMISI,10.101.001 KAS KECIL,66125
Lumiera Garden,2025-01-31,KAS_KELUAR,Kas Kecil165/ADL-LG/I/2025,Komisi Marcomm Kavling C-03,60.101.002 INSENTIF/KOMISI,10.101.001 KAS KECIL,97865
Lumiera Garden,2025-01-31,KAS_KELUAR,Kas Kecil165/ADL-LG/I/2025,Komisi Direktur Teknik Kavling C-03,60.101.002 INSENTIF/KOMISI,10.101.001 KAS KECIL,1058000
Lumiera Garden,2025-01-31,KAS_KELUAR,Kas Kecil165/ADL-LG/I/2025,Komisi Komisaris Kavling C-03,60.101.002 INSENTIF/KOMISI,10.101.001 KAS KECIL,1058000
Lumiera Garden,2025-01-31,KAS_KELUAR,Kas Kecil165/ADL-LG/I/2025,Komisi Direktur B&D Kavling C-03,60.101.002 INSENTIF/KOMISI,10.101.001 KAS KECIL,1058000
Lumiera Garden,2025-01-31,KAS_KELUAR,Kas Kecil165/ADL-LG/I/2025,Komisi Direktur Operasional Kavling C-03,60.101.002 INSENTIF/KOMISI,10.101.001 KAS KECIL,1058000
Lumiera Garden,2025-01-31,KAS_KELUAR,Kas Kecil165/ADL-LG/I/2025,Komisi Direktur Utama Kavling C-03,60.101.002 INSENTIF/KOMISI,10.101.001 KAS KECIL,1058000
Lumiera Garden,2025-01-31,KAS_KELUAR,Kas Kecil165/ADL-LG/I/2025,BLT SPV Marketing Kavling C-03,60.101.001 BLT,10.101.001 KAS KECIL,2000000
Lumiera Garden,2025-01-31,KAS_KELUAR,Kas Kecil165/ADL-LG/I/2025,Komisi SPV Marketing Kavling C-03,60.101.002 INSENTIF/KOMISI,10.101.001 KAS KECIL,2645000
Lumiera Garden,2025-01-31,KAS_KELUAR,Kas Kecil165/ADL-LG/I/2025,Admin Bank,60.104.010 ADMINISTRASI BANK,10.101.001 KAS KECIL,2900
Lumiera Garden,2025-01-31,KAS_KELUAR,Kas Kecil165/ADL-LG/I/2025,BLT Marketing Kavling C-03,60.101.001 BLT,10.101.001 KAS KECIL,1000000
Lumiera Garden,2025-01-31,KAS_KELUAR,Kas Kecil165/ADL-LG/I/2025,Komisi Marketing Kavling C-03,60.101.002 INSENTIF/KOMISI,10.101.001 KAS KECIL,7935000
Lumiera Garden,2025-01-31,KAS_KELUAR,Kas Kecil164/ADL-LG/I/2025,Papan Kavling (4 pcs) uk 30x20 lb - StarOne,60.101.004 BEBAN ADVERTISING,10.101.001 KAS KECIL,12000
Lumiera Garden,2025-01-31,KAS_KELUAR,Kas Kecil163/ADL-LG/I/2025,Reimburse Pak Adhiwena (Meeting Direksi 30 Jan 2025) - Laluna,60.104.013 MEETING,10.101.001 KAS KECIL,203500
Lumiera Garden,2025-01-31,KAS_KELUAR,Kas Kecil163/ADL-LG/I/2025,Reimburse Pak Adhiwena (Bensin Innova),60.104.007 BENSIN OPERASIONAL,10.101.001 KAS KECIL,300000
Lumiera Garden,2025-01-31,KAS_KELUAR,Kas Kecil163/ADL-LG/I/2025,Reimburse Pak Adhiwena (Meeting Direksi 24 Jan 2025) - Warkop Agam,60.104.013 MEETING,10.101.001 KAS KECIL,207000
Lumiera Garden,2025-01-31,KAS_KELUAR,Kas Kecil163/ADL-LG/I/2025,Reimburse Pak Adhiwena (Weekly Meeting Pak Rendra),60.104.013 MEETING,10.101.001 KAS KECIL,187000
Lumiera Garden,2025-01-31,KAS_MASUK,Cash/TunaiCek : 620430,Pencairan Cek,10.101.002 CASH/TUNAI,10.101.004 SILANG KAS,200000000
Lumiera Garden,2025-01-30,KAS_MASUK,BCA PT. ASAKW 158,Pembayaran DP 2&3 Kavling C-02 an Fitria Amalia Dewi,10.101.003 BCA (8162440909 an PT. Adhiland Sukses Abadi),20.101.001 UANG MUKA,103700000
Lumiera Garden,2025-01-30,KAS_MASUK,BCA PT. ASAKW 155,"Pembayaran DP 2 Rukost Kavling C-03 an Tri Prasetyaningrum, SE., MM",10.101.003 BCA (8162440909 an PT. Adhiland Sukses Abadi),20.101.001 UANG MUKA,100000000
Lumiera Garden,2025-01-30,KAS_KELUAR,BCA PT. ASA148/ADL-LG/I/2025,Admin Bank,60.104.010 ADMINISTRASI BANK,10.101.003 BCA (8162440909 an PT. Adhiland Sukses Abadi),2500
Lumiera Garden,2025-01-30,KAS_KELUAR,BCA PT. ASA148/ADL-LG/I/2025,Pembayaran Termin Tanah Toherengga Islah KA,10.201.001 PERSEDIAAN TANAH,10.101.003 BCA (8162440909 an PT. Adhiland Sukses Abadi),150000000
Lumiera Garden,2025-01-30,KAS_KELUAR,BCA PT. ASA148/ADL-LG/I/2025,Admin Bank,60.104.010 ADMINISTRASI BANK,10.101.003 BCA (8162440909 an PT. Adhiland Sukses Abadi),2500
Lumiera Garden,2025-01-30,KAS_KELUAR,BCA PT. ASA148/ADL-LG/I/2025,Pembayaran Termin Tanah Toherengga Islah KA,10.201.001 PERSEDIAAN TANAH,10.101.003 BCA (8162440909 an PT. Adhiland Sukses Abadi),250000000
Lumiera Garden,2025-01-30,KAS_KELUAR,BCA PT. ASA148/ADL-LG/I/2025,Admin Bank,60.104.010 ADMINISTRASI BANK,10.101.003 BCA (8162440909 an PT. Adhiland Sukses Abadi),2500
Lumiera Garden,2025-01-30,KAS_KELUAR,BCA PT. ASA148/ADL-LG/I/2025,Pembayaran Termin Tanah Toherengga Islah KA,10.201.001 PERSEDIAAN TANAH,10.101.003 BCA (8162440909 an PT. Adhiland Sukses Abadi),250000000
Lumiera Garden,2025-01-30,KAS_KELUAR,BCA PT. ASA148/ADL-LG/I/2025,Admin Bank,60.104.010 ADMINISTRASI BANK,10.101.003 BCA (8162440909 an PT. Adhiland Sukses Abadi),2500
Lumiera Garden,2025-01-30,KAS_KELUAR,BCA PT. ASA148/ADL-LG/I/2025,Pembayaran Termin Tanah - Ingrid Permata Les,10.201.001 PERSEDIAAN TANAH,10.101.003 BCA (8162440909 an PT. Adhiland Sukses Abadi),200000000
Lumiera Garden,2025-01-30,KAS_MASUK,BCA PT. ASALK 11,"Pembayaran DP 1 Rukost Kavling LK-11 an Debora Asih Natalia Alle, ST.",10.101.003 BCA (8162440909 an PT. Adhiland Sukses Abadi),20.101.001 UANG MUKA,50000000
Lumiera Garden,2025-01-30,KAS_KELUAR,Kas Kecil,Pembayaran Termin Tanah Tohrengga,10.201.001 PERSEDIAAN TANAH,10.101.001 KAS KECIL,650000000
Lumiera Garden,2025-01-30,KAS_MASUK,Kas Kecil,Pinjaman dari Joyo Agung 2 (Termin Tanah Tohrengga),10.101.001 KAS KECIL,20.103.009 HUTANG JOYO AGUNG 2,650000000
Lumiera Garden,2025-01-28,KAS_MASUK,BCA PT. ASAKW 154,"Pembayaran DP 1 Hunian Kavling C-03 an Tri Prasetyaningrum, SE., MM",10.101.003 BCA (8162440909 an PT. Adhiland Sukses Abadi),20.101.001 UANG MUKA,60000000
Lumiera Garden,2025-01-27,KAS_MASUK,BCA PT. ASALK 4,ITJ Kavling LK-04 an Endah Kuswintari,10.101.003 BCA (8162440909 an PT. Adhiland Sukses Abadi),20.101.002 UANG TANDA JADI,5000000
Lumiera Garden,2025-01-27,KAS_MASUK,BCA PT. ASAKW 154,"ITJ Kavling C-03 an Tri Prasetyaningrum, SE., MM",10.101.003 BCA (8162440909 an PT. Adhiland Sukses Abadi),20.101.002 UANG TANDA JADI,5000000
Lumiera Garden,2025-01-27,KAS_MASUK,BCA PT. ASA,ITJ Kavling C-01 an Deny Widyo Purnama,10.101.003 BCA (8162440909 an PT. Adhiland Sukses Abadi),20.101.002 UANG TANDA JADI,5000000
Lumiera Garden,2025-01-26,KAS_MASUK,BCA PT. ASALK 10,Pembayaran Pelunasan Rukost Kavling LK-10 an Mochamad Yunus,10.101.003 BCA (8162440909 an PT. Adhiland Sukses Abadi),20.101.001 UANG MUKA,125000000
Lumiera Garden,2025-01-25,KAS_MASUK,BCA PT. ASALK 11,ITJ Kavling LK-11 an M. P Sitanggang,10.101.003 BCA (8162440909 an PT. Adhiland Sukses Abadi),20.101.002 UANG TANDA JADI,5000000
Lumiera Garden,2025-01-25,KAS_MASUK,BCA PT. ASAKW 153,Pembayaran DP 1 Hunian Kavling C-02 an Fitria Amalia Dewi,10.101.003 BCA (8162440909 an PT. Adhiland Sukses Abadi),20.101.001 UANG MUKA,50000000
Lumiera Garden,2025-01-25,KAS_KELUAR,BCA PT. ASA147/ADL-LG/I/2025,Pembelian Token Listrik Kawasan,60.104.003 TOKEN PLN,10.101.003 BCA (8162440909 an PT. Adhiland Sukses Abadi),502300
Lumiera Garden,2025-01-25,KAS_MASUK,BCA PT. ASAKW 153,ITJ Kavling C-02 an Fitria Amalia Dewi,10.101.003 BCA (8162440909 an PT. Adhiland Sukses Abadi),20.101.002 UANG TANDA JADI,5000000
Lumiera Garden,2025-01-25,KAS_MASUK,BCA PT. ASALK 10,Pembayaran Pelunasan Rukost Kavling LK-10 an Mochamad Yunus,10.101.003 BCA (8162440909 an PT. Adhiland Sukses Abadi),20.101.001 UANG MUKA,250000000
Lumiera Garden,2025-01-25,KAS_MASUK,BCA PT. ASALK 12,Pembayaran Pelunasan Rukost Kavling LK-12 an Fitria Agustina,10.101.003 BCA (8162440909 an PT. Adhiland Sukses Abadi),20.101.001 UANG MUKA,70000000
Lumiera Garden,2025-01-24,PENYESUAIAN,,Pindah Saldo,10.101.001 KAS KECIL,10.101.002 CASH/TUNAI,51100000
Lumiera Garden,2025-01-24,KAS_KELUAR,BCA PT. ASA146/ADL-LG/I/2025,Biaya Admin,60.104.010 ADMINISTRASI BANK,10.101.003 BCA (8162440909 an PT. Adhiland Sukses Abadi),2500
Lumiera Garden,2025-01-24,KAS_KELUAR,BCA PT. ASA146/ADL-LG/I/2025,Biaya cetak & pasang Visual Baliho Beji - Indo Citra Mandiri,60.101.004 BEBAN ADVERTISING,10.101.003 BCA (8162440909 an PT. Adhiland Sukses Abadi),1200000
Lumiera Garden,2025-01-24,KAS_KELUAR,BCA PT. ASA146/ADL-LG/I/2025,Biaya ganti gambar Exit Tol Singosari Kab Malang - CV. Kaffa Sejati,60.101.004 BEBAN ADVERTISING,10.101.003 BCA (8162440909 an PT. Adhiland Sukses Abadi),2500000
Lumiera Garden,2025-01-24,KAS_KELUAR,BCA PT. ASA145/ADL-LG/I/2025,Biaya Penurunan & Pemasangan Billboard (5m x 10m) - mm/ad,60.101.004 BEBAN ADVERTISING,10.101.003 BCA (8162440909 an PT. Adhiland Sukses Abadi),1000000
Lumiera Garden,2025-01-24,KAS_KELUAR,BCA PT. ASA145/ADL-LG/I/2025,Printing Billborad (5m x 10m) - mm/ad,60.101.004 BEBAN ADVERTISING,10.101.003 BCA (8162440909 an PT. Adhiland Sukses Abadi),1750000
Lumiera Garden,2025-01-24,KAS_KELUAR,BCA PT. ASA144/ADL-LG/I/2025,Pelunasan Seragam Kemeja PDH / 10 pcs - Baboon T-Shirt Garment,60.104.001 OPERASIONAL KANTOR,10.101.003 BCA (8162440909 an PT. Adhiland Sukses Abadi),925000
Lumiera Garden,2025-01-24,KAS_KELUAR,BCA PT. ASA143/ADL-LG/I/2025,Reimburse Pak Dedy (Smartcase Ipad / 999AC),60.104.001 OPERASIONAL KANTOR,10.101.003 BCA (8162440909 an PT. Adhiland Sukses Abadi),250000
Lumiera Garden,2025-01-24,KAS_KELUAR,BCA PT. ASA142/ADL-LG/I/2025,Pembelian Penutup Samping Transparan 2 sisi - Istana Jaya Tenda,11.101.001 PERALATAN KANTOR,10.101.003 BCA (8162440909 an PT. Adhiland Sukses Abadi),500000
Lumiera Garden,2025-01-24,KAS_KELUAR,BCA PT. ASA141/ADL-LG/I/2025,Reimburse Pak Rula (Pembelian Pupuk),60.104.001 OPERASIONAL KANTOR,10.101.003 BCA (8162440909 an PT. Adhiland Sukses Abadi),102000
Lumiera Garden,2025-01-24,KAS_KELUAR,BCA PT. ASA141/ADL-LG/I/2025,"Reimburse Pak Rula (Pembelian Box Panel, Lampu 100w, dan Kabel 2x1,5 / Gajayana Electronic)",10.202.008 TAMAN DAN PENGHIJAUAN,10.101.003 BCA (8162440909 an PT. Adhiland Sukses Abadi),1100000
Lumiera Garden,2025-01-24,KAS_KELUAR,BCA PT. ASA137/ADL-LG/I/2025 II Cek : 0620429,Pekerjaan 100% Plengsengan (29/SPK/XII/2024) - Arifin,10.202.041 PLENGSENG,10.101.003 BCA (8162440909 an PT. Adhiland Sukses Abadi),200000000
Lumiera Garden,2025-01-24,KAS_KELUAR,BCA PT. ASA140/ADL-LG/I/2025,PO Paving 1/2 Block /15 m2 & Tutup Bico /26 pcs (No.KW 1991/FI-SO/XII/2024) - Focon,10.202.004 PAVING,10.101.003 BCA (8162440909 an PT. Adhiland Sukses Abadi),3507600
Lumiera Garden,2025-01-24,KAS_KELUAR,BCA PT. ASA139/ADL-LG/I/2025,PO NRCP / 15 pcs (No.KW 1872/FI-SO/XI/2024) - Focon,10.202.005 SALURAN,10.101.003 BCA (8162440909 an PT. Adhiland Sukses Abadi),6993000
Lumiera Garden,2025-01-24,KAS_KELUAR,BCA PT. ASA138/ADL-LG/I/2025,Sewa EXA PC 78 / 42 Jam (14 - 20 Januari 2025) - Izuddin,10.202.003 PERATAAN TANAH/CUT & FILL,10.101.003 BCA (8162440909 an PT. Adhiland Sukses Abadi),14070000
Lumiera Garden,2025-01-24,KAS_MASUK,BCA PT. ASALK 12,Pembayaran Pelunasan Rukost Kavling LK-12 an Fitria Agustina,10.101.003 BCA (8162440909 an PT. Adhiland Sukses Abadi),20.101.001 UANG MUKA,500000000
Lumiera Garden,2025-01-24,KAS_KELUAR,Cash/Tunai,Pinjaman untuk Sigura-Gura (Pembayaran Pengajuan 240125),10.102.010 PIUTANG SIGURA-GURA,10.101.002 CASH/TUNAI,73900000
Lumiera Garden,2025-01-24,KAS_KELUAR,Kas Kecil137/ADL-LG/I/2025,Pekerjaan 100% Plengsengan (29/SPK/XII/2024) - Arifin,10.202.041 PLENGSENG,10.101.001 KAS KECIL,50000000
Lumiera Garden,2025-01-22,KAS_KELUAR,Cash/Tunai,Pinjaman untuk Sigura-Gura (Sumur Bor B05),10.102.010 PIUTANG SIGURA-GURA,10.101.002 CASH/TUNAI,950000
Lumiera Garden,2025-01-21,KAS_KELUAR,BCA PT. ASA135/ADL-LG/I/2025,DP Seragam Kemeja PDH (10 pcs) - Baboon T-Shirt Garment,60.104.001 OPERASIONAL KANTOR,10.101.003 BCA (8162440909 an PT. Adhiland Sukses Abadi),925000
Lumiera Garden,2025-01-21,KAS_KELUAR,Cash/Tunai,Pinjaman untuk Joyo Agung (Komisi RK-01),10.102.012 PIUTANG JOYO AGUNG 2,10.101.002 CASH/TUNAI,10000000
Lumiera Garden,2025-01-20,KAS_KELUAR,Kas Kecil(11) Royal ATK,Pembelian Kertas HVS A4 (maxi brite) & Map Business File,60.104.001 OPERASIONAL KANTOR,10.101.001 KAS KECIL,94000
Lumiera Garden,2025-01-20,KAS_KELUAR,Kas Kecil(10) Grosir Pokok Berkah,Pembelian Cleo Galon Refil (3pcs),60.104.001 OPERASIONAL KANTOR,10.101.001 KAS KECIL,52500
Lumiera Garden,2025-01-20,KAS_KELUAR,Cash/Tunai,Pinjaman untuk Sigura-gura (Belanja Kebutuhan A07 & Budgeting CRD),10.102.010 PIUTANG SIGURA-GURA,10.101.002 CASH/TUNAI,10000000
Lumiera Garden,2025-01-18,KAS_KELUAR,Cash/Tunai,Pinjaman untuk Sigura-gura (Pengembalian Hutang Pak Sam),10.102.010 PIUTANG SIGURA-GURA,10.101.002 CASH/TUNAI,1212500000
Lumiera Garden,2025-01-17,KAS_KELUAR,BCA PT. ASA134/ADL-LG/I/2025,DP EXPO MOG (22 Jan - 2 Feb 2025) - Ilhami Organizer,60.101.006 EXPO,10.101.003 BCA (8162440909 an PT. Adhiland Sukses Abadi),20000000
Lumiera Garden,2025-01-17,KAS_KELUAR,BCA PT. ASA133/ADL-LG/I/2025,Termin I (40%) Animasi 3D (202501/I/10) - RURA,60.101.004 BEBAN ADVERTISING,10.101.003 BCA (8162440909 an PT. Adhiland Sukses Abadi),3200000
Lumiera Garden,2025-01-17,KAS_KELUAR,BCA PT. ASA132/ADL-LG/I/2025,Biaya Admin,60.104.010 ADMINISTRASI BANK,10.101.003 BCA (8162440909 an PT. Adhiland Sukses Abadi),2500
Lumiera Garden,2025-01-17,KAS_KELUAR,BCA PT. ASA132/ADL-LG/I/2025,Ganti Visual Mini Billboard uk 2x3 (5 unit) - StarOne,60.101.004 BEBAN ADVERTISING,10.101.003 BCA (8162440909 an PT. Adhiland Sukses Abadi),1650000
Lumiera Garden,2025-01-17,KAS_KELUAR,BCA PT. ASA131/ADL-LG/I/2025,Reimburse Pak Dedy (Bensin Operational),60.104.007 BENSIN OPERASIONAL,10.101.003 BCA (8162440909 an PT. Adhiland Sukses Abadi),200000
Lumiera Garden,2025-01-17,KAS_KELUAR,BCA PT. ASA130/ADL-LG/I/2025,Brosur Lumiera Garden / 2770 pcs,60.101.004 BEBAN ADVERTISING,10.101.003 BCA (8162440909 an PT. Adhiland Sukses Abadi),11634000
Lumiera Garden,2025-01-17,KAS_KELUAR,BCA PT. ASA129/ADL-LG/I/2025,Biaya Admin,60.104.010 ADMINISTRASI BANK,10.101.003 BCA (8162440909 an PT. Adhiland Sukses Abadi),2500
Lumiera Garden,2025-01-17,KAS_KELUAR,BCA PT. ASA129/ADL-LG/I/2025,Tatakan Laptop (Mila),60.104.001 OPERASIONAL KANTOR,10.101.003 BCA (8162440909 an PT. Adhiland Sukses Abadi),70000
Lumiera Garden,2025-01-17,KAS_KELUAR,BCA PT. ASA129/ADL-LG/I/2025,Mousepadd (mila),60.104.001 OPERASIONAL KANTOR,10.101.003 BCA (8162440909 an PT. Adhiland Sukses Abadi),15000
Lumiera Garden,2025-01-17,KAS_KELUAR,BCA PT. ASA129/ADL-LG/I/2025,Inbex Lighting,11.101.001 PERALATAN KANTOR,10.101.003 BCA (8162440909 an PT. Adhiland Sukses Abadi),786100
Lumiera Garden,2025-01-17,KAS_KELUAR,BCA PT. ASA129/ADL-LG/I/2025,Tripod Kamera,11.101.001 PERALATAN KANTOR,10.101.003 BCA (8162440909 an PT. Adhiland Sukses Abadi),298700
Lumiera Garden,2025-01-17,KAS_KELUAR,BCA PT. ASA128/ADL-LG/I/2025,Reimburse Pak Rula (Bensin Operasional),60.104.007 BENSIN OPERASIONAL,10.101.003 BCA (8162440909 an PT. Adhiland Sukses Abadi),300000
Lumiera Garden,2025-01-17,KAS_KELUAR,BCA PT. ASA128/ADL-LG/I/2025,Reimburse Pak Rula (Meeting Teknik),60.104.013 MEETING,10.101.003 BCA (8162440909 an PT. Adhiland Sukses Abadi),145000
Lumiera Garden,2025-01-17,KAS_KELUAR,BCA PT. ASA127/ADL-LG/I/2025,"PO Paving Abu k-400 / 113,58 M2 (No. KW 1945/FI-SO/XII/2024) - Focon",10.202.004 PAVING,10.101.003 BCA (8162440909 an PT. Adhiland Sukses Abadi),9833756
Lumiera Garden,2025-01-17,KAS_KELUAR,BCA PT. ASA126/ADL-LG/I/2025,Sewa PC 78 / 33 Jam (08 Jan - 13 Jan 2025) - Izuddin,10.202.003 PERATAAN TANAH/CUT & FILL,10.101.003 BCA (8162440909 an PT. Adhiland Sukses Abadi),11055000
Lumiera Garden,2025-01-17,KAS_KELUAR,BCA PT. ASA125/ADL-LG/I/2025,Listrik Kawasan (ID:513111484250),60.104.003 TOKEN PLN,10.101.003 BCA (8162440909 an PT. Adhiland Sukses Abadi),203000
Lumiera Garden,2025-01-16,KAS_KELUAR,BCA PT. ASACek : 620428,Tarikan Tunai,10.101.004 SILANG KAS,10.101.003 BCA (8162440909 an PT. Adhiland Sukses Abadi),1100000000
Lumiera Garden,2025-01-16,KAS_MASUK,Cash/TunaiCek : 620428,Pencairan Cek,10.101.002 CASH/TUNAI,10.101.004 SILANG KAS,1100000000
Lumiera Garden,2025-01-14,KAS_KELUAR,Cash/Tunai136/ADL-LG/I/2025,Biaya Admin (Kartika Sari),11.103.001 KENDARAAN,10.101.002 CASH/TUNAI,9000000
Lumiera Garden,2025-01-14,KAS_KELUAR,Cash/Tunai136/ADL-LG/I/2025,Pembayaran Pelunasan DP Innova,11.103.001 KENDARAAN,10.101.002 CASH/TUNAI,16264358
Lumiera Garden,2025-01-14,KAS_KELUAR,Kas Kecil(9) Toko Wongkamfoeng,"Pembelian Teh, Minyak, Sabun, Kopi, dan Gunting Kecil",60.104.001 OPERASIONAL KANTOR,10.101.001 KAS KECIL,131400
Lumiera Garden,2025-01-14,KAS_KELUAR,Kas Kecil(8) Aslam - Sale No : 81417,"Pembelian Tinta Printer Canon G2000 (C,M,K)",60.104.001 OPERASIONAL KANTOR,10.101.001 KAS KECIL,199000
Lumiera Garden,2025-01-10,KAS_KELUAR,BCA PT. Adhiland Sukses Abadi121/ADL-LG/I/2025,Refund ITJ LK-11 an Endah Masofi,20.101.002 UANG TANDA JADI,10.101.003 BCA (8162440909 an PT. Adhiland Sukses Abadi),5000000
Lumiera Garden,2025-01-10,KAS_KELUAR,BCA PT. ASA124/ADL-LG/I/2025,Admin Bank,60.104.010 ADMINISTRASI BANK,10.101.003 BCA (8162440909 an PT. Adhiland Sukses Abadi),2500
Lumiera Garden,2025-01-10,KAS_KELUAR,BCA PT. ASA124/ADL-LG/I/2025,Uang Makan Expo Matos (18 Desember 2024 - 5 Januari 2025) - Ika,60.101.006 EXPO,10.101.003 BCA (8162440909 an PT. Adhiland Sukses Abadi),450000
Lumiera Garden,2025-01-10,KAS_KELUAR,BCA PT. ASA124/ADL-LG/I/2025,Uang Makan Expo Matos (18 Desember 2024 - 5 Januari 2025) - Achmad,60.101.006 EXPO,10.101.003 BCA (8162440909 an PT. Adhiland Sukses Abadi),650000
Lumiera Garden,2025-01-10,KAS_KELUAR,BCA PT. ASA124/ADL-LG/I/2025,Uang Makan Expo Matos (18 Desember 2024 - 5 Januari 2025) - Adib,60.101.006 EXPO,10.101.003 BCA (8162440909 an PT. Adhiland Sukses Abadi),750000
Lumiera Garden,2025-01-10,KAS_KELUAR,BCA PT. ASA124/ADL-LG/I/2025,Admin Bank,60.104.010 ADMINISTRASI BANK,10.101.003 BCA (8162440909 an PT. Adhiland Sukses Abadi),2500
Lumiera Garden,2025-01-10,KAS_KELUAR,BCA PT. ASA124/ADL-LG/I/2025,Uang Makan Expo Matos (18 Desember 2024 - 5 Januari 2025) - Iwan,60.101.006 EXPO,10.101.003 BCA (8162440909 an PT. Adhiland Sukses Abadi),400000
Lumiera Garden,2025-01-10,KAS_KELUAR,BCA PT. ASA124/ADL-LG/I/2025,Uang Makan Expo Matos (18 Desember 2024 - 5 Januari 2025) - Wiya,60.101.006 EXPO,10.101.003 BCA (8162440909 an PT. Adhiland Sukses Abadi),550000
Lumiera Garden,2025-01-10,KAS_KELUAR,BCA PT. ASA124/ADL-LG/I/2025,Uang Makan Expo Matos (18 Desember 2024 - 5 Januari 2025) - Dinda,60.101.006 EXPO,10.101.003 BCA (8162440909 an PT. Adhiland Sukses Abadi),450000
Lumiera Garden,2025-01-10,KAS_KELUAR,BCA PT. ASA124/ADL-LG/I/2025,Uang Makan Expo Matos (18 Desember 2024 - 5 Januari 2025) - Aan,60.101.006 EXPO,10.101.003 BCA (8162440909 an PT. Adhiland Sukses Abadi),500000
Lumiera Garden,2025-01-10,KAS_KELUAR,BCA PT. ASA123/ADL-LG/I/2025,DP Open Table MOG (1-31 Januari 2025),60.101.006 EXPO,10.101.003 BCA (8162440909 an PT. Adhiland Sukses Abadi),18525000
Lumiera Garden,2025-01-10,KAS_KELUAR,BCA PT. ASA122/ADL-LG/I/2025,Ijin & Pajak - Sigmaprint,60.101.004 BEBAN ADVERTISING,10.101.003 BCA (8162440909 an PT. Adhiland Sukses Abadi),20250000
Lumiera Garden,2025-01-10,KAS_KELUAR,BCA PT. ASA122/ADL-LG/I/2025,Pasang Bambu - Sigmaprint,60.101.004 BEBAN ADVERTISING,10.101.003 BCA (8162440909 an PT. Adhiland Sukses Abadi),14850000
Lumiera Garden,2025-01-10,KAS_KELUAR,BCA PT. ASA122/ADL-LG/I/2025,Cetak V Banner 260 x 90 - Sigmaprint,60.101.004 BEBAN ADVERTISING,10.101.003 BCA (8162440909 an PT. Adhiland Sukses Abadi),17325000
Lumiera Garden,2025-01-10,KAS_KELUAR,BCA PT. ASA121/ADL-LG/I/2025,Admin Bank,60.104.010 ADMINISTRASI BANK,10.101.003 BCA (8162440909 an PT. Adhiland Sukses Abadi),2500
Lumiera Garden,2025-01-10,KAS_KELUAR,BCA PT. ASA120/ADL-LG/I/2025,"Waarmerking Kavling LK-10 an Mochamad Yunus, Ir",60.104.023 BIAYA ADMINISTRASI WAARMERKING,10.101.003 BCA (8162440909 an PT. Adhiland Sukses Abadi),250000
Lumiera Garden,2025-01-10,KAS_KELUAR,BCA PT. ASA120/ADL-LG/I/2025,Waarmerking Kavling LK-06 an Ninik Yulaikah,60.104.023 BIAYA ADMINISTRASI WAARMERKING,10.101.003 BCA (8162440909 an PT. Adhiland Sukses Abadi),250000
Lumiera Garden,2025-01-10,KAS_KELUAR,BCA PT. ASA120/ADL-LG/I/2025,Waarmerking Kavling LK-02 an Etty Parawati,60.104.023 BIAYA ADMINISTRASI WAARMERKING,10.101.003 BCA (8162440909 an PT. Adhiland Sukses Abadi),250000
Lumiera Garden,2025-01-10,KAS_KELUAR,BCA PT. ASA119/ADL-LG/I/2025,Reimburse Pak Sugeng Pembelian Alat Kebersihan (Sikat Sodok&Cikrak),60.104.001 OPERASIONAL KANTOR,10.101.003 BCA (8162440909 an PT. Adhiland Sukses Abadi),52000
Lumiera Garden,2025-01-10,KAS_KELUAR,BCA PT. ASA119/ADL-LG/I/2025,Reimburse Pak Sugeng Pembelian Bensin Alkon,60.104.001 OPERASIONAL KANTOR,10.101.003 BCA (8162440909 an PT. Adhiland Sukses Abadi),125000
Lumiera Garden,2025-01-10,KAS_KELUAR,BCA PT. ASA119/ADL-LG/I/2025,Reimburse Pak Sugeng Pembelian Le Mineral (BM Mart),60.104.001 OPERASIONAL KANTOR,10.101.003 BCA (8162440909 an PT. Adhiland Sukses Abadi),22000
Lumiera Garden,2025-01-10,KAS_KELUAR,BCA PT. ASA119/ADL-LG/I/2025,Reimburse Pak Sugeng Pembayaran Air Kerja Lokasi,60.104.004 TAGIHAN PDAM,10.101.003 BCA (8162440909 an PT. Adhiland Sukses Abadi),200000
Lumiera Garden,2025-01-10,KAS_KELUAR,BCA PT. ASA118/ADL-LG/I/2025,Sewa Dump Truk (06 Jan 2025) - Amiet Sewu,10.202.003 PERATAAN TANAH/CUT & FILL,10.101.003 BCA (8162440909 an PT. Adhiland Sukses Abadi),600000
Lumiera Garden,2025-01-10,KAS_KELUAR,BCA PT. ASA118/ADL-LG/I/2025,Kirim Bongkaran 6 rit (10 Des - 21 Des 2024) - Amiet Sewu,10.202.003 PERATAAN TANAH/CUT & FILL,10.101.003 BCA (8162440909 an PT. Adhiland Sukses Abadi),750000
Lumiera Garden,2025-01-10,KAS_KELUAR,BCA PT. ASA117/ADL-LG/I/2025,Token Listrik Ruko Suhat (ID Pel : 513110771875),60.104.003 TOKEN PLN,10.101.003 BCA (8162440909 an PT. Adhiland Sukses Abadi),1002500
Lumiera Garden,2025-01-10,KAS_MASUK,BCA PT. ASALK 3,Pembayaran DP Kavling LK-03 an Rachmadiana Sari,10.101.003 BCA (8162440909 an PT. Adhiland Sukses Abadi),20.101.001 UANG MUKA,500000000
Lumiera Garden,2025-01-10,KAS_KELUAR,Cash/Tunai,Pinjaman untuk Sigura-gura (Reimburse Pak Rula - Smartlock B05),10.102.010 PIUTANG SIGURA-GURA,10.101.002 CASH/TUNAI,3000000
Lumiera Garden,2025-01-10,KAS_KELUAR,Cash/Tunai168/ADL-LG/I/2025,Reimburse Pak Dian (Pembelian Material bantu taman),10.202.008 TAMAN DAN PENGHIJAUAN,10.101.002 CASH/TUNAI,70000
Lumiera Garden,2025-01-10,KAS_KELUAR,Cash/Tunai116/ADL-LG/I/2025,Reimburse Pak Rula (Pembelian Lampu Taman),10.202.008 TAMAN DAN PENGHIJAUAN,10.101.002 CASH/TUNAI,2585000
Lumiera Garden,2025-01-10,KAS_KELUAR,Cash/Tunai116/ADL-LG/I/2025,Reimburse Pak Rula (Meeting dengan Perencana - Teras Kota),60.104.013 MEETING,10.101.002 CASH/TUNAI,375000
Lumiera Garden,2025-01-10,KAS_KELUAR,Cash/Tunai115/ADL-LG/I/2025,PO Kanstein & Paving (CO 01228/FC-SO/XII/24) - Focon,10.202.004 PAVING,10.101.002 CASH/TUNAI,85315310
Lumiera Garden,2025-01-10,KAS_KELUAR,Cash/Tunai114/ADL-LG/I/2025,Sewa EXA PC 78 / 34 jam (02-07 Jan 2025) - Izuddin,10.202.003 PERATAAN TANAH/CUT & FILL,10.101.002 CASH/TUNAI,11390000
Lumiera Garden,2025-01-10,KAS_KELUAR,Cash/Tunai114/ADL-LG/I/2025,"Sewa EXA PC 78 / 39,5 jam (25-31 Des 2024) - Izuddin",10.202.003 PERATAAN TANAH/CUT & FILL,10.101.002 CASH/TUNAI,13232500
Lumiera Garden,2025-01-10,KAS_KELUAR,Cash/Tunai113/ADL-LG/I/2025,Reimburse Pak Adhi (Propertax Training),60.104.016 TRAINING KARYAWAN,10.101.002 CASH/TUNAI,1500000
Lumiera Garden,2025-01-10,KAS_KELUAR,Cash/Tunai113/ADL-LG/I/2025,Reimburse Pak Adhi (Meeting Tahunan dengan P. Rendra),60.104.013 MEETING,10.101.002 CASH/TUNAI,801800
Lumiera Garden,2025-01-10,KAS_KELUAR,Cash/Tunai112/ADL-LG/I/2025,Komisi Marcomm Kavling LK-03,60.101.002 INSENTIF/KOMISI,10.101.002 CASH/TUNAI,71250
Lumiera Garden,2025-01-10,KAS_KELUAR,Cash/Tunai112/ADL-LG/I/2025,Komisi Marcomm Kavling LK-03,60.101.002 INSENTIF/KOMISI,10.101.002 CASH/TUNAI,71250
Lumiera Garden,2025-01-10,KAS_KELUAR,Cash/Tunai112/ADL-LG/I/2025,Komisi Marcomm Kavling LK-03,60.101.002 INSENTIF/KOMISI,10.101.002 CASH/TUNAI,109250
Lumiera Garden,2025-01-10,KAS_KELUAR,Cash/Tunai112/ADL-LG/I/2025,Komisi Marcomm Kavling LK-03,60.101.002 INSENTIF/KOMISI,10.101.002 CASH/TUNAI,223250
Lumiera Garden,2025-01-10,KAS_KELUAR,Cash/Tunai112/ADL-LG/I/2025,Komisi Direktur Teknik Kavling LK-03,60.101.002 INSENTIF/KOMISI,10.101.002 CASH/TUNAI,1900000
Lumiera Garden,2025-01-10,KAS_KELUAR,Cash/Tunai112/ADL-LG/I/2025,Komisi Komisaris Kavling LK-03,60.101.002 INSENTIF/KOMISI,10.101.002 CASH/TUNAI,1900000
Lumiera Garden,2025-01-10,KAS_KELUAR,Cash/Tunai112/ADL-LG/I/2025,Komisi Direktur B&D Kavling LK-03,60.101.002 INSENTIF/KOMISI,10.101.002 CASH/TUNAI,1900000
Lumiera Garden,2025-01-10,KAS_KELUAR,Cash/Tunai112/ADL-LG/I/2025,Komisi Direktur Operasional Kavling LK-03,60.101.002 INSENTIF/KOMISI,10.101.002 CASH/TUNAI,1900000
Lumiera Garden,2025-01-10,KAS_KELUAR,Cash/Tunai112/ADL-LG/I/2025,Komisi Direktur Utama Kavling LK-03,60.101.002 INSENTIF/KOMISI,10.101.002 CASH/TUNAI,1900000
Lumiera Garden,2025-01-10,KAS_KELUAR,Cash/Tunai112/ADL-LG/I/2025,BLT SPV Marketing Kavling LK-03,60.101.001 BLT,10.101.002 CASH/TUNAI,2000000
Lumiera Garden,2025-01-10,KAS_KELUAR,Cash/Tunai112/ADL-LG/I/2025,Komisi SPV Marketing Kavling LK-03,60.101.002 INSENTIF/KOMISI,10.101.002 CASH/TUNAI,4750000
Lumiera Garden,2025-01-10,KAS_KELUAR,Cash/Tunai112/ADL-LG/I/2025,BLT Marketing Kavling LK-03,60.101.001 BLT,10.101.002 CASH/TUNAI,1000000
Lumiera Garden,2025-01-10,KAS_KELUAR,Cash/Tunai112/ADL-LG/I/2025,Komisi Marketing Kavling LK-03,60.101.002 INSENTIF/KOMISI,10.101.002 CASH/TUNAI,14250000
Lumiera Garden,2025-01-09,KAS_KELUAR,Kas Kecil(7) POS Indonesia,Pengiriman berkas PPJB LK-12 an Fitria Agustina + Parkir Motor,60.104.009 PERANGKO/KIRIMAN SRT & DOK,10.101.001 KAS KECIL,19000
Lumiera Garden,2025-01-09,KAS_KELUAR,Kas Kecil(6) POS Indonesia,Pengiriman berkas PPJB LK-10 an Mochamad Yunus,60.104.009 PERANGKO/KIRIMAN SRT & DOK,10.101.001 KAS KECIL,20000
Lumiera Garden,2025-01-09,KAS_KELUAR,Kas Kecil(5) POS Indonesia,Pengiriman berkas PPJB LK-03 an Rachmadiana Sari,60.104.009 PERANGKO/KIRIMAN SRT & DOK,10.101.001 KAS KECIL,57500
Lumiera Garden,2025-01-09,KAS_KELUAR,Kas Kecil(4) POS Indonesia,Pengiriman berkas PPJB LK-02 an Etty Parawati,60.104.009 PERANGKO/KIRIMAN SRT & DOK,10.101.001 KAS KECIL,17000
Lumiera Garden,2025-01-09,KAS_KELUAR,Kas Kecil(3) Wijaya Soekarno Hatta,Map Tali Airmail untuk kirim PPJB,60.104.009 PERANGKO/KIRIMAN SRT & DOK,10.101.001 KAS KECIL,4500
Lumiera Garden,2025-01-08,KAS_KELUAR,Kas Kecil,Pinjaman untuk Sigura-Gura (Exhaust Fan Kavling B05),10.102.010 PIUTANG SIGURA-GURA,10.101.001 KAS KECIL,3150000
Lumiera Garden,2025-01-08,KAS_KELUAR,Kas Kecil(2) WLY Catering,Pembelian Nasi Kotak (Meeting Marketing) + Parkir,60.104.013 MEETING,10.101.001 KAS KECIL,392000
Lumiera Garden,2025-01-07,KAS_MASUK,BCA PT. ASALK 12,Pembayaran DP I Kavling LK-12 an Fitria Agustina,10.101.003 BCA (8162440909 an PT. Adhiland Sukses Abadi),20.101.001 UANG MUKA,300000000
Lumiera Garden,2025-01-07,KAS_KELUAR,Cash/Tunai111/ADL-LG/I/2025,Komisi Marcomm Kavling LK-12,60.101.002 INSENTIF/KOMISI,10.101.002 CASH/TUNAI,65625
Lumiera Garden,2025-01-07,KAS_KELUAR,Cash/Tunai111/ADL-LG/I/2025,Komisi Marcomm Kavling LK-12,60.101.002 INSENTIF/KOMISI,10.101.002 CASH/TUNAI,65625
Lumiera Garden,2025-01-07,KAS_KELUAR,Cash/Tunai111/ADL-LG/I/2025,Komisi Marcomm Kavling LK-12,60.101.002 INSENTIF/KOMISI,10.101.002 CASH/TUNAI,100625
Lumiera Garden,2025-01-07,KAS_KELUAR,Cash/Tunai111/ADL-LG/I/2025,Komisi Marcomm Kavling LK-12,60.101.002 INSENTIF/KOMISI,10.101.002 CASH/TUNAI,205625
Lumiera Garden,2025-01-07,KAS_KELUAR,Cash/Tunai111/ADL-LG/I/2025,Komisi Direktur Teknik Kavling LK-12,60.101.002 INSENTIF/KOMISI,10.101.002 CASH/TUNAI,1750000
Lumiera Garden,2025-01-07,KAS_KELUAR,Cash/Tunai111/ADL-LG/I/2025,Komisi Komisaris Kavling LK-12,60.101.002 INSENTIF/KOMISI,10.101.002 CASH/TUNAI,1750000
Lumiera Garden,2025-01-07,KAS_KELUAR,Cash/Tunai111/ADL-LG/I/2025,Komisi Direktur B&D Kavling LK-12,60.101.002 INSENTIF/KOMISI,10.101.002 CASH/TUNAI,1750000
Lumiera Garden,2025-01-07,KAS_KELUAR,Cash/Tunai111/ADL-LG/I/2025,Komisi Direktur Operasional Kavling LK-12,60.101.002 INSENTIF/KOMISI,10.101.002 CASH/TUNAI,1750000
Lumiera Garden,2025-01-07,KAS_KELUAR,Cash/Tunai111/ADL-LG/I/2025,Komisi Direktur Utama Kavling LK-12,60.101.002 INSENTIF/KOMISI,10.101.002 CASH/TUNAI,1750000
Lumiera Garden,2025-01-07,KAS_KELUAR,Cash/Tunai111/ADL-LG/I/2025,BLT SPV Marketing Kavling LK-12,60.101.001 BLT,10.101.002 CASH/TUNAI,2000000
Lumiera Garden,2025-01-07,KAS_KELUAR,Cash/Tunai111/ADL-LG/I/2025,Komisi SPV Marketing Kavling LK-12,60.101.002 INSENTIF/KOMISI,10.101.002 CASH/TUNAI,4375000
Lumiera Garden,2025-01-07,KAS_KELUAR,Cash/Tunai111/ADL-LG/I/2025,BLT Marketing Kavling LK-12,60.101.001 BLT,10.101.002 CASH/TUNAI,1000000
Lumiera Garden,2025-01-07,KAS_KELUAR,Cash/Tunai111/ADL-LG/I/2025,Komisi Marketing Kavling LK-12,60.101.002 INSENTIF/KOMISI,10.101.002 CASH/TUNAI,13125000
Lumiera Garden,2025-01-06,KAS_KELUAR,BCA PT. ASA010/ADL-LG/I/2025,Booking Mobil Operasional,11.103.001 KENDARAAN,10.101.003 BCA (8162440909 an PT. Adhiland Sukses Abadi),5000000
Lumiera Garden,2025-01-06,KAS_KELUAR,BCA PT. ASA109/ADL-LG/I/2025,Pembayaran mesin alkon air teknik,11.102.001 PERALATAN TEKNIK,10.101.003 BCA (8162440909 an PT. Adhiland Sukses Abadi),4500000
Lumiera Garden,2025-01-06,KAS_KELUAR,Cash/Tunai,Pinjaman untuk Sigura-Gura (Pembelian AC B05),10.102.010 PIUTANG SIGURA-GURA,10.101.002 CASH/TUNAI,27000000
Lumiera Garden,2025-01-06,KAS_KELUAR,Kas Kecil(1) Grosir Pokok Berkah,Pembelian Cleo Galon Refil (3pcs),60.104.001 OPERASIONAL KANTOR,10.101.001 KAS KECIL,52500
Lumiera Garden,2025-01-03,KAS_KELUAR,BCA PT. ASA097/ADL-LG/I/2025,Biaya Admin,60.104.010 ADMINISTRASI BANK,10.101.003 BCA (8162440909 an PT. Adhiland Sukses Abadi),2500
Lumiera Garden,2025-01-03,KAS_KELUAR,BCA PT. ASA097/ADL-LG/I/2025,Pembayaran Ads,60.101.005 BEBAN DIGITAL ADS,10.101.003 BCA (8162440909 an PT. Adhiland Sukses Abadi),20000000
Lumiera Garden,2025-01-03,KAS_KELUAR,BCA PT. ASA096/ADL-LG/I/2025,Biaya Admin,60.104.010 ADMINISTRASI BANK,10.101.003 BCA (8162440909 an PT. Adhiland Sukses Abadi),2500
Lumiera Garden,2025-01-03,KAS_KELUAR,BCA PT. ASA096/ADL-LG/I/2025,Reimburse Bella Tele (Tambahan Biaya untuk hp Call Center),11.101.001 PERALATAN KANTOR,10.101.003 BCA (8162440909 an PT. Adhiland Sukses Abadi),300000
Lumiera Garden,2025-01-03,KAS_KELUAR,BCA PT. ASA095/ADL-LG/I/2025,Reimburse Mas Amin (Konsumsi & Marketing Tools),60.104.001 OPERASIONAL KANTOR,10.101.003 BCA (8162440909 an PT. Adhiland Sukses Abadi),152500
Lumiera Garden,2025-01-03,KAS_KELUAR,BCA PT. ASA095/ADL-LG/I/2025,Reimburse Mas Amin (Bensin Avanza),60.104.007 BENSIN OPERASIONAL,10.101.003 BCA (8162440909 an PT. Adhiland Sukses Abadi),200000
Lumiera Garden,2025-01-03,KAS_KELUAR,BCA PT. ASA094/ADL-LG/I/2025,Biaya Admin,60.104.010 ADMINISTRASI BANK,10.101.003 BCA (8162440909 an PT. Adhiland Sukses Abadi),2500
Lumiera Garden,2025-01-03,KAS_KELUAR,BCA PT. ASA094/ADL-LG/I/2025,Lanyard + Id Card (10 pcs),60.101.004 BEBAN ADVERTISING,10.101.003 BCA (8162440909 an PT. Adhiland Sukses Abadi),540000
Lumiera Garden,2025-01-03,KAS_KELUAR,BCA PT. ASA093/ADL-LG/I/2025,Siteplan 3 project + Sticker Siteplan + Kisscut,60.101.004 BEBAN ADVERTISING,10.101.003 BCA (8162440909 an PT. Adhiland Sukses Abadi),175500
Lumiera Garden,2025-01-03,KAS_KELUAR,BCA PT. ASA092/ADL-LG/I/2025,Waarmerking LK-09 Dwi Mulyono - Notaris Ika,60.104.023 BIAYA ADMINISTRASI WAARMERKING,10.101.003 BCA (8162440909 an PT. Adhiland Sukses Abadi),250000
Lumiera Garden,2025-01-03,KAS_KELUAR,BCA PT. ASA092/ADL-LG/I/2025,Waarmerking LK-07 Henny Susanti - Notaris Ika,60.104.023 BIAYA ADMINISTRASI WAARMERKING,10.101.003 BCA (8162440909 an PT. Adhiland Sukses Abadi),250000
Lumiera Garden,2025-01-03,KAS_KELUAR,BCA PT. ASA091/ADL-LG/I/2025,Reimburse Pak Sugeng (Pembelian Material),10.204.003 PERLENGKAPAN PROYEK,10.101.003 BCA (8162440909 an PT. Adhiland Sukses Abadi),191000
Lumiera Garden,2025-01-03,KAS_KELUAR,BCA PT. ASA090/ADL-LG/I/2025,Pelunasan Taman Marketing Gallery - A. Bobby,10.202.008 TAMAN DAN PENGHIJAUAN,10.101.003 BCA (8162440909 an PT. Adhiland Sukses Abadi),7485000
Lumiera Garden,2025-01-03,KAS_KELUAR,BCA PT. ASA089/ADL-LG/I/2025,Pekerjaan Taman Jalan Masuk Tahap 1 - Jaya Abadi Landscape,10.202.008 TAMAN DAN PENGHIJAUAN,10.101.003 BCA (8162440909 an PT. Adhiland Sukses Abadi),17800000
Lumiera Garden,2025-01-03,KAS_KELUAR,BCA PT. ASA088/ADL-LG/I/2025,Reimburse Pak Rula (Lampu Taman LK & Area Tenda),10.202.008 TAMAN DAN PENGHIJAUAN,10.101.003 BCA (8162440909 an PT. Adhiland Sukses Abadi),4759000
Lumiera Garden,2025-01-03,KAS_KELUAR,BCA PT. ASA087/ADL-LG/I/2025,Reimburse Pak Rula (Lampu Tenda Marketing),60.104.001 OPERASIONAL KANTOR,10.101.003 BCA (8162440909 an PT. Adhiland Sukses Abadi),165000
Lumiera Garden,2025-01-03,KAS_KELUAR,BCA PT. ASA086/ADL-LG/I/2025,Reimburse Pak Rula (Sewa Stamper Kodok STrong No.2),10.202.003 PERATAAN TANAH/CUT & FILL,10.101.003 BCA (8162440909 an PT. Adhiland Sukses Abadi),275000
Lumiera Garden,2025-01-03,KAS_KELUAR,BCA PT. ASA085/ADL-LG/I/2025,PO NRCP 400x2400/69 pcs (No.Kw 1890/FI-SO/XII/2024) - Focon,10.202.005 SALURAN,10.101.003 BCA (8162440909 an PT. Adhiland Sukses Abadi),32167800
Lumiera Garden,2025-01-03,KAS_KELUAR,BCA PT. ASA084/ADL-LG/I/2025,PO NRCP 400x2400/36 pcs (No.Kw 1919/FI-SO/XII/2024) - Focon,10.202.005 SALURAN,10.101.003 BCA (8162440909 an PT. Adhiland Sukses Abadi),16783200
Lumiera Garden,2025-01-03,KAS_KELUAR,BCA PT. ASA083/ADL-LG/I/2025,Kirim Bongkaran Truk Kecil 5 rit (10 Des 2024 s/d 13 Des 2024) - Amiet Sewu,10.202.003 PERATAAN TANAH/CUT & FILL,10.101.003 BCA (8162440909 an PT. Adhiland Sukses Abadi),625000
Lumiera Garden,2025-01-03,KAS_KELUAR,BCA PT. ASA083/ADL-LG/I/2025,Kirim Bongkaran Truk Besar 4 rit (10 Desember 2024) - Amiet Sewu,10.202.003 PERATAAN TANAH/CUT & FILL,10.101.003 BCA (8162440909 an PT. Adhiland Sukses Abadi),1400000
Lumiera Garden,2025-01-03,KAS_KELUAR,Cash/Tunai108/ADL-LG/I/2025,Komisi Marcomm Kavling LK-02,60.101.002 INSENTIF/KOMISI,10.101.002 CASH/TUNAI,65625
Lumiera Garden,2025-01-03,KAS_KELUAR,Cash/Tunai108/ADL-LG/I/2025,Komisi Marcomm Kavling LK-02,60.101.002 INSENTIF/KOMISI,10.101.002 CASH/TUNAI,65625
Lumiera Garden,2025-01-03,KAS_KELUAR,Cash/Tunai108/ADL-LG/I/2025,Komisi Marcomm Kavling LK-02,60.101.002 INSENTIF/KOMISI,10.101.002 CASH/TUNAI,100625
Lumiera Garden,2025-01-03,KAS_KELUAR,Cash/Tunai108/ADL-LG/I/2025,Komisi Marcomm Kavling LK-02,60.101.002 INSENTIF/KOMISI,10.101.002 CASH/TUNAI,205625
Lumiera Garden,2025-01-03,KAS_KELUAR,Cash/Tunai108/ADL-LG/I/2025,Komisi Direktur Teknik Kavling LK-02,60.101.002 INSENTIF/KOMISI,10.101.002 CASH/TUNAI,1750000
Lumiera Garden,2025-01-03,KAS_KELUAR,Cash/Tunai108/ADL-LG/I/2025,Komisi Komisaris Kavling LK-02,60.101.002 INSENTIF/KOMISI,10.101.002 CASH/TUNAI,1750000
Lumiera Garden,2025-01-03,KAS_KELUAR,Cash/Tunai108/ADL-LG/I/2025,Komisi Direktur B&D Kavling LK-02,60.101.002 INSENTIF/KOMISI,10.101.002 CASH/TUNAI,1750000
Lumiera Garden,2025-01-03,KAS_KELUAR,Cash/Tunai108/ADL-LG/I/2025,Komisi Direktur Operasional Kavling LK-02,60.101.002 INSENTIF/KOMISI,10.101.002 CASH/TUNAI,1750000
Lumiera Garden,2025-01-03,KAS_KELUAR,Cash/Tunai108/ADL-LG/I/2025,Komisi Direktur Utama Kavling LK-02,60.101.002 INSENTIF/KOMISI,10.101.002 CASH/TUNAI,1750000
Lumiera Garden,2025-01-03,KAS_KELUAR,Cash/Tunai108/ADL-LG/I/2025,BLT SPV Marketing Kavling LK-02,60.101.001 BLT,10.101.002 CASH/TUNAI,2000000
Lumiera Garden,2025-01-03,KAS_KELUAR,Cash/Tunai108/ADL-LG/I/2025,Komisi SPV Marketing Kavling LK-02,60.101.002 INSENTIF/KOMISI,10.101.002 CASH/TUNAI,4375000
Lumiera Garden,2025-01-03,KAS_KELUAR,Cash/Tunai108/ADL-LG/I/2025,BLT Marketing Kavling LK-02,60.101.001 BLT,10.101.002 CASH/TUNAI,1000000
Lumiera Garden,2025-01-03,KAS_KELUAR,Cash/Tunai108/ADL-LG/I/2025,Komisi Marketing Kavling LK-02,60.101.002 INSENTIF/KOMISI,10.101.002 CASH/TUNAI,13125000
Lumiera Garden,2025-01-03,KAS_KELUAR,Cash/Tunai,Pinjaman untuk Sigura-Gura (DP Furniture B05 & Reimburse Pak Adhi),10.102.010 PIUTANG SIGURA-GURA,10.101.002 CASH/TUNAI,22730000
Lumiera Garden,2025-01-03,KAS_KELUAR,Kas Kecil107/ADL-LG/I/2025,Reimburse Bella Telle (Kekurangan II Sticker Marketing+Sticker Eazy Kost+Kisscut),60.104.001 OPERASIONAL KANTOR,10.101.001 KAS KECIL,35000
Lumiera Garden,2025-01-03,KAS_KELUAR,Kas Kecil106/ADL-LG/I/2025,Reimburse Pak Dian - Material Air Kerja,10.202.018 SALURAN DISTRIBUSI AIR,10.101.001 KAS KECIL,31000
Lumiera Garden,2025-01-03,KAS_KELUAR,Kas Kecil105/ADL-LG/I/2025,Pembayaran upah penjaga alat (11 Des s/d 31 Des 2024) - Pak Didik,60.103.001 HONOR,10.101.001 KAS KECIL,1050000
Lumiera Garden,2025-01-03,KAS_MASUK,Kas KecilLK 3,ITJ Kavling LK-03 an Rachmadiana Sari,10.101.001 KAS KECIL,20.101.002 UANG TANDA JADI,5000000
Lumiera Garden,2025-01-03,KAS_KELUAR,Cash/Tunai104/ADL-LG/I/2025,Sewa Billboard Melati Husada,60.101.004 BEBAN ADVERTISING,10.101.002 CASH/TUNAI,20000000
Lumiera Garden,2025-01-03,KAS_KELUAR,Cash/Tunai103/ADL-LG/I/2025,Expo Matos 19 Hari (18 Des 2024 - 5 Januari 2025) - Ilhami Organizer,60.101.006 EXPO,10.101.002 CASH/TUNAI,73125000
Lumiera Garden,2025-01-03,KAS_KELUAR,Cash/Tunai102/ADL-LG/I/2025,Pelunasan Open Table MOG (1-31 Des 2024) - Ilhami Organizer,60.101.006 EXPO,10.101.002 CASH/TUNAI,18050000
Lumiera Garden,2025-01-03,KAS_KELUAR,Cash/Tunai101/ADL-LG/I/2025,Reimburse Pak Adhi (Meeting Direksi 03 Januari 2024),60.104.013 MEETING,10.101.002 CASH/TUNAI,137401
Lumiera Garden,2025-01-03,KAS_KELUAR,Cash/Tunai101/ADL-LG/I/2025,Reimburse Pak Adhi (Meja Kotak Bistro),11.101.001 PERALATAN KANTOR,10.101.002 CASH/TUNAI,319920
Lumiera Garden,2025-01-03,KAS_KELUAR,Cash/Tunai101/ADL-LG/I/2025,Reimburse Pak Adhi (Meja Bundar),11.101.001 PERALATAN KANTOR,10.101.002 CASH/TUNAI,270000
Lumiera Garden,2025-01-03,KAS_KELUAR,Cash/Tunai101/ADL-LG/I/2025,Reimburse Pak Adhi (Kursi Brava Light Grey),11.101.001 PERALATAN KANTOR,10.101.002 CASH/TUNAI,625240
Lumiera Garden,2025-01-03,KAS_KELUAR,Cash/Tunai101/ADL-LG/I/2025,Reimburse Pak Adhi (Kursi Brava Hijau),11.101.001 PERALATAN KANTOR,10.101.002 CASH/TUNAI,625240
Lumiera Garden,2025-01-03,KAS_KELUAR,Cash/Tunai101/ADL-LG/I/2025,Reimburse Pak Adhi (Bangku Besi Kayu Londo Coffe),11.101.001 PERALATAN KANTOR,10.101.002 CASH/TUNAI,2516000
Lumiera Garden,2025-01-03,KAS_KELUAR,Cash/Tunai101/ADL-LG/I/2025,Reimburse Pak Adhi (Meeting Direksi 28 Des 2024),60.104.013 MEETING,10.101.002 CASH/TUNAI,246000
Lumiera Garden,2025-01-03,KAS_KELUAR,Cash/Tunai100/ADL-LG/I/2025,"Reimburse Pak Adhi (Kabel NYM, H&G C Vanilla)",10.202.012 PENERANGAN JALAN UMUM,10.101.002 CASH/TUNAI,891359
Lumiera Garden,2025-01-03,KAS_KELUAR,Cash/Tunai099/ADL-LG/I/2025,Pekerjaan 100% Plesengan Fasum (32/SPK/XII/2024) - Arifin,10.202.041 PLENGSENG,10.101.002 CASH/TUNAI,220300000
Lumiera Garden,2025-01-03,KAS_KELUAR,Cash/Tunai098/ADL-LG/I/2025,Sirtu 2 Rit (20 Des 2024) - Izuddin,10.202.003 PERATAAN TANAH/CUT & FILL,10.101.002 CASH/TUNAI,1550000
Lumiera Garden,2025-01-03,KAS_KELUAR,Cash/Tunai098/ADL-LG/I/2025,"Sewa Alat EXA PC 78 (B) 30,5 Jam (18-24 Des 2024) - Izuddin",10.202.003 PERATAAN TANAH/CUT & FILL,10.101.002 CASH/TUNAI,10217500
Lumiera Garden,2025-01-03,KAS_KELUAR,Cash/Tunai098/ADL-LG/I/2025,"Sewa Alat EXA PC 78 (A) 40,5 Jam (18-24 Des 2024) - Izuddin",10.202.003 PERATAAN TANAH/CUT & FILL,10.101.002 CASH/TUNAI,13567500
Lumiera Garden,2025-01-02,KAS_MASUK,BCA PT. ASALK 2,Pembayaran DP II Kavling LK-02 an Etty Parawati,10.101.003 BCA (8162440909 an PT. Adhiland Sukses Abadi),20.101.001 UANG MUKA,240000000
Lumiera Garden,2025-01-02,KAS_MASUK,BCA PT. ASALK 7,Pembayaran Angsuran 1 Kavling LK-07 an Neny Susanti,10.101.003 BCA (8162440909 an PT. Adhiland Sukses Abadi),20.101.001 UANG MUKA,50000000
Lumiera Garden,2024-12-31,KAS_KELUAR,BCA PT. ASA,Biaya Admin (Bulanan),60.104.010 ADMINISTRASI BANK,10.101.003 BCA (8162440909 an PT. Adhiland Sukses Abadi),30000
Lumiera Garden,2024-12-31,KAS_MASUK,BCA PT. ASALK 12,ITJ Kavling LK-12 an Tina,10.101.003 BCA (8162440909 an PT. Adhiland Sukses Abadi),20.101.002 UANG TANDA JADI,5000000
Lumiera Garden,2024-12-31,KAS_KELUAR,BCA PT. ASA082/ADL-LM/XII/2024,Biaya Admin,60.104.010 ADMINISTRASI BANK,10.101.003 BCA (8162440909 an PT. Adhiland Sukses Abadi),2500
Lumiera Garden,2024-12-31,KAS_KELUAR,BCA PT. ASA082/ADL-LM/XII/2024,HP Call Center,11.101.001 PERALATAN KANTOR,10.101.003 BCA (8162440909 an PT. Adhiland Sukses Abadi),1500000
Lumiera Garden,2024-12-31,KAS_KELUAR,BCA PT. ASA,Pinjaman untuk Sigura-Gura (Angsuran BJS),10.102.010 PIUTANG SIGURA-GURA,10.101.003 BCA (8162440909 an PT. Adhiland Sukses Abadi),53776715
Lumiera Garden,2024-12-31,KAS_KELUAR,BCA PT. ASACek : 620426,Tarikan Tunai,10.101.004 SILANG KAS,10.101.003 BCA (8162440909 an PT. Adhiland Sukses Abadi),800000000
Lumiera Garden,2024-12-31,KAS_KELUAR,BCA PT. ASA081/ADL-LM/XII/2024,Komisi Komisaris untuk Kavling LK-09,60.101.002 INSENTIF/KOMISI,10.101.003 BCA (8162440909 an PT. Adhiland Sukses Abadi),1750000
Lumiera Garden,2024-12-31,KAS_KELUAR,BCA PT. ASA081/ADL-LM/XII/2024,Komisi Direktur Teknik untuk Kavling LK-09,60.101.002 INSENTIF/KOMISI,10.101.003 BCA (8162440909 an PT. Adhiland Sukses Abadi),1750000
Lumiera Garden,2024-12-31,KAS_KELUAR,BCA PT. ASA081/ADL-LM/XII/2024,Komisi Direktur B&D untuk Kavling LK-09,60.101.002 INSENTIF/KOMISI,10.101.003 BCA (8162440909 an PT. Adhiland Sukses Abadi),1750000
Lumiera Garden,2024-12-31,KAS_KELUAR,BCA PT. ASA081/ADL-LM/XII/2024,Komisi Direktur Operasional untuk Kavling LK-09,60.101.002 INSENTIF/KOMISI,10.101.003 BCA (8162440909 an PT. Adhiland Sukses Abadi),1750000
Lumiera Garden,2024-12-31,KAS_KELUAR,BCA PT. ASA081/ADL-LM/XII/2024,Komisi Direktur Utama untuk Kavling LK-09,60.101.002 INSENTIF/KOMISI,10.101.003 BCA (8162440909 an PT. Adhiland Sukses Abadi),1750000
Lumiera Garden,2024-12-31,KAS_MASUK,BCA PT. ASA,ITJ Kavling C-03 an Fifin Dwi Andriani,10.101.003 BCA (8162440909 an PT. Adhiland Sukses Abadi),20.101.002 UANG TANDA JADI,5000000
Lumiera Garden,2024-12-31,KAS_MASUK,BCA PT. ASALK 9,Pembayaran DP Kavling LK-09 an Dwi Mulyono,10.101.003 BCA (8162440909 an PT. Adhiland Sukses Abadi),20.101.001 UANG MUKA,650000000
Lumiera Garden,2024-12-31,KAS_KELUAR,BCA PT. ASA,Pembuatan Buku Cek BG,60.101.004 BEBAN ADVERTISING,10.101.003 BCA (8162440909 an PT. Adhiland Sukses Abadi),275000
Lumiera Garden,2024-12-31,KAS_KELUAR,,Pembayaran Hutang ke Sigura-Sigura,20.103.006 HUTANG SIGURA-GURA,10.101.002 CASH/TUNAI,1410000
Lumiera Garden,2024-12-31,KAS_MASUK,,Pengembalian Hutang dari Joyo Agung 2,10.101.002 CASH/TUNAI,10.102.012 PIUTANG JOYO AGUNG 2,7500000
Lumiera Garden,2024-12-31,KAS_KELUAR,,Pinjaman untuk Joyo Agung 2 (Gaji Karyawan),10.102.012 PIUTANG JOYO AGUNG 2,10.101.001 KAS KECIL,7500000
Lumiera Garden,2024-12-31,KAS_MASUK,Cek : 620426,Pencarian Cek,10.101.002 CASH/TUNAI,10.101.004 SILANG KAS,800000000
Lumiera Garden,2024-12-31,KAS_KELUAR,080/ADL-LM/XII/2024,Komisi Marcomm untuk Kavling LK-09,60.101.002 INSENTIF/KOMISI,10.101.001 KAS KECIL,65625
Lumiera Garden,2024-12-31,KAS_KELUAR,080/ADL-LM/XII/2024,Komisi Marcomm untuk Kavling LK-09,60.101.002 INSENTIF/KOMISI,10.101.001 KAS KECIL,65625
Lumiera Garden,2024-12-31,KAS_KELUAR,080/ADL-LM/XII/2024,Komisi Marcomm untuk Kavling LK-09,60.101.002 INSENTIF/KOMISI,10.101.001 KAS KECIL,100625
Lumiera Garden,2024-12-31,KAS_KELUAR,080/ADL-LM/XII/2024,Komisi Marcomm untuk Kavling LK-09,60.101.002 INSENTIF/KOMISI,10.101.001 KAS KECIL,205625
Lumiera Garden,2024-12-31,KAS_KELUAR,080/ADL-LM/XII/2024,BLT SPV Marketing Kavling LK-09,60.101.001 BLT,10.101.001 KAS KECIL,2000000
Lumiera Garden,2024-12-31,KAS_KELUAR,080/ADL-LM/XII/2024,Komisi SPV Marketing Kavling LK-09,60.101.002 INSENTIF/KOMISI,10.101.001 KAS KECIL,4375000
Lumiera Garden,2024-12-31,KAS_KELUAR,080/ADL-LM/XII/2024,BLT Marketing Kavling LK-09,60.101.001 BLT,10.101.001 KAS KECIL,1000000
Lumiera Garden,2024-12-31,KAS_KELUAR,080/ADL-LM/XII/2024,Komisi Marketing Kavling LK-09,60.101.002 INSENTIF/KOMISI,10.101.001 KAS KECIL,13125000
Lumiera Garden,2024-12-31,KAS_MASUK,,Penerimaan Cash Kecil dari Brankas,10.101.001 KAS KECIL,10.101.004 SILANG KAS,25700000
Lumiera Garden,2024-12-31,KAS_KELUAR,,Pindah Saldo Brankas (Cash Tunai - Cash Kecil),10.101.004 SILANG KAS,10.101.002 CASH/TUNAI,25700000
Lumiera Garden,2024-12-30,KAS_MASUK,BCA PT. ASALK 11,ITJ Kavling LK-11 an Endah Masofi,10.101.003 BCA (8162440909 an PT. Adhiland Sukses Abadi),20.101.002 UANG TANDA JADI,5000000
Lumiera Garden,2024-12-30,KAS_MASUK,BCA PT. ASALK 6,Pembayaran Pelunasan DP Kavling LK-06 an Ninik Yulaikah,10.101.003 BCA (8162440909 an PT. Adhiland Sukses Abadi),20.101.001 UANG MUKA,166500000
Lumiera Garden,2024-12-30,KAS_MASUK,BCA PT. ASALK 2,Pembayaran DP 1 Kavling LK-02 an Etty Parawati,10.101.003 BCA (8162440909 an PT. Adhiland Sukses Abadi),20.101.001 UANG MUKA,30000000
Lumiera Garden,2024-12-30,KAS_KELUAR,079/ADL-LM/XII/2024,Komisi Marcomm untuk Kavling LK-06,60.101.002 INSENTIF/KOMISI,10.101.001 KAS KECIL,65625
Lumiera Garden,2024-12-30,KAS_KELUAR,079/ADL-LM/XII/2024,Komisi Marcomm untuk Kavling LK-06,60.101.002 INSENTIF/KOMISI,10.101.001 KAS KECIL,65625
Lumiera Garden,2024-12-30,KAS_KELUAR,079/ADL-LM/XII/2024,Komisi Marcomm untuk Kavling LK-06,60.101.002 INSENTIF/KOMISI,10.101.001 KAS KECIL,100625
Lumiera Garden,2024-12-30,KAS_KELUAR,079/ADL-LM/XII/2024,Komisi Marcomm untuk Kavling LK-06,60.101.002 INSENTIF/KOMISI,10.101.001 KAS KECIL,205625
Lumiera Garden,2024-12-30,KAS_KELUAR,079/ADL-LM/XII/2024,Komisi Komisaris untuk Kavling LK-06,60.101.002 INSENTIF/KOMISI,10.101.001 KAS KECIL,1750000
Lumiera Garden,2024-12-30,KAS_KELUAR,079/ADL-LM/XII/2024,Komisi Direktur Teknik untuk Kavling LK-06,60.101.002 INSENTIF/KOMISI,10.101.001 KAS KECIL,1750000
Lumiera Garden,2024-12-30,KAS_KELUAR,079/ADL-LM/XII/2024,Komisi Direktur B&D untuk Kavling LK-06,60.101.002 INSENTIF/KOMISI,10.101.001 KAS KECIL,1750000
Lumiera Garden,2024-12-30,KAS_KELUAR,079/ADL-LM/XII/2024,Komisi Direktur Operasional untuk Kavling LK-06,60.101.002 INSENTIF/KOMISI,10.101.001 KAS KECIL,1750000
Lumiera Garden,2024-12-30,KAS_KELUAR,079/ADL-LM/XII/2024,Komisi Direktur Utama untuk Kavling LK-06,60.101.002 INSENTIF/KOMISI,10.101.001 KAS KECIL,1750000
Lumiera Garden,2024-12-30,KAS_KELUAR,079/ADL-LM/XII/2024,BLT SPV Marketing Kavling LK-06,60.101.001 BLT,10.101.001 KAS KECIL,2000000
Lumiera Garden,2024-12-30,KAS_KELUAR,079/ADL-LM/XII/2024,Komisi SPV Marketing Kavling LK-06,60.101.002 INSENTIF/KOMISI,10.101.001 KAS KECIL,4375000
Lumiera Garden,2024-12-30,KAS_KELUAR,079/ADL-LM/XII/2024,Komisi Marketing Kavling LK-06,60.101.002 INSENTIF/KOMISI,10.101.001 KAS KECIL,13125000
Lumiera Garden,2024-12-30,KAS_KELUAR,,Pinjaman untuk Sigura-Gura (Progress Pembangunan A-7),10.102.010 PIUTANG SIGURA-GURA,10.101.002 CASH/TUNAI,227000000
Lumiera Garden,2024-12-30,KAS_MASUK,,Penerimaan Cash Kecil dari Brankas,10.101.001 KAS KECIL,10.101.004 SILANG KAS,30000000
Lumiera Garden,2024-12-30,KAS_KELUAR,,Pindah Saldo Brankas (Cash Tunai - Cash Kecil),10.101.004 SILANG KAS,10.101.002 CASH/TUNAI,30000000
Lumiera Garden,2024-12-28,KAS_KELUAR,BCA PT. ASA073/ADL-LM/XII/2024,Pembelian Token Listrik + Biaya Admin,10.202.028 LISTRIK LOKASI,10.101.003 BCA (8162440909 an PT. Adhiland Sukses Abadi),202303
Lumiera Garden,2024-12-28,KAS_KELUAR,078/ADL-LM/XII/2024,Reimburse Maria (Pengiriman PPJB),60.104.009 PERANGKO/KIRIMAN SRT & DOK,10.101.001 KAS KECIL,20000
Lumiera Garden,2024-12-28,KAS_KELUAR,078/ADL-LM/XII/2024,Reimburse Maria (Zoom Licensi Bulanan),60.104.001 OPERASIONAL KANTOR,10.101.001 KAS KECIL,51500
Lumiera Garden,2024-12-28,KAS_KELUAR,077/ADL-LM/XII/2024,Akomodasi PPJB LK-09 Ke Surabaya (Bensin),60.104.001 OPERASIONAL KANTOR,10.101.001 KAS KECIL,200000
Lumiera Garden,2024-12-28,KAS_KELUAR,076/ADL-LM/XII/2024,Reimburse Bella Telle (Sticker Marketing+Sticker Eazy Kost+Kisscut),60.104.004 TAGIHAN PDAM,10.101.001 KAS KECIL,109000
Lumiera Garden,2024-12-28,KAS_KELUAR,076/ADL-LM/XII/2024,Reimburse Bella Telle (Sim Card),60.104.005 TAGIHAN HALO CALL CENTER (08113646900),10.101.001 KAS KECIL,111000
Lumiera Garden,2024-12-28,KAS_KELUAR,075/ADL-LM/XII/2024,Komisi Marcomm untuk Kavling LK-10,60.101.002 INSENTIF/KOMISI,10.101.001 KAS KECIL,65625
Lumiera Garden,2024-12-28,KAS_KELUAR,075/ADL-LM/XII/2024,Komisi Marcomm untuk Kavling LK-10,60.101.002 INSENTIF/KOMISI,10.101.001 KAS KECIL,109375
Lumiera Garden,2024-12-28,KAS_KELUAR,075/ADL-LM/XII/2024,Komisi Marcomm untuk Kavling LK-10,60.101.002 INSENTIF/KOMISI,10.101.001 KAS KECIL,262500
Lumiera Garden,2024-12-28,KAS_KELUAR,075/ADL-LM/XII/2024,Komisi Komisaris untuk Kavling LK-10,60.101.002 INSENTIF/KOMISI,10.101.001 KAS KECIL,1750000
Lumiera Garden,2024-12-28,KAS_KELUAR,075/ADL-LM/XII/2024,Komisi Direktur Teknik untuk Kavling LK-10,60.101.002 INSENTIF/KOMISI,10.101.001 KAS KECIL,1750000
Lumiera Garden,2024-12-28,KAS_KELUAR,075/ADL-LM/XII/2024,Komisi Direktur B&D untuk Kavling LK-10,60.101.002 INSENTIF/KOMISI,10.101.001 KAS KECIL,1750000
Lumiera Garden,2024-12-28,KAS_KELUAR,075/ADL-LM/XII/2024,Komisi Direktur Operasional untuk Kavling LK-10,60.101.002 INSENTIF/KOMISI,10.101.001 KAS KECIL,1750000
Lumiera Garden,2024-12-28,KAS_KELUAR,075/ADL-LM/XII/2024,Komisi Direktur Utama untuk Kavling LK-10,60.101.002 INSENTIF/KOMISI,10.101.001 KAS KECIL,1750000
Lumiera Garden,2024-12-28,KAS_MASUK,,Penerimaan Cash Kecil dari Brankas,10.101.001 KAS KECIL,10.101.004 SILANG KAS,10000000
Lumiera Garden,2024-12-28,KAS_KELUAR,,Pindah Saldo Brankas (Cash Tunai - Cash Kecil),10.101.004 SILANG KAS,10.101.002 CASH/TUNAI,10000000
Lumiera Garden,2024-12-27,KAS_KELUAR,BCA PT. ASA072/ADL-LM/XII/2024,Teknik Pompa + air mancur,11.102.001 PERALATAN TEKNIK,10.101.003 BCA (8162440909 an PT. Adhiland Sukses Abadi),1950000
Lumiera Garden,2024-12-27,KAS_KELUAR,BCA PT. ASA071/ADL-LM/XII/2024,Pelunasan Billboard Tol Singosari,60.101.004 BEBAN ADVERTISING,10.101.003 BCA (8162440909 an PT. Adhiland Sukses Abadi),35400000
Lumiera Garden,2024-12-27,KAS_KELUAR,BCA PT. ASA070/ADL-LM/XII/2024,Biaya Admin,60.104.010 ADMINISTRASI BANK,10.101.003 BCA (8162440909 an PT. Adhiland Sukses Abadi),2500
Lumiera Garden,2024-12-27,KAS_KELUAR,BCA PT. ASA070/ADL-LM/XII/2024,Banner Kavling & Ganti Visual Mini Billboard,60.101.004 BEBAN ADVERTISING,10.101.003 BCA (8162440909 an PT. Adhiland Sukses Abadi),1725000
Lumiera Garden,2024-12-27,KAS_KELUAR,BCA PT. ASA069/ADL-LM/XII/2024,Termin Taman Marketing Gallery,10.202.008 TAMAN DAN PENGHIJAUAN,10.101.003 BCA (8162440909 an PT. Adhiland Sukses Abadi),8000000
Lumiera Garden,2024-12-27,KAS_KELUAR,BCA PT. ASA068/ADL-LM/XII/2024,Tagihan Taman Behrem & Poros Barat,10.202.008 TAMAN DAN PENGHIJAUAN,10.101.003 BCA (8162440909 an PT. Adhiland Sukses Abadi),42730000
Lumiera Garden,2024-12-27,KAS_KELUAR,BCA PT. ASA067/ADL-LM/XII/2024,Pembayaran DP Desain Logo Adhiland,60.101.004 BEBAN ADVERTISING,10.101.003 BCA (8162440909 an PT. Adhiland Sukses Abadi),4250000
Lumiera Garden,2024-12-27,KAS_MASUK,BCA PT. ASALK 2,ITJ Kavling LK-02 an Etty Parawati,10.101.003 BCA (8162440909 an PT. Adhiland Sukses Abadi),20.101.002 UANG TANDA JADI,5000000
Lumiera Garden,2024-12-27,KAS_MASUK,BCA PT. ASALK 10,Pembayaran DP 2 Kavling LK-10 an Mochamad Yunus,10.101.003 BCA (8162440909 an PT. Adhiland Sukses Abadi),20.101.001 UANG MUKA,450000000
Lumiera Garden,2024-12-27,KAS_KELUAR,,Pinjaman untuk Sigura-Gura (Progress Pembangunan B-2),10.102.010 PIUTANG SIGURA-GURA,10.101.002 CASH/TUNAI,305000000
Lumiera Garden,2024-12-27,KAS_KELUAR,074/ADL-LM/XII/2024,BLT SPV Marketing Kavling LK-10,60.101.001 BLT,10.101.001 KAS KECIL,2000000
Lumiera Garden,2024-12-27,KAS_KELUAR,074/ADL-LM/XII/2024,Komisi SPV Marketing Kavling LK-10,60.101.002 INSENTIF/KOMISI,10.101.001 KAS KECIL,4375000
Lumiera Garden,2024-12-27,KAS_KELUAR,074/ADL-LM/XII/2024,BLT Marketing Kavling LK-10,60.101.001 BLT,10.101.001 KAS KECIL,1000000
Lumiera Garden,2024-12-27,KAS_KELUAR,074/ADL-LM/XII/2024,Komisi Marketing Kavling LK-10,60.101.002 INSENTIF/KOMISI,10.101.001 KAS KECIL,13125000
Lumiera Garden,2024-12-27,KAS_MASUK,,Penerimaan Cash Kecil dari Brankas,10.101.001 KAS KECIL,10.101.004 SILANG KAS,21000000
Lumiera Garden,2024-12-27,KAS_KELUAR,,Pindah Saldo Brankas (Cash Tunai - Cash Kecil),10.101.004 SILANG KAS,10.101.002 CASH/TUNAI,21000000
Lumiera Garden,2024-12-25,KAS_MASUK,BCA PT. ASALK 6,Pembayaran DP Kavling LK-06 an Ninik Yulaikah,10.101.003 BCA (8162440909 an PT. Adhiland Sukses Abadi),20.101.001 UANG MUKA,100000000
Lumiera Garden,2024-12-25,KAS_MASUK,BCA PT. ASALK 10,Pembayaran DP 1 Kavling LK-10 an Mochamad Yunus,10.101.003 BCA (8162440909 an PT. Adhiland Sukses Abadi),20.101.001 UANG MUKA,45000000
Lumiera Garden,2024-12-25,KAS_MASUK,BCA PT. ASALK 10,ITJ Kavling LK-10 an Mochamad Yunus,10.101.003 BCA (8162440909 an PT. Adhiland Sukses Abadi),20.101.002 UANG TANDA JADI,5000000
Lumiera Garden,2024-12-24,KAS_KELUAR,,Pinjaman untuk Sigura-Gura (Termin Tanah Ahmed),10.102.010 PIUTANG SIGURA-GURA,10.101.002 CASH/TUNAI,400000000
Lumiera Garden,2024-12-23,KAS_KELUAR,063/ADL-LM/XII/2024,Pembelian Token Listrik (ID Pel : 513111484250) + Biaya Admin,10.202.028 LISTRIK LOKASI,10.101.001 KAS KECIL,102500
Lumiera Garden,2024-12-23,KAS_KELUAR,(3) Grosir Pokok Berkah,Pembelian Galon Cleo Refill + Ongkir,60.104.001 OPERASIONAL KANTOR,10.101.001 KAS KECIL,42000
Lumiera Garden,2024-12-23,KAS_KELUAR,(2) Kas Bon (013/NKB/XII/2024) II Resi,Akomodasi PPJB LK-09 Ke Surabaya (E-Toll),60.104.001 OPERASIONAL KANTOR,10.101.001 KAS KECIL,300000
Lumiera Garden,2024-12-23,KAS_KELUAR,(1) UB Coffee,Meeting Koordinasi Laporan Akhir Tahun,60.104.001 OPERASIONAL KANTOR,10.101.001 KAS KECIL,426100
Lumiera Garden,2024-12-20,KAS_KELUAR,(4) Kas Bon II 012/NKB/XII/2024,Pembayaran Listrik & PDAM Lokasi,60.104.001 OPERASIONAL KANTOR,10.101.001 KAS KECIL,1000000
Lumiera Garden,2024-12-20,KAS_MASUK,,Pinjaman dari Sigura-Gura,10.101.001 KAS KECIL,20.103.006 HUTANG SIGURA-GURA,1000000
Lumiera Garden,2024-12-20,KAS_KELUAR,046/ADL-LM/XII/2024,"Pembayaran Pelunasan Tenda Marketing, Penutup Samping dan Cover Tenda",11.101.001 PERALATAN KANTOR,10.101.001 KAS KECIL,7100000
Lumiera Garden,2024-12-20,KAS_KELUAR,062/ADL-LM/XII/2024,Biaya admin,60.104.010 ADMINISTRASI BANK,10.101.001 KAS KECIL,2500
Lumiera Garden,2024-12-20,KAS_KELUAR,062/ADL-LM/XII/2024,Reimburse Bella - Cetak Fest RB Glossy,60.101.004 BEBAN ADVERTISING,10.101.001 KAS KECIL,382000
Lumiera Garden,2024-12-20,KAS_KELUAR,061/ADL-LM/XII/2024,"Pembayaran Cetak, Pasang dan Ijin V-Banner",60.101.004 BEBAN ADVERTISING,10.101.001 KAS KECIL,23300000
Lumiera Garden,2024-12-20,KAS_KELUAR,060/ADL-LM/XII/2024,Pembelian Material & Alat Kebersihan,10.204.003 PERLENGKAPAN PROYEK,10.101.001 KAS KECIL,757000
Lumiera Garden,2024-12-20,KAS_KELUAR,059/ADL-LM/XII/2024,Pembayaran Sewa Stemper Kodok,10.202.003 PERATAAN TANAH/CUT & FILL,10.101.001 KAS KECIL,425000
Lumiera Garden,2024-12-20,KAS_KELUAR,058/ADL-LM/XII/2024,Biaya admin,60.104.010 ADMINISTRASI BANK,10.101.001 KAS KECIL,2500
Lumiera Garden,2024-12-20,KAS_KELUAR,058/ADL-LM/XII/2024,Pembayaran Upah Pemasangan Paving,10.202.004 PAVING,10.101.001 KAS KECIL,24157000
Lumiera Garden,2024-12-20,KAS_KELUAR,057/ADL-LM/XII/2024,Reimburse Pak Rula - Bensin Avansa,60.104.007 BENSIN OPERASIONAL,10.101.001 KAS KECIL,200000
Lumiera Garden,2024-12-20,KAS_KELUAR,057/ADL-LM/XII/2024,Reimburse Pak Rula - Survey Pohon & Konsumsi Pasang Pohon,10.202.008 TAMAN DAN PENGHIJAUAN,10.101.001 KAS KECIL,690500
Lumiera Garden,2024-12-20,KAS_KELUAR,056/ADL-LM/XII/2024,Pembayaran Pasang Listrik Kawasan - Agus Hariono,10.202.028 LISTRIK LOKASI,10.101.001 KAS KECIL,2199000
Lumiera Garden,2024-12-20,KAS_KELUAR,055/ADL-LM/XII/2024,Pembayaran Termin I 50% Pek. Bronjong Batu (003/SPK.ADP/LG/XI/2024) -Arifin,10.202.007 TURAP,10.101.001 KAS KECIL,48000000
Lumiera Garden,2024-12-20,KAS_KELUAR,054/ADL-LM/XII/2024,Pembayaran Pembuatan Gudang - Arifin,10.202.025 GUDANG,10.101.001 KAS KECIL,1710000
Lumiera Garden,2024-12-20,KAS_KELUAR,054/ADL-LM/XII/2024,Pembayaran Ongkos Tebang Jati - Arifin,10.202.003 PERATAAN TANAH/CUT & FILL,10.101.001 KAS KECIL,1100000
Lumiera Garden,2024-12-20,KAS_KELUAR,054/ADL-LM/XII/2024,Pembayaran Harian Pasang NRCP 2 Hari - Arifin,10.202.005 SALURAN,10.101.001 KAS KECIL,250000
Lumiera Garden,2024-12-20,KAS_KELUAR,054/ADL-LM/XII/2024,Pembayaran pasir paving 10 Rit - Arifin (UD. Sidomulyo),10.202.004 PAVING,10.101.001 KAS KECIL,9600000
Lumiera Garden,2024-12-20,KAS_KELUAR,053/ADL-LM/XII/2024,Pembayaran Termin I Plengseng (29/SPK/XII/2024)-Arifin,10.202.041 PLENGSENG,10.101.001 KAS KECIL,100000000
Lumiera Garden,2024-12-20,KAS_KELUAR,052/ADL-LM/XII/2024,Pembayaran Sirtu Songsong 20 rit - Izuddin,10.202.003 PERATAAN TANAH/CUT & FILL,10.101.001 KAS KECIL,15500000
Lumiera Garden,2024-12-20,KAS_KELUAR,051/ADL-LM/XII/2024,"Pembayaran sewa Exa PC 78 (A&B), Dozer D31, Vibro, Mob'DMob Vibro & EXA PC 78",10.202.003 PERATAAN TANAH/CUT & FILL,10.101.001 KAS KECIL,33972500
Lumiera Garden,2024-12-20,KAS_KELUAR,050/ADL-LM/XII/2024,Pembayaran Kirim Bongkaran Ud. Hidup Baru,10.202.003 PERATAAN TANAH/CUT & FILL,10.101.001 KAS KECIL,3480000
Lumiera Garden,2024-12-20,KAS_KELUAR,049/ADL-LM/XII/2024,Reimburse Pak Roy bertemu User LK-07,60.104.013 MEETING,10.101.001 KAS KECIL,226000
Lumiera Garden,2024-12-20,KAS_KELUAR,048/ADL-LM/XII/2024,Pembelian selang 4 roll,11.102.001 PERALATAN TEKNIK,10.101.001 KAS KECIL,1950000
Lumiera Garden,2024-12-20,KAS_MASUK,,Pinjaman dari Joyo Agung 2,10.101.001 KAS KECIL,20.103.009 HUTANG JOYO AGUNG 2,275004000
Lumiera Garden,2024-12-19,KAS_MASUK,LK 7,Pembayaran DP 1 & DP 2 Kavling LK-07 an Heny Susanti,10.101.002 CASH/TUNAI,20.101.001 UANG MUKA,300000000
Lumiera Garden,2024-12-19,KAS_MASUK,LK 7,ITJ Kavling LK-07 an Heny Susanti,10.101.002 CASH/TUNAI,20.101.002 UANG TANDA JADI,5000000
Lumiera Garden,2024-12-19,KAS_KELUAR,,Pembayaran Hutang ke Sigura-Sigura,20.103.006 HUTANG SIGURA-GURA,10.101.002 CASH/TUNAI,3550000
Lumiera Garden,2024-12-19,KAS_KELUAR,047/ADL-LM/XII/2024,Komisi Marcomm untuk Kavling LK-07,60.101.002 INSENTIF/KOMISI,10.101.001 KAS KECIL,74175
Lumiera Garden,2024-12-19,KAS_KELUAR,047/ADL-LM/XII/2024,Komisi Marcomm untuk Kavling LK-07,60.101.002 INSENTIF/KOMISI,10.101.001 KAS KECIL,123625
Lumiera Garden,2024-12-19,KAS_KELUAR,047/ADL-LM/XII/2024,Komisi Marcomm untuk Kavling LK-07,60.101.002 INSENTIF/KOMISI,10.101.001 KAS KECIL,296700
Lumiera Garden,2024-12-19,KAS_KELUAR,047/ADL-LM/XII/2024,Komisi Telemarketing untuk Kavling LK-07,60.101.002 INSENTIF/KOMISI,10.101.001 KAS KECIL,5000000
Lumiera Garden,2024-12-19,KAS_KELUAR,047/ADL-LM/XII/2024,Komisi Komisaris untuk Kavling LK-07,60.101.002 INSENTIF/KOMISI,10.101.001 KAS KECIL,1978000
Lumiera Garden,2024-12-19,KAS_KELUAR,047/ADL-LM/XII/2024,Komisi Direktur Teknik untuk Kavling LK-07,60.101.002 INSENTIF/KOMISI,10.101.001 KAS KECIL,1978000
Lumiera Garden,2024-12-19,KAS_KELUAR,047/ADL-LM/XII/2024,Komisi Direktur B&D untuk Kavling LK-07,60.101.002 INSENTIF/KOMISI,10.101.001 KAS KECIL,1978000
Lumiera Garden,2024-12-19,KAS_KELUAR,047/ADL-LM/XII/2024,Komisi Direktur Operasional untuk Kavling LK-07,60.101.002 INSENTIF/KOMISI,10.101.001 KAS KECIL,1978000
Lumiera Garden,2024-12-19,KAS_KELUAR,047/ADL-LM/XII/2024,Komisi Direktur Utama untuk Kavling LK-07,60.101.002 INSENTIF/KOMISI,10.101.001 KAS KECIL,1978000
Lumiera Garden,2024-12-19,KAS_KELUAR,047/ADL-LM/XII/2024,BLT SPV Marketing Kavling LK-07,60.101.001 BLT,10.101.001 KAS KECIL,2000000
Lumiera Garden,2024-12-19,KAS_KELUAR,047/ADL-LM/XII/2024,Komisi SPV Marketing Kavling LK-07,60.101.002 INSENTIF/KOMISI,10.101.001 KAS KECIL,4945000
Lumiera Garden,2024-12-19,KAS_KELUAR,047/ADL-LM/XII/2024,BLT Marketing Kavling LK-07,60.101.001 BLT,10.101.001 KAS KECIL,1000000
Lumiera Garden,2024-12-19,KAS_KELUAR,047/ADL-LM/XII/2024,Komisi Marketing Kavling LK-07,60.101.002 INSENTIF/KOMISI,10.101.001 KAS KECIL,9890000
Lumiera Garden,2024-12-19,KAS_MASUK,,Penerimaan Cash Kecil dari Brankas,10.101.001 KAS KECIL,10.101.004 SILANG KAS,35000000
Lumiera Garden,2024-12-19,KAS_KELUAR,,Pindah Saldo Brankas (Cash Tunai - Cash Kecil),10.101.004 SILANG KAS,10.101.002 CASH/TUNAI,35000000
Lumiera Garden,2024-12-19,KAS_MASUK,LK 6,ITJ Kavling LK-06 an Ninik,10.101.002 CASH/TUNAI,20.101.002 UANG TANDA JADI,5000000
Lumiera Garden,2024-12-19,KAS_MASUK,LK 5,ITJ Kavling LK-05 an Ninik,10.101.002 CASH/TUNAI,20.101.002 UANG TANDA JADI,5000000
Lumiera Garden,2024-12-19,KAS_MASUK,LK 9,ITJ Kavling LK-09,10.101.002 CASH/TUNAI,20.101.002 UANG TANDA JADI,5000000
Lumiera Garden,2024-12-19,KAS_MASUK,LK 8,Pembayaran Pelunasan kavling LK-08 an Djuwito,10.101.002 CASH/TUNAI,20.101.001 UANG MUKA,870000000
Lumiera Garden,2024-12-19,KAS_MASUK,LK 8,ITJ Kavling LK-08,10.101.002 CASH/TUNAI,20.101.002 UANG TANDA JADI,5000000
Lumiera Garden,2024-12-19,KAS_KELUAR,065/ADL-LM/XII/2024,Reimburse Pak Roy - Top Up E-Toll,60.104.001 OPERASIONAL KANTOR,10.101.001 KAS KECIL,110000
Lumiera Garden,2024-12-19,KAS_KELUAR,065/ADL-LM/XII/2024,Reimburse Pak Roy - Bensin Avanza,60.104.007 BENSIN OPERASIONAL,10.101.001 KAS KECIL,300000
Lumiera Garden,2024-12-18,KAS_MASUK,,Pinjaman dari Sigura-Gura,10.101.001 KAS KECIL,20.103.006 HUTANG SIGURA-GURA,410000
Lumiera Garden,2024-12-18,KAS_KELUAR,045/ADL-LM/XII/2024,Biaya Admin,60.104.010 ADMINISTRASI BANK,10.101.001 KAS KECIL,2500
Lumiera Garden,2024-12-18,KAS_KELUAR,045/ADL-LM/XII/2024,Pembayaran Pembelian Pohon Tabebuya,10.202.008 TAMAN DAN PENGHIJAUAN,10.101.001 KAS KECIL,4200000
Lumiera Garden,2024-12-18,KAS_KELUAR,045/ADL-LM/XII/2024,Pembayaran Pelunasan Pohon Pule,10.202.008 TAMAN DAN PENGHIJAUAN,10.101.001 KAS KECIL,12000000
Lumiera Garden,2024-12-18,KAS_MASUK,,Pinjaman dari Joyo Agung 2,10.101.001 KAS KECIL,20.103.009 HUTANG JOYO AGUNG 2,16202500
Lumiera Garden,2024-12-17,KAS_KELUAR,046/ADL-LM/XII/2024,"Pembayaran DP Tenda Marketing, Penutup Samping dan Cover Tenda",11.101.001 PERALATAN KANTOR,10.101.001 KAS KECIL,1000000
Lumiera Garden,2024-12-17,KAS_MASUK,,Pinjaman dari Joyo Agung 2,10.101.001 KAS KECIL,20.103.009 HUTANG JOYO AGUNG 2,1000000
Lumiera Garden,2024-12-14,KAS_KELUAR,063/ADL-LM/XII/2024,Pegangan Pak Dian Belanja Pipa Air Kerja,10.202.018 SALURAN DISTRIBUSI AIR,10.101.001 KAS KECIL,700000
Lumiera Garden,2024-12-14,KAS_KELUAR,045/ADL-LM/XII/2024,Biaya Admin,60.104.010 ADMINISTRASI BANK,10.101.001 KAS KECIL,2500
Lumiera Garden,2024-12-14,KAS_KELUAR,045/ADL-LM/XII/2024,Pembayaran DP Pohon Pule,10.202.008 TAMAN DAN PENGHIJAUAN,10.101.001 KAS KECIL,13000000
Lumiera Garden,2024-12-14,KAS_MASUK,,Pinjaman dari Joyo Agung 2,10.101.001 KAS KECIL,20.103.009 HUTANG JOYO AGUNG 2,13702500
Lumiera Garden,2024-12-13,KAS_KELUAR,044/ADL-LM/XII/2024,"Pembayaran Pelunasan Maket (Rumah Tinggal T85/66, skala 1:25 - Wong Christian",60.101.004 BEBAN ADVERTISING,10.101.001 KAS KECIL,8000000
Lumiera Garden,2024-12-13,KAS_KELUAR,043/ADL-LM/XII/2024,Pembayaran Termin II (40%) Desain Rumah Tinggal T60/60 - RURA,10.201.021 ADVISE PLANNING GAMBAR 3D,10.101.001 KAS KECIL,5200000
Lumiera Garden,2024-12-13,KAS_KELUAR,042/ADL-LM/XII/2024,Pembayaran Sirtu Songsong 20 rit - Izuddin,10.202.003 PERATAAN TANAH/CUT & FILL,10.101.001 KAS KECIL,15500000
Lumiera Garden,2024-12-13,KAS_KELUAR,042/ADL-LM/XII/2024,Pembayaran Time Sheet Exa PC 78 (45 jam) - Izuddin,10.202.003 PERATAAN TANAH/CUT & FILL,10.101.001 KAS KECIL,15075000
Lumiera Garden,2024-12-13,KAS_KELUAR,042/ADL-LM/XII/2024,Pembayaran Time Sheet Mob 'D Mob Dozer D31 - Izuddin,10.202.003 PERATAAN TANAH/CUT & FILL,10.101.001 KAS KECIL,2500000
Lumiera Garden,2024-12-13,KAS_KELUAR,042/ADL-LM/XII/2024,Pembayaran Time Sheet Dozer D31 (42 jam) - Izuddin,10.202.003 PERATAAN TANAH/CUT & FILL,10.101.001 KAS KECIL,14070000
Lumiera Garden,2024-12-13,KAS_KELUAR,041/ADL-LM/XII/2024,Pembayaran Sewa Dump Truk - Amiet Sewu,10.202.003 PERATAAN TANAH/CUT & FILL,10.101.001 KAS KECIL,700000
Lumiera Garden,2024-12-13,KAS_KELUAR,041/ADL-LM/XII/2024,Pembayaran Bongkaran (AK) 38 rit - Amiet Sewu,10.202.003 PERATAAN TANAH/CUT & FILL,10.101.001 KAS KECIL,4750000
Lumiera Garden,2024-12-13,KAS_KELUAR,041/ADL-LM/XII/2024,Pembayaran Bongkaran (AB) 30 rit - Amiet Sewu,10.202.003 PERATAAN TANAH/CUT & FILL,10.101.001 KAS KECIL,10500000
Lumiera Garden,2024-12-13,KAS_KELUAR,040/ADL-LM/XII/2024,Pembayaran Bongkaran (AB) 55 rit - Putra Paringga,10.202.003 PERATAAN TANAH/CUT & FILL,10.101.001 KAS KECIL,19250000
Lumiera Garden,2024-12-13,KAS_KELUAR,039/ADL-LM/XII/2024,Biaya Admin,60.104.010 ADMINISTRASI BANK,10.101.001 KAS KECIL,2500
Lumiera Garden,2024-12-13,KAS_KELUAR,039/ADL-LM/XII/2024,Pembayaran DP Billboard Beji,60.101.004 BEBAN ADVERTISING,10.101.001 KAS KECIL,15000000
Lumiera Garden,2024-12-13,KAS_MASUK,,Pinjaman dari Joyo Agung 2,10.101.001 KAS KECIL,20.103.009 HUTANG JOYO AGUNG 2,110547500
Lumiera Garden,2024-12-12,KAS_KELUAR,BCA PT. ASA,Biaya Pembuatan Token,60.104.010 ADMINISTRASI BANK,10.101.003 BCA (8162440909 an PT. Adhiland Sukses Abadi),25000
Lumiera Garden,2024-12-12,KAS_MASUK,,Setor Awal Rekening,10.101.003 BCA (8162440909 an PT. Adhiland Sukses Abadi),10.101.004 SILANG KAS,1000000
Lumiera Garden,2024-12-12,KAS_KELUAR,037/ADL-LM/XII/2024,Pembayaran DP Sewa Billboard Exit Tol Singosari,60.101.004 BEBAN ADVERTISING,10.101.001 KAS KECIL,30000000
Lumiera Garden,2024-12-12,KAS_KELUAR,036/ADL-LM/XII/2024,Pasang Baru PJU,10.202.012 PENERANGAN JALAN UMUM,10.101.001 KAS KECIL,2087000
Lumiera Garden,2024-12-12,KAS_MASUK,,Pinjaman dari Joyo Agung 2,10.101.001 KAS KECIL,20.103.009 HUTANG JOYO AGUNG 2,32087000
Lumiera Garden,2024-12-12,KAS_KELUAR,,Setoran Awal Pembukaan Rekening - BCA PT. ASA,10.101.004 SILANG KAS,10.101.001 KAS KECIL,1000000
Lumiera Garden,2024-12-12,KAS_KELUAR,038/ADL-LM/XII/2024,Pembayaran Upah Penjaga Alat - Pak Didik,60.103.001 HONOR,10.101.001 KAS KECIL,1550000
Lumiera Garden,2024-12-12,KAS_MASUK,,Pinjaman dari Sigura-Gura,10.101.001 KAS KECIL,20.103.006 HUTANG SIGURA-GURA,2550000
Lumiera Garden,2024-12-11,KAS_KELUAR,035ADL-LM/XII/2024,Pembayaran Jasa Pemasangan Tiang Cermin,10.202.009 PINTU GERBANG & POS JAGA,10.101.001 KAS KECIL,150000
Lumiera Garden,2024-12-11,KAS_MASUK,,Pinjaman dari Joyo Agung 2,10.101.001 KAS KECIL,20.103.009 HUTANG JOYO AGUNG 2,150000
Lumiera Garden,2024-12-06,KAS_KELUAR,034/ADL-LM/XII/2024,Pembayaran Pelunasan V-Banner,60.101.004 BEBAN ADVERTISING,10.101.001 KAS KECIL,17000000
Lumiera Garden,2024-12-06,KAS_KELUAR,032/ADL-LM/XII/2024,Pembayaran Waarmerking LK-08 an Djuwito,60.104.023 BIAYA ADMINISTRASI WAARMERKING,10.101.001 KAS KECIL,250000
Lumiera Garden,2024-12-06,KAS_KELUAR,031/ADL-LM/XII/2024,Reimburse Pak Dian Nota Material Pipa Besi Cermin,10.202.010 NAMA JALAN & RAMBU LALU LINTAS,10.101.001 KAS KECIL,185000
Lumiera Garden,2024-12-06,KAS_KELUAR,031/ADL-LM/XII/2024,Reimburse Pak Rula Nota Material Kabel,10.202.010 NAMA JALAN & RAMBU LALU LINTAS,10.101.001 KAS KECIL,460000
Lumiera Garden,2024-12-06,KAS_KELUAR,030/ADL-LM/XII/2024,Pembayaran Sewa Mob 'D Mob EXA PC 78 - Izuddin,10.202.003 PERATAAN TANAH/CUT & FILL,10.101.001 KAS KECIL,2500000
Lumiera Garden,2024-12-06,KAS_KELUAR,030/ADL-LM/XII/2024,Pembayaran Sewa EXA PC 78 (37 jam) - Izuddin,10.202.003 PERATAAN TANAH/CUT & FILL,10.101.001 KAS KECIL,12395000
Lumiera Garden,2024-12-06,KAS_KELUAR,029/ADL-LM/XII/2024,Pembayaran Kirim Bongkaran 44 rit (AK) - Arjuna Putra,10.202.003 PERATAAN TANAH/CUT & FILL,10.101.001 KAS KECIL,15400000
Lumiera Garden,2024-12-06,KAS_KELUAR,028/ADL-LM/XII/2024,Pembayaran Kirim Bongkaran 73 rit (AK) - Amiet Sewu,10.202.003 PERATAAN TANAH/CUT & FILL,10.101.001 KAS KECIL,9125000
Lumiera Garden,2024-12-06,KAS_KELUAR,028/ADL-LM/XII/2024,Pembayaran Kirim Bongkaran 34 rit (AB) - Amiet Sewu,10.202.003 PERATAAN TANAH/CUT & FILL,10.101.001 KAS KECIL,11900000
Lumiera Garden,2024-12-06,KAS_KELUAR,027/ADL-LM/XII/2024,Reimburse Pak Roy Nota Meeting,60.104.013 MEETING,10.101.001 KAS KECIL,97900
Lumiera Garden,2024-12-06,KAS_MASUK,,Pinjaman dari Joyo Agung 2,10.101.001 KAS KECIL,20.103.009 HUTANG JOYO AGUNG 2,69312900
Lumiera Garden,2024-12-03,KAS_KELUAR,026/ADL-LM/XII/2024,Komisi Marcomm Kavling LK-08,60.101.002 INSENTIF/KOMISI,10.101.001 KAS KECIL,65625
Lumiera Garden,2024-12-03,KAS_KELUAR,026/ADL-LM/XII/2024,Komisi Marcomm Kavling LK-08,60.101.002 INSENTIF/KOMISI,10.101.001 KAS KECIL,109375
Lumiera Garden,2024-12-03,KAS_KELUAR,026/ADL-LM/XII/2024,Komisi Marcomm Kavling LK-08,60.101.002 INSENTIF/KOMISI,10.101.001 KAS KECIL,262500
Lumiera Garden,2024-12-03,KAS_KELUAR,026/ADL-LM/XII/2024,Komisi Telemarketing Kavling LK-08,60.101.002 INSENTIF/KOMISI,10.101.001 KAS KECIL,3000000
Lumiera Garden,2024-12-03,KAS_KELUAR,026/ADL-LM/XII/2024,Komisi Komisaris Kavling LK-08,60.101.002 INSENTIF/KOMISI,10.101.001 KAS KECIL,1750000
Lumiera Garden,2024-12-03,KAS_KELUAR,026/ADL-LM/XII/2024,Komisi Direktur Teknik Kavling LK-08,60.101.002 INSENTIF/KOMISI,10.101.001 KAS KECIL,1750000
Lumiera Garden,2024-12-03,KAS_KELUAR,026/ADL-LM/XII/2024,Komisi Direktur B&D Kavling LK-08,60.101.002 INSENTIF/KOMISI,10.101.001 KAS KECIL,1750000
Lumiera Garden,2024-12-03,KAS_KELUAR,026/ADL-LM/XII/2024,Komisi Direktur Operasional Kavling LK-08,60.101.002 INSENTIF/KOMISI,10.101.001 KAS KECIL,1750000
Lumiera Garden,2024-12-03,KAS_KELUAR,026/ADL-LM/XII/2024,Komisi Direktur Utama Kavling LK-08,60.101.002 INSENTIF/KOMISI,10.101.001 KAS KECIL,1750000
Lumiera Garden,2024-12-03,KAS_KELUAR,026/ADL-LM/XII/2024,BLT SPV Marketing Kavling LK-08,60.101.001 BLT,10.101.001 KAS KECIL,2000000
Lumiera Garden,2024-12-03,KAS_KELUAR,026/ADL-LM/XII/2024,Komisi SPV Marketing Kavling LK-08,60.101.002 INSENTIF/KOMISI,10.101.001 KAS KECIL,4375000
Lumiera Garden,2024-12-03,KAS_KELUAR,026/ADL-LM/XII/2024,BLT Marketing Kavling LK-08,60.101.001 BLT,10.101.001 KAS KECIL,1000000
Lumiera Garden,2024-12-03,KAS_KELUAR,026/ADL-LM/XII/2024,Komisi Marketing Kavling LK-08,60.101.002 INSENTIF/KOMISI,10.101.001 KAS KECIL,8750000
Lumiera Garden,2024-12-03,KAS_MASUK,,Pinjaman dari Joyo Agung 2,10.101.001 KAS KECIL,20.103.009 HUTANG JOYO AGUNG 2,28312500
Lumiera Garden,2024-12-02,KAS_KELUAR,064/ADL-LM/XII/2024,Reimburse Pak Adhi - Stempel PT. Lumiera Garden,60.104.001 OPERASIONAL KANTOR,10.101.001 KAS KECIL,270000
Lumiera Garden,2024-12-02,KAS_MASUK,,Pinjaman dari Joyo Agung 2,10.101.001 KAS KECIL,20.103.009 HUTANG JOYO AGUNG 2,270000
Lumiera Garden,2024-11-29,KAS_KELUAR,025/ADL-LM/XI/2024,Pembelian Cermin Cembung Jalan,10.202.999 LAIN-LAIN,10.101.001 KAS KECIL,500000
Lumiera Garden,2024-11-29,KAS_KELUAR,024/ADL-LM/XI/2024,Pembayaran Sewa Dozer D31 & EXA PC 200,10.202.003 PERATAAN TANAH/CUT & FILL,10.101.001 KAS KECIL,37362500
Lumiera Garden,2024-11-29,KAS_MASUK,,Pinjaman dari Joyo Agung 2,10.101.001 KAS KECIL,20.103.009 HUTANG JOYO AGUNG 2,37862500
Lumiera Garden,2024-11-25,KAS_KELUAR,023/ADL-LM/XI/2024,"Pembayaran DP Maket (Rumah Tinggal T85/66, Skala 1:25)",60.101.004 BEBAN ADVERTISING,10.101.001 KAS KECIL,8000000
Lumiera Garden,2024-11-25,KAS_MASUK,,Pinjaman dari Joyo Agung 2,10.101.001 KAS KECIL,20.103.009 HUTANG JOYO AGUNG 2,8000000
Lumiera Garden,2024-11-22,KAS_KELUAR,022/ADL-LM/XI/2024,Biaya Admin,60.104.010 ADMINISTRASI BANK,10.101.001 KAS KECIL,2500
Lumiera Garden,2024-11-22,KAS_KELUAR,022/ADL-LM/XI/2024,Pembayaran Pelunasan Sondir,10.202.001 PEMATANGAN LAHAN,10.101.001 KAS KECIL,3600000
Lumiera Garden,2024-11-22,KAS_KELUAR,021/ADL-LM/XI/2024,Pembayaran Desain Gambar (Termin I RURA/241121),10.201.021 ADVISE PLANNING GAMBAR 3D,10.101.001 KAS KECIL,5200000
Lumiera Garden,2024-11-22,KAS_KELUAR,020/ADL-LM/XI/2024,Pembayaran Desain Gambar (Termin II RURA/241031),10.201.021 ADVISE PLANNING GAMBAR 3D,10.101.001 KAS KECIL,6960000
Lumiera Garden,2024-11-22,KAS_KELUAR,019/ADL-LM/XI/2024,"Pembayaran Sewa EXA PC 200, Dozer dan Mob D'Mob",10.202.003 PERATAAN TANAH/CUT & FILL,10.101.001 KAS KECIL,42995000
Lumiera Garden,2024-11-22,KAS_KELUAR,018/ADL-LM/XI/2024,Biaya Admin,60.104.010 ADMINISTRASI BANK,10.101.001 KAS KECIL,2500
Lumiera Garden,2024-11-22,KAS_KELUAR,018/ADL-LM/XI/2024,Pembayaran Backdrop Launching,60.104.018 EVENT KANTOR,10.101.001 KAS KECIL,275600
Lumiera Garden,2024-11-22,KAS_KELUAR,017/ADL-LM/XI/2024,Reimburse Pak Rula beli Meja Lapangan (Bar Beer Set Whitegrey),11.102.001 PERALATAN TEKNIK,10.101.001 KAS KECIL,999900
Lumiera Garden,2024-11-22,KAS_KELUAR,016/ADL-LM/XI/2024,Reimburse Pak Rula Bensin,60.104.007 BENSIN OPERASIONAL,10.101.001 KAS KECIL,200000
Lumiera Garden,2024-11-22,KAS_KELUAR,015/ADL-LM/XI/2024,Reimburse Pak Roy Nota Meeting,60.104.013 MEETING,10.101.001 KAS KECIL,511601
Lumiera Garden,2024-11-22,KAS_KELUAR,,Reimburse Mas Galih Cetak RD Launching,60.104.001 OPERASIONAL KANTOR,10.101.001 KAS KECIL,15200
Lumiera Garden,2024-11-22,KAS_KELUAR,,Reimburse Pak Adhi 3 Nota Meeting,60.104.013 MEETING,10.101.001 KAS KECIL,534500
Lumiera Garden,2024-11-22,KAS_KELUAR,,Pembayaran untuk Pembuatan Akta,60.102.010 BIAYA LEGALITAS,10.101.001 KAS KECIL,4500000
Lumiera Garden,2024-11-22,KAS_MASUK,,Pinjaman dari Joyo Agung 2,10.101.001 KAS KECIL,20.103.009 HUTANG JOYO AGUNG 2,65796801
Lumiera Garden,2024-11-16,KAS_KELUAR,014/ADL-LM/XI/2024,Pembayaran Pengukuran Topografi & Kavling),10.202.002 PENGUKURAN BLOK-KAVLING,10.101.001 KAS KECIL,3000000
Lumiera Garden,2024-11-16,KAS_MASUK,,Pinjaman dari Joyo Agung 2,10.101.001 KAS KECIL,20.103.009 HUTANG JOYO AGUNG 2,3000000
Lumiera Garden,2024-11-15,KAS_KELUAR,013/ADL-LM/XI/2024,Pembayaran Komisi Tanah Pak Yazak,10.201.026 KOMISI PEMBELIAN TANAH,10.101.001 KAS KECIL,10500000
Lumiera Garden,2024-11-15,KAS_KELUAR,012/ADL-LM/XI/2024,Reimburse Pak Adhi Nota Meeting,60.104.013 MEETING,10.101.001 KAS KECIL,629200
Lumiera Garden,2024-11-15,KAS_KELUAR,011/ADL-LM/XI/2024,Pembayaran Sewa Terop Tasyakuran,60.104.018 EVENT KANTOR,10.101.001 KAS KECIL,1400000
Lumiera Garden,2024-11-15,KAS_KELUAR,010/ADL-LM/XI/2024,Pembayaran Mob D'Mob dan Sewa EXA PC 200,10.202.003 PERATAAN TANAH/CUT & FILL,10.101.001 KAS KECIL,11750000
Lumiera Garden,2024-11-15,KAS_KELUAR,009/ADL-LM/XI/2024,Pembayaran Land Clearing dan Potong Pohon,10.202.001 PEMATANGAN LAHAN,10.101.001 KAS KECIL,8400000
Lumiera Garden,2024-11-15,KAS_KELUAR,008/ADL-LM/XI/2024,Reimburse Pak Roy (Tasyakuran),60.104.018 EVENT KANTOR,10.101.001 KAS KECIL,7985500
Lumiera Garden,2024-11-15,KAS_KELUAR,007/ADL-LM/XI/2024,Reimburse Pak Roy Meeting (Nota Jokotole & Nota Ojuri),60.104.013 MEETING,10.101.001 KAS KECIL,398000
Lumiera Garden,2024-11-15,KAS_KELUAR,006/ADL-LM/XI/2024,Pembayaran Dekor Tasyakuran,60.104.018 EVENT KANTOR,10.101.001 KAS KECIL,600000
Lumiera Garden,2024-11-15,KAS_MASUK,,Pinjaman dari Joyo Agung 2,10.101.001 KAS KECIL,20.103.009 HUTANG JOYO AGUNG 2,41662700
Lumiera Garden,2024-11-14,KAS_KELUAR,,Pembayaran untuk Santunan Pendamping Anak Yatim,60.104.018 EVENT KANTOR,10.101.001 KAS KECIL,1000000
Lumiera Garden,2024-11-14,KAS_MASUK,,Pinjaman dari Sigura-Gura,10.101.001 KAS KECIL,20.103.006 HUTANG SIGURA-GURA,1000000
Lumiera Garden,2024-11-14,KAS_KELUAR,005/ADL-LM/XI/2024,Pembayaran DP Desain Logo Lumiera,10.201.021 ADVISE PLANNING GAMBAR 3D,10.101.001 KAS KECIL,4250000
Lumiera Garden,2024-11-14,KAS_KELUAR,,Pembayaran untuk Amplop RW,10.201.011 PERIJINAN,10.101.001 KAS KECIL,500000
Lumiera Garden,2024-11-14,KAS_KELUAR,,Pembayaran untuk Santunan Anak Yatim,60.104.018 EVENT KANTOR,10.101.001 KAS KECIL,2000000
Lumiera Garden,2024-11-14,KAS_KELUAR,,Pembayaran untuk Kue Box,60.104.018 EVENT KANTOR,10.101.001 KAS KECIL,650000
Lumiera Garden,2024-11-14,KAS_KELUAR,,Pembayaran untuk Kue Basah,60.104.018 EVENT KANTOR,10.101.001 KAS KECIL,347500
Lumiera Garden,2024-11-14,KAS_MASUK,,Pinjaman dari Joyo Agung 2,10.101.001 KAS KECIL,20.103.009 HUTANG JOYO AGUNG 2,7747500
Lumiera Garden,2024-11-13,KAS_KELUAR,,Pembayaran untuk Le minerale 6x330 ml (3 crat),60.104.018 EVENT KANTOR,10.101.001 KAS KECIL,120000
Lumiera Garden,2024-11-13,KAS_MASUK,,Pinjaman dari Joyo Agung 2,10.101.001 KAS KECIL,20.103.009 HUTANG JOYO AGUNG 2,120000
Lumiera Garden,2024-11-11,KAS_KELUAR,004/ADL-LM/XI/2024,Biaya Admin,60.104.010 ADMINISTRASI BANK,10.101.001 KAS KECIL,2500
Lumiera Garden,2024-11-11,KAS_KELUAR,004/ADL-LM/XI/2024,Pembayaran DP Sondir,10.202.001 PEMATANGAN LAHAN,10.101.001 KAS KECIL,3500000
Lumiera Garden,2024-11-11,KAS_MASUK,,Pinjaman dari Joyo Agung 2,10.101.001 KAS KECIL,20.103.009 HUTANG JOYO AGUNG 2,3502500
Lumiera Garden,2024-11-08,KAS_KELUAR,003/ADL-LM/XI/2024,Bensin Operasional,60.104.007 BENSIN OPERASIONAL,10.101.001 KAS KECIL,200000
Lumiera Garden,2024-11-08,KAS_KELUAR,003/ADL-LM/XI/2024,Reimburse Pak Roy Meeting,60.104.013 MEETING,10.101.001 KAS KECIL,402038
Lumiera Garden,2024-11-08,KAS_MASUK,,Pinjaman dari Joyo Agung 2,10.101.001 KAS KECIL,20.103.009 HUTANG JOYO AGUNG 2,602038
Lumiera Garden,2024-11-01,KAS_KELUAR,002/ADL-LM/XI/2024,Pembayaran DP desain gambar RURA - (Termin I Rukos Joyoagung 241031),10.201.021 ADVISE PLANNING GAMBAR 3D,10.101.001 KAS KECIL,6960000
Lumiera Garden,2024-11-01,KAS_MASUK,,Pinjaman dari Joyo Agung 2,10.101.001 KAS KECIL,20.103.009 HUTANG JOYO AGUNG 2,6960000
Lumiera Garden,2024-10-30,KAS_KELUAR,001/ADL-LM/X/2024,Biaya Admin,60.104.010 ADMINISTRASI BANK,10.101.001 KAS KECIL,10000
Lumiera Garden,2024-10-30,KAS_KELUAR,001/ADL-LM/X/2024,Pembayaran Biaya Notaris,10.201.022 AKTA KERJASAMA,10.101.001 KAS KECIL,31000000
Lumiera Garden,2024-10-30,KAS_KELUAR,001/ADL-LM/X/2024,Pembayaran DP Tanah,10.201.001 PERSEDIAAN TANAH,10.101.001 KAS KECIL,1000000000
Lumiera Garden,2024-10-30,KAS_MASUK,,Pinjaman dari Joyo Agung 2,10.101.001 KAS KECIL,20.103.009 HUTANG JOYO AGUNG 2,1031010000
