Perusahaan,Tipe,Tanggal,Ref,Uraian,Akun DB,Akun KR,Debit,Kredit,Saldo,Bukti Bayar
Saldo Awal,0,,,,,,,,,
Lumiera Garden,Bank,2025-12-31,BCA PT. ASA,Pajak Bunga,60.104.029 BEBAN PAJAK LAINNYA/PAJAK BUNGA,10.101.003 BCA (8162440909 an PT. Adhiland Sukses Abadi),,6389,75308483,
Lumiera Garden,Bank,2025-12-31,BCA PT. ASA,Bunga Bank,10.101.003 BCA (8162440909 an PT. Adhiland Sukses Abadi),40.102.001 BUNGA BANK,31943,,75314872,
Lumiera Garden,Bank,2025-12-31,BCA PT. ASA,Admin Bank (Potongan Bulanan),60.104.010 ADMINISTRASI BANK,10.101.003 BCA (8162440909 an PT. Adhiland Sukses Abadi),,30000,75282929,
Lumiera Garden,Bank,2025-12-30,BCA PT. ASA,Token Listrik Kawasan (513111484250 / PJU Lumiera Joyo Agung),60.104.003 TOKEN PLN,10.101.003 BCA (8162440909 an PT. Adhiland Sukses Abadi),,1003000,75312929,
Lumiera Garden,Tunai,2025-12-29,Kas Kecil,Biaya Transfer Beda Bank,60.104.010 ADMINISTRASI BANK,10.101.001 KAS KECIL,,2500,76315929,
Lumiera Garden,Tunai,2025-12-29,Kas Kecil,Bayar Denda Termin 4 Pak Yayok (60 hari x Rp.1.500.000),10.201.001 PERSEDIAAN TANAH,10.101.001 KAS KECIL,,90000000,76318429,
Lumiera Garden,Tunai,2025-12-29,Kas Kecil(149) Nota,Parkir Bank Mandiri,60.104.001 OPERASIONAL KANTOR,10.101.001 KAS KECIL,,3000,166318429,
Lumiera Garden,Tunai,2025-12-29,Kas Kecil,Biaya Admin Setoran Tunai (Termin Tanah Pak Yayok),60.104.010 ADMINISTRASI BANK,10.101.001 KAS KECIL,,2900,166321429,
Lumiera Garden,Tunai,2025-12-29,Kas Kecil,Pembayaran Termin 4 Tanah - Yayok Tuhoyoto Wisanggo,10.201.001 PERSEDIAAN TANAH,10.101.001 KAS KECIL,,1000000000,166324329,
Lumiera Garden,Tunai,2025-12-29,Kas Kecil,Pinjaman dari Manajemen Kost (Termin 4 Pak Yayok),10.101.001 KAS KECIL,20.103.011 HUTANG MANAJEMEN KOST,581671500,,1166324329,
Lumiera Garden,Tunai,2025-12-29,Kas Kecil,Pinjaman dari Mayana Resort (Termin 4 Pak Yayok),10.101.001 KAS KECIL,20.103.010 HUTANG MAYANA RESORT,5000000,,584652829,
Lumiera Garden,Tunai,2025-12-29,Kas Kecil,Pinjaman dari Joyo Agung (Termin 4 Pak Yayok + Denda),10.101.001 KAS KECIL,20.103.009 HUTANG JOYO AGUNG 2,503331000,,579652829,
Lumiera Garden,Bank,2025-12-27,BCA PT. ASA,Biaya Admin (TF beda bank),60.104.010 ADMINISTRASI BANK,10.101.003 BCA (8162440909 an PT. Adhiland Sukses Abadi),,2500,76321829,
Lumiera Garden,Bank,2025-12-27,BCA PT. ASA,Retensi 5% Galeri Marketing (42/SPK.ADP/VIII/2025) - Riadi,10.202.017 GALLERY MARKETING,10.101.003 BCA (8162440909 an PT. Adhiland Sukses Abadi),,6000000,76324329,
Lumiera Garden,Tunai,2025-12-27,Kas Kecil,Pengembalian sisa dana budgeting (051225),10.101.001 KAS KECIL,10.101.004 SILANG KAS,21700,,82324329,
Lumiera Garden,Bank,2025-12-24,BCA PT. ASACek : 620446,Refund IJT LK-13 an Podang,20.101.002 UANG TANDA JADI,10.101.003 BCA (8162440909 an PT. Adhiland Sukses Abadi),,5000000,82302629,
Lumiera Garden,Bank,2025-12-24,BCA PT. ASACek : 620445,Refund DP LK-24 an Hikmatul Hikmiyah,20.101.001 UANG MUKA,10.101.003 BCA (8162440909 an PT. Adhiland Sukses Abadi),,50000000,87302629,
Lumiera Garden,Bank,2025-12-24,BCA PT. ASACek : 620445,Refund ITJ LK-24 an Hikmatul Hikmiyah,20.101.002 UANG TANDA JADI,10.101.003 BCA (8162440909 an PT. Adhiland Sukses Abadi),,5000000,137302629,
Lumiera Garden,Bank,2025-12-24,BCA PT. ASACek : 620444,Tarikan Tunai,10.101.004 SILANG KAS,10.101.003 BCA (8162440909 an PT. Adhiland Sukses Abadi),,350000000,142302629,
Lumiera Garden,Tunai,2025-12-24,Kas Kecil,Pembayaran Hutang Ke Joyo Agung,20.103.009 HUTANG JOYO AGUNG 2,10.101.001 KAS KECIL,,350000000,492302629,
Lumiera Garden,Tunai,2025-12-24,Kas KecilCek : 620443,Pencairan Cek,10.101.001 KAS KECIL,10.101.004 SILANG KAS,350000000,,842302629,
Lumiera Garden,Tunai,2025-12-24,Kas Kecil(142) Nota,Tambahan pegangan Novia (Galon Aqua),60.104.001 OPERASIONAL KANTOR,10.101.001 KAS KECIL,,13000,492302629,
Lumiera Garden,Tunai,2025-12-23,Kas Kecil(148) Pos Indonesia,Kirim Kwitansi LK-23 an Ririn Yuni Astutik (ke Sidoarjo),60.104.009 PERANGKO/KIRIMAN SRT & DOK,10.101.001 KAS KECIL,,11500,492315629,
Lumiera Garden,Tunai,2025-12-23,Kas Kecil(147) Kwitansi,Iuran Sampah Kantor/Ruko bulan Desember 2025,60.104.012 KEAMANAN DAN KEBERSIHAN,10.101.001 KAS KECIL,,75000,492327129,
Lumiera Garden,Bank,2025-12-22,BCA PT. ASALK 23,Pembayaran Pelunasan Pembelian Rukost Kavling LK-23 an Ririn Yuni Astutik,10.101.003 BCA (8162440909 an PT. Adhiland Sukses Abadi),20.101.001 UANG MUKA,177500000,,492402129,
Lumiera Garden,Bank,2025-12-22,BCA PT. ASALK 9,"Pembayaran Pelunasan Pembelian Rukost Kavling LK-09 an Dwi Mulyono, ST",10.101.003 BCA (8162440909 an PT. Adhiland Sukses Abadi),20.101.001 UANG MUKA,20000000,,314902129,
Lumiera Garden,Bank,2025-12-22,BCA PT. ASALK 17,Pembayaran Ke-2 Pembelian Rukost LK-17 an Muhammad Nassar,10.101.003 BCA (8162440909 an PT. Adhiland Sukses Abadi),20.101.001 UANG MUKA,200000000,,294902129,
Lumiera Garden,Bank,2025-12-20,BCA PT. ASALK 9,"Pembayaran Cicilan Pelunasan Ke-8 Kavling LK-09 an Dwi Mulyono, ST",10.101.003 BCA (8162440909 an PT. Adhiland Sukses Abadi),20.101.001 UANG MUKA,35000000,,94902129,
Lumiera Garden,Tunai,2025-12-20,Kas Kecil(146) Indomaret & TB. Cahaya Alam),"Pembelian kebutuhan kantor (sabun cuci piring, gula, kuas - 3 nota)",60.104.001 OPERASIONAL KANTOR,10.101.001 KAS KECIL,,44800,59902129,
Lumiera Garden,Bank,2025-12-19,BCA PT. ASA,UM Expo MOG (3-14 Des 2025) - Adib,60.101.006 EXPO,10.101.003 BCA (8162440909 an PT. Adhiland Sukses Abadi),,400000,59946929,
Lumiera Garden,Bank,2025-12-19,BCA PT. ASA,UM Expo MOG (3-14 Des 2025) - Dinda,60.101.006 EXPO,10.101.003 BCA (8162440909 an PT. Adhiland Sukses Abadi),,400000,60346929,
Lumiera Garden,Bank,2025-12-19,BCA PT. ASA,UM Expo MOG (3-14 Des 2025) - Nanda,60.101.006 EXPO,10.101.003 BCA (8162440909 an PT. Adhiland Sukses Abadi),,450000,60746929,
Lumiera Garden,Bank,2025-12-19,BCA PT. ASA,UM Expo MOG (3-14 Des 2025) - Ika,60.101.006 EXPO,10.101.003 BCA (8162440909 an PT. Adhiland Sukses Abadi),,450000,61196929,
Lumiera Garden,Bank,2025-12-19,BCA PT. ASA,Reimburse Pak Sugeng (Kran air fasum),10.202.024 FASUM,10.101.003 BCA (8162440909 an PT. Adhiland Sukses Abadi),,134000,61646929,
Lumiera Garden,Bank,2025-12-19,BCA PT. ASA,Reimburse Pak Dian (Bensin alat pemotong),60.104.001 OPERASIONAL KANTOR,10.101.003 BCA (8162440909 an PT. Adhiland Sukses Abadi),,50000,61780929,
Lumiera Garden,Bank,2025-12-19,BCA PT. ASA,Reimburse Pak Adhi (Weekly Meeting Pak Rendra),60.104.013 MEETING,10.101.003 BCA (8162440909 an PT. Adhiland Sukses Abadi),,373000,61830929,
Lumiera Garden,Bank,2025-12-19,BCA PT. ASA,Reimburse Pak Adhi (Weekly Meeting Direksi),60.104.013 MEETING,10.101.003 BCA (8162440909 an PT. Adhiland Sukses Abadi),,234906,62203929,
Lumiera Garden,Tunai,2025-12-16,Kas Kecil,Pengembalian sisa dana (kebutuhan EXPO / 041225),10.101.001 KAS KECIL,10.101.004 SILANG KAS,12500,,62438835,
Lumiera Garden,Tunai,2025-12-13,Kas Kecil(145) Dian Ilmu Stationary,ATK - Kertas A4 (3 rim)+Kertas F4 (1 rim)+Binder Klip (2),60.104.001 OPERASIONAL KANTOR,10.101.001 KAS KECIL,,170500,62426335,
Lumiera Garden,Tunai,2025-12-13,Kas Kecil,Pengembalian dana Log Stabilizier (170725),10.101.001 KAS KECIL,60.104.001 OPERASIONAL KANTOR,200000,,62596835,
Lumiera Garden,Tunai,2025-12-13,Kas Kecil,Kekurangan Pembelian Lanyard Marketing 10pcs (030125),60.101.004 BEBAN ADVERTISING,10.101.001 KAS KECIL,,19240,62396835,
Lumiera Garden,Tunai,2025-12-13,Kas Kecil,Pengembalian sisa dana (Get Contact / 200325),10.101.001 KAS KECIL,10.101.004 SILANG KAS,8910,,62416075,
Lumiera Garden,Tunai,2025-12-13,Kas Kecil(144) Toko Wongkamfoeng,Pegangan Mas Andik (Belanja Reward Karyawan Terbaik November - Maria),60.104.002 SUMBANGAN/REWARD,10.101.001 KAS KECIL,,167000,62407165,
Lumiera Garden,Bank,2025-12-12,BCA PT. ASA,Papan Karangan bunga ucapan pernikahan,60.104.002 SUMBANGAN/REWARD,10.101.003 BCA (8162440909 an PT. Adhiland Sukses Abadi),,500000,62574165,
Lumiera Garden,Bank,2025-12-12,BCA PT. ASA,Budgeting CRD (Listrik Kawasan),10.101.004 SILANG KAS,10.101.003 BCA (8162440909 an PT. Adhiland Sukses Abadi),,2006000,63074165,
Lumiera Garden,Bank,2025-12-12,BCA PT. ASA,DP Open Table MOG (01-31 Desember 2025),60.101.006 EXPO,10.101.003 BCA (8162440909 an PT. Adhiland Sukses Abadi),,10000000,65080165,
Lumiera Garden,Bank,2025-12-12,BCA PT. ASA,Biaya Admin (TF beda bank),60.104.010 ADMINISTRASI BANK,10.101.003 BCA (8162440909 an PT. Adhiland Sukses Abadi),,2500,75080165,
Lumiera Garden,Bank,2025-12-12,BCA PT. ASA,Ads (12.2),60.101.005 BEBAN DIGITAL ADS,10.101.003 BCA (8162440909 an PT. Adhiland Sukses Abadi),,5000000,75082665,
Lumiera Garden,Bank,2025-12-12,BCA PT. ASA,Biaya Admin (TF beda bank),60.104.010 ADMINISTRASI BANK,10.101.003 BCA (8162440909 an PT. Adhiland Sukses Abadi),,2500,80082665,
Lumiera Garden,Bank,2025-12-12,BCA PT. ASA,Perpanjangan Apersi 2026 PT Adhiland Sukses Abadi,60.104.999 LAIN-LAIN,10.101.003 BCA (8162440909 an PT. Adhiland Sukses Abadi),,4000000,80085165,
Lumiera Garden,Bank,2025-12-12,BCA PT. ASA,Kas Bon Karyawan (Dian Priyanto / Umum),10.102.011 PIUTANG KARYAWAN,10.101.003 BCA (8162440909 an PT. Adhiland Sukses Abadi),,3000000,84085165,
Lumiera Garden,Bank,2025-12-12,BCA PT. ASA,Wifi Project bulan Desember (01000557664),60.104.006 TAGIHAN WIFI,10.101.003 BCA (8162440909 an PT. Adhiland Sukses Abadi),,416250,87085165,
Lumiera Garden,Bank,2025-12-12,BCA PT. ASA,Wifi Kantor Ruko Suhat bulan Desember (01000274460),60.104.006 TAGIHAN WIFI,10.101.003 BCA (8162440909 an PT. Adhiland Sukses Abadi),,416250,87501415,
Lumiera Garden,Bank,2025-12-12,BCA PT. ASA,Pembayaran Halo Call Center Desember (08113646900),60.104.005 TAGIHAN HALO CALL CENTER (08113646900),10.101.003 BCA (8162440909 an PT. Adhiland Sukses Abadi),,202800,87917665,
Lumiera Garden,Tunai,2025-12-12,Kas Kecil,Reimburse Pak Adhi (Meeting Weekly Pak Rendra / 081225),60.104.013 MEETING,10.101.001 KAS KECIL,,283958,88120465,
Lumiera Garden,Tunai,2025-12-12,Kas Kecil,Reimburse Pak Adhi (Meeting Weekly Pak Rendra / 11/11/2025),60.104.013 MEETING,10.101.001 KAS KECIL,,270456,88404423,
Lumiera Garden,Tunai,2025-12-12,Kas Kecil,Reimburse Pak Adhi (Luckin Coffee),60.104.001 OPERASIONAL KANTOR,10.101.001 KAS KECIL,,225843,88674879,
Lumiera Garden,Tunai,2025-12-12,Kas Kecil,Reimburse Pak Adhi (Nasi Bebek Mekkah),60.104.001 OPERASIONAL KANTOR,10.101.001 KAS KECIL,,386325,88900722,
Lumiera Garden,Tunai,2025-12-12,Kas Kecil,Reimburse Pak Adhi (Jabarono Coffee),60.104.001 OPERASIONAL KANTOR,10.101.001 KAS KECIL,,1090800,89287047,
Lumiera Garden,Tunai,2025-12-12,Kas Kecil,Reimburse Pak Adhi (Coffee Madinah),60.104.001 OPERASIONAL KANTOR,10.101.001 KAS KECIL,,290880,90377847,
Lumiera Garden,Tunai,2025-12-12,Kas Kecil,Reimburse Pak Adhi (Makan Malam Al Rajbi/2 nota),60.104.001 OPERASIONAL KANTOR,10.101.001 KAS KECIL,,818100,90668727,
Lumiera Garden,Tunai,2025-12-12,Kas Kecil,Reimburse Pak Adhi (Makan Grand Bazar),60.104.001 OPERASIONAL KANTOR,10.101.001 KAS KECIL,,1817725,91486827,
Lumiera Garden,Tunai,2025-12-12,Kas Kecil,Reimburse Pak Adhi (Kopi Turki Sofa cafe/3 nota),60.104.001 OPERASIONAL KANTOR,10.101.001 KAS KECIL,,600600,93304552,
Lumiera Garden,Tunai,2025-12-12,Kas Kecil,Reimburse Pak Adhi (Makan di Juanda),60.104.001 OPERASIONAL KANTOR,10.101.001 KAS KECIL,,707000,93905152,
Lumiera Garden,Tunai,2025-12-12,Kas Kecil,Pinjaman dari Sigura-Gura,10.101.001 KAS KECIL,20.103.006 HUTANG SIGURA-GURA,6362487,,94612152,
Lumiera Garden,Bank,2025-12-11,BCA PT. ASALK 9,"Pembayaran Cicilan Pelunasan Ke-7 Kavling LK-09 an Dwi Mulyono, ST",10.101.003 BCA (8162440909 an PT. Adhiland Sukses Abadi),20.101.001 UANG MUKA,25000000,,88249665,
Lumiera Garden,Tunai,2025-12-11,Kas Kecil,Kembalian sisa dana pegangan Novia (021225),10.101.001 KAS KECIL,10.101.004 SILANG KAS,33000,,63249665,
Lumiera Garden,Tunai,2025-12-11,Kas Kecil(142) Nota,Pegangan Novia (Galon),60.104.001 OPERASIONAL KANTOR,10.101.001 KAS KECIL,,50000,63216665,
Lumiera Garden,Tunai,2025-12-10,Kas Kecil(141) Nota,Pegangan Mas Andik (Bensin Zenix),10.101.004 SILANG KAS,10.101.001 KAS KECIL,,350000,63266665,
Lumiera Garden,Tunai,2025-12-09,Kas Kecil,Pembayaran Hutang Ke Sigura-Gura (Biaya Transport Survey Pertek Mayana-Sisi Depan),20.103.006 HUTANG SIGURA-GURA,10.101.001 KAS KECIL,,500000,63616665,
Lumiera Garden,Bank,2025-12-08,BCA PT. ASALK 9,"Pembayaran Cicilan Pelunasan Ke-6 Kavling LK-09 an Dwi Mulyono, ST",10.101.003 BCA (8162440909 an PT. Adhiland Sukses Abadi),20.101.001 UANG MUKA,10000000,,64116665,
Lumiera Garden,Tunai,2025-12-06,Kas Kecil(140) Pom Pokok Berkah & Nota,Bensin & Oli Mesin Potong Rumput (2 nota),60.104.001 OPERASIONAL KANTOR,10.101.001 KAS KECIL,,80000,54116665,
Lumiera Garden,Tunai,2025-12-06,Kas Kecil(139) UD. Seribu Makmur,Material Perbaikan Kantor Lt.1 (Lem Rajawali),60.104.019 RENOVASI KANTOR,10.101.001 KAS KECIL,,20000,54196665,
Lumiera Garden,Bank,2025-12-05,BCA PT. ASA,Budgeting CRD (Kebutuhan Insidentil),10.101.004 SILANG KAS,10.101.003 BCA (8162440909 an PT. Adhiland Sukses Abadi),,200000,54216665,
Lumiera Garden,Bank,2025-12-05,BCA PT. ASA,DP Expo MOG (3-14 Desember 2025),60.101.006 EXPO,10.101.003 BCA (8162440909 an PT. Adhiland Sukses Abadi),,10000000,54416665,
Lumiera Garden,Bank,2025-12-05,BCA PT. ASA,Pelunasan Open Table MOG (1-30 November 2025),60.101.006 EXPO,10.101.003 BCA (8162440909 an PT. Adhiland Sukses Abadi),,28000000,64416665,
Lumiera Garden,Bank,2025-12-05,BCA PT. ASA,Biaya Admin (TF beda bank),60.104.010 ADMINISTRASI BANK,10.101.003 BCA (8162440909 an PT. Adhiland Sukses Abadi),,2500,92416665,
Lumiera Garden,Bank,2025-12-05,BCA PT. ASA,Ads (12.1),60.101.005 BEBAN DIGITAL ADS,10.101.003 BCA (8162440909 an PT. Adhiland Sukses Abadi),,5000000,92419165,
Lumiera Garden,Bank,2025-12-05,BCA PT. ASA,Fee Konsultan Pajak,60.104.035 KONSULTAN,10.101.003 BCA (8162440909 an PT. Adhiland Sukses Abadi),,500000,97419165,
Lumiera Garden,Bank,2025-12-05,BCA PT. ASA620443,Tarikan Tunai,10.101.004 SILANG KAS,10.101.003 BCA (8162440909 an PT. Adhiland Sukses Abadi),,37200000,97919165,
Lumiera Garden,Tunai,2025-12-05,Kas Kecil(138) POS Indonesia,Pembelian Materai,60.104.008 MATERAI,10.101.001 KAS KECIL,,500000,135119165,
Lumiera Garden,Tunai,2025-12-05,Kas Kecil,Pembayaran Hutang Ke Joyo Agung,20.103.009 HUTANG JOYO AGUNG 2,10.101.001 KAS KECIL,,37200000,135619165,
Lumiera Garden,Tunai,2025-12-05,Kas KecilCek : 620443,Pencairan Cek,10.101.001 KAS KECIL,10.101.004 SILANG KAS,37200000,,172819165,
Lumiera Garden,Tunai,2025-12-05,Kas Kecil(136) Grosir Pokok Berkah,"Galon Refil (Cleo 4, Aqua 1)",60.104.001 OPERASIONAL KANTOR,10.101.001 KAS KECIL,,92000,135619165,
Lumiera Garden,Tunai,2025-12-05,Kas Kecil(135) SPBU Jl Raya Tlogomas & Supriadi 38,Bensin Pick Up (2 Nota),60.104.007 BENSIN OPERASIONAL,10.101.001 KAS KECIL,,150000,135711165,
Lumiera Garden,Tunai,2025-12-05,Kas Kecil(134) Nota,Kekurangan Material Perbaikan Lt.3 & Saluran - Kantor (6 Nota),60.104.019 RENOVASI KANTOR,10.101.001 KAS KECIL,,315000,135861165,
Lumiera Garden,Tunai,2025-12-04,,Pindah Saldo,10.101.001 KAS KECIL,10.101.002 CASH/TUNAI,,,136176165,
Lumiera Garden,Bank,2025-12-04,BCA PT. ASA,Biaya Admin (TF beda bank),60.104.010 ADMINISTRASI BANK,10.101.003 BCA (8162440909 an PT. Adhiland Sukses Abadi),,2500,136176165,
Lumiera Garden,Bank,2025-12-04,BCA PT. ASA,Bantuan Kemanusiaan Bencana Sumatera,60.104.002 SUMBANGAN/REWARD,10.101.003 BCA (8162440909 an PT. Adhiland Sukses Abadi),,2000000,136178665,
Lumiera Garden,Bank,2025-12-04,BCA PT. ASACek : 620441,Tarikan Tunai,10.101.004 SILANG KAS,10.101.003 BCA (8162440909 an PT. Adhiland Sukses Abadi),,450000000,138178665,
Lumiera Garden,Bank,2025-12-04,BCA PT. ASACek : 620442,Tarikan Tunai,10.101.004 SILANG KAS,10.101.003 BCA (8162440909 an PT. Adhiland Sukses Abadi),,80000000,588178665,
Lumiera Garden,Tunai,2025-12-04,Kas Kecil(137) Nota,Pegangan Mas Andik (Kebutuhan Expo - Parkir & Bensin),10.101.004 SILANG KAS,10.101.001 KAS KECIL,,1000000,668178665,
Lumiera Garden,Tunai,2025-12-04,Kas Kecil(134) TB Sumber Lancar & Toko Mayang Grand 1,Pegangan Pak Dian (Material Pipa Saluran - Kantor),60.104.019 RENOVASI KANTOR,10.101.001 KAS KECIL,,300000,669178665,
Lumiera Garden,Tunai,2025-12-04,Kas Kecil(134) TB. Cahaya Alam,Pegangan Pak Dian (Material Lt.3 - Kantor),60.104.019 RENOVASI KANTOR,10.101.001 KAS KECIL,,200000,669478665,
Lumiera Garden,Tunai,2025-12-04,Kas Kecil,Pembayaran Hutang Ke Sigura-Gura,20.103.006 HUTANG SIGURA-GURA,10.101.001 KAS KECIL,,726000000,669678665,
Lumiera Garden,Tunai,2025-12-04,Kas KecilCek : 620441,Pencairan Cek,10.101.001 KAS KECIL,10.101.004 SILANG KAS,80000000,,1395678665,
Lumiera Garden,Tunai,2025-12-04,Kas KecilCek : 620442,Pencairan Cek,10.101.001 KAS KECIL,10.101.004 SILANG KAS,450000000,,1315678665,
Lumiera Garden,Bank,2025-12-03,BCA PT. ASALK 9,"Pembayaran Cicilan Pelunasan Ke-5 Kavling LK-09 an Dwi Mulyono, ST",10.101.003 BCA (8162440909 an PT. Adhiland Sukses Abadi),20.101.001 UANG MUKA,10000000,,865678665,
Lumiera Garden,Bank,2025-12-03,BCA PT. ASALK 23,Pembayaran Angsuran Ke-2 Pembelian Rukost Kavling LK-23 an Ririn Yuni Astutik,10.101.003 BCA (8162440909 an PT. Adhiland Sukses Abadi),20.101.001 UANG MUKA,180000000,,855678665,
Lumiera Garden,Tunai,2025-12-03,Kas Kecil(127) Tiong Bahru,Kekurangan Weekly Marcomm,60.104.013 MEETING,10.101.001 KAS KECIL,,12900,675678665,
Lumiera Garden,Bank,2025-12-02,BCA PT. ASA,Budgeting CRD (Listrik Kawasan),10.101.004 SILANG KAS,10.101.003 BCA (8162440909 an PT. Adhiland Sukses Abadi),,2006000,675691565,
Lumiera Garden,Tunai,2025-12-02,Kas Kecil,Pegangan Novia,10.101.004 SILANG KAS,10.101.001 KAS KECIL,,50000,677697565,
Lumiera Garden,Tunai,2025-12-02,Kas Kecil(128) IDM Point Rest Area Km. 84B,Konsumsi (Minuman Kopi),60.104.001 OPERASIONAL KANTOR,10.101.001 KAS KECIL,,37200,677747565,
Lumiera Garden,Tunai,2025-12-02,Kas Kecil,Kembalian sisa dana belanja kebutuhan EXPO,10.101.001 KAS KECIL,10.101.004 SILANG KAS,142500,,677784765,
Lumiera Garden,Tunai,2025-12-02,Kas Kecil(132) Nota,Kekurangan pembelian gula,60.104.001 OPERASIONAL KANTOR,10.101.001 KAS KECIL,,10000,677642265,
Lumiera Garden,Bank,2025-12-01,BCA PT. ASA,Biaya Admin (TF beda bank),60.104.010 ADMINISTRASI BANK,10.101.003 BCA (8162440909 an PT. Adhiland Sukses Abadi),,2500,677652265,
Lumiera Garden,Bank,2025-12-01,BCA PT. ASA(130) Kwitansi,Cat Mobil Zenix,60.104.021 MAINTENANCE KENDARAAN,10.101.003 BCA (8162440909 an PT. Adhiland Sukses Abadi),,700000,677654765,
Lumiera Garden,Bank,2025-12-01,BCA PT. ASALK 1,"ITJ kavling LK-01 an Dyah Lusita Risdhianti Werdiningsih, S.PSi",10.101.003 BCA (8162440909 an PT. Adhiland Sukses Abadi),20.101.002 UANG TANDA JADI,5000000,,678354765,
Lumiera Garden,Bank,2025-12-01,BCA PT. ASA,Biaya Admin (TF beda bank),60.104.010 ADMINISTRASI BANK,10.101.003 BCA (8162440909 an PT. Adhiland Sukses Abadi),,14000,673354765,
Lumiera Garden,Bank,2025-12-01,BCA PT. ASA,Gaji Karyawan bulan November 2025 (Payroll),60.102.001 GAJI KARYAWAN TETAP,10.101.003 BCA (8162440909 an PT. Adhiland Sukses Abadi),,126581234,673368765,
Lumiera Garden,Tunai,2025-12-01,Kas Kecil(131) Majesty,Cetak Sticker All Marketing (untuk EXPO),60.104.001 OPERASIONAL KANTOR,10.101.001 KAS KECIL,,315000,799949999,
Lumiera Garden,Bank,2025-11-30,BCA PT. ASA,Pajak Bunga,60.104.029 BEBAN PAJAK LAINNYA/PAJAK BUNGA,10.101.003 BCA (8162440909 an PT. Adhiland Sukses Abadi),,1007,800264999,
Lumiera Garden,Bank,2025-11-30,BCA PT. ASA,Bunga Bank,10.101.003 BCA (8162440909 an PT. Adhiland Sukses Abadi),40.102.001 BUNGA BANK,5034,,800266006,
Lumiera Garden,Bank,2025-11-30,BCA PT. ASA,Admin Bank (Potongan Bulanan),60.104.010 ADMINISTRASI BANK,10.101.003 BCA (8162440909 an PT. Adhiland Sukses Abadi),,30000,800260972,
Lumiera Garden,Bank,2025-11-29,BCA PT. ASA(128) Nota,Akomodasi Direksi (Jemput dari Juanda),10.101.004 SILANG KAS,10.101.003 BCA (8162440909 an PT. Adhiland Sukses Abadi),,900000,800290972,
Lumiera Garden,Bank,2025-11-29,BCA PT. ASA,"Budgeting EXPO (air mineral, permen, tissu)",10.101.004 SILANG KAS,10.101.003 BCA (8162440909 an PT. Adhiland Sukses Abadi),,1640000,801190972,
Lumiera Garden,Tunai,2025-11-29,Kas Kecil,Pengembalian Sisa Dana Budgeting CRD (010825),10.101.001 KAS KECIL,10.101.004 SILANG KAS,15000,,802830972,
Lumiera Garden,Tunai,2025-11-29,Kas Kecil,LPJ 3Kg (Galeri Marketing),60.104.001 OPERASIONAL KANTOR,10.101.001 KAS KECIL,,22000,802815972,
Lumiera Garden,Tunai,2025-11-29,Kas Kecil(129) Indomaret Soekarno Hatta,Tali Rafia (Kebutuhan Expo),60.104.001 OPERASIONAL KANTOR,10.101.001 KAS KECIL,,5500,802837972,
Lumiera Garden,Tunai,2025-11-29,Kas Kecil(127) Tiong Bahru,Weekly Marcomm,10.101.004 SILANG KAS,10.101.001 KAS KECIL,,150000,802843472,
Lumiera Garden,Tunai,2025-11-28,,Pindah Saldo,10.101.001 KAS KECIL,10.101.002 CASH/TUNAI,,,802993472,
Lumiera Garden,Bank,2025-11-28,BCA PT. ASA,Kas Bon Karyawan (Wira / Marketing),10.102.011 PIUTANG KARYAWAN,10.101.003 BCA (8162440909 an PT. Adhiland Sukses Abadi),,10000000,802993472,
Lumiera Garden,Bank,2025-11-28,BCA PT. ASA,Domain Registration - adhiland.com - 1 Years (14 Nov 2025 s/d 13 Nov 2026) + DNS Management,60.101.005 BEBAN DIGITAL ADS,10.101.003 BCA (8162440909 an PT. Adhiland Sukses Abadi),,150000,812993472,
Lumiera Garden,Bank,2025-11-28,BCA PT. ASA,Domain Renewal - lumieragarden.id - 1 Years (17 Des 2025 s/d 16 Des 2026) + DNS Management,60.101.005 BEBAN DIGITAL ADS,10.101.003 BCA (8162440909 an PT. Adhiland Sukses Abadi),,300000,813143472,
Lumiera Garden,Bank,2025-11-28,BCA PT. ASA,Reimburse Pak Dedy (Tambal Pres + Bongkar Pasang - Mobil Zenix),60.104.001 OPERASIONAL KANTOR,10.101.003 BCA (8162440909 an PT. Adhiland Sukses Abadi),,150000,813443472,
Lumiera Garden,Bank,2025-11-28,BCA PT. ASA,Reimburse Handik (obat kolam ikan),60.104.001 OPERASIONAL KANTOR,10.101.003 BCA (8162440909 an PT. Adhiland Sukses Abadi),,43000,813593472,
Lumiera Garden,Bank,2025-11-28,BCA PT. ASA,"Peralatan Taman (pisau potong rumput, senarpotong rumput, bluck cutter, sekrop, pacul, arit)",60.104.001 OPERASIONAL KANTOR,10.101.003 BCA (8162440909 an PT. Adhiland Sukses Abadi),,405000,813636472,
Lumiera Garden,Bank,2025-11-28,BCA PT. ASACek : 620440,Tarikan Tunai,10.101.004 SILANG KAS,10.101.003 BCA (8162440909 an PT. Adhiland Sukses Abadi),,329170600,814041472,
Lumiera Garden,Bank,2025-11-28,BCA PT. ASA,Roundap & Gramoxone,60.104.001 OPERASIONAL KANTOR,10.101.003 BCA (8162440909 an PT. Adhiland Sukses Abadi),,145000,1143212072,
Lumiera Garden,Tunai,2025-11-28,Kas Kecil,Reimburse Pak Adhi (Tiket Masuk Museum Topkapi Turki / 6 pack),60.104.001 OPERASIONAL KANTOR,10.101.001 KAS KECIL,,8160000,1143357072,
Lumiera Garden,Tunai,2025-11-28,Kas Kecil,Pembayaran Hutang Ke Sigura-Gura,20.103.006 HUTANG SIGURA-GURA,10.101.001 KAS KECIL,,121010600,1151517072,
Lumiera Garden,Tunai,2025-11-28,Cash/TunaiCek : 620440,Pencairan Cek,10.101.002 CASH/TUNAI,10.101.004 SILANG KAS,329170600,,1272527672,
Lumiera Garden,Tunai,2025-11-27,Kas Kecil(126) Kwitansi,Iuran Sampah Kantor/Ruko bulan November 2025,60.104.012 KEAMANAN DAN KEBERSIHAN,10.101.001 KAS KECIL,,75000,943357072,
Lumiera Garden,Tunai,2025-11-27,Kas Kecil,Pinjaman dari Joyo Agung 2,10.101.001 KAS KECIL,20.103.009 HUTANG JOYO AGUNG 2,600000,,943432072,
Lumiera Garden,Bank,2025-11-26,BCA PT. ASA,Bensin Pick Up (Pak Dian),10.101.004 SILANG KAS,10.101.003 BCA (8162440909 an PT. Adhiland Sukses Abadi),,200000,942832072,
Lumiera Garden,Bank,2025-11-25,BCA PT. ASA,Lampu Bohlam Jalan Masuk (3 unit) - Gajayana Electronic,10.202.012 PENERANGAN JALAN UMUM,10.101.003 BCA (8162440909 an PT. Adhiland Sukses Abadi),,540000,943032072,
Lumiera Garden,Tunai,2025-11-25,Kas Kecil(125) Gas Station,Bensin Mesin Pemotong Rumput,60.104.001 OPERASIONAL KANTOR,10.101.001 KAS KECIL,,50000,943572072,
Lumiera Garden,Tunai,2025-11-24,Kas Kecil,Biaya Kelurahan untuk keterangan jalan masuk Lumiera Garden,10.201.011 PERIJINAN,10.101.001 KAS KECIL,,250000,943622072,
Lumiera Garden,Tunai,2025-11-24,Kas Kecil,Pinjaman dari Joyo Agung 2,10.101.001 KAS KECIL,20.103.009 HUTANG JOYO AGUNG 2,200000,,943872072,
Lumiera Garden,Tunai,2025-11-22,Kas Kecil(124) Semusim Cafe,Weekly Marcomm,60.104.013 MEETING,10.101.001 KAS KECIL,,250000,943672072,
Lumiera Garden,Tunai,2025-11-22,Kas Kecil,Pasang Lampu Pagar Sisi Sungai (4 unit) - Suwandi,10.202.012 PENERANGAN JALAN UMUM,10.101.001 KAS KECIL,,300000,943922072,
Lumiera Garden,Tunai,2025-11-22,Kas Kecil,Pasang PJU + Instalasi (3 unit) - Suwandi,10.202.012 PENERANGAN JALAN UMUM,10.101.001 KAS KECIL,,4500000,944222072,
Lumiera Garden,Tunai,2025-11-22,Kas Kecil,Pinjaman dari Sigura-Gura,10.101.001 KAS KECIL,20.103.006 HUTANG SIGURA-GURA,5000000,,948722072,
Lumiera Garden,Bank,2025-11-21,BCA PT. ASA,Reimburse Pak Verry (Bensin Pick Up),60.104.007 BENSIN OPERASIONAL,10.101.003 BCA (8162440909 an PT. Adhiland Sukses Abadi),,200000,943722072,
Lumiera Garden,Bank,2025-11-21,BCA PT. ASA,Pasang CCTV Kawasan + Instalasi - Oxygen CCTV,60.104.012 KEAMANAN DAN KEBERSIHAN,10.101.003 BCA (8162440909 an PT. Adhiland Sukses Abadi),,1690000,943922072,
Lumiera Garden,Bank,2025-11-21,BCA PT. ASA,Reimburse Pak Roy (Nota D' Garden Resto & Cafe / Perjalanan ke Bondowoso),60.104.001 OPERASIONAL KANTOR,10.101.003 BCA (8162440909 an PT. Adhiland Sukses Abadi),,592000,945612072,
Lumiera Garden,Bank,2025-11-21,BCA PT. ASAKW 049,"Pembayaran Ke-1 Pembelian Unit Kavling C-04 an Budiono, SH.",10.101.003 BCA (8162440909 an PT. Adhiland Sukses Abadi),20.101.001 UANG MUKA,150000000,,946204072,
Lumiera Garden,Bank,2025-11-21,BCA PT. ASALK 17,Pembayaran Ke-1 Pembelian Rukost LK-17 an Muhammad Nassar,10.101.003 BCA (8162440909 an PT. Adhiland Sukses Abadi),20.101.001 UANG MUKA,200000000,,796204072,
Lumiera Garden,Tunai,2025-11-21,Kas Kecil,Reimburse Hasan (Konsumsi Take Konten LG / 2 nota),60.104.001 OPERASIONAL KANTOR,10.101.001 KAS KECIL,,19200,596204072,
Lumiera Garden,Tunai,2025-11-20,Kas Kecil(132) Nota,Pegangan Novia,10.101.004 SILANG KAS,10.101.001 KAS KECIL,,50000,596223272,
Lumiera Garden,Tunai,2025-11-19,Kas Kecil(122) Nota,Kopi JM Tulen (All 5 kg),60.104.001 OPERASIONAL KANTOR,10.101.001 KAS KECIL,,120000,596273272,
Lumiera Garden,Bank,2025-11-18,BCA PT. ASA,"Akomodasi Mengantarkan Bapak"" DIreksi ke Juanda",10.101.004 SILANG KAS,10.101.003 BCA (8162440909 an PT. Adhiland Sukses Abadi),,900000,596393272,
Lumiera Garden,Bank,2025-11-17,BCA PT. ASA,Tarikan Tunai (Pengembalian Hutang Sigura-Gura),20.103.006 HUTANG SIGURA-GURA,10.101.003 BCA (8162440909 an PT. Adhiland Sukses Abadi),,800000000,597293272,
Lumiera Garden,Bank,2025-11-17,BCA PT. ASA,Biaya Admin (TF beda bank),60.104.010 ADMINISTRASI BANK,10.101.003 BCA (8162440909 an PT. Adhiland Sukses Abadi),,2500,1397293272,
Lumiera Garden,Bank,2025-11-17,BCA PT. ASA(121) RM Roda Baru Depan Ringin Ampera,Konsumsi Meeting Marketing (17 Nov 2025 / 20 kotak),60.104.013 MEETING,10.101.003 BCA (8162440909 an PT. Adhiland Sukses Abadi),,475000,1397295772,
Lumiera Garden,Tunai,2025-11-17,Kas Kecil(120) Grosir Pokok Berkah,"Galon Refil (Cleo 4, Aqua 1)",60.104.001 OPERASIONAL KANTOR,10.101.001 KAS KECIL,,89000,1397770772,
Lumiera Garden,Bank,2025-11-15,BCA PT. ASA,Token Listrik Kawasan (513111484250 / PJU Lumiera Joyo Agung),60.104.003 TOKEN PLN,10.101.003 BCA (8162440909 an PT. Adhiland Sukses Abadi),,2004301,1397859772,
Lumiera Garden,Bank,2025-11-15,BCA PT. ASALK 9,"Pembayaran Cicilan Pelunasan Ke-4 Kavling LK-09 an Dwi Mulyono, ST",10.101.003 BCA (8162440909 an PT. Adhiland Sukses Abadi),20.101.001 UANG MUKA,30000000,,1399864073,
Lumiera Garden,Tunai,2025-11-14,,Pindah Saldo,10.101.001 KAS KECIL,10.101.002 CASH/TUNAI,,,1369864073,
Lumiera Garden,Bank,2025-11-14,BCA PT. ASALK 23,Pembayaran Angsuran Ke-1 Pembelian Rukost Kavling LK-23 an Ririn Yuni Astutik,10.101.003 BCA (8162440909 an PT. Adhiland Sukses Abadi),20.101.001 UANG MUKA,180000000,,1369864073,
Lumiera Garden,Bank,2025-11-14,BCA PT. ASA,Reimburse Pak Adhi (Laptop Digital Marketing - Asus Gaming V16 V3607VU-1545B7T-HM ),11.101.001 PERALATAN KANTOR,10.101.003 BCA (8162440909 an PT. Adhiland Sukses Abadi),,13191950,1189864073,
Lumiera Garden,Bank,2025-11-14,BCA PT. ASA,Kekurangan Belanja Kebutuhan Galeri Marketing,60.104.001 OPERASIONAL KANTOR,10.101.003 BCA (8162440909 an PT. Adhiland Sukses Abadi),,720040,1203056023,
Lumiera Garden,Bank,2025-11-14,BCA PT. ASA,DP Open Table MOG (1 - 30 Nov 2025),60.101.006 EXPO,10.101.003 BCA (8162440909 an PT. Adhiland Sukses Abadi),,10000000,1203776063,
Lumiera Garden,Bank,2025-11-14,BCA PT. ASA,Waarmerking PPJB LK-17 an M. Nassar,60.104.023 BIAYA ADMINISTRASI WAARMERKING,10.101.003 BCA (8162440909 an PT. Adhiland Sukses Abadi),,250000,1213776063,
Lumiera Garden,Bank,2025-11-14,BCA PT. ASA,Komisi Makelar Tanah / Pak Yazak,10.201.026 KOMISI PEMBELIAN TANAH,10.101.003 BCA (8162440909 an PT. Adhiland Sukses Abadi),,10000000,1214026063,
Lumiera Garden,Bank,2025-11-14,BCA PT. ASA,Biaya Admin (TF beda bank),60.104.010 ADMINISTRASI BANK,10.101.003 BCA (8162440909 an PT. Adhiland Sukses Abadi),,2500,1224026063,
Lumiera Garden,Bank,2025-11-14,BCA PT. ASA,Kas Bon Karyawan (Umum / Sukamto),10.102.011 PIUTANG KARYAWAN,10.101.003 BCA (8162440909 an PT. Adhiland Sukses Abadi),,1000000,1224028563,
Lumiera Garden,Bank,2025-11-14,BCA PT. ASA,Akomodasi Umroh Direktur Teknik,60.104.001 OPERASIONAL KANTOR,10.101.003 BCA (8162440909 an PT. Adhiland Sukses Abadi),,10000000,1225028563,
Lumiera Garden,Bank,2025-11-14,BCA PT. ASA,Akomodasi Umroh Direktur B&D,60.104.001 OPERASIONAL KANTOR,10.101.003 BCA (8162440909 an PT. Adhiland Sukses Abadi),,10000000,1235028563,
Lumiera Garden,Bank,2025-11-14,BCA PT. ASA,Akomodasi Umroh Direktur Operasional,60.104.001 OPERASIONAL KANTOR,10.101.003 BCA (8162440909 an PT. Adhiland Sukses Abadi),,10000000,1245028563,
Lumiera Garden,Bank,2025-11-14,BCA PT. ASA,Akomodasi Umroh Direktur Utama,60.104.001 OPERASIONAL KANTOR,10.101.003 BCA (8162440909 an PT. Adhiland Sukses Abadi),,10000000,1255028563,
Lumiera Garden,Bank,2025-11-14,BCA PT. ASA,Akomodasi Umroh Komisaris Independen,60.104.001 OPERASIONAL KANTOR,10.101.003 BCA (8162440909 an PT. Adhiland Sukses Abadi),,10000000,1265028563,
Lumiera Garden,Bank,2025-11-14,BCA PT. ASA,Akomodasi Umroh Komisaris Utama,60.104.001 OPERASIONAL KANTOR,10.101.003 BCA (8162440909 an PT. Adhiland Sukses Abadi),,10000000,1275028563,
Lumiera Garden,Bank,2025-11-14,BCA PT. ASA,Wifi Project bulan November (01000557664),60.104.006 TAGIHAN WIFI,10.101.003 BCA (8162440909 an PT. Adhiland Sukses Abadi),,416250,1285028563,
Lumiera Garden,Bank,2025-11-14,BCA PT. ASA,Wifi Kantor Ruko Suhat bulan November (01000274460),60.104.006 TAGIHAN WIFI,10.101.003 BCA (8162440909 an PT. Adhiland Sukses Abadi),,416250,1285444813,
Lumiera Garden,Bank,2025-11-14,BCA PT. ASA,Pembayaran Halo Call Center November (08113646900),60.104.005 TAGIHAN HALO CALL CENTER (08113646900),10.101.003 BCA (8162440909 an PT. Adhiland Sukses Abadi),,202800,1285861063,
Lumiera Garden,Tunai,2025-11-14,Kas Kecil,Reimburse Pak Adhi (Weekly Meeting Pak Rendra),60.104.013 MEETING,10.101.001 KAS KECIL,,315458,1286063863,
Lumiera Garden,Tunai,2025-11-14,Kas Kecil,Reimburse Pak Adhi (1 Set Meja 2 Kursi),11.101.001 PERALATAN KANTOR,10.101.001 KAS KECIL,,659000,1286379321,
Lumiera Garden,Tunai,2025-11-14,Kas Kecil,Reimburse Pak Adhi (Kursi Duduk Hijau Tua / 4 pcs),11.101.001 PERALATAN KANTOR,10.101.001 KAS KECIL,,1276000,1287038321,
Lumiera Garden,Tunai,2025-11-14,Kas Kecil,Reimburse Pak Adhi (Lemari Pintu Sliding 2 Pintu),11.101.001 PERALATAN KANTOR,10.101.001 KAS KECIL,,1699000,1288314321,
Lumiera Garden,Tunai,2025-11-14,Kas Kecil,Tipping Guide Umroh,60.104.001 OPERASIONAL KANTOR,10.101.001 KAS KECIL,,4231080,1290013321,
Lumiera Garden,Tunai,2025-11-14,Kas Kecil,Pinjaman dari Joyo Agung 2,10.101.001 KAS KECIL,20.103.009 HUTANG JOYO AGUNG 2,7000000,,1294244401,
Lumiera Garden,Bank,2025-11-13,BCA PT. ASA(119) Nota,Akomodasi Bondowoso,10.101.004 SILANG KAS,10.101.003 BCA (8162440909 an PT. Adhiland Sukses Abadi),,900000,1287244401,
Lumiera Garden,Tunai,2025-11-13,Kas Kecil(118) UB Coffee,Meeting Koordinasi Delegasi Tugas Sementara,60.104.013 MEETING,10.101.001 KAS KECIL,,744700,1288144401,
Lumiera Garden,Tunai,2025-11-13,"Kas Kecil(117) Nota Indomaret, A-Z Barokah, Dharmalia Plastik","Kebutuhan Kantor (Sabun Cuci Piring, Keset, Trashbag 80x100 / 3 nota)",60.104.001 OPERASIONAL KANTOR,10.101.001 KAS KECIL,,107000,1288889101,
Lumiera Garden,Tunai,2025-11-13,Kas Kecil(116) Nota,Reimburse Andik (Beli Refil Galon Project),60.104.001 OPERASIONAL KANTOR,10.101.001 KAS KECIL,,21000,1288996101,
Lumiera Garden,Tunai,2025-11-13,Kas Kecil,Kembalian sisa dana belanja air mineral eternalplus,10.101.001 KAS KECIL,10.101.004 SILANG KAS,45000,,1289017101,
Lumiera Garden,Tunai,2025-11-12,Kas Kecil,Komisi Marcomm Desain Grafis (16%) Kavling LK-21,60.101.002 INSENTIF/KOMISI,10.101.001 KAS KECIL,,150400,1288972101,
Lumiera Garden,Tunai,2025-11-12,Kas Kecil,Komisi Marcomm Konten Kreator (16%) Kavling LK-21,60.101.002 INSENTIF/KOMISI,10.101.001 KAS KECIL,,150400,1289122501,
Lumiera Garden,Tunai,2025-11-12,Kas Kecil,Komisi Marcomm Desain Grafis (16%) Kavling LK-21,60.101.002 INSENTIF/KOMISI,10.101.001 KAS KECIL,,150400,1289272901,
Lumiera Garden,Tunai,2025-11-12,Kas Kecil,Komisi Admin Sosmed (15%) Kavling LK-21,60.101.002 INSENTIF/KOMISI,10.101.001 KAS KECIL,,141000,1289423301,
Lumiera Garden,Tunai,2025-11-12,Kas Kecil,Komisi Marcomm Videografer (16%) Kavling LK-21,60.101.002 INSENTIF/KOMISI,10.101.001 KAS KECIL,,150400,1289564301,
Lumiera Garden,Tunai,2025-11-12,Kas Kecil,Komisi Marcomm SPV (21%) Kavling LK-21,60.101.002 INSENTIF/KOMISI,10.101.001 KAS KECIL,,197400,1289714701,
Lumiera Garden,Tunai,2025-11-12,Kas Kecil,Komisi Direktur Teknik Kavling LK-21,60.101.002 INSENTIF/KOMISI,10.101.001 KAS KECIL,,2350000,1289912101,
Lumiera Garden,Tunai,2025-11-12,Kas Kecil,Komisi Komisaris Kavling LK-21,60.101.002 INSENTIF/KOMISI,10.101.001 KAS KECIL,,2350000,1292262101,
Lumiera Garden,Tunai,2025-11-12,Kas Kecil,Komisi Direktur B&D Kavling LK-21,60.101.002 INSENTIF/KOMISI,10.101.001 KAS KECIL,,2350000,1294612101,
Lumiera Garden,Tunai,2025-11-12,Kas Kecil,Komisi Direktur Operasional Kavling LK-21,60.101.002 INSENTIF/KOMISI,10.101.001 KAS KECIL,,2350000,1296962101,
Lumiera Garden,Tunai,2025-11-12,Kas Kecil,Komisi Direktur Utama Kavling LK-21,60.101.002 INSENTIF/KOMISI,10.101.001 KAS KECIL,,2350000,1299312101,
Lumiera Garden,Tunai,2025-11-12,Kas Kecil,BLT SPV Marketing Kavling LK-21,60.101.001 BLT,10.101.001 KAS KECIL,,2000000,1301662101,
Lumiera Garden,Tunai,2025-11-12,Kas Kecil,Komisi SPV Marketing Kavling LK-21,60.101.002 INSENTIF/KOMISI,10.101.001 KAS KECIL,,5875000,1303662101,
Lumiera Garden,Tunai,2025-11-12,Kas Kecil,Komisi Marketing Kavling LK-21,60.101.002 INSENTIF/KOMISI,10.101.001 KAS KECIL,,17625000,1309537101,
Lumiera Garden,Tunai,2025-11-12,Kas Kecil,Pinjaman dari Sigura-Gura,10.101.001 KAS KECIL,20.103.006 HUTANG SIGURA-GURA,38500000,,1327162101,
Lumiera Garden,Bank,2025-11-11,BCA PT. ASA,Biaya Admin (TF beda bank),60.104.010 ADMINISTRASI BANK,10.101.003 BCA (8162440909 an PT. Adhiland Sukses Abadi),,2500,1288662101,
Lumiera Garden,Bank,2025-11-11,BCA PT. ASA,Kasur 90x200cm dan Bantal Guling - Galeri Marketing - Pirnoto,11.101.001 PERALATAN KANTOR,10.101.003 BCA (8162440909 an PT. Adhiland Sukses Abadi),,1000000,1288664601,
Lumiera Garden,Bank,2025-11-11,BCA PT. ASALK 21,"Pembayaran DP Pembelian Rukost Kavling LK-21 an E. Wida Kusumawati, AMD",10.101.003 BCA (8162440909 an PT. Adhiland Sukses Abadi),20.101.001 UANG MUKA,1000000000,,1289664601,
Lumiera Garden,Tunai,2025-11-11,Kas KecilII Kwitansi 171,Instalasi & Material CCTV Tandon - Suwandi,10.202.020 TANDON AIR,10.101.001 KAS KECIL,,1300000,289664601,
Lumiera Garden,Tunai,2025-11-11,Kas Kecil(115) Qof Carwash & Cafe,Cuci Mobil Pick Up (061125),60.104.001 OPERASIONAL KANTOR,10.101.001 KAS KECIL,,38000,290964601,
Lumiera Garden,Bank,2025-11-10,BCA PT. ASA,Kas Bon Karyawan (Security / Dian Nuri),10.102.011 PIUTANG KARYAWAN,10.101.003 BCA (8162440909 an PT. Adhiland Sukses Abadi),,1500000,291002601,
Lumiera Garden,Tunai,2025-11-08,,Pindah Saldo,10.101.001 KAS KECIL,10.101.002 CASH/TUNAI,,,292502601,
Lumiera Garden,Tunai,2025-11-08,Kas KecilII Kwitansi 173,Termin 50% Kavling LK-6 (43/SPK.ADP/VIII/2025) - Arya Desta,10.203.001 PERSEDIAAN BANGUNAN,10.101.001 KAS KECIL,,163625000,292502601,
Lumiera Garden,Tunai,2025-11-08,Kas Kecil,Pinjaman dari Sigura-Gura,10.101.001 KAS KECIL,20.103.006 HUTANG SIGURA-GURA,50000000,,456127601,
Lumiera Garden,Tunai,2025-11-08,Kas Kecil(114) Fajar Baru Pisang Kipas,Weekly Marcomm,60.104.013 MEETING,10.101.001 KAS KECIL,,250000,406127601,
Lumiera Garden,Tunai,2025-11-07,,Pindah Saldo,10.101.001 KAS KECIL,10.101.002 CASH/TUNAI,,,406377601,
Lumiera Garden,Bank,2025-11-07,BCA PT. ASA,Refund ITJ LK-01 an Debora,20.101.002 UANG TANDA JADI,10.101.003 BCA (8162440909 an PT. Adhiland Sukses Abadi),,5000000,406377601,
Lumiera Garden,Bank,2025-11-07,BCA PT. ASA,Tas Kamera,11.101.001 PERALATAN KANTOR,10.101.003 BCA (8162440909 an PT. Adhiland Sukses Abadi),,504500,411377601,
Lumiera Garden,Bank,2025-11-07,BCA PT. ASA,Tas Drone,11.101.001 PERALATAN KANTOR,10.101.003 BCA (8162440909 an PT. Adhiland Sukses Abadi),,283700,411882101,
Lumiera Garden,Bank,2025-11-07,BCA PT. ASA,Budgeting Belanja Mineral Galeri Marketing,10.101.004 SILANG KAS,10.101.003 BCA (8162440909 an PT. Adhiland Sukses Abadi),,1260000,412165801,
Lumiera Garden,Bank,2025-11-07,BCA PT. ASA,Biaya Admin (TF beda bank),60.104.010 ADMINISTRASI BANK,10.101.003 BCA (8162440909 an PT. Adhiland Sukses Abadi),,2500,413425801,
Lumiera Garden,Bank,2025-11-07,BCA PT. ASA,Ads (11.1),60.101.005 BEBAN DIGITAL ADS,10.101.003 BCA (8162440909 an PT. Adhiland Sukses Abadi),,5000000,413428301,
Lumiera Garden,Bank,2025-11-07,BCA PT. ASA,Pasang Baru Listrik - SLO & NIDI LK-12 an Fitri Agustina (7 Unit),10.202.032 PLN UNIT,10.101.003 BCA (8162440909 an PT. Adhiland Sukses Abadi),,910000,418428301,
Lumiera Garden,Bank,2025-11-07,BCA PT. ASA,Pasang Baru Listrik - SLO & NIDI LK-10 an M Yunus (7 Unit),10.202.032 PLN UNIT,10.101.003 BCA (8162440909 an PT. Adhiland Sukses Abadi),,910000,419338301,
Lumiera Garden,Bank,2025-11-07,BCA PT. ASA,Pasang Baru Listrik - SLO & NIDI LK-9 an Dwi Mulyono (7 Unit),10.202.032 PLN UNIT,10.101.003 BCA (8162440909 an PT. Adhiland Sukses Abadi),,910000,420248301,
Lumiera Garden,Bank,2025-11-07,BCA PT. ASA,Pasang Baru Listrik - SLO & NIDI LK-8 an Agustina Irawati (7 Unit),10.202.032 PLN UNIT,10.101.003 BCA (8162440909 an PT. Adhiland Sukses Abadi),,910000,421158301,
Lumiera Garden,Bank,2025-11-07,BCA PT. ASA,Pasang Baru Listrik - SLO & NIDI LK-7 an Heny Susanti (7 Unit),10.202.032 PLN UNIT,10.101.003 BCA (8162440909 an PT. Adhiland Sukses Abadi),,910000,422068301,
Lumiera Garden,Bank,2025-11-07,BCA PT. ASA,Reimburse Pak Rula (Material Filter Kolam Galeri Marketing),10.202.017 GALLERY MARKETING,10.101.003 BCA (8162440909 an PT. Adhiland Sukses Abadi),,475000,422978301,
Lumiera Garden,Bank,2025-11-07,BCA PT. ASA,Reimburse Pak Rula (Bensin Mesin Potong Rumput),60.104.001 OPERASIONAL KANTOR,10.101.003 BCA (8162440909 an PT. Adhiland Sukses Abadi),,50000,423453301,
Lumiera Garden,Bank,2025-11-07,BCA PT. ASA,Fee Konsultan Pajak,60.104.035 KONSULTAN,10.101.003 BCA (8162440909 an PT. Adhiland Sukses Abadi),,500000,423503301,
Lumiera Garden,Tunai,2025-11-07,Kas Kecil,Pelunasan Open Table MOG (1-31 Oktober 2025),60.101.006 EXPO,10.101.001 KAS KECIL,,28000000,424003301,
Lumiera Garden,Tunai,2025-11-07,Kas Kecil(113) Pos Indonesia,Kirim Berkas PPJB LK-21 an E Wida Kusumawati,60.104.009 PERANGKO/KIRIMAN SRT & DOK,10.101.001 KAS KECIL,,19000,452003301,
Lumiera Garden,Tunai,2025-11-06,Kas Kecil(112) Nota,LPJ 3kg (Kantor),60.104.001 OPERASIONAL KANTOR,10.101.001 KAS KECIL,,22000,452022301,
Lumiera Garden,Tunai,2025-11-06,Kas Kecil(111) Malang Badminton Arena,Reimburse Pak Dedy (Member Badminton Bulan November),60.104.001 OPERASIONAL KANTOR,10.101.001 KAS KECIL,,480000,452044301,
Lumiera Garden,Bank,2025-11-04,BCA PT. ASA,Tarikan Tunai (Cek 620438),10.101.004 SILANG KAS,10.101.003 BCA (8162440909 an PT. Adhiland Sukses Abadi),,200000000,452524301,
Lumiera Garden,Tunai,2025-11-04,Kas Kecil(110) Toko Wongkamfoeng,Reward Karyawan bulan Oktober 2025,60.104.002 SUMBANGAN/REWARD,10.101.001 KAS KECIL,,146000,652524301,
Lumiera Garden,Tunai,2025-11-04,Kas Kecil,Pembayaran Hutang Ke Sigura-Gura,20.103.006 HUTANG SIGURA-GURA,10.101.001 KAS KECIL,,500000,652670301,
Lumiera Garden,Tunai,2025-11-04,Cash/Tunai,Biaya Admin Setoran Tunai (DP Umroh),60.104.010 ADMINISTRASI BANK,10.101.002 CASH/TUNAI,,2900,653170301,
Lumiera Garden,Tunai,2025-11-04,Kas Kecil,Pelunasan Umroh 13 hari (6 pack),60.104.001 OPERASIONAL KANTOR,10.101.001 KAS KECIL,,199400000,653173201,
Lumiera Garden,Tunai,2025-11-04,Kas KecilCek : 620438,Pencairan Cek,10.101.001 KAS KECIL,10.101.004 SILANG KAS,200000000,,852573201,
Lumiera Garden,Tunai,2025-11-04,Kas Kecil(109) Nota,Pegangan Novia (Galon Aqua 2),60.104.001 OPERASIONAL KANTOR,10.101.001 KAS KECIL,,42000,652573201,
Lumiera Garden,Tunai,2025-11-04,Kas Kecil(108) Indomaret & BM Mart,Galon Refil untuk proyek (4 Aqua) - 3 nota,60.104.001 OPERASIONAL KANTOR,10.101.001 KAS KECIL,,82000,652615201,
Lumiera Garden,Bank,2025-11-03,BCA PT. ASALK 21,ITJ kavling LK-21 an E Wida Kusumawati,10.101.003 BCA (8162440909 an PT. Adhiland Sukses Abadi),20.101.002 UANG TANDA JADI,5000000,,652697201,
Lumiera Garden,Bank,2025-11-03,BCA PT. ASALK 7,Pembayaran Pelunasan Rukost Kavling LK-07 an Heny Susanti,10.101.003 BCA (8162440909 an PT. Adhiland Sukses Abadi),20.101.001 UANG MUKA,134000000,,647697201,
Lumiera Garden,Bank,2025-11-01,BCA PT. ASA,Upah Penjaga Alat / P. Didik (01 Okt s/d 28 Okt 2025),60.103.001 HONOR,10.101.003 BCA (8162440909 an PT. Adhiland Sukses Abadi),,1400000,513697201,
Lumiera Garden,Bank,2025-11-01,BCA PT. ASA,Biaya Admin (TF beda bank),60.104.010 ADMINISTRASI BANK,10.101.003 BCA (8162440909 an PT. Adhiland Sukses Abadi),,5000,515097201,
Lumiera Garden,Bank,2025-11-01,BCA PT. ASA,Gaji Karyawan bulan Oktober 2025 (Payroll),60.102.001 GAJI KARYAWAN TETAP,10.101.003 BCA (8162440909 an PT. Adhiland Sukses Abadi),,126488819,515102201,
Lumiera Garden,Tunai,2025-10-31,,Pindah Saldo,10.101.001 KAS KECIL,10.101.002 CASH/TUNAI,,,641591020,
Lumiera Garden,Bank,2025-10-31,BCA PT. ASA,Refund ITJ LK-01 an Erni Dwi Retnowati,20.101.002 UANG TANDA JADI,10.101.003 BCA (8162440909 an PT. Adhiland Sukses Abadi),,5000000,641591020,
Lumiera Garden,Bank,2025-10-31,BCA PT. ASA,Pajak Bunga,60.104.029 BEBAN PAJAK LAINNYA/PAJAK BUNGA,10.101.003 BCA (8162440909 an PT. Adhiland Sukses Abadi),,19578,646591020,
Lumiera Garden,Bank,2025-10-31,BCA PT. ASA,Bunga Bank,10.101.003 BCA (8162440909 an PT. Adhiland Sukses Abadi),40.102.001 BUNGA BANK,97890,,646610598,
Lumiera Garden,Bank,2025-10-31,BCA PT. ASA,Admin Bank (Potongan Bulanan),60.104.010 ADMINISTRASI BANK,10.101.003 BCA (8162440909 an PT. Adhiland Sukses Abadi),,30000,646512708,
Lumiera Garden,Bank,2025-10-31,BCA PT. ASA,Budgeting CRD (Listrik Kawasan),10.101.004 SILANG KAS,10.101.003 BCA (8162440909 an PT. Adhiland Sukses Abadi),,2006000,646542708,
Lumiera Garden,Bank,2025-10-31,BCA PT. ASA,Biaya Admin (TF beda bank),60.104.010 ADMINISTRASI BANK,10.101.003 BCA (8162440909 an PT. Adhiland Sukses Abadi),,2500,648548708,
Lumiera Garden,Bank,2025-10-31,BCA PT. ASA,Reimburse Pak Achmad (Konsumsi PPJB LK-24 / Sidoarjo),60.104.001 OPERASIONAL KANTOR,10.101.003 BCA (8162440909 an PT. Adhiland Sukses Abadi),,334000,648551208,
Lumiera Garden,Bank,2025-10-31,BCA PT. ASA,Reimburse Maria (Konsumsi PPJB LK-24 / SIdoarjo),60.104.001 OPERASIONAL KANTOR,10.101.003 BCA (8162440909 an PT. Adhiland Sukses Abadi),,57600,648885208,
Lumiera Garden,Bank,2025-10-31,BCA PT. ASA,Reimburse Pak Dedy (Bensin Pick Up / 2 nota),60.104.007 BENSIN OPERASIONAL,10.101.003 BCA (8162440909 an PT. Adhiland Sukses Abadi),,400000,648942808,
Lumiera Garden,Bank,2025-10-31,BCA PT. ASA,Biaya Admin (TF beda bank),60.104.010 ADMINISTRASI BANK,10.101.003 BCA (8162440909 an PT. Adhiland Sukses Abadi),,2500,649342808,
Lumiera Garden,Bank,2025-10-31,BCA PT. ASA,Ads,60.101.005 BEBAN DIGITAL ADS,10.101.003 BCA (8162440909 an PT. Adhiland Sukses Abadi),,5000000,649345308,
Lumiera Garden,Bank,2025-10-31,BCA PT. ASA,Perhitungan Teknis MEP Rumah Kost Lumiera Garden dan SKK Ahli Elektrikal Bangunan Gedung (Untuk pengurusan PBG),10.201.027 PBG,10.101.003 BCA (8162440909 an PT. Adhiland Sukses Abadi),,2500000,654345308,
Lumiera Garden,Bank,2025-10-31,BCA PT. ASA,Percepatan Checking SHM 2432 & 2433 an Farida Budi,10.201.015 SERTIFIKAT INDUK,10.101.003 BCA (8162440909 an PT. Adhiland Sukses Abadi),,1000000,656845308,
Lumiera Garden,Bank,2025-10-31,BCA PT. ASA,Waarmerking PPJB LK-19 an Farida Budi W.,60.104.023 BIAYA ADMINISTRASI WAARMERKING,10.101.003 BCA (8162440909 an PT. Adhiland Sukses Abadi),,250000,657845308,
Lumiera Garden,Bank,2025-10-31,BCA PT. ASA,Reimburse Pak Rula (Pupuk Taman Fasum),60.104.001 OPERASIONAL KANTOR,10.101.003 BCA (8162440909 an PT. Adhiland Sukses Abadi),,450000,658095308,
Lumiera Garden,Bank,2025-10-31,BCA PT. ASA,Pembuatan Taman Sisi Gudang,10.202.008 TAMAN DAN PENGHIJAUAN,10.101.003 BCA (8162440909 an PT. Adhiland Sukses Abadi),,3700000,658545308,
Lumiera Garden,Bank,2025-10-31,BCA PT. ASA,Biaya Admin (TF beda bank),60.104.010 ADMINISTRASI BANK,10.101.003 BCA (8162440909 an PT. Adhiland Sukses Abadi),,2500,662245308,
Lumiera Garden,Bank,2025-10-31,BCA PT. ASA,ESCROW - Token Perdana 72 Token,10.202.032 PLN UNIT,10.101.003 BCA (8162440909 an PT. Adhiland Sukses Abadi),,3600000,662247808,
Lumiera Garden,Bank,2025-10-31,BCA PT. ASA,ESCROW - Biaya Uang Jaminan Pelanggan 12 Unit,10.202.032 PLN UNIT,10.101.003 BCA (8162440909 an PT. Adhiland Sukses Abadi),,2074800,665847808,
Lumiera Garden,Bank,2025-10-31,BCA PT. ASA,ESCROW - Biaya Penyambungan 84 Token,10.202.032 PLN UNIT,10.101.003 BCA (8162440909 an PT. Adhiland Sukses Abadi),,102312000,667922608,
Lumiera Garden,Tunai,2025-10-31,Kas Kecil,Reimburse Pak Adhi (Weekly Meeting Pak Rendra / 271025),60.104.013 MEETING,10.101.001 KAS KECIL,,417607,770234608,
Lumiera Garden,Tunai,2025-10-31,Kas Kecil,Reimburse Pak Adhi (Cuci Mobil),60.104.001 OPERASIONAL KANTOR,10.101.001 KAS KECIL,,50000,770652215,
Lumiera Garden,Tunai,2025-10-31,Kas Kecil,Reimbusre Pak Adhi (Bensin pemotong rumput),60.104.001 OPERASIONAL KANTOR,10.101.001 KAS KECIL,,50000,770702215,
Lumiera Garden,Tunai,2025-10-31,Kas Kecil,Reimburse Pak Adhi (Meeting Direksi /241025),60.104.013 MEETING,10.101.001 KAS KECIL,,109000,770752215,
Lumiera Garden,Tunai,2025-10-31,Kas Kecil,Reimburse Pak Adhi (Pompa Air Kolam),10.202.017 GALLERY MARKETING,10.101.001 KAS KECIL,,475000,770861215,
Lumiera Garden,Tunai,2025-10-31,Kas Kecil,Reimburse Pak Adhi ( Meeting Direksi /231025),60.104.013 MEETING,10.101.001 KAS KECIL,,90903,771336215,
Lumiera Garden,Tunai,2025-10-31,Kas Kecil,Reimburse Pak Adhi ( Meeting Direksi /221025),60.104.013 MEETING,10.101.001 KAS KECIL,,146255,771427118,
Lumiera Garden,Tunai,2025-10-31,Cash/Tunai,Pembayaran Hutang Ke Sigura-Gura,20.103.006 HUTANG SIGURA-GURA,10.101.002 CASH/TUNAI,,106000000,771573373,
Lumiera Garden,Tunai,2025-10-31,Kas Kecil,Insentif - Investor Pemilik Lahan / Tanah Jati Lumiera (P. Dedy),10.201.026 KOMISI PEMBELIAN TANAH,10.101.001 KAS KECIL,,15870000,877573373,
Lumiera Garden,Tunai,2025-10-30,,Pindah Saldo,10.101.001 KAS KECIL,10.101.002 CASH/TUNAI,,,893443373,
Lumiera Garden,Bank,2025-10-30,BCA PT. ASA,"Reimburse Pak Rula (Lampu Sorot 50w & Kabel Twist 2x1,5mm - Taman Sisi Sungai)",10.202.008 TAMAN DAN PENGHIJAUAN,10.101.003 BCA (8162440909 an PT. Adhiland Sukses Abadi),,2485000,893443373,
Lumiera Garden,Tunai,2025-10-30,Kas Kecil(107) Grosir Pokok Berkah,"Galon Refil (Cleo 4, Aqua 1)",60.104.001 OPERASIONAL KANTOR,10.101.001 KAS KECIL,,88500,895928373,
Lumiera Garden,Tunai,2025-10-30,Kas Kecil(106) Bariklana,Print Desain Kawasan SG & LG,60.104.001 OPERASIONAL KANTOR,10.101.001 KAS KECIL,,22800,896016873,
Lumiera Garden,Tunai,2025-10-30,Kas Kecil(105) Kwitansi,Kontribusi Lingkungan & Sosial RW.04 Jatimulyo (September - Oktober 2025),60.104.001 OPERASIONAL KANTOR,10.101.001 KAS KECIL,,100000,896039673,
Lumiera Garden,Bank,2025-10-29,BCA PT. ASALK 1,ITJ Kavling LK-01 an Debora,10.101.003 BCA (8162440909 an PT. Adhiland Sukses Abadi),20.101.002 UANG TANDA JADI,5000000,,896139673,
Lumiera Garden,Bank,2025-10-29,BCA PT. ASA,Cashback Kavling C-04 (Free Sewa Kost Kavling RK-04 Kamar 1 / Nov 25 - Apr 26),60.101.999 BEBAN PROMOSI LAIN-LAIN,10.101.003 BCA (8162440909 an PT. Adhiland Sukses Abadi),,9000000,891139673,
Lumiera Garden,Tunai,2025-10-29,Kas Kecil(104) Qof Carwash & Cafe,Pegangan Mas Andik (Cuci Mobil),60.104.001 OPERASIONAL KANTOR,10.101.001 KAS KECIL,,43000,900139673,
Lumiera Garden,Tunai,2025-10-29,Kas Kecil(104) SPBU Bendungan Sutami,Pegangan Mas Andik (Bensin Zenix),60.104.007 BENSIN OPERASIONAL,10.101.001 KAS KECIL,,320000,900182673,
Lumiera Garden,Bank,2025-10-28,BCA PT. ASA,Biaya Admin (TF beda bank),60.104.010 ADMINISTRASI BANK,10.101.003 BCA (8162440909 an PT. Adhiland Sukses Abadi),,2500,900502673,
Lumiera Garden,Bank,2025-10-28,BCA PT. ASA(101) RM Roda Baru Depan Ringin,Konsumsi Meeting Marketing (29 Okt 2025 / 20 kotak),60.104.013 MEETING,10.101.003 BCA (8162440909 an PT. Adhiland Sukses Abadi),,460000,900505173,
Lumiera Garden,Tunai,2025-10-28,Cash/Tunai,Pembayaran Hutang Ke Sigura-Gura,20.103.006 HUTANG SIGURA-GURA,10.101.002 CASH/TUNAI,,200000000,900965173,
Lumiera Garden,Tunai,2025-10-28,Kas Kecil(103) Jaya Cookies,Pegangan Mas Andik (Kue Basah+Mineral - Meeting Marketing 29/10/25),60.104.013 MEETING,10.101.001 KAS KECIL,,172000,1100965173,
Lumiera Garden,Tunai,2025-10-27,,Pindah Saldo,10.101.001 KAS KECIL,10.101.002 CASH/TUNAI,,,1101137173,
Lumiera Garden,Tunai,2025-10-27,Kas Kecil(102) Kwitansi,Iuran Sampah Kantor/Ruko bulan Oktober 2025,60.104.012 KEAMANAN DAN KEBERSIHAN,10.101.001 KAS KECIL,,75000,1101137173,
Lumiera Garden,Tunai,2025-10-27,Kas Kecil(100) Gosend,Kirim berkas belanko pembukaan rekening baru escrow,60.104.009 PERANGKO/KIRIMAN SRT & DOK,10.101.001 KAS KECIL,,17500,1101212173,
Lumiera Garden,Tunai,2025-10-27,Kas Kecil(99) Pos Indonesia,Kirim berkas PPJB LK-17 an Muhammad Nassar + Parkir,60.104.009 PERANGKO/KIRIMAN SRT & DOK,10.101.001 KAS KECIL,,74500,1101229673,
Lumiera Garden,Tunai,2025-10-27,Kas Kecil(98) Nota,Property Konten (Take Video di LG),60.104.001 OPERASIONAL KANTOR,10.101.001 KAS KECIL,,25000,1101304173,
Lumiera Garden,Tunai,2025-10-27,Cash/Tunai,Biaya Admin Setoran Tunai (Addendum Galeri Marketing),60.104.010 ADMINISTRASI BANK,10.101.002 CASH/TUNAI,,2900,1101329173,
Lumiera Garden,Tunai,2025-10-27,Kas Kecil,Addendum Galeri Marketing,10.202.017 GALLERY MARKETING,10.101.001 KAS KECIL,,18820000,1101332073,
Lumiera Garden,Bank,2025-10-26,BCA PT. ASALK 9,"Pembayaran Cicilan Pelunasan Ke-3 Kavling LK-09 an Dwi Mulyono, ST",10.101.003 BCA (8162440909 an PT. Adhiland Sukses Abadi),20.101.001 UANG MUKA,15000000,,1120152073,
Lumiera Garden,Tunai,2025-10-25,,Pindah Saldo,10.101.001 KAS KECIL,10.101.002 CASH/TUNAI,,,1105152073,
Lumiera Garden,Tunai,2025-10-25,Kas Kecil,Parkir BCA Basrah,60.104.001 OPERASIONAL KANTOR,10.101.001 KAS KECIL,,2000,1105152073,
Lumiera Garden,Tunai,2025-10-25,Kas Kecil(97) Tani Mart,Pembelian Pupuk Gramoxone 1 L,60.104.001 OPERASIONAL KANTOR,10.101.001 KAS KECIL,,65000,1105154073,
Lumiera Garden,Tunai,2025-10-25,Kas Kecil(96.A) Nota,Weekly Marcomm,10.101.004 SILANG KAS,10.101.001 KAS KECIL,,250000,1105219073,
Lumiera Garden,Tunai,2025-10-25,Kas Kecil,Pembayaran Hutang Ke Sigura-Gura,20.103.006 HUTANG SIGURA-GURA,10.101.001 KAS KECIL,,400000,1105469073,
Lumiera Garden,Tunai,2025-10-25,Kas Kecil,Komisi Marcomm Kavling C-04,60.101.002 INSENTIF/KOMISI,10.101.001 KAS KECIL,,89088,1105869073,
Lumiera Garden,Tunai,2025-10-25,Kas Kecil,Komisi Marcomm Kavling C-04,60.101.002 INSENTIF/KOMISI,10.101.001 KAS KECIL,,89088,1105958161,
Lumiera Garden,Tunai,2025-10-25,Kas Kecil,Komisi Marcomm Kavling C-04,60.101.002 INSENTIF/KOMISI,10.101.001 KAS KECIL,,89088,1106047249,
Lumiera Garden,Tunai,2025-10-25,Kas Kecil,Komisi Marcomm Kavling C-04,60.101.002 INSENTIF/KOMISI,10.101.001 KAS KECIL,,83520,1106136337,
Lumiera Garden,Tunai,2025-10-25,Kas Kecil,Komisi Marcomm Kavling C-04,60.101.002 INSENTIF/KOMISI,10.101.001 KAS KECIL,,89088,1106219857,
Lumiera Garden,Tunai,2025-10-25,Kas Kecil,Komisi Marcomm Kavling C-04,60.101.002 INSENTIF/KOMISI,10.101.001 KAS KECIL,,116928,1106308945,
Lumiera Garden,Tunai,2025-10-25,Kas Kecil,Komisi Direktur Teknik Kavling C-04,60.101.002 INSENTIF/KOMISI,10.101.001 KAS KECIL,,1392000,1106425873,
Lumiera Garden,Tunai,2025-10-25,Kas Kecil,Komisi Komisaris Kavling C-04,60.101.002 INSENTIF/KOMISI,10.101.001 KAS KECIL,,1392000,1107817873,
Lumiera Garden,Tunai,2025-10-25,Kas Kecil,Komisi Direktur B&D Kavling C-04,60.101.002 INSENTIF/KOMISI,10.101.001 KAS KECIL,,1392000,1109209873,
Lumiera Garden,Tunai,2025-10-25,Kas Kecil,Komisi Direktur Operasional Kavling C-04,60.101.002 INSENTIF/KOMISI,10.101.001 KAS KECIL,,1392000,1110601873,
Lumiera Garden,Tunai,2025-10-25,Kas Kecil,Komisi Direktur Utama Kavling C-04,60.101.002 INSENTIF/KOMISI,10.101.001 KAS KECIL,,1392000,1111993873,
Lumiera Garden,Tunai,2025-10-25,Kas Kecil,BLT SPV Marketing Kavling C-04,60.101.001 BLT,10.101.001 KAS KECIL,,2000000,1113385873,
Lumiera Garden,Tunai,2025-10-25,Kas Kecil,Komisi SPV Marketing Kavling C-04,60.101.002 INSENTIF/KOMISI,10.101.001 KAS KECIL,,3480000,1115385873,
Lumiera Garden,Tunai,2025-10-25,Kas Kecil,BLT Marketing Kavling C-04,60.101.001 BLT,10.101.001 KAS KECIL,,1000000,1118865873,
Lumiera Garden,Tunai,2025-10-25,Kas Kecil,Komisi Marketing Kavling C-04,60.101.002 INSENTIF/KOMISI,10.101.001 KAS KECIL,,10440000,1119865873,
Lumiera Garden,Tunai,2025-10-25,Kas Kecil(96) Nota,"Kopi JM Tulen (1,5 kg)",60.104.001 OPERASIONAL KANTOR,10.101.001 KAS KECIL,,102000,1130305873,
Lumiera Garden,Tunai,2025-10-24,,Pindah Saldo,10.101.001 KAS KECIL,10.101.002 CASH/TUNAI,,,1130407873,
Lumiera Garden,Bank,2025-10-24,BCA PT. ASACek : 620436,Tarikan Tunai,10.101.004 SILANG KAS,10.101.003 BCA (8162440909 an PT. Adhiland Sukses Abadi),,500000000,1130407873,
Lumiera Garden,Bank,2025-10-24,BCA PT. ASA,Waarmerking PPJB Kav. LK-23 an Ririn Yuni Astutik,60.104.023 BIAYA ADMINISTRASI WAARMERKING,10.101.003 BCA (8162440909 an PT. Adhiland Sukses Abadi),,250000,1630407873,
Lumiera Garden,Bank,2025-10-24,BCA PT. ASA,Get Contact LG (Telle),60.104.001 OPERASIONAL KANTOR,10.101.003 BCA (8162440909 an PT. Adhiland Sukses Abadi),,22090,1630657873,
Lumiera Garden,Bank,2025-10-24,BCA PT. ASA,DP Open Table MOG (1-31 Oktober 2025),60.101.006 EXPO,10.101.003 BCA (8162440909 an PT. Adhiland Sukses Abadi),,10000000,1630679963,
Lumiera Garden,Bank,2025-10-24,BCA PT. ASA,Akta Pelepasan SHM 2432 & 2433 an Farida Budi Wijayanti,10.201.009 AJB & AKTA PELEPASAN HAK,10.101.003 BCA (8162440909 an PT. Adhiland Sukses Abadi),,6000000,1640679963,
Lumiera Garden,Bank,2025-10-24,BCA PT. ASA,Taman Galeri Marketing,10.202.017 GALLERY MARKETING,10.101.003 BCA (8162440909 an PT. Adhiland Sukses Abadi),,6000000,1646679963,
Lumiera Garden,Bank,2025-10-24,BCA PT. ASA,Reimburse Pak Adhi (Weekly Meeting Pak Rendra),60.104.013 MEETING,10.101.003 BCA (8162440909 an PT. Adhiland Sukses Abadi),,714715,1652679963,
Lumiera Garden,Bank,2025-10-24,BCA PT. ASA,Biaya Admin (TF beda bank),60.104.010 ADMINISTRASI BANK,10.101.003 BCA (8162440909 an PT. Adhiland Sukses Abadi),,2500,1653394678,
Lumiera Garden,Bank,2025-10-24,BCA PT. ASA,Kas Bon Karyawan (Security / Suliaji),10.102.011 PIUTANG KARYAWAN,10.101.003 BCA (8162440909 an PT. Adhiland Sukses Abadi),,600000,1653397178,
Lumiera Garden,Bank,2025-10-24,BCA PT. ASAKW 040,"Pembayaran DP Hunian Kavling C-04 an Budiono, SH.",10.101.003 BCA (8162440909 an PT. Adhiland Sukses Abadi),20.101.001 UANG MUKA,50000000,,1653997178,
Lumiera Garden,Tunai,2025-10-24,Cash/TunaiLK 24,DP Pembelian Rukost Kavling LK-24 an Hikmatul Hikmiah,10.101.002 CASH/TUNAI,20.101.001 UANG MUKA,50000000,,1603997178,
Lumiera Garden,Tunai,2025-10-24,Kas Kecil(95) Flazz BCA,Top Up E-Toll (PPJB LK-24 / Sidoarjo),60.104.011 PERJALANAN DINAS,10.101.001 KAS KECIL,,200000,1553997178,
Lumiera Garden,Tunai,2025-10-24,Kas Kecil(95) SPBU Rest Area KM 84B,Bensin Zenix (PPJB LK-24 / Sidoarjo),60.104.007 BENSIN OPERASIONAL,10.101.001 KAS KECIL,,200000,1554197178,
Lumiera Garden,Tunai,2025-10-24,Kas Kecil,Pembayaran Hutang Ke Sigura-Gura,20.103.006 HUTANG SIGURA-GURA,10.101.001 KAS KECIL,,281600816,1554397178,
Lumiera Garden,Tunai,2025-10-24,Cash/Tunai,"Pembayaran DP Hunian Kavling C-04 an Budiono, SH.",10.101.002 CASH/TUNAI,20.101.001 UANG MUKA,300000000,,1835997994,
Lumiera Garden,Tunai,2025-10-24,Cash/Tunai,Termin 95% Galeri Marketing (42/SPK.ADP/VIII/2025) - Riadi,10.202.017 GALLERY MARKETING,10.101.002 CASH/TUNAI,,54000000,1535997994,
Lumiera Garden,Tunai,2025-10-24,Cash/TunaiCek : 620436,Pencairan Cek,10.101.002 CASH/TUNAI,10.101.004 SILANG KAS,500000000,,1589997994,
Lumiera Garden,Bank,2025-10-23,BCA PT. ASA,Biaya Admin (TF beda bank),60.104.010 ADMINISTRASI BANK,10.101.003 BCA (8162440909 an PT. Adhiland Sukses Abadi),,2500,1089997994,
Lumiera Garden,Bank,2025-10-23,BCA PT. ASA,Ads,60.101.005 BEBAN DIGITAL ADS,10.101.003 BCA (8162440909 an PT. Adhiland Sukses Abadi),,5000000,1090000494,
Lumiera Garden,Bank,2025-10-23,BCA PT. ASA,Budgeting Perabot Marketing Galeri / CRD,10.101.004 SILANG KAS,10.101.003 BCA (8162440909 an PT. Adhiland Sukses Abadi),,5129000,1095000494,
Lumiera Garden,Tunai,2025-10-23,Kas Kecil,Property Konten (Take Video di LG),60.104.001 OPERASIONAL KANTOR,10.101.001 KAS KECIL,,107700,1100129494,
Lumiera Garden,Bank,2025-10-22,BCA PT. ASA,Drone Marcomm,11.101.001 PERALATAN KANTOR,10.101.003 BCA (8162440909 an PT. Adhiland Sukses Abadi),,32994000,1100237194,
Lumiera Garden,Tunai,2025-10-22,Kas Kecil45953,Komisi Marcomm Kavling LK-17,60.101.002 INSENTIF/KOMISI,10.101.001 KAS KECIL,,150400,1133231194,
Lumiera Garden,Tunai,2025-10-22,Kas Kecil,Komisi Marcomm Kavling LK-17,60.101.002 INSENTIF/KOMISI,10.101.001 KAS KECIL,,150400,1133381594,
Lumiera Garden,Tunai,2025-10-22,Kas Kecil,Komisi Marcomm Kavling LK-17,60.101.002 INSENTIF/KOMISI,10.101.001 KAS KECIL,,150400,1133531994,
Lumiera Garden,Tunai,2025-10-22,Kas Kecil,Komisi Marcomm Kavling LK-17,60.101.002 INSENTIF/KOMISI,10.101.001 KAS KECIL,,131600,1133682394,
Lumiera Garden,Tunai,2025-10-22,Kas Kecil,Komisi Marcomm Kavling LK-17,60.101.002 INSENTIF/KOMISI,10.101.001 KAS KECIL,,141000,1133813994,
Lumiera Garden,Tunai,2025-10-22,Kas Kecil,Komisi Marcomm Kavling LK-17,60.101.002 INSENTIF/KOMISI,10.101.001 KAS KECIL,,216200,1133954994,
Lumiera Garden,Tunai,2025-10-22,Kas Kecil,Komisi Direktur Teknik Kavling LK-17,60.101.002 INSENTIF/KOMISI,10.101.001 KAS KECIL,,2350000,1134171194,
Lumiera Garden,Tunai,2025-10-22,Kas Kecil,Komisi Komisaris Kavling LK-17,60.101.002 INSENTIF/KOMISI,10.101.001 KAS KECIL,,2350000,1136521194,
Lumiera Garden,Tunai,2025-10-22,Kas Kecil,Komisi Direktur B&D Kavling LK-17,60.101.002 INSENTIF/KOMISI,10.101.001 KAS KECIL,,2350000,1138871194,
Lumiera Garden,Tunai,2025-10-22,Kas Kecil,Komisi Direktur Operasional Kavling LK-17,60.101.002 INSENTIF/KOMISI,10.101.001 KAS KECIL,,2350000,1141221194,
Lumiera Garden,Tunai,2025-10-22,Kas Kecil,Komisi Direktur Utama Kavling LK-17,60.101.002 INSENTIF/KOMISI,10.101.001 KAS KECIL,,2350000,1143571194,
Lumiera Garden,Tunai,2025-10-22,Kas Kecil,BLT SPV Marketing Kavling LK-17,60.101.001 BLT,10.101.001 KAS KECIL,,2000000,1145921194,
Lumiera Garden,Tunai,2025-10-22,Kas Kecil,Komisi SPV Marketing Kavling LK-17,60.101.002 INSENTIF/KOMISI,10.101.001 KAS KECIL,,5875000,1147921194,
Lumiera Garden,Tunai,2025-10-22,Kas Kecil,BLT Marketing Kavling LK-17,60.101.001 BLT,10.101.001 KAS KECIL,,1000000,1153796194,
Lumiera Garden,Tunai,2025-10-22,Kas Kecil,Komisi Marketing Kavling LK-17,60.101.002 INSENTIF/KOMISI,10.101.001 KAS KECIL,,17625000,1154796194,
Lumiera Garden,Tunai,2025-10-22,Kas Kecil,Pinjaman dari Joyo Agung 2,10.101.001 KAS KECIL,20.103.009 HUTANG JOYO AGUNG 2,39200000,,1172421194,
Lumiera Garden,Bank,2025-10-21,BCA PT. ASALK 17,Pembayaran DP Rukost Kavling LK-17 an Muhammad Nassar,10.101.003 BCA (8162440909 an PT. Adhiland Sukses Abadi),20.101.001 UANG MUKA,587500000,,1133221194,
Lumiera Garden,Tunai,2025-10-21,Kas Kecil,Komisi Marcomm Kavling LK-19,60.101.002 INSENTIF/KOMISI,10.101.001 KAS KECIL,,137600,545721194,
Lumiera Garden,Tunai,2025-10-21,Kas Kecil,Komisi Marcomm Kavling LK-19,60.101.002 INSENTIF/KOMISI,10.101.001 KAS KECIL,,137600,545858794,
Lumiera Garden,Tunai,2025-10-21,Kas Kecil,Komisi Marcomm Kavling LK-19,60.101.002 INSENTIF/KOMISI,10.101.001 KAS KECIL,,137600,545996394,
Lumiera Garden,Tunai,2025-10-21,Kas Kecil,Komisi Marcomm Kavling LK-19,60.101.002 INSENTIF/KOMISI,10.101.001 KAS KECIL,,120400,546133994,
Lumiera Garden,Tunai,2025-10-21,Kas Kecil,Komisi Marcomm Kavling LK-19,60.101.002 INSENTIF/KOMISI,10.101.001 KAS KECIL,,129000,546254394,
Lumiera Garden,Tunai,2025-10-21,Kas Kecil,Komisi Marcomm Kavling LK-19,60.101.002 INSENTIF/KOMISI,10.101.001 KAS KECIL,,197800,546383394,
Lumiera Garden,Tunai,2025-10-21,Kas Kecil,Komisi Direktur Teknik Kavling LK-19,60.101.002 INSENTIF/KOMISI,10.101.001 KAS KECIL,,2150000,546581194,
Lumiera Garden,Tunai,2025-10-21,Kas Kecil,Komisi Komisaris Kavling LK-19,60.101.002 INSENTIF/KOMISI,10.101.001 KAS KECIL,,2150000,548731194,
Lumiera Garden,Tunai,2025-10-21,Kas Kecil,Komisi Direktur B&D Kavling LK-19,60.101.002 INSENTIF/KOMISI,10.101.001 KAS KECIL,,2150000,550881194,
Lumiera Garden,Tunai,2025-10-21,Kas Kecil,Komisi Direktur Operasional Kavling LK-19,60.101.002 INSENTIF/KOMISI,10.101.001 KAS KECIL,,2150000,553031194,
Lumiera Garden,Tunai,2025-10-21,Kas Kecil,Komisi Direktur Utama Kavling LK-19,60.101.002 INSENTIF/KOMISI,10.101.001 KAS KECIL,,2150000,555181194,
Lumiera Garden,Tunai,2025-10-21,Kas Kecil,BLT SPV Marketing Kavling LK-19,60.101.001 BLT,10.101.001 KAS KECIL,,2000000,557331194,
Lumiera Garden,Tunai,2025-10-21,Kas Kecil,Komisi SPV Marketing Kavling LK-19,60.101.002 INSENTIF/KOMISI,10.101.001 KAS KECIL,,5375000,559331194,
Lumiera Garden,Tunai,2025-10-21,Kas Kecil,BLT Marketing Kavling LK-19,60.101.001 BLT,10.101.001 KAS KECIL,,1000000,564706194,
Lumiera Garden,Tunai,2025-10-21,Kas Kecil,Komisi Marketing Kavling LK-19,60.101.002 INSENTIF/KOMISI,10.101.001 KAS KECIL,,16125000,565706194,
Lumiera Garden,Tunai,2025-10-21,Kas Kecil,Pinjaman dari Joyo Agung 2,10.101.001 KAS KECIL,20.103.009 HUTANG JOYO AGUNG 2,36110000,,581831194,
Lumiera Garden,Bank,2025-10-19,BCA PT. ASAKW 040,ITJ Kavling C-4 an Raka Aditya,10.101.003 BCA (8162440909 an PT. Adhiland Sukses Abadi),20.101.002 UANG TANDA JADI,5000000,,545721194,
Lumiera Garden,Bank,2025-10-18,BCA PT. ASALK 17,ITJ Kavling LK-17 an Muhammad Nassar,10.101.003 BCA (8162440909 an PT. Adhiland Sukses Abadi),20.101.002 UANG TANDA JADI,5000000,,540721194,
Lumiera Garden,Bank,2025-10-18,BCA PT. ASALK 7,Pembayaran Angsuran Ke-10 & 11 Rukost Kavling LK-07 an Heny Susanti,10.101.003 BCA (8162440909 an PT. Adhiland Sukses Abadi),20.101.001 UANG MUKA,100000000,,535721194,
Lumiera Garden,Bank,2025-10-18,BCA PT. ASALK 7,Pembayaran Pelunasan Angsuran Ke-9 Rukost Kavling LK-07 an Heny Susanti,10.101.003 BCA (8162440909 an PT. Adhiland Sukses Abadi),20.101.001 UANG MUKA,20000000,,435721194,
Lumiera Garden,Bank,2025-10-17,BCA PT. ASA,Refund ITJ LK-21 an Agus Tanzili,20.101.002 UANG TANDA JADI,10.101.003 BCA (8162440909 an PT. Adhiland Sukses Abadi),,5000000,415721194,
Lumiera Garden,Bank,2025-10-17,BCA PT. ASA(94) SPBU Bendungan Sutami & Top Up Flazz,Budgeting Mas Andik Bensin & E-Toll (Kunjungan User - Jombang - Tim P. Verry),10.101.004 SILANG KAS,10.101.003 BCA (8162440909 an PT. Adhiland Sukses Abadi),,400000,420721194,
Lumiera Garden,Bank,2025-10-17,BCA PT. ASA,Reimburse Bella (bonding Marketing),60.104.013 MEETING,10.101.003 BCA (8162440909 an PT. Adhiland Sukses Abadi),,75000,421121194,
Lumiera Garden,Bank,2025-10-17,BCA PT. ASA,Reimburse Bella (Langganan WPS Pro),60.104.001 OPERASIONAL KANTOR,10.101.003 BCA (8162440909 an PT. Adhiland Sukses Abadi),,320790,421196194,
Lumiera Garden,Bank,2025-10-17,BCA PT. ASA,Biaya Admin (TF beda bank),60.104.010 ADMINISTRASI BANK,10.101.003 BCA (8162440909 an PT. Adhiland Sukses Abadi),,2500,421516984,
Lumiera Garden,Bank,2025-10-17,BCA PT. ASA,Reimburse Pak Rula (Obeng & Kunci T),60.104.001 OPERASIONAL KANTOR,10.101.003 BCA (8162440909 an PT. Adhiland Sukses Abadi),,109500,421519484,
Lumiera Garden,Bank,2025-10-17,BCA PT. ASA,Biaya Admin (TF beda bank),60.104.010 ADMINISTRASI BANK,10.101.003 BCA (8162440909 an PT. Adhiland Sukses Abadi),,2500,421628984,
Lumiera Garden,Bank,2025-10-17,BCA PT. ASA,Instalasi & Pasang AC Galleri Marketing (2 unit),10.202.017 GALLERY MARKETING,10.101.003 BCA (8162440909 an PT. Adhiland Sukses Abadi),,920000,421631484,
Lumiera Garden,Bank,2025-10-17,BCA PT. ASALK 7,Pembayaran Cicilan Angsuran Ke-9 Rukost Kavling LK-07 an Heny Susanti,10.101.003 BCA (8162440909 an PT. Adhiland Sukses Abadi),20.101.001 UANG MUKA,30000000,,422551484,
Lumiera Garden,Bank,2025-10-17,BCA PT. ASALK 7,Pembayaran Pelunasan Angsuran Ke-5-8 Rukost Kavling LK-07 an Heny Susanti,10.101.003 BCA (8162440909 an PT. Adhiland Sukses Abadi),20.101.001 UANG MUKA,120000000,,392551484,
Lumiera Garden,Tunai,2025-10-17,Kas Kecil,Reimburse Pak Adhi (Vaksi Meningitis+Polio),60.104.011 PERJALANAN DINAS,10.101.001 KAS KECIL,,2625000,272551484,
Lumiera Garden,Tunai,2025-10-17,Kas Kecil,"Reimburse Pak Adhi (Ongkos Bersih"" Marketing Gallery)",60.104.001 OPERASIONAL KANTOR,10.101.001 KAS KECIL,,100000,275176484,
Lumiera Garden,Tunai,2025-10-17,Kas Kecil,Reimburse Pak Adhi (Weekly Meeting Direksi Komisaris),60.104.013 MEETING,10.101.001 KAS KECIL,,833085,275276484,
Lumiera Garden,Tunai,2025-10-17,Kas Kecil,Reimburse Pak Adhi (Alat Kebersihan Marketing Gallery / 2 Nota),60.104.001 OPERASIONAL KANTOR,10.101.001 KAS KECIL,,370700,276109569,
Lumiera Garden,Tunai,2025-10-17,Kas Kecil,Reimburse Pak Adhi (Vas Hiasan Meja),11.101.001 PERALATAN KANTOR,10.101.001 KAS KECIL,,299000,276480269,
Lumiera Garden,Tunai,2025-10-17,Kas Kecil,Reimburse Pak Adhi (Keset Informa),11.101.001 PERALATAN KANTOR,10.101.001 KAS KECIL,,229000,276779269,
Lumiera Garden,Tunai,2025-10-17,Kas Kecil,Reimburse Pak Adhi (Meja Kotak Abu-abu),11.101.001 PERALATAN KANTOR,10.101.001 KAS KECIL,,4999000,277008269,
Lumiera Garden,Tunai,2025-10-17,Kas Kecil,"Reimburse Pak Adhi (Set Sofa Abu 3,2,1)",11.101.001 PERALATAN KANTOR,10.101.001 KAS KECIL,,10999000,282007269,
Lumiera Garden,Tunai,2025-10-17,Kas Kecil,Reimburse Pak Adhi (Karpet Cream),11.101.001 PERALATAN KANTOR,10.101.001 KAS KECIL,,1699000,293006269,
Lumiera Garden,Tunai,2025-10-17,Kas Kecil,Reimburse Pak Adhi (Meja Bulat Abu-abu / 2 pcs),11.101.001 PERALATAN KANTOR,10.101.001 KAS KECIL,,1798000,294705269,
Lumiera Garden,Tunai,2025-10-17,Kas Kecil,Pinjaman dari Joyo Agung 2,10.101.001 KAS KECIL,20.103.009 HUTANG JOYO AGUNG 2,23951785,,296503269,
Lumiera Garden,Tunai,2025-10-16,Kas Kecil(93) Gerbang Tol Pandaan,Pengangan mas Andik - Top Up E-Toll (Kunjungan User - Pasuruan/Tim Amin),60.104.011 PERJALANAN DINAS,10.101.001 KAS KECIL,,100000,272551484,
Lumiera Garden,Tunai,2025-10-16,Kas Kecil(93) SPBU Karangploso,Pengangan mas Andik - Pertamax Zenix (Kunjungan User - Pasuruan/Tim Amin),60.104.007 BENSIN OPERASIONAL,10.101.001 KAS KECIL,,200000,272651484,
Lumiera Garden,Tunai,2025-10-15,Kas Kecil(92) Malang Badminton Arena,Sewa Lapangan Badminton (21.00 s/d 22.00) & Sewa Raket (4 pcs / 3 jam),60.104.001 OPERASIONAL KANTOR,10.101.001 KAS KECIL,,150000,272851484,
Lumiera Garden,Bank,2025-10-14,BCA PT. ASA,Biaya Admin,60.104.010 ADMINISTRASI BANK,10.101.003 BCA (8162440909 an PT. Adhiland Sukses Abadi),,6000,273001484,
Lumiera Garden,Bank,2025-10-14,BCA PT. ASA,Tambah Daya PLN (PJU Lumiera dari 4.400 VA ke 5.500 VA),10.202.028 LISTRIK LOKASI,10.101.003 BCA (8162440909 an PT. Adhiland Sukses Abadi),,1115900,273007484,
Lumiera Garden,Bank,2025-10-14,BCA PT. ASALK 7,Pembayaran Cicilan Angsuran Ke-8 Rukost Kavling LK-07 an Heny Susanti,10.101.003 BCA (8162440909 an PT. Adhiland Sukses Abadi),20.101.001 UANG MUKA,20000000,,274123384,
Lumiera Garden,Bank,2025-10-13,BCA PT. ASALK 19,ITJ Kavling LK-19 an Farida Budi Wijaya,10.101.003 BCA (8162440909 an PT. Adhiland Sukses Abadi),20.101.002 UANG TANDA JADI,5000000,,254123384,
Lumiera Garden,Bank,2025-10-11,BCA PT. ASALK 13,ITJ Kavling LK-13 an Podang Peksiadji,10.101.003 BCA (8162440909 an PT. Adhiland Sukses Abadi),20.101.002 UANG TANDA JADI,5000000,,249123384,
Lumiera Garden,Bank,2025-10-11,BCA PT. ASALK 1,ITJ Kavling LK-01 an Hari Purwanto Adi / Erni Dwi Retnowati,10.101.003 BCA (8162440909 an PT. Adhiland Sukses Abadi),20.101.002 UANG TANDA JADI,5000000,,244123384,
Lumiera Garden,Bank,2025-10-11,BCA PT. ASA,Pelunasan Seragam Kemeja (7 pcs) & Polo (7 pcs) - No. Inv. 3 24/BB/09/2025 - Baboon,60.104.001 OPERASIONAL KANTOR,10.101.003 BCA (8162440909 an PT. Adhiland Sukses Abadi),,1330000,239123384,
Lumiera Garden,Tunai,2025-10-11,Kas Kecil(91) Tiong Bahru,Weekly Marcomm,60.104.013 MEETING,10.101.001 KAS KECIL,,250000,240453384,
Lumiera Garden,Bank,2025-10-10,BCA PT. ASA,Reimburse Pak Dedy (Bensin Pick Up),60.104.007 BENSIN OPERASIONAL,10.101.003 BCA (8162440909 an PT. Adhiland Sukses Abadi),,200000,240703384,
Lumiera Garden,Bank,2025-10-10,BCA PT. ASA,Reimburse Adib (Pembayaran Open Table WW 04-05 Okt 2025),60.101.006 EXPO,10.101.003 BCA (8162440909 an PT. Adhiland Sukses Abadi),,400000,240903384,
Lumiera Garden,Bank,2025-10-10,BCA PT. ASA,Reimburse Pak Rula (Jas Hujan untuk orang harian / 3 pcs),60.104.001 OPERASIONAL KANTOR,10.101.003 BCA (8162440909 an PT. Adhiland Sukses Abadi),,210000,241303384,
Lumiera Garden,Bank,2025-10-10,BCA PT. ASA,Biaya Admin (TF beda bank),60.104.010 ADMINISTRASI BANK,10.101.003 BCA (8162440909 an PT. Adhiland Sukses Abadi),,2500,241513384,
Lumiera Garden,Bank,2025-10-10,BCA PT. ASA,Instalasi Pipa AC LK-3 (6 unit),10.203.005 AC,10.101.003 BCA (8162440909 an PT. Adhiland Sukses Abadi),,1500000,241515884,
Lumiera Garden,Bank,2025-10-10,BCA PT. ASA,Biaya Admin (TF beda bank),60.104.010 ADMINISTRASI BANK,10.101.003 BCA (8162440909 an PT. Adhiland Sukses Abadi),,2500,243015884,
Lumiera Garden,Bank,2025-10-10,BCA PT. ASA,Instalasi Pipa AC LK-2 (6 unit),10.203.005 AC,10.101.003 BCA (8162440909 an PT. Adhiland Sukses Abadi),,1500000,243018384,
Lumiera Garden,Bank,2025-10-10,BCA PT. ASA,Reimburse Pak Rula (Instalasi Listrik Galeri Marketing),10.202.017 GALLERY MARKETING,10.101.003 BCA (8162440909 an PT. Adhiland Sukses Abadi),,1290000,244518384,
Lumiera Garden,Bank,2025-10-10,BCA PT. ASA,"Reimburse Pak Rula (Kabel NYM 2x1,5 mm AC LK-3 / 50m)",10.203.005 AC,10.101.003 BCA (8162440909 an PT. Adhiland Sukses Abadi),,700000,245808384,
Lumiera Garden,Bank,2025-10-10,BCA PT. ASA,Reimburse Pak Rula (Pipa Refrigrant AC LK-3 / 30m),10.203.005 AC,10.101.003 BCA (8162440909 an PT. Adhiland Sukses Abadi),,2100000,246508384,
Lumiera Garden,Bank,2025-10-10,BCA PT. ASA,Kas Bon Karyawan (Security / Yossy),10.102.011 PIUTANG KARYAWAN,10.101.003 BCA (8162440909 an PT. Adhiland Sukses Abadi),,1000000,248608384,
Lumiera Garden,Bank,2025-10-10,BCA PT. ASA,Wifi Project bulan Oktober (01000557664),60.104.006 TAGIHAN WIFI,10.101.003 BCA (8162440909 an PT. Adhiland Sukses Abadi),,416250,249608384,
Lumiera Garden,Bank,2025-10-10,BCA PT. ASA,Wifi Kantor Ruko Suhat bulan Oktober (01000274460),60.104.006 TAGIHAN WIFI,10.101.003 BCA (8162440909 an PT. Adhiland Sukses Abadi),,416250,250024634,
Lumiera Garden,Bank,2025-10-10,BCA PT. ASA,Pembayaran Halo Call Center Oktober (08113646900),60.104.005 TAGIHAN HALO CALL CENTER (08113646900),10.101.003 BCA (8162440909 an PT. Adhiland Sukses Abadi),,202800,250440884,
Lumiera Garden,Tunai,2025-10-10,Cash/Tunai,Biaya Admin Setoran Tunai (DP Umroh),60.104.010 ADMINISTRASI BANK,10.101.002 CASH/TUNAI,,2900,250643684,
Lumiera Garden,Tunai,2025-10-10,Kas Kecil,DP Umroh 13 hari (6 pack),60.104.001 OPERASIONAL KANTOR,10.101.001 KAS KECIL,,27000000,250646584,
Lumiera Garden,Tunai,2025-10-10,Kas Kecil,Reimburse Pak Adhi (Weekly Meeting Pak Rendra),60.104.013 MEETING,10.101.001 KAS KECIL,,293007,277646584,
Lumiera Garden,Tunai,2025-10-10,Kas Kecil,Reimburse Pak Adhi (Meeting Direksi di Joyoagung),60.104.013 MEETING,10.101.001 KAS KECIL,,157000,277939591,
Lumiera Garden,Tunai,2025-10-10,Kas Kecil,Reimburse Pak Adhi (Garansi AC Hartono),10.202.017 GALLERY MARKETING,10.101.001 KAS KECIL,,198000,278096591,
Lumiera Garden,Tunai,2025-10-10,Kas Kecil,Reimburse Pak Adhi (AC 1PK untuk Marketing Gallery / 2 unit),10.202.017 GALLERY MARKETING,10.101.001 KAS KECIL,,6798000,278294591,
Lumiera Garden,Tunai,2025-10-10,Kas Kecil,Pinjaman dari Joyo Agung 2,10.101.001 KAS KECIL,20.103.009 HUTANG JOYO AGUNG 2,34448907,,285092591,
Lumiera Garden,Tunai,2025-10-10,Kas Kecil(90) Majesty Soehat,Cetak Roll Banner LG,60.101.004 BEBAN ADVERTISING,10.101.001 KAS KECIL,,382000,250643684,
Lumiera Garden,Tunai,2025-10-10,Kas Kecil,Pinjaman dari Sigura-gura,10.101.001 KAS KECIL,20.103.006 HUTANG SIGURA-GURA,1500000,,251025684,
Lumiera Garden,Bank,2025-10-09,BCA PT. ASALK 24,ITJ Kavling LK-24 an Hikmatul Hikmiah,10.101.003 BCA (8162440909 an PT. Adhiland Sukses Abadi),20.101.002 UANG TANDA JADI,5000000,,249525684,
Lumiera Garden,Tunai,2025-10-08,Kas Kecil,Instalasi Panel & Indikator Tandon Kawasan - Suwandi,10.202.020 TANDON AIR,10.101.001 KAS KECIL,,700000,244525684,
Lumiera Garden,Tunai,2025-10-08,Kas Kecil,Pinjaman dari Joyo Agung 2,10.101.001 KAS KECIL,20.103.009 HUTANG JOYO AGUNG 2,700000,,245225684,
Lumiera Garden,Bank,2025-10-07,BCA PT. ASALK 21,ITJ Kavling LK-21 an Agus Tanzili,10.101.003 BCA (8162440909 an PT. Adhiland Sukses Abadi),20.101.002 UANG TANDA JADI,5000000,,244525684,
Lumiera Garden,Tunai,2025-10-04,Kas Kecil(89) Sama Jaya,Kopi 6kg (No.1&2) + Gula 3Kg + Parkir,60.104.001 OPERASIONAL KANTOR,10.101.001 KAS KECIL,,220000,239525684,
Lumiera Garden,Tunai,2025-10-04,Kas Kecil,Termin 50% Kavling LK-04 (37/SPK.ADP/VII/2025) - Richi Setiawan,10.203.001 PERSEDIAAN BANGUNAN,10.101.001 KAS KECIL,,166812500,239745684,
Lumiera Garden,Tunai,2025-10-04,Kas Kecil,Pinjaman dari Sigura-gura,10.101.001 KAS KECIL,20.103.006 HUTANG SIGURA-GURA,167000000,,406558184,
Lumiera Garden,Bank,2025-10-03,BCA PT. ASA,Token Listrik Kawasan (513111484250 / PJU Lumiera Joyo Agung),60.104.003 TOKEN PLN,10.101.003 BCA (8162440909 an PT. Adhiland Sukses Abadi),,2006000,239558184,
Lumiera Garden,Bank,2025-10-03,BCA PT. ASA,Reimburse Pak Achmad (Bensin Zenix - Kunjungan User),60.104.007 BENSIN OPERASIONAL,10.101.003 BCA (8162440909 an PT. Adhiland Sukses Abadi),,150000,241564184,
Lumiera Garden,Bank,2025-10-03,BCA PT. ASA,Pelunasan Open Table MOG (01 - 30 Sept 2025),60.101.006 EXPO,10.101.003 BCA (8162440909 an PT. Adhiland Sukses Abadi),,28000000,241714184,
Lumiera Garden,Bank,2025-10-03,BCA PT. ASA,Reimburse Pak Rula (Material AC Gallery Marketing ),10.202.017 GALLERY MARKETING,10.101.003 BCA (8162440909 an PT. Adhiland Sukses Abadi),,3082000,269714184,
Lumiera Garden,Bank,2025-10-03,BCA PT. ASA,Reimburse Pak Rula (Material Panel & Indikator Tandon) - 5 Nota,10.202.020 TANDON AIR,10.101.003 BCA (8162440909 an PT. Adhiland Sukses Abadi),,1796000,272796184,
Lumiera Garden,Tunai,2025-10-02,Kas Kecil(88) Jaya Cookies & Toko Anda,Konsumsi Monthly (Kue Basah & Cleo),60.104.013 MEETING,10.101.001 KAS KECIL,,173000,274592184,
Lumiera Garden,Bank,2025-10-01,BCA PT. ASA,Upah Penjaga Alat / P. Didik (01 Sept s/d 30 Sept 2025),60.103.001 HONOR,10.101.003 BCA (8162440909 an PT. Adhiland Sukses Abadi),,1500000,274765184,
Lumiera Garden,Bank,2025-10-01,BCA PT. ASA,Biaya Admin (TF beda bank),60.104.010 ADMINISTRASI BANK,10.101.003 BCA (8162440909 an PT. Adhiland Sukses Abadi),,17500,276265184,
Lumiera Garden,Bank,2025-10-01,BCA PT. ASA,Gaji Karyawan bulan September 2025 (Non Payroll),60.102.001 GAJI KARYAWAN TETAP,10.101.003 BCA (8162440909 an PT. Adhiland Sukses Abadi),,9694976,276282684,
Lumiera Garden,Bank,2025-10-01,BCA PT. ASA,Gaji Karyawan bulan September 2025 (Payroll),60.102.001 GAJI KARYAWAN TETAP,10.101.003 BCA (8162440909 an PT. Adhiland Sukses Abadi),,140428298,285977660,
Lumiera Garden,Tunai,2025-10-01,Kas Kecil(87) Indomaret,Handsoap,60.104.001 OPERASIONAL KANTOR,10.101.001 KAS KECIL,,8900,426405958,
Lumiera Garden,Bank,2025-09-30,BCA PT. ASA,Pajak Bunga,60.104.029 BEBAN PAJAK LAINNYA/PAJAK BUNGA,10.101.003 BCA (8162440909 an PT. Adhiland Sukses Abadi),,12512,426414858,
Lumiera Garden,Bank,2025-09-30,BCA PT. ASA,Bunga Bank,10.101.003 BCA (8162440909 an PT. Adhiland Sukses Abadi),40.102.001 BUNGA BANK,62562,,426427370,
Lumiera Garden,Bank,2025-09-30,BCA PT. ASA,Admin Bank (Potongan Bulanan),60.104.010 ADMINISTRASI BANK,10.101.003 BCA (8162440909 an PT. Adhiland Sukses Abadi),,30000,426364808,
Lumiera Garden,Tunai,2025-09-29,Kas Kecil(86) Adi Ban,Tambal Tubles Mobil Zenix,60.104.001 OPERASIONAL KANTOR,10.101.001 KAS KECIL,,15000,426394808,
Lumiera Garden,Tunai,2025-09-27,Kas Kecil(85) SPBU Bendungan Sutami,Pegangan mas Andik (Cuci Mobil),60.104.001 OPERASIONAL KANTOR,10.101.001 KAS KECIL,,50000,426409808,
Lumiera Garden,Tunai,2025-09-27,Kas Kecil(85) SPBU Bendungan Sutami,Pegangan mas Andik (Bensin Zenix),60.104.007 BENSIN OPERASIONAL,10.101.001 KAS KECIL,,250000,426459808,
Lumiera Garden,Tunai,2025-09-27,Kas Kecil(84) Nota,Weekly Marcomm,60.104.013 MEETING,10.101.001 KAS KECIL,,245000,426709808,
Lumiera Garden,Bank,2025-09-26,BCA PT. ASA,Reimburse Pak Dedy (Akomodasi Akad LK-23 / 4 Nota),60.104.011 PERJALANAN DINAS,10.101.003 BCA (8162440909 an PT. Adhiland Sukses Abadi),,637500,426954808,
Lumiera Garden,Bank,2025-09-26,BCA PT. ASA,Reimburse Pak Dedy (Meeting SPV),60.104.013 MEETING,10.101.003 BCA (8162440909 an PT. Adhiland Sukses Abadi),,107000,427592308,
Lumiera Garden,Bank,2025-09-26,BCA PT. ASA,Biaya Admin (TF beda bank),60.104.010 ADMINISTRASI BANK,10.101.003 BCA (8162440909 an PT. Adhiland Sukses Abadi),,2500,427699308,
Lumiera Garden,Bank,2025-09-26,BCA PT. ASA,Papan Kavling LG (Rukost & Hunian) / 20 pcs - StarOne,60.101.004 BEBAN ADVERTISING,10.101.003 BCA (8162440909 an PT. Adhiland Sukses Abadi),,60000,427701808,
Lumiera Garden,Bank,2025-09-26,BCA PT. ASA,Brosur LG uk 63x25cm / 3000 lbr - micky mouse,60.101.004 BEBAN ADVERTISING,10.101.003 BCA (8162440909 an PT. Adhiland Sukses Abadi),,12000000,427761808,
Lumiera Garden,Bank,2025-09-26,BCA PT. ASA,Reimburse Bella Telle (Bonding Marketing / 3 Nota),60.104.013 MEETING,10.101.003 BCA (8162440909 an PT. Adhiland Sukses Abadi),,125000,439761808,
Lumiera Garden,Bank,2025-09-26,BCA PT. ASA,Akta Perjanjian Kerjasama (Ely Suryana - PT. ASA),10.201.022 AKTA KERJASAMA,10.101.003 BCA (8162440909 an PT. Adhiland Sukses Abadi),,2500000,439886808,
Lumiera Garden,Bank,2025-09-26,BCA PT. ASA,Waarmerking Perjanjian Kerjasama Sunarya & PT. ASA,60.104.023 BIAYA ADMINISTRASI WAARMERKING,10.101.003 BCA (8162440909 an PT. Adhiland Sukses Abadi),,250000,442386808,
Lumiera Garden,Bank,2025-09-26,BCA PT. ASA,Reimburse Maria (Periksa Air Minum Rumah Tangga),60.104.999 LAIN-LAIN,10.101.003 BCA (8162440909 an PT. Adhiland Sukses Abadi),,184260,442636808,
Lumiera Garden,Bank,2025-09-26,BCA PT. ASA,Reimburse Pak Rula (Kran Taman / 4 pcs),10.202.008 TAMAN DAN PENGHIJAUAN,10.101.003 BCA (8162440909 an PT. Adhiland Sukses Abadi),,60000,442821068,
Lumiera Garden,Bank,2025-09-26,BCA PT. ASA,Reimburse Pak Rula (Bensin mesin potong rumput & Alkon),60.104.001 OPERASIONAL KANTOR,10.101.003 BCA (8162440909 an PT. Adhiland Sukses Abadi),,100000,442881068,
Lumiera Garden,Bank,2025-09-26,BCA PT. ASA,Reimburse Pak Rula (Alat Potong Taman),60.104.001 OPERASIONAL KANTOR,10.101.003 BCA (8162440909 an PT. Adhiland Sukses Abadi),,176000,442981068,
Lumiera Garden,Bank,2025-09-26,BCA PT. ASA,Reimburse Pak Adhi (Tempat Sampah Dorong 120L Warna Kuning),11.101.001 PERALATAN KANTOR,10.101.003 BCA (8162440909 an PT. Adhiland Sukses Abadi),,479900,443157068,
Lumiera Garden,Bank,2025-09-26,BCA PT. ASA,Reimburse Pak Adhi (Gembok Kecil Anti Air),60.104.001 OPERASIONAL KANTOR,10.101.003 BCA (8162440909 an PT. Adhiland Sukses Abadi),,46900,443636968,
Lumiera Garden,Bank,2025-09-26,BCA PT. ASA,Reimburse Pak Adhi (Meeting Direksi / 09 September 2025),60.104.013 MEETING,10.101.003 BCA (8162440909 an PT. Adhiland Sukses Abadi),,165000,443683868,
Lumiera Garden,Bank,2025-09-26,BCA PT. ASA,Reimburse Novi (Karangan Bunga / Ayah Adib),60.104.002 SUMBANGAN/REWARD,10.101.003 BCA (8162440909 an PT. Adhiland Sukses Abadi),,50000,443848868,
Lumiera Garden,Bank,2025-09-26,BCA PT. ASA,Reimburse Pak Roy (Karangan Bunga / Ayah Adib),60.104.002 SUMBANGAN/REWARD,10.101.003 BCA (8162440909 an PT. Adhiland Sukses Abadi),,500000,443898868,
Lumiera Garden,Bank,2025-09-26,BCA PT. ASA,Reimburse Pak Roy (Pertalite Avanza),60.104.007 BENSIN OPERASIONAL,10.101.003 BCA (8162440909 an PT. Adhiland Sukses Abadi),,300000,444398868,
Lumiera Garden,Bank,2025-09-26,BCA PT. ASA,Reimburse Wiya (Pembelian Materai u/ akad LK-23),60.104.008 MATERAI,10.101.003 BCA (8162440909 an PT. Adhiland Sukses Abadi),,34500,444698868,
Lumiera Garden,Bank,2025-09-26,BCA PT. ASA,Get Contact LG (Telle),60.104.001 OPERASIONAL KANTOR,10.101.003 BCA (8162440909 an PT. Adhiland Sukses Abadi),,22090,444733368,
Lumiera Garden,Bank,2025-09-26,BCA PT. ASA,Biaya Admin (TF beda bank),60.104.010 ADMINISTRASI BANK,10.101.003 BCA (8162440909 an PT. Adhiland Sukses Abadi),,2500,444755458,
Lumiera Garden,Bank,2025-09-26,BCA PT. ASA,Pintu Pagar Sisi Sungai - Restu Jaya,10.202.013 PAGAR LINGKUNGAN,10.101.003 BCA (8162440909 an PT. Adhiland Sukses Abadi),,630000,444757958,
Lumiera Garden,Bank,2025-09-26,BCA PT. ASA,Tangga Akses Tandon - Restu Jaya,10.202.020 TANDON AIR,10.101.003 BCA (8162440909 an PT. Adhiland Sukses Abadi),,3200000,445387958,
Lumiera Garden,Bank,2025-09-26,BCA PT. ASACek : 620437,Tarikan Tunai,10.101.004 SILANG KAS,10.101.003 BCA (8162440909 an PT. Adhiland Sukses Abadi),,296000000,448587958,
Lumiera Garden,Tunai,2025-09-26,Cash/Tunai,Biaya Admin Setoran Tunai (Termin Kavling LK-3 - Riadi),60.104.010 ADMINISTRASI BANK,10.101.002 CASH/TUNAI,,2900,744587958,
Lumiera Garden,Tunai,2025-09-26,Cash/Tunai,Termin 50% Kavling LK-3 (26/SPK.ADP/V/2025) - Riadi,10.203.001 PERSEDIAAN BANGUNAN,10.101.002 CASH/TUNAI,,161500000,744590858,
Lumiera Garden,Tunai,2025-09-26,Cash/Tunai,Pembayaran Hutang Ke Sigura-Gura,20.103.006 HUTANG SIGURA-GURA,10.101.002 CASH/TUNAI,,116997100,906090858,
Lumiera Garden,Tunai,2025-09-26,Cash/Tunai,Pembayaran Hutang ke Joyo Agung,20.103.009 HUTANG JOYO AGUNG 2,10.101.002 CASH/TUNAI,,17500000,1023087958,
Lumiera Garden,Tunai,2025-09-26,Cash/TunaiCek : 620437,Pencairan Cek,10.101.002 CASH/TUNAI,10.101.004 SILANG KAS,296000000,,1040587958,
Lumiera Garden,Bank,2025-09-25,BCA PT. ASA,Refund ITJ LK-21 an Ramses Indriawan,20.101.002 UANG TANDA JADI,10.101.003 BCA (8162440909 an PT. Adhiland Sukses Abadi),,5000000,744587958,
Lumiera Garden,Bank,2025-09-25,BCA PT. ASA,Refund ITJ LK-20 an Ramses Indriawan,20.101.002 UANG TANDA JADI,10.101.003 BCA (8162440909 an PT. Adhiland Sukses Abadi),,5000000,749587958,
Lumiera Garden,Bank,2025-09-25,BCA PT. ASA,Biaya Admin (TF beda bank),60.104.010 ADMINISTRASI BANK,10.101.003 BCA (8162440909 an PT. Adhiland Sukses Abadi),,2500,754587958,
Lumiera Garden,Tunai,2025-09-24,,Pindah Saldo,10.101.001 KAS KECIL,10.101.002 CASH/TUNAI,,,754590458,
Lumiera Garden,Bank,2025-09-24,BCA PT. ASA,DP Seragam Kemeja (7 pcs) & Polo (7 pcs) - No. Inv. 3 24/BB/09/2025 - Baboon,60.104.001 OPERASIONAL KANTOR,10.101.003 BCA (8162440909 an PT. Adhiland Sukses Abadi),,1330000,754590458,
Lumiera Garden,Tunai,2025-09-24,Kas Kecil,Komisi Marcomm Kavling LK-23,60.101.002 INSENTIF/KOMISI,10.101.001 KAS KECIL,,137600,755920458,
Lumiera Garden,Tunai,2025-09-24,Kas Kecil,Komisi Marcomm Kavling LK-23,60.101.002 INSENTIF/KOMISI,10.101.001 KAS KECIL,,137600,756058058,
Lumiera Garden,Tunai,2025-09-24,Kas Kecil,Komisi Marcomm Kavling LK-23,60.101.002 INSENTIF/KOMISI,10.101.001 KAS KECIL,,137600,756195658,
Lumiera Garden,Tunai,2025-09-24,Kas Kecil,Komisi Marcomm Kavling LK-23,60.101.002 INSENTIF/KOMISI,10.101.001 KAS KECIL,,120400,756333258,
Lumiera Garden,Tunai,2025-09-24,Kas Kecil,Komisi Marcomm Kavling LK-23,60.101.002 INSENTIF/KOMISI,10.101.001 KAS KECIL,,129000,756453658,
Lumiera Garden,Tunai,2025-09-24,Kas Kecil,Komisi Marcomm Kavling LK-23,60.101.002 INSENTIF/KOMISI,10.101.001 KAS KECIL,,197800,756582658,
Lumiera Garden,Tunai,2025-09-24,Kas Kecil,Komisi Direktur Teknik Kavling LK-23,60.101.002 INSENTIF/KOMISI,10.101.001 KAS KECIL,,2150000,756780458,
Lumiera Garden,Tunai,2025-09-24,Kas Kecil,Komisi Komisaris Kavling LK-23,60.101.002 INSENTIF/KOMISI,10.101.001 KAS KECIL,,2150000,758930458,
Lumiera Garden,Tunai,2025-09-24,Kas Kecil,Komisi Direktur B&D Kavling LK-23,60.101.002 INSENTIF/KOMISI,10.101.001 KAS KECIL,,2150000,761080458,
Lumiera Garden,Tunai,2025-09-24,Kas Kecil,Komisi Direktur Operasional Kavling LK-23,60.101.002 INSENTIF/KOMISI,10.101.001 KAS KECIL,,2150000,763230458,
Lumiera Garden,Tunai,2025-09-24,Kas Kecil,Komisi Direktur Utama Kavling LK-23,60.101.002 INSENTIF/KOMISI,10.101.001 KAS KECIL,,2150000,765380458,
Lumiera Garden,Tunai,2025-09-24,Kas Kecil,BLT SPV Marketing Kavling LK-23,60.101.001 BLT,10.101.001 KAS KECIL,,2000000,767530458,
Lumiera Garden,Tunai,2025-09-24,Kas Kecil,Komisi SPV Marketing Kavling LK-23,60.101.002 INSENTIF/KOMISI,10.101.001 KAS KECIL,,5375000,769530458,
Lumiera Garden,Tunai,2025-09-24,Kas Kecil,BLT Marketing Kavling LK-23,60.101.001 BLT,10.101.001 KAS KECIL,,1000000,774905458,
Lumiera Garden,Tunai,2025-09-24,Kas Kecil,Komisi Marketing Kavling LK-23,60.101.002 INSENTIF/KOMISI,10.101.001 KAS KECIL,,16125000,775905458,
Lumiera Garden,Tunai,2025-09-24,Kas Kecil,Pinjaman dari Sigura-gura,10.101.001 KAS KECIL,20.103.006 HUTANG SIGURA-GURA,13494300,,792030458,
Lumiera Garden,Bank,2025-09-23,BCA PT. ASA,Refund ITJ LK-18 an Ernani Indrawati,20.101.002 UANG TANDA JADI,10.101.003 BCA (8162440909 an PT. Adhiland Sukses Abadi),,5000000,778536158,
Lumiera Garden,Bank,2025-09-23,BCA PT. ASALK 22,PTB Rukost Kavling LK-22 an Jovita Ika Pramyas,10.101.003 BCA (8162440909 an PT. Adhiland Sukses Abadi),20.101.001 UANG MUKA,720000,,783536158,
Lumiera Garden,Bank,2025-09-23,BCA PT. ASALK 22,Pelunasan Pembelian Rukost Kavling LK-22 an Jovita Ika Pramyas,10.101.003 BCA (8162440909 an PT. Adhiland Sukses Abadi),20.101.001 UANG MUKA,100000000,,782816158,
Lumiera Garden,Bank,2025-09-23,BCA PT. ASALK 23,Pembayaran DP 2 Pembelian Rukost Kavling LK-23 an Ririn Yuni Astutik,10.101.003 BCA (8162440909 an PT. Adhiland Sukses Abadi),20.101.001 UANG MUKA,512500000,,682816158,
Lumiera Garden,Tunai,2025-09-22,Kas Kecil(83) Nota,Kekurangan Parkir EXPO MOG,60.104.001 OPERASIONAL KANTOR,10.101.001 KAS KECIL,,2600,170316158,
Lumiera Garden,Tunai,2025-09-22,Kas Kecil(82) SPBU Raya Tlogomas & Raya Sengkaling,Pegangan Pak Dian (Bensin Pick Up),60.104.007 BENSIN OPERASIONAL,10.101.001 KAS KECIL,,200000,170318758,
Lumiera Garden,Tunai,2025-09-22,Kas Kecil(81) Megah Jaya,Pembelian Material Gudang,10.202.025 GUDANG,10.101.001 KAS KECIL,,135000,170518758,
Lumiera Garden,Bank,2025-09-21,BCA PT. ASALK 23,Pembayaran DP 1 Pembelian Rukost Kavling LK-23 an Ririn Yuni Astutik,10.101.003 BCA (8162440909 an PT. Adhiland Sukses Abadi),20.101.001 UANG MUKA,20000000,,170653758,
Lumiera Garden,Bank,2025-09-20,BCA PT. ASALK 18,ITJ Kavling LK-18 an Ernani Indrawati,10.101.003 BCA (8162440909 an PT. Adhiland Sukses Abadi),20.101.002 UANG TANDA JADI,5000000,,150653758,
Lumiera Garden,Tunai,2025-09-20,Kas Kecil(80) Nota,Pegangan Mas Galih (Weekly Marcomm),60.104.013 MEETING,10.101.001 KAS KECIL,,227000,145653758,
Lumiera Garden,Tunai,2025-09-19,,Pindah Saldo,10.101.001 KAS KECIL,10.101.002 CASH/TUNAI,,,145880758,
Lumiera Garden,Bank,2025-09-19,BCA PT. ASA,Reimburse Pak Dedy (Konsumsi Louding Out MOG),60.101.006 EXPO,10.101.003 BCA (8162440909 an PT. Adhiland Sukses Abadi),,469000,145880758,
Lumiera Garden,Bank,2025-09-19,BCA PT. ASA,Uang Makan EXPO MOG (3-14 Sept 2025) - Andik,60.101.006 EXPO,10.101.003 BCA (8162440909 an PT. Adhiland Sukses Abadi),,600000,146349758,
Lumiera Garden,Bank,2025-09-19,BCA PT. ASA,Uang Makan EXPO MOG (3-14 Sept 2025) - Silvia,60.101.006 EXPO,10.101.003 BCA (8162440909 an PT. Adhiland Sukses Abadi),,400000,146949758,
Lumiera Garden,Bank,2025-09-19,BCA PT. ASA,Uang Makan EXPO MOG (3-14 Sept 2025) - Adit,60.101.006 EXPO,10.101.003 BCA (8162440909 an PT. Adhiland Sukses Abadi),,450000,147349758,
Lumiera Garden,Bank,2025-09-19,BCA PT. ASA,Uang Makan EXPO MOG (3-14 Sept 2025) - Wiya,60.101.006 EXPO,10.101.003 BCA (8162440909 an PT. Adhiland Sukses Abadi),,450000,147799758,
Lumiera Garden,Bank,2025-09-19,BCA PT. ASA,Uang Makan EXPO MOG (3-14 Sept 2025) - Wira,60.101.006 EXPO,10.101.003 BCA (8162440909 an PT. Adhiland Sukses Abadi),,450000,148249758,
Lumiera Garden,Bank,2025-09-19,BCA PT. ASA,"Reimburse Pak Yasin (TNT Yamura merah, Cetak Stempel Notaris, Stampad Kenko )",10.201.011 PERIJINAN,10.101.003 BCA (8162440909 an PT. Adhiland Sukses Abadi),,117000,148699758,
Lumiera Garden,Bank,2025-09-19,BCA PT. ASA,Reimburse Pak Rula (Dak Tape LK-02),10.203.005 AC,10.101.003 BCA (8162440909 an PT. Adhiland Sukses Abadi),,45000,148816758,
Lumiera Garden,Tunai,2025-09-19,Kas Kecil,Pelunasan EXPO MOG (03 Sept - 14 Sept 2025),60.101.006 EXPO,10.101.001 KAS KECIL,,90000000,148861758,
Lumiera Garden,Tunai,2025-09-19,Kas Kecil,Biaya Admin,60.104.010 ADMINISTRASI BANK,10.101.001 KAS KECIL,,2900,238861758,
Lumiera Garden,Tunai,2025-09-19,Kas Kecil,Termin 50% Galeri Marketing (42/SPK.ADP/VIII/2025) - Riadi,10.202.017 GALLERY MARKETING,10.101.001 KAS KECIL,,60000000,238864658,
Lumiera Garden,Tunai,2025-09-19,Kas Kecil(79) NS,Sewa Lensa Marcomm,60.101.999 BEBAN PROMOSI LAIN-LAIN,10.101.001 KAS KECIL,,120000,298864658,
Lumiera Garden,Bank,2025-09-16,BCA PT. ASA,Refund ITJ LK-23 an Fat Khudin,20.101.002 UANG TANDA JADI,10.101.003 BCA (8162440909 an PT. Adhiland Sukses Abadi),,5000000,298984658,
Lumiera Garden,Tunai,2025-09-16,Kas Kecil(78) Kwitansi,Iuran Sampah Kantor/Ruko bulan September 2025,60.104.012 KEAMANAN DAN KEBERSIHAN,10.101.001 KAS KECIL,,75000,303984658,
Lumiera Garden,Bank,2025-09-14,BCA PT. ASALK 23,ITJ Kavling LK-23 an Ririn Yuni Astutik,10.101.003 BCA (8162440909 an PT. Adhiland Sukses Abadi),20.101.002 UANG TANDA JADI,5000000,,304059658,
Lumiera Garden,Bank,2025-09-13,BCA PT. ASA,Reimburse Pak Rula (Pipa Refrigant AC LK-02 /30m),10.203.005 AC,10.101.003 BCA (8162440909 an PT. Adhiland Sukses Abadi),,2100000,299059658,
Lumiera Garden,Bank,2025-09-13,BCA PT. ASA(77) Gas Station,Budgeting Pak Dian (Bensin Alkon),60.104.001 OPERASIONAL KANTOR,10.101.003 BCA (8162440909 an PT. Adhiland Sukses Abadi),,50000,301159658,
Lumiera Garden,Bank,2025-09-13,BCA PT. ASA(77) SPBU Raya Tlogomas,Budgeting Pak Dian (Bensin Pick Up),60.104.007 BENSIN OPERASIONAL,10.101.003 BCA (8162440909 an PT. Adhiland Sukses Abadi),,250000,301209658,
Lumiera Garden,Bank,2025-09-12,BCA PT. ASA,Reimburse Pak Dedy (Konsumsi Loading EXPO MOG),60.101.006 EXPO,10.101.003 BCA (8162440909 an PT. Adhiland Sukses Abadi),,285000,301459658,
Lumiera Garden,Bank,2025-09-12,BCA PT. ASA,Reimburse Pak Dian (Sapu Lidi - 10 pcs / 1 nota),60.104.001 OPERASIONAL KANTOR,10.101.003 BCA (8162440909 an PT. Adhiland Sukses Abadi),,50000,301744658,
Lumiera Garden,Bank,2025-09-12,BCA PT. ASA,Reimburse Pak Dian (Material Tandon Lumiera / 3 nota),10.202.020 TANDON AIR,10.101.003 BCA (8162440909 an PT. Adhiland Sukses Abadi),,98000,301794658,
Lumiera Garden,Bank,2025-09-12,BCA PT. ASA(58 A) Indomaret & Alfamart,Reimburse Pak Sugeng (Kekurangan pengajuan tgl 6 Agt 2025),60.104.001 OPERASIONAL KANTOR,10.101.003 BCA (8162440909 an PT. Adhiland Sukses Abadi),,28000,301892658,
Lumiera Garden,Bank,2025-09-12,BCA PT. ASA,Reimburse Pak Sugeng (Round up & Galon / 3 nota),60.104.001 OPERASIONAL KANTOR,10.101.003 BCA (8162440909 an PT. Adhiland Sukses Abadi),,174600,301920658,
Lumiera Garden,Bank,2025-09-12,BCA PT. ASA,"Reimburse Pak Rula (Kabel AC NYM 2x1,5mm LK-02 (50m))",10.203.005 AC,10.101.003 BCA (8162440909 an PT. Adhiland Sukses Abadi),,725000,302095258,
Lumiera Garden,Bank,2025-09-12,BCA PT. ASA,Reimburse Pak Rula (Cat Tandon 8 kg),10.202.020 TANDON AIR,10.101.003 BCA (8162440909 an PT. Adhiland Sukses Abadi),,485695,302820258,
Lumiera Garden,Bank,2025-09-12,BCA PT. ASA,Reimburse Pak Rula (Lampu Taman 50W / 2 pcs),10.202.008 TAMAN DAN PENGHIJAUAN,10.101.003 BCA (8162440909 an PT. Adhiland Sukses Abadi),,370000,303305953,
Lumiera Garden,Bank,2025-09-12,BCA PT. ASA,Kas Bon Karyawan (Security / Sudjarno),10.102.011 PIUTANG KARYAWAN,10.101.003 BCA (8162440909 an PT. Adhiland Sukses Abadi),,3000000,303675953,
Lumiera Garden,Bank,2025-09-12,BCA PT. ASA,Wifi Project bulan September (01000557664),60.104.006 TAGIHAN WIFI,10.101.003 BCA (8162440909 an PT. Adhiland Sukses Abadi),,416250,306675953,
Lumiera Garden,Bank,2025-09-12,BCA PT. ASA,Tambah Karyawan HRIS GajiHub (5),60.104.001 OPERASIONAL KANTOR,10.101.003 BCA (8162440909 an PT. Adhiland Sukses Abadi),,654511,307092203,
Lumiera Garden,Bank,2025-09-12,BCA PT. ASA,Wifi Kantor Ruko Suhat bulan September (01000274460),60.104.006 TAGIHAN WIFI,10.101.003 BCA (8162440909 an PT. Adhiland Sukses Abadi),,416250,307746714,
Lumiera Garden,Bank,2025-09-12,BCA PT. ASA,Pembayaran Halo Call Center September (08113646900),60.104.005 TAGIHAN HALO CALL CENTER (08113646900),10.101.003 BCA (8162440909 an PT. Adhiland Sukses Abadi),,202800,308162964,
Lumiera Garden,Tunai,2025-09-12,Cash/Tunai,Ads (9.2),60.101.005 BEBAN DIGITAL ADS,10.101.002 CASH/TUNAI,,15000000,308365764,
Lumiera Garden,Tunai,2025-09-12,Cash/Tunai,Instalasi Pipa Tandon (46/SPK-ADP/IX/2025) - Syaiful Anwar,10.202.020 TANDON AIR,10.101.002 CASH/TUNAI,,21926000,323365764,
Lumiera Garden,Tunai,2025-09-12,Cash/Tunai,Perawatan Tanaman Lumiera (2) - A. Bobby,10.202.008 TAMAN DAN PENGHIJAUAN,10.101.002 CASH/TUNAI,,500000,345291764,
Lumiera Garden,Tunai,2025-09-12,Cash/Tunai,Taman Sisi Pagar - A. Bobby,10.202.008 TAMAN DAN PENGHIJAUAN,10.101.002 CASH/TUNAI,,13850000,345791764,
Lumiera Garden,Tunai,2025-09-12,Cash/Tunai,Termin I (50%) C-03 (28/SPK.ADP/V/2025) - Kurniawan Dwi Putro,10.203.001 PERSEDIAAN BANGUNAN,10.101.002 CASH/TUNAI,,112500000,359641764,
Lumiera Garden,Tunai,2025-09-12,Cash/Tunai,Termin I (50%) C-02 (27/SPK.ADP/V/2025) - Kurniawan Dwi Putro,10.203.001 PERSEDIAAN BANGUNAN,10.101.002 CASH/TUNAI,,112500000,472141764,
Lumiera Garden,Tunai,2025-09-12,Cash/Tunai,Termin I (50%) LK-11 (25/SPK.ADP/V/2025) - Richi Setiawan,10.203.001 PERSEDIAAN BANGUNAN,10.101.002 CASH/TUNAI,,166812500,584641764,
Lumiera Garden,Tunai,2025-09-11,Cash/Tunai,Waarmerking Kwitansi Pelunasan Pembayaran Tanah Lumiera (1682 & 1683),60.104.023 BIAYA ADMINISTRASI WAARMERKING,10.101.002 CASH/TUNAI,,800000,751454264,
Lumiera Garden,Bank,2025-09-10,BCA PT. ASA,Workshop CEO Development,60.104.016 TRAINING KARYAWAN,10.101.003 BCA (8162440909 an PT. Adhiland Sukses Abadi),,10000000,752254264,
Lumiera Garden,Bank,2025-09-10,BCA PT. ASA,ITJ Kavling LK-23 an Fat Khudin,10.101.003 BCA (8162440909 an PT. Adhiland Sukses Abadi),20.101.002 UANG TANDA JADI,5000000,,762254264,
Lumiera Garden,Bank,2025-09-09,BCA PT. ASA(76) CV. Andi Motor,Ganti ban mobil pick up,60.104.021 MAINTENANCE KENDARAAN,10.101.003 BCA (8162440909 an PT. Adhiland Sukses Abadi),,1580000,757254264,
Lumiera Garden,Tunai,2025-09-08,,Pindah Saldo,10.101.001 KAS KECIL,10.101.002 CASH/TUNAI,,,758834264,
Lumiera Garden,Bank,2025-09-08,BCA PT. ASA(75) Bengkel Mobil Paino,Service Pick Up,60.104.021 MAINTENANCE KENDARAAN,10.101.003 BCA (8162440909 an PT. Adhiland Sukses Abadi),,425000,758834264,
Lumiera Garden,Bank,2025-09-08,BCA PT. ASA,Pembayaran Hutang ke Sigura-Gura (Termin B-12),20.103.006 HUTANG SIGURA-GURA,10.101.003 BCA (8162440909 an PT. Adhiland Sukses Abadi),,200980000,759259264,
Lumiera Garden,Bank,2025-09-08,BCA PT. ASA,Pengurusan Perizinan SIPA,10.201.011 PERIJINAN,10.101.003 BCA (8162440909 an PT. Adhiland Sukses Abadi),,73000000,960239264,
Lumiera Garden,Tunai,2025-09-08,Kas Kecil(74) UD. Samajaya,Kopi (No.2 & 3) + Gula,60.104.001 OPERASIONAL KANTOR,10.101.001 KAS KECIL,,171000,1033239264,
Lumiera Garden,Tunai,2025-09-08,Kas Kecil(73) SPBU Bendungan Sutami & Raya Tlogomas,Pegangan Pak Dian (Bensin Pick Up),60.104.007 BENSIN OPERASIONAL,10.101.001 KAS KECIL,,250000,1033410264,
Lumiera Garden,Tunai,2025-09-08,Kas Kecil(72) Pom Pokok Berkah,Pegangan Pak Dian (Bensin Alkon),60.104.001 OPERASIONAL KANTOR,10.101.001 KAS KECIL,,50000,1033660264,
Lumiera Garden,Bank,2025-09-07,BCA PT. ASALK 21,ITJ kavling LK-21 an Ramses Indriawan,10.101.003 BCA (8162440909 an PT. Adhiland Sukses Abadi),20.101.002 UANG TANDA JADI,5000000,,1033710264,
Lumiera Garden,Bank,2025-09-07,BCA PT. ASAKW 026,ITJ kavling LK-20 an Ramses Indriawan,10.101.003 BCA (8162440909 an PT. Adhiland Sukses Abadi),20.101.002 UANG TANDA JADI,5000000,,1028710264,
Lumiera Garden,Bank,2025-09-06,BCA PT. ASALK 7,Pembayaran Cicilan Angsuran Ke7 Rukost Kavling LK-07 an Heny Susanti,10.101.003 BCA (8162440909 an PT. Adhiland Sukses Abadi),20.101.001 UANG MUKA,20000000,,1023710264,
Lumiera Garden,Bank,2025-09-04,BCA PT. ASA,Reimburse Bella (Pengharum Ruangan Marcomm & Telle),60.104.001 OPERASIONAL KANTOR,10.101.003 BCA (8162440909 an PT. Adhiland Sukses Abadi),,87600,1003710264,
Lumiera Garden,Bank,2025-09-04,BCA PT. ASA,"Reimburse Pak Dian (Oli samping alkon, tongkat pramuka untuk take video / 2 nota)",60.104.001 OPERASIONAL KANTOR,10.101.003 BCA (8162440909 an PT. Adhiland Sukses Abadi),,40000,1003797864,
Lumiera Garden,Bank,2025-09-04,BCA PT. ASA,Biaya Admin (TF beda bank),60.104.010 ADMINISTRASI BANK,10.101.003 BCA (8162440909 an PT. Adhiland Sukses Abadi),,2500,1003837864,
Lumiera Garden,Bank,2025-09-04,BCA PT. ASA,Ads (9.1),60.101.005 BEBAN DIGITAL ADS,10.101.003 BCA (8162440909 an PT. Adhiland Sukses Abadi),,5000000,1003840364,
Lumiera Garden,Bank,2025-09-04,BCA PT. ASA,Reimburse Pak Rula (Cat Tandon ABu-abu),10.202.020 TANDON AIR,10.101.003 BCA (8162440909 an PT. Adhiland Sukses Abadi),,1155023,1008840364,
Lumiera Garden,Bank,2025-09-04,BCA PT. ASA,Reimburse Pak Rula (Pupuk Urea),60.104.001 OPERASIONAL KANTOR,10.101.003 BCA (8162440909 an PT. Adhiland Sukses Abadi),,232000,1009995387,
Lumiera Garden,Bank,2025-09-04,BCA PT. ASA,Reimburse Pak Rula (Bensin Alkon),60.104.001 OPERASIONAL KANTOR,10.101.003 BCA (8162440909 an PT. Adhiland Sukses Abadi),,100000,1010227387,
Lumiera Garden,Bank,2025-09-04,BCA PT. ASA,Reimburse Handik (Bensin Pickup / 2 nota),60.104.007 BENSIN OPERASIONAL,10.101.003 BCA (8162440909 an PT. Adhiland Sukses Abadi),,200000,1010327387,
Lumiera Garden,Bank,2025-09-04,BCA PT. ASA,Reimburse Pak Roy (Top Up E-Toll - untuk Perjalanan Melayat),60.104.011 PERJALANAN DINAS,10.101.003 BCA (8162440909 an PT. Adhiland Sukses Abadi),,285000,1010527387,
Lumiera Garden,Bank,2025-09-04,BCA PT. ASA,Token Listrik Kawasan (513111484250 / PJU Lumiera Joyo Agung),60.104.003 TOKEN PLN,10.101.003 BCA (8162440909 an PT. Adhiland Sukses Abadi),,2006000,1010812387,
Lumiera Garden,Tunai,2025-09-04,Kas Kecil(71) Winner,Reimburse Pak Yasin (Print Warna untuk berkas kata pelepasan LG),10.201.009 AJB & AKTA PELEPASAN HAK,10.101.001 KAS KECIL,,4000,1012818387,
Lumiera Garden,Tunai,2025-09-04,Kas Kecil,"Cetak V Banner 260x90 (300 pcs), Pasang Bambu (300 pcs), Ijin & Pajak (150 pcs) - Sigmaprint",60.101.004 BEBAN ADVERTISING,10.101.001 KAS KECIL,,34950000,1012822387,
Lumiera Garden,Tunai,2025-09-04,Kas Kecil,Termin 95% Tandon Kawasan (32/SPK.ADP/VI/2025) - Arifin,10.202.020 TANDON AIR,10.101.001 KAS KECIL,,188330000,1047772387,
Lumiera Garden,Tunai,2025-09-04,Kas Kecil,Addendum Pagar Pagar Kawasan Sisi Timur & Bronjong - Arifin,10.202.013 PAGAR LINGKUNGAN,10.101.001 KAS KECIL,,25000000,1236102387,
Lumiera Garden,Tunai,2025-09-04,Kas Kecil,Termin 95% Pagar Kawasan Belakang (39/SPK.ADP/VII/2025) - Arifin,10.202.013 PAGAR LINGKUNGAN,10.101.001 KAS KECIL,,52650000,1261102387,
Lumiera Garden,Tunai,2025-09-04,Kas Kecil,Admin Bank Setor Tunai,60.104.010 ADMINISTRASI BANK,10.101.001 KAS KECIL,,2900,1313752387,
Lumiera Garden,Tunai,2025-09-04,Kas Kecil,Termin 50% Kavling LK-02 (36/SPK.ADP/VI/2025) - Riadi,10.203.001 PERSEDIAAN BANGUNAN,10.101.001 KAS KECIL,,161500000,1313755287,
Lumiera Garden,Tunai,2025-09-04,Kas Kecil,Pinjaman dari Sigura-gura,10.101.001 KAS KECIL,20.103.006 HUTANG SIGURA-GURA,462432900,,1475255287,
Lumiera Garden,Tunai,2025-09-04,Kas Kecil(70) Nota,Kopi Kapal Api (Kantor),60.104.001 OPERASIONAL KANTOR,10.101.001 KAS KECIL,,52000,1012822387,
Lumiera Garden,Tunai,2025-09-03,Kas Kecil(69) Toko Aneka Plastik,Karet Gelang (untuk bendel uang) + Parkir,60.104.001 OPERASIONAL KANTOR,10.101.001 KAS KECIL,,29000,1012874387,
Lumiera Garden,Tunai,2025-09-03,Cash/TunaiLK 22,Pembayaran Ke-3 Pembelian Rukost Kavling LK-22 an Jovita Ika P.,10.101.002 CASH/TUNAI,20.101.001 UANG MUKA,617000000,,1012903387,
Lumiera Garden,Bank,2025-09-02,BCA PT. ASA,Upah Penjaga Alat / P. Didik (01 Agt s/d 31 Agt 2025),60.103.001 HONOR,10.101.003 BCA (8162440909 an PT. Adhiland Sukses Abadi),,1550000,395903387,
Lumiera Garden,Bank,2025-09-02,BCA PT. ASA,Budgeting EXPO Belanja (Mas Andik),10.101.004 SILANG KAS,10.101.003 BCA (8162440909 an PT. Adhiland Sukses Abadi),,1390000,397453387,
Lumiera Garden,Bank,2025-09-01,BCA PT. Adhiland Sukses Abadi,Refund ITJ LK-18 an Mohamad Ikhwan,20.101.002 UANG TANDA JADI,10.101.003 BCA (8162440909 an PT. Adhiland Sukses Abadi),,5000000,398843387,
Lumiera Garden,Bank,2025-09-01,BCA PT. ASA,Pembelian Token Listrik Ruko Suhat (ID Pel : 513110771875 an Wisnu Novianto),60.104.003 TOKEN PLN,10.101.003 BCA (8162440909 an PT. Adhiland Sukses Abadi),,981871,403843387,
Lumiera Garden,Bank,2025-09-01,BCA PT. ASA,Karangan Bunga (Almarhum ayah Pak Rendra),60.104.002 SUMBANGAN/REWARD,10.101.003 BCA (8162440909 an PT. Adhiland Sukses Abadi),,3300000,404825258,
Lumiera Garden,Bank,2025-09-01,BCA PT. ASA,Biaya Admin (TF beda bank),60.104.010 ADMINISTRASI BANK,10.101.003 BCA (8162440909 an PT. Adhiland Sukses Abadi),,16500,408125258,
Lumiera Garden,Bank,2025-09-01,BCA PT. ASA,Gaji Karyawan bulan Agustus 2025,60.102.001 GAJI KARYAWAN TETAP,10.101.003 BCA (8162440909 an PT. Adhiland Sukses Abadi),,144342683,408141758,
Lumiera Garden,Bank,2025-09-01,BCA PT. ASA,Biaya Pembuatan Token,60.104.001 OPERASIONAL KANTOR,10.101.003 BCA (8162440909 an PT. Adhiland Sukses Abadi),,50000,552484441,
Lumiera Garden,Tunai,2025-09-01,Kas KecilBCA Borobudur,Biaya Materai (Pengurusan Token),60.104.008 MATERAI,10.101.001 KAS KECIL,,10000,552534441,
Lumiera Garden,Tunai,2025-09-01,Kas Kecil(68) Nota,Elpigi 3 Kg (Dapur Kantor),60.104.001 OPERASIONAL KANTOR,10.101.001 KAS KECIL,,23000,552544441,
Lumiera Garden,Tunai,2025-09-01,Kas Kecil,Pegangan Pak Roy (Bensin & Cuci Mobil),10.101.004 SILANG KAS,10.101.001 KAS KECIL,,350000,552567441,
Lumiera Garden,Bank,2025-08-31,BCA PT. ASA,Admin Bank (Potongan Bulanan),60.104.010 ADMINISTRASI BANK,10.101.003 BCA (8162440909 an PT. Adhiland Sukses Abadi),,30000,552917441,
Lumiera Garden,Tunai,2025-08-30,Cash/Tunai,Pembayaran Hutang Ke Sigura-Gura (Termin I B-12),20.103.006 HUTANG SIGURA-GURA,10.101.002 CASH/TUNAI,,217600000,552947441,
Lumiera Garden,Bank,2025-08-29,BCA PT. ASA,Get Contact LG (Telle),60.104.001 OPERASIONAL KANTOR,10.101.003 BCA (8162440909 an PT. Adhiland Sukses Abadi),,22090,770547441,
Lumiera Garden,Bank,2025-08-29,BCA PT. ASA,Biaya Admin (TF beda bank),60.104.010 ADMINISTRASI BANK,10.101.003 BCA (8162440909 an PT. Adhiland Sukses Abadi),,2500,770569531,
Lumiera Garden,Bank,2025-08-29,BCA PT. ASA,Reimburse Pak Wira (Konsumsi Akad LK-22),60.104.001 OPERASIONAL KANTOR,10.101.003 BCA (8162440909 an PT. Adhiland Sukses Abadi),,146000,770572031,
Lumiera Garden,Bank,2025-08-29,BCA PT. ASA,Sponsorship Kicaumania (Bunul),60.101.004 BEBAN ADVERTISING,10.101.003 BCA (8162440909 an PT. Adhiland Sukses Abadi),,2000000,770718031,
Lumiera Garden,Bank,2025-08-29,BCA PT. ASA,DP EXPO MOG (3 -12 September 2025),60.101.006 EXPO,10.101.003 BCA (8162440909 an PT. Adhiland Sukses Abadi),,90000000,772718031,
Lumiera Garden,Bank,2025-08-29,BCA PT. ASA,Biaya Admin (TF beda bank),60.104.010 ADMINISTRASI BANK,10.101.003 BCA (8162440909 an PT. Adhiland Sukses Abadi),,2500,862718031,
Lumiera Garden,Bank,2025-08-29,BCA PT. ASA,Ads (8.5),60.101.005 BEBAN DIGITAL ADS,10.101.003 BCA (8162440909 an PT. Adhiland Sukses Abadi),,5000000,862720531,
Lumiera Garden,Bank,2025-08-29,BCA PT. ASA,Biaya Admin (TF beda bank),60.104.010 ADMINISTRASI BANK,10.101.003 BCA (8162440909 an PT. Adhiland Sukses Abadi),,2500,867720531,
Lumiera Garden,Bank,2025-08-29,BCA PT. ASA,Fls uk 300 x 55 pla3b3 (8 pcs),60.101.004 BEBAN ADVERTISING,10.101.003 BCA (8162440909 an PT. Adhiland Sukses Abadi),,282400,867723031,
Lumiera Garden,Bank,2025-08-29,BCA PT. ASA,"Jasa Pasang + Bongkar Umbul"" Uk 500x85 (Bunul) / 15 pcs",60.101.004 BEBAN ADVERTISING,10.101.003 BCA (8162440909 an PT. Adhiland Sukses Abadi),,1050000,868005431,
Lumiera Garden,Bank,2025-08-29,BCA PT. ASA,"Umbul"" Uk.500x85 (15 pcs)",60.101.004 BEBAN ADVERTISING,10.101.003 BCA (8162440909 an PT. Adhiland Sukses Abadi),,2287500,869055431,
Lumiera Garden,Bank,2025-08-29,BCA PT. ASA,Waarmerking PPJB Kav. LK-22 an Jovita,60.104.023 BIAYA ADMINISTRASI WAARMERKING,10.101.003 BCA (8162440909 an PT. Adhiland Sukses Abadi),,250000,871342931,
Lumiera Garden,Bank,2025-08-29,BCA PT. ASA,Rekom Validasi Pajak (Sertifikat Yayok),10.201.009 AJB & AKTA PELEPASAN HAK,10.101.003 BCA (8162440909 an PT. Adhiland Sukses Abadi),,1500000,871592931,
Lumiera Garden,Bank,2025-08-29,BCA PT. ASA,Akta Pelepasan Induk Sertifikat D (Yayok Tuhoyoto),10.201.009 AJB & AKTA PELEPASAN HAK,10.101.003 BCA (8162440909 an PT. Adhiland Sukses Abadi),,2500000,873092931,
Lumiera Garden,Bank,2025-08-29,BCA PT. ASA,"Legalisir 3 bendel (Sertifikat Yayok, Inggrid, Tohrengga)",10.201.009 AJB & AKTA PELEPASAN HAK,10.101.003 BCA (8162440909 an PT. Adhiland Sukses Abadi),,750000,875592931,
Lumiera Garden,Bank,2025-08-29,BCA PT. ASA,Biaya Admin (TF beda bank),60.104.010 ADMINISTRASI BANK,10.101.003 BCA (8162440909 an PT. Adhiland Sukses Abadi),,2500,876342931,
Lumiera Garden,Bank,2025-08-29,BCA PT. ASA,Instalasi Pipa & Kabel AC Kav. LK-7 & LK-8,10.203.005 AC,10.101.003 BCA (8162440909 an PT. Adhiland Sukses Abadi),,3000000,876345431,
Lumiera Garden,Bank,2025-08-29,BCA PT. ASA,Reimburse Pak Dedy (Bensin Pick Up),60.104.007 BENSIN OPERASIONAL,10.101.003 BCA (8162440909 an PT. Adhiland Sukses Abadi),,100000,879345431,
Lumiera Garden,Bank,2025-08-29,BCA PT. ASA,Reimburse Pak Dedy (Bensin Alkon),60.104.001 OPERASIONAL KANTOR,10.101.003 BCA (8162440909 an PT. Adhiland Sukses Abadi),,100000,879445431,
Lumiera Garden,Tunai,2025-08-27,,Pindah Saldo,10.101.001 KAS KECIL,10.101.002 CASH/TUNAI,,,879545431,
Lumiera Garden,Bank,2025-08-27,BCA PT. ASA,Token Listrik Kawasan (513111484250 / PJU Lumiera Joyo Agung),60.104.003 TOKEN PLN,10.101.003 BCA (8162440909 an PT. Adhiland Sukses Abadi),,1003000,879545431,
Lumiera Garden,Tunai,2025-08-27,Kas Kecil,Komisi Marcomm Kavling LK-22,60.101.002 INSENTIF/KOMISI,10.101.001 KAS KECIL,,131200,880548431,
Lumiera Garden,Tunai,2025-08-27,Kas Kecil,Komisi Marcomm Kavling LK-22,60.101.002 INSENTIF/KOMISI,10.101.001 KAS KECIL,,131200,880679631,
Lumiera Garden,Tunai,2025-08-27,Kas Kecil,Komisi Marcomm Kavling LK-22,60.101.002 INSENTIF/KOMISI,10.101.001 KAS KECIL,,131200,880810831,
Lumiera Garden,Tunai,2025-08-27,Kas Kecil,Komisi Marcomm Kavling LK-22,60.101.002 INSENTIF/KOMISI,10.101.001 KAS KECIL,,114800,880942031,
Lumiera Garden,Tunai,2025-08-27,Kas Kecil,Komisi Marcomm Kavling LK-22,60.101.002 INSENTIF/KOMISI,10.101.001 KAS KECIL,,123000,881056831,
Lumiera Garden,Tunai,2025-08-27,Kas Kecil,Komisi Marcomm Kavling LK-22,60.101.002 INSENTIF/KOMISI,10.101.001 KAS KECIL,,188600,881179831,
Lumiera Garden,Tunai,2025-08-27,Kas Kecil,Komisi Direktur Teknik Kavling LK-22,60.101.002 INSENTIF/KOMISI,10.101.001 KAS KECIL,,2050000,881368431,
Lumiera Garden,Tunai,2025-08-27,Kas Kecil,Komisi Komisaris Kavling LK-22,60.101.002 INSENTIF/KOMISI,10.101.001 KAS KECIL,,2050000,883418431,
Lumiera Garden,Tunai,2025-08-27,Kas Kecil,Komisi Direktur B&D Kavling LK-22,60.101.002 INSENTIF/KOMISI,10.101.001 KAS KECIL,,2050000,885468431,
Lumiera Garden,Tunai,2025-08-27,Kas Kecil,Komisi Direktur Operasional Kavling LK-22,60.101.002 INSENTIF/KOMISI,10.101.001 KAS KECIL,,2050000,887518431,
Lumiera Garden,Tunai,2025-08-27,Kas Kecil,Komisi Direktur Utama Kavling LK-22,60.101.002 INSENTIF/KOMISI,10.101.001 KAS KECIL,,2050000,889568431,
Lumiera Garden,Tunai,2025-08-27,Kas Kecil,BLT SPV Marketing Kavling LK-22,60.101.001 BLT,10.101.001 KAS KECIL,,2000000,891618431,
Lumiera Garden,Tunai,2025-08-27,Kas Kecil,Komisi SPV Marketing Kavling LK-22,60.101.002 INSENTIF/KOMISI,10.101.001 KAS KECIL,,5125000,893618431,
Lumiera Garden,Tunai,2025-08-27,Kas Kecil,BLT Marketing Kavling LK-22,60.101.001 BLT,10.101.001 KAS KECIL,,1000000,898743431,
Lumiera Garden,Tunai,2025-08-27,Kas Kecil,Komisi Marketing Kavling LK-22,60.101.002 INSENTIF/KOMISI,10.101.001 KAS KECIL,,15375000,899743431,
Lumiera Garden,Bank,2025-08-26,BCA PT. ASALK 9,"Pembayaran Cicilan Pelunasan Ke-2 Kavling LK-09 an Dwi Mulyono, ST",10.101.003 BCA (8162440909 an PT. Adhiland Sukses Abadi),20.101.001 UANG MUKA,35000000,,915118431,
Lumiera Garden,Tunai,2025-08-26,Cash/TunaiLK 22,Pembayaran DP Ke-2 Pembelian Rukost Kavling LK-22 an Jovita Ika P.,10.101.002 CASH/TUNAI,20.101.001 UANG MUKA,253000000,,880118431,
Lumiera Garden,Bank,2025-08-25,BCA PT. ASA,Reimburse Adib (Bensin Zenix),60.104.007 BENSIN OPERASIONAL,10.101.003 BCA (8162440909 an PT. Adhiland Sukses Abadi),,200000,627118431,
Lumiera Garden,Bank,2025-08-25,BCA PT. ASA,Reimburse Pak Rula (Bensin Pick Up),60.104.007 BENSIN OPERASIONAL,10.101.003 BCA (8162440909 an PT. Adhiland Sukses Abadi),,100000,627318431,
Lumiera Garden,Bank,2025-08-22,BCA PT. ASA,Reimburse Pak Verry (Top Up E-Toll Canvas Surabaya & FU user Surabaya),60.104.011 PERJALANAN DINAS,10.101.003 BCA (8162440909 an PT. Adhiland Sukses Abadi),,138000,627418431,
Lumiera Garden,Bank,2025-08-22,BCA PT. ASA,Open Table MOG (01 - 31 Agustus 2025),60.101.006 EXPO,10.101.003 BCA (8162440909 an PT. Adhiland Sukses Abadi),,38000000,627556431,
Lumiera Garden,Bank,2025-08-22,BCA PT. ASA,Reimburse Pak Roy (Konsumsi Meeting dengan Mas Uki / 20 Agt 2025),60.104.013 MEETING,10.101.003 BCA (8162440909 an PT. Adhiland Sukses Abadi),,233502,665556431,
Lumiera Garden,Tunai,2025-08-22,Kas Kecil(66) Kwitansi,Kontribusi Lingkungan & Sosial RW.04 Jatimulyo (Juli-Agustus 2025),60.104.001 OPERASIONAL KANTOR,10.101.001 KAS KECIL,,100000,665789933,
Lumiera Garden,Tunai,2025-08-22,Kas Kecil,Reimburse Hasan (Perpanjangan Capcut),60.104.001 OPERASIONAL KANTOR,10.101.001 KAS KECIL,,20000,665889933,
Lumiera Garden,Tunai,2025-08-21,Kas Kecil(65) Light Printing,"Pinjaman Manajamen Kost (Cetak Tata Tertib & Nomor"" Penting)",10.102.013 PIUTANG MANAJEMEN KOST,10.101.001 KAS KECIL,,8600,665909933,
Lumiera Garden,Tunai,2025-08-21,Kas Kecil(64) Citra Kendedes,Buah tangan jenguk karyawan sakit,60.104.001 OPERASIONAL KANTOR,10.101.001 KAS KECIL,,140000,665918533,
Lumiera Garden,Bank,2025-08-20,BCA PT. ASALK 22,DP Kavling LK-22 an Jovita Ika Pramyas,10.101.003 BCA (8162440909 an PT. Adhiland Sukses Abadi),20.101.001 UANG MUKA,50000000,,666058533,
Lumiera Garden,Tunai,2025-08-20,Kas Kecil,"Pajak BPHTB Sertifikat 2428, Induk D luas 470 M2",10.201.007 BPHTB - BELI TANAH,10.101.001 KAS KECIL,,97642500,616058533,
Lumiera Garden,Tunai,2025-08-20,Kas Kecil,Pinjaman dari Sigura-gura,10.101.001 KAS KECIL,20.103.006 HUTANG SIGURA-GURA,97600000,,713701033,
Lumiera Garden,Bank,2025-08-17,BCA PT. ASALK 18,ITJ Kavling LK-18 an Mohamad Ikhwan OR,10.101.003 BCA (8162440909 an PT. Adhiland Sukses Abadi),20.101.002 UANG TANDA JADI,5000000,,616101033,
Lumiera Garden,Bank,2025-08-17,BCA PT. ASALK 22,ITJ Kavling LK-22 an Jovita Ika Pramyas,10.101.003 BCA (8162440909 an PT. Adhiland Sukses Abadi),20.101.002 UANG TANDA JADI,5000000,,611101033,
Lumiera Garden,Bank,2025-08-15,BCA PT. ASA,Reimburse Galih (Weekly Marcomm / 3 nota),60.104.013 MEETING,10.101.003 BCA (8162440909 an PT. Adhiland Sukses Abadi),,394000,606101033,
Lumiera Garden,Bank,2025-08-15,BCA PT. ASA,"Seragam Marketing (Kemeja Biru & Polo Biru Putih/ masing"" 6 pcs) - Baboon",60.104.001 OPERASIONAL KANTOR,10.101.003 BCA (8162440909 an PT. Adhiland Sukses Abadi),,2220000,606495033,
Lumiera Garden,Bank,2025-08-15,BCA PT. ASA,Kirim Bongkaran 1 Rit (7 Agt 2025) - Amiet Sewu,10.202.003 PERATAAN TANAH/CUT & FILL,10.101.003 BCA (8162440909 an PT. Adhiland Sukses Abadi),,125000,608715033,
Lumiera Garden,Bank,2025-08-15,BCA PT. ASA,Reimburse Pak Dian (Kotak Sekrup & Obeng),60.104.001 OPERASIONAL KANTOR,10.101.003 BCA (8162440909 an PT. Adhiland Sukses Abadi),,45000,608840033,
Lumiera Garden,Bank,2025-08-15,BCA PT. ASA,Reimburse Pak Dian (Bensin Alkon),60.104.001 OPERASIONAL KANTOR,10.101.003 BCA (8162440909 an PT. Adhiland Sukses Abadi),,50000,608885033,
Lumiera Garden,Bank,2025-08-15,BCA PT. ASA,Reimburse Pak Dian (Bensin Pick Up),60.104.007 BENSIN OPERASIONAL,10.101.003 BCA (8162440909 an PT. Adhiland Sukses Abadi),,100000,608935033,
Lumiera Garden,Bank,2025-08-15,BCA PT. ASA,Kas Bon Karyawan (Marketing / Silvia),10.102.011 PIUTANG KARYAWAN,10.101.003 BCA (8162440909 an PT. Adhiland Sukses Abadi),,2000000,609035033,
Lumiera Garden,Bank,2025-08-15,BCA PT. ASA,Kas Bon Karyawan (Direksi/ Pak Dedy),10.102.011 PIUTANG KARYAWAN,10.101.003 BCA (8162440909 an PT. Adhiland Sukses Abadi),,80000000,611035033,
Lumiera Garden,Bank,2025-08-15,BCA PT. ASA,Tatakan Laptop (Vanda),60.104.001 OPERASIONAL KANTOR,10.101.003 BCA (8162440909 an PT. Adhiland Sukses Abadi),,56000,691035033,
Lumiera Garden,Bank,2025-08-15,BCA PT. ASA,Mousepad Tele & Videografer (Vanda & Hasan),60.104.001 OPERASIONAL KANTOR,10.101.003 BCA (8162440909 an PT. Adhiland Sukses Abadi),,45426,691091033,
Lumiera Garden,Tunai,2025-08-15,Kas Kecil,"Reimburse Pak Rula (Kabel NYM 2x1,5 mm / 100m - Kabel Power AC LK-7&8)",10.203.005 AC,10.101.001 KAS KECIL,,1400000,691136459,
Lumiera Garden,Tunai,2025-08-15,Kas Kecil,Reimburse Pak Rula (Daktape Kavling LK-7 & LK-8),10.203.005 AC,10.101.001 KAS KECIL,,160000,692536459,
Lumiera Garden,Tunai,2025-08-15,Kas Kecil,Reimburse Pak Rula (Freon R32 Kavling LK-7 & LK-8),10.203.005 AC,10.101.001 KAS KECIL,,1306250,692696459,
Lumiera Garden,Tunai,2025-08-15,Kas Kecil,Reimburse Pak Rula (Pipa AC & Dak Tape Kavling LK-8 / 30 pcs),10.203.005 AC,10.101.001 KAS KECIL,,2100000,694002709,
Lumiera Garden,Tunai,2025-08-15,Kas Kecil,Reimburse Pak Rula (Pipa AC & Dak Tape Kavling LK-7 / 30 pcs),10.203.005 AC,10.101.001 KAS KECIL,,2100000,696102709,
Lumiera Garden,Tunai,2025-08-15,Kas Kecil,Termin 50% Kavling LK-8 (16/SPK.ADP/IV/2025) - Liswandi,10.203.001 PERSEDIAAN BANGUNAN,10.101.001 KAS KECIL,,163625000,698202709,
Lumiera Garden,Tunai,2025-08-15,Kas Kecil,Termin 50% Kavling LK-7 (15/SPK.ADP/IV/2025) - Liswandi,10.203.001 PERSEDIAAN BANGUNAN,10.101.001 KAS KECIL,,163625000,861827709,
Lumiera Garden,Tunai,2025-08-15,Kas Kecil,Pinjaman dari Sigura-gura,10.101.001 KAS KECIL,20.103.006 HUTANG SIGURA-GURA,335000000,,1025452709,
Lumiera Garden,Bank,2025-08-13,BCA PT. ASA,Biaya Admin (TF beda bank),60.104.010 ADMINISTRASI BANK,10.101.003 BCA (8162440909 an PT. Adhiland Sukses Abadi),,2500,690452709,
Lumiera Garden,Bank,2025-08-13,BCA PT. ASA,Ads (8.3),60.101.005 BEBAN DIGITAL ADS,10.101.003 BCA (8162440909 an PT. Adhiland Sukses Abadi),,5000000,690455209,
Lumiera Garden,Bank,2025-08-13,BCA PT. ASA,Budgeting Event Agustusan,60.104.018 EVENT KANTOR,10.101.003 BCA (8162440909 an PT. Adhiland Sukses Abadi),,2500000,695455209,
Lumiera Garden,Tunai,2025-08-13,Kas Kecil(63) Nota,Pegangan Mas Andik (Surabaya),60.104.001 OPERASIONAL KANTOR,10.101.001 KAS KECIL,,300000,697955209,
Lumiera Garden,Tunai,2025-08-12,Kas Kecil(62) Nota,Pegangan Pak Dian (Bensin Alkon),60.104.001 OPERASIONAL KANTOR,10.101.001 KAS KECIL,,100000,698255209,
Lumiera Garden,Tunai,2025-08-12,Kas Kecil(62) Nota,Pegangan Pak Dian (Bensin Pick Up),60.104.007 BENSIN OPERASIONAL,10.101.001 KAS KECIL,,200000,698355209,
Lumiera Garden,Bank,2025-08-08,BCA PT. ASA,Reimburse Pak Rula (Hembodus Kotak/s - 15bj - Taman Komunal),10.202.008 TAMAN DAN PENGHIJAUAN,10.101.003 BCA (8162440909 an PT. Adhiland Sukses Abadi),,75000,698555209,
Lumiera Garden,Bank,2025-08-08,BCA PT. ASA,Reimburse Pak Dedy (Bensin Avanza / 060825),60.104.007 BENSIN OPERASIONAL,10.101.003 BCA (8162440909 an PT. Adhiland Sukses Abadi),,200000,698630209,
Lumiera Garden,Bank,2025-08-08,BCA PT. ASA,Reimburse Galih (Weekly Marcom / 4 Nota),60.104.013 MEETING,10.101.003 BCA (8162440909 an PT. Adhiland Sukses Abadi),,344000,698830209,
Lumiera Garden,Bank,2025-08-08,BCA PT. ASA,Pemasangan Lampu Tangga Taman Lumiera / 15 pcs,10.202.008 TAMAN DAN PENGHIJAUAN,10.101.003 BCA (8162440909 an PT. Adhiland Sukses Abadi),,900000,699174209,
Lumiera Garden,Bank,2025-08-08,BCA PT. ASA,Wifi Kantor Ruko Suhat bulan Agustus (01000274460),60.104.006 TAGIHAN WIFI,10.101.003 BCA (8162440909 an PT. Adhiland Sukses Abadi),,416250,700074209,
Lumiera Garden,Bank,2025-08-08,BCA PT. ASA,Wifi Project bulan Agustus (01000557664),60.104.006 TAGIHAN WIFI,10.101.003 BCA (8162440909 an PT. Adhiland Sukses Abadi),,416250,700490459,
Lumiera Garden,Bank,2025-08-08,BCA PT. ASA,Pembayaran Halo Call Center Agustus (08113646900),60.104.005 TAGIHAN HALO CALL CENTER (08113646900),10.101.003 BCA (8162440909 an PT. Adhiland Sukses Abadi),,202800,700906709,
Lumiera Garden,Tunai,2025-08-08,Kas Kecil(61) UD Budi Wjoyo,"Pegangan Pak Dian (Beli Bambu Umbul"")",60.104.001 OPERASIONAL KANTOR,10.101.001 KAS KECIL,,80000,701109509,
Lumiera Garden,Tunai,2025-08-08,Kas Kecil,Reimburse Pak Adhi (Meeting dengan pemilik lahan batu),60.104.013 MEETING,10.101.001 KAS KECIL,,479000,701189509,
Lumiera Garden,Tunai,2025-08-08,Kas Kecil,Reimburse Pak Adhi (Weekly Meeting Direksi & Komisaris),60.104.013 MEETING,10.101.001 KAS KECIL,,169022,701668509,
Lumiera Garden,Tunai,2025-08-08,Kas Kecil,Reimburse Pak Adhi (Meeting dengan perwakilan polda),60.104.013 MEETING,10.101.001 KAS KECIL,,247000,701837531,
Lumiera Garden,Tunai,2025-08-08,Kas Kecil,Pinjaman dari Sigura-gura,10.101.001 KAS KECIL,20.103.006 HUTANG SIGURA-GURA,900000,,702084531,
Lumiera Garden,Tunai,2025-08-07,Kas Kecil(60) Nota / Indomaret SoeHat,Elpigi & Ken/M Ring Seal Gas,60.104.001 OPERASIONAL KANTOR,10.101.001 KAS KECIL,,26500,701184531,
Lumiera Garden,Tunai,2025-08-06,Kas Kecil(59) Nota,Konsumsi Pak Yayok (2 Nota),60.104.001 OPERASIONAL KANTOR,10.101.001 KAS KECIL,,66000,701211031,
Lumiera Garden,Tunai,2025-08-06,Kas Kecil(58 A) Indomaret & Alfamart,Pegangan Pak Sugeng (Beli Galon/ 3 nota),60.104.001 OPERASIONAL KANTOR,10.101.001 KAS KECIL,,100000,701277031,
Lumiera Garden,Bank,2025-08-05,BCA PT. ASA,Biaya Admin (TF beda bank),60.104.010 ADMINISTRASI BANK,10.101.003 BCA (8162440909 an PT. Adhiland Sukses Abadi),,2500,701377031,
Lumiera Garden,Bank,2025-08-05,BCA PT. ASA,Ads (8.1),60.101.005 BEBAN DIGITAL ADS,10.101.003 BCA (8162440909 an PT. Adhiland Sukses Abadi),,5000000,701379531,
Lumiera Garden,Bank,2025-08-04,BCA PT. ASA,Cetak V Banner 260x90 + Pasang Bambu (250) & Ijin Pajak (125) - Sigmaprint,60.101.004 BEBAN ADVERTISING,10.101.003 BCA (8162440909 an PT. Adhiland Sukses Abadi),,29125000,706379531,
Lumiera Garden,Bank,2025-08-02,BCA PT. ASA,Pembayaran Pelunasan 1 C-02 an Fitria Amalia Dewi,10.101.003 BCA (8162440909 an PT. Adhiland Sukses Abadi),20.101.001 UANG MUKA,100000000,,735504531,
Lumiera Garden,Bank,2025-08-02,BCA PT. ASA,Upah Penjaga Alat / P.Didik (26 Juni - 31 Juli 2025),60.103.001 HONOR,10.101.003 BCA (8162440909 an PT. Adhiland Sukses Abadi),,1800000,635504531,
Lumiera Garden,Bank,2025-08-02,BCA PT. ASA,Parkir Ruko Suhat,60.104.001 OPERASIONAL KANTOR,10.101.003 BCA (8162440909 an PT. Adhiland Sukses Abadi),,350000,637304531,
Lumiera Garden,Tunai,2025-08-02,Kas Kecil(58) UD. SAMAJAYA,"Pembelian Kopi 1,5kg (No.1) & 3,5kg (No.2)",60.104.001 OPERASIONAL KANTOR,10.101.001 KAS KECIL,,503000,637654531,
Lumiera Garden,Tunai,2025-08-02,Kas Kecil,Laptop Lenovo IDEAPAD (Telle/Vanda),11.101.001 PERALATAN KANTOR,10.101.001 KAS KECIL,,3450000,638157531,
Lumiera Garden,Tunai,2025-08-02,Kas Kecil,Pinjaman dari Sigura-gura,10.101.001 KAS KECIL,20.103.006 HUTANG SIGURA-GURA,3500000,,641607531,
Lumiera Garden,Bank,2025-08-01,BCA PT. ASA,Pembayaran Komisi Tanah Pak Yazak,10.201.026 KOMISI PEMBELIAN TANAH,10.101.003 BCA (8162440909 an PT. Adhiland Sukses Abadi),,29900000,638107531,
Lumiera Garden,Bank,2025-08-01,BCA PT. ASA,Biaya Admin (TF beda bank),60.104.010 ADMINISTRASI BANK,10.101.003 BCA (8162440909 an PT. Adhiland Sukses Abadi),,2500,668007531,
Lumiera Garden,Bank,2025-08-01,BCA PT. ASA,UB MEDCOM (Program PKKMaba),60.101.999 BEBAN PROMOSI LAIN-LAIN,10.101.003 BCA (8162440909 an PT. Adhiland Sukses Abadi),,16000000,668010031,
Lumiera Garden,Bank,2025-08-01,BCA PT. ASA,Budgeting CRD (Senter),10.101.004 SILANG KAS,10.101.003 BCA (8162440909 an PT. Adhiland Sukses Abadi),,200000,684010031,
Lumiera Garden,Bank,2025-08-01,BCA PT. ASA,Reimburse Ida (Weekly Marcomm),60.104.013 MEETING,10.101.003 BCA (8162440909 an PT. Adhiland Sukses Abadi),,98500,684210031,
Lumiera Garden,Bank,2025-08-01,BCA PT. ASA,Pelunasan Open Table MOG (01-31 Juli 2025),60.101.006 EXPO,10.101.003 BCA (8162440909 an PT. Adhiland Sukses Abadi),,28000000,684308531,
Lumiera Garden,Bank,2025-08-01,BCA PT. ASA,Reimburse Pak Dian (Bensin mobil pick up / 2 nota),60.104.007 BENSIN OPERASIONAL,10.101.003 BCA (8162440909 an PT. Adhiland Sukses Abadi),,200000,712308531,
Lumiera Garden,Bank,2025-08-01,BCA PT. ASA,Reimburse Pak Dian (Bensin alkon untuk perawatan taman / 3 nota),60.104.001 OPERASIONAL KANTOR,10.101.003 BCA (8162440909 an PT. Adhiland Sukses Abadi),,150000,712508531,
Lumiera Garden,Bank,2025-08-01,BCA PT. ASA,Reimburse Pak Roy (Konsumsi Lahan Baru),60.104.013 MEETING,10.101.003 BCA (8162440909 an PT. Adhiland Sukses Abadi),,117000,712658531,
Lumiera Garden,Bank,2025-08-01,BCA PT. ASA,Reimburse Pak Roy (Konsumsi pertemuan dengan pemilik tanah dau),60.104.013 MEETING,10.101.003 BCA (8162440909 an PT. Adhiland Sukses Abadi),,1000500,712775531,
Lumiera Garden,Bank,2025-08-01,BCA PT. ASA,Token Listrik Kawasan,60.104.003 TOKEN PLN,10.101.003 BCA (8162440909 an PT. Adhiland Sukses Abadi),,1003000,713776031,
Lumiera Garden,Bank,2025-08-01,BCA PT. ASA,Biaya Admin (TF beda bank),60.104.010 ADMINISTRASI BANK,10.101.003 BCA (8162440909 an PT. Adhiland Sukses Abadi),,5000,714779031,
Lumiera Garden,Bank,2025-08-01,BCA PT. ASA,Gaji Karyawan bulan Juli 2025,60.102.001 GAJI KARYAWAN TETAP,10.101.003 BCA (8162440909 an PT. Adhiland Sukses Abadi),,143387936,714784031,
Lumiera Garden,Tunai,2025-08-01,Kas Kecil,Termin 50% Pembangunan Unit LK-12 (22/SPK.ADP/IV/2025) - Richi Setiawan,10.203.001 PERSEDIAAN BANGUNAN,10.101.001 KAS KECIL,,165750000,858171967,
Lumiera Garden,Tunai,2025-08-01,Kas Kecil,Termin 50% Pembangunan Unit LK-10 (18/SPK.ADP/IV/2025) - Nirsa Annas,10.203.001 PERSEDIAAN BANGUNAN,10.101.001 KAS KECIL,,170000000,1023921967,
Lumiera Garden,Tunai,2025-08-01,Kas Kecil,Termin 50% Pembangunan Unit LK-09 (17/SPK.ADP/IV/2025) - Nirsa Annas,10.203.001 PERSEDIAAN BANGUNAN,10.101.001 KAS KECIL,,170000000,1193921967,
Lumiera Garden,Tunai,2025-08-01,Kas Kecil,Termin 50% Pekerjaan Pagar Kawasan (39/SPK.ADP/VII/2025) - Arifin,10.202.013 PAGAR LINGKUNGAN,10.101.001 KAS KECIL,,58500000,1363921967,
Lumiera Garden,Tunai,2025-08-01,Kas Kecil,Pinjaman dari Sigura-gura,10.101.001 KAS KECIL,20.103.006 HUTANG SIGURA-GURA,565500000,,1422421967,
Lumiera Garden,Tunai,2025-08-01,Kas Kecil(57) Grosir Pokok Berkah,"Galon Refil (Cleo 3, Aqua 1)",60.104.001 OPERASIONAL KANTOR,10.101.001 KAS KECIL,,71000,856921967,
Lumiera Garden,Tunai,2025-08-01,Kas Kecil(56) Kwitansi,Iuran Sampah Kantor/Ruko (KW 010825),60.104.012 KEAMANAN DAN KEBERSIHAN,10.101.001 KAS KECIL,,75000,856992967,
Lumiera Garden,Tunai,2025-08-01,Kas Kecil(55) Nota,Karet Gelang (untuk bendel uang),60.104.001 OPERASIONAL KANTOR,10.101.001 KAS KECIL,,3500,857067967,
Lumiera Garden,Bank,2025-07-31,BCA PT. ASA,Admin Bank (Potongan Bulanan),60.104.010 ADMINISTRASI BANK,10.101.003 BCA (8162440909 an PT. Adhiland Sukses Abadi),,30000,857071467,
Lumiera Garden,Bank,2025-07-31,BCA PT. ASA,Biaya Admin,60.104.010 ADMINISTRASI BANK,10.101.003 BCA (8162440909 an PT. Adhiland Sukses Abadi),,2500,857101467,
Lumiera Garden,Bank,2025-07-31,BCA PT. ASA,Ads (8.1),60.101.005 BEBAN DIGITAL ADS,10.101.003 BCA (8162440909 an PT. Adhiland Sukses Abadi),,5000000,857103967,
Lumiera Garden,Tunai,2025-07-31,Kas Kecil(54.B) Pertamina,Pegangan Pak Dian (Bensin Pick Up),60.104.007 BENSIN OPERASIONAL,10.101.001 KAS KECIL,,300000,862103967,
Lumiera Garden,Tunai,2025-07-30,Kas Kecil(54.A) Light Printing,"Pegangan Galih Marcomm (untuk cetak"")",60.104.001 OPERASIONAL KANTOR,10.101.001 KAS KECIL,,60800,862403967,
Lumiera Garden,Tunai,2025-07-30,Kas Kecil(54) Light Printing,Cetak Companny Profil Adhiland,60.104.001 OPERASIONAL KANTOR,10.101.001 KAS KECIL,,108200,862464767,
Lumiera Garden,Tunai,2025-07-30,Kas Kecil,Penganggti uang yang tidak genap dalam 1 bendel,60.102.999 LAIN-LAIN,10.101.001 KAS KECIL,,100000,862572967,
Lumiera Garden,Tunai,2025-07-30,Kas Kecil,Biaya Admin Setoran Tunai (Termin Tanah Pak Yayok),60.104.010 ADMINISTRASI BANK,10.101.001 KAS KECIL,,30000,862672967,
Lumiera Garden,Tunai,2025-07-30,Kas Kecil,Pembayaran Termin Tanah - Yayok Tuhoyoto Wisanggo,10.201.001 PERSEDIAAN TANAH,10.101.001 KAS KECIL,,2000000000,862702967,
Lumiera Garden,Tunai,2025-07-30,Cash/Tunai,Pinjaman dari Sigura-Gura,10.101.002 CASH/TUNAI,20.103.006 HUTANG SIGURA-GURA,2000000000,,2862702967,
Lumiera Garden,Bank,2025-07-29,BCA PT. ASA,Kas Bon Karyawan (OB / Andik Sutrisno),10.102.011 PIUTANG KARYAWAN,10.101.003 BCA (8162440909 an PT. Adhiland Sukses Abadi),,500000,862702967,
Lumiera Garden,Tunai,2025-07-28,Kas Kecil(53) Jaya Cookies,Konsumsi Kue Basah (Monthly Marketing & Tamu Lahan Baru),60.104.013 MEETING,10.101.001 KAS KECIL,,200000,863202967,
Lumiera Garden,Tunai,2025-07-26,,Pindah Saldo,10.101.001 KAS KECIL,10.101.002 CASH/TUNAI,,,863402967,
Lumiera Garden,Tunai,2025-07-26,Kas Kecil,Pegangan Marcomm (Weekly),60.104.013 MEETING,10.101.001 KAS KECIL,,300000,863402967,
Lumiera Garden,Tunai,2025-07-26,Kas Kecil(52) Wijaya Fotocopy,"Laminating (Peringatan dilarang parkir, dll)",60.104.001 OPERASIONAL KANTOR,10.101.001 KAS KECIL,,21000,863702967,
Lumiera Garden,Tunai,2025-07-25,,Pindah Saldo,10.101.001 KAS KECIL,10.101.002 CASH/TUNAI,,,863723967,
Lumiera Garden,Bank,2025-07-25,BCA PT. ASA,Reimburse Galih (Meeting Marcomm / 3 Nota),60.104.013 MEETING,10.101.003 BCA (8162440909 an PT. Adhiland Sukses Abadi),,271000,863723967,
Lumiera Garden,Bank,2025-07-25,BCA PT. ASA,Biaya Admin,60.104.010 ADMINISTRASI BANK,10.101.003 BCA (8162440909 an PT. Adhiland Sukses Abadi),,2500,863994967,
Lumiera Garden,Bank,2025-07-25,BCA PT. ASA,Ganti Visual Mini Billboard 2x3 (Gambar Adhiland - 5 Titik),60.101.004 BEBAN ADVERTISING,10.101.003 BCA (8162440909 an PT. Adhiland Sukses Abadi),,1650000,863997467,
Lumiera Garden,Bank,2025-07-25,BCA PT. ASA,Reimburse Pak Dian (Bensin Pick Up),60.104.007 BENSIN OPERASIONAL,10.101.003 BCA (8162440909 an PT. Adhiland Sukses Abadi),,100000,865647467,
Lumiera Garden,Bank,2025-07-25,BCA PT. ASA,"Reimburse Pak Dian (Pupuk Taman , Bensin Alkon / 2 Nota)",60.104.001 OPERASIONAL KANTOR,10.101.003 BCA (8162440909 an PT. Adhiland Sukses Abadi),,200000,865747467,
Lumiera Garden,Bank,2025-07-25,BCA PT. ASA,Retensi 5% Pekerjaan Sumur Athesis (11/SPK/ADP/IV/2025),10.202.022 PENGEBORAN AIR BERSIH/SUMUR,10.101.003 BCA (8162440909 an PT. Adhiland Sukses Abadi),,3250000,865947467,
Lumiera Garden,Tunai,2025-07-25,Kas Kecil,Reimburse Pak Adhi (Lampu In Lite 3W / 15 pcs),10.202.008 TAMAN DAN PENGHIJAUAN,10.101.001 KAS KECIL,,635150,869197467,
Lumiera Garden,Tunai,2025-07-25,Kas Kecil(51) SPBU Bendungan Sutami,Pegangan mas Andik (Bensin Zenix),60.104.007 BENSIN OPERASIONAL,10.101.001 KAS KECIL,,300000,869832617,
Lumiera Garden,Tunai,2025-07-21,,Pindah Saldo,10.101.001 KAS KECIL,10.101.002 CASH/TUNAI,,,870132617,
Lumiera Garden,Tunai,2025-07-21,Kas Kecil,Pajak BPHTB Tanah C (SHM 2735) an Inggrid Permata,10.201.007 BPHTB - BELI TANAH,10.101.001 KAS KECIL,,172962500,870132617,
Lumiera Garden,Tunai,2025-07-21,Kas Kecil,Pajak BPHTB Tanah A (SHM 2736) an Tohrengga,10.201.007 BPHTB - BELI TANAH,10.101.001 KAS KECIL,,75661300,1043095117,
Lumiera Garden,Tunai,2025-07-21,Cash/Tunai,Pinjaman dari Sigura-Gura,10.101.002 CASH/TUNAI,20.103.006 HUTANG SIGURA-GURA,200000000,,1118756417,
Lumiera Garden,Tunai,2025-07-19,Kas Kecil(50) Ilham Fotocopy,Reimburse Pak Roy (Cetak Bisnis Proposal / Print A4 BC FC + Jilid Spiral (2 paket),60.104.001 OPERASIONAL KANTOR,10.101.001 KAS KECIL,,76000,918756417,
Lumiera Garden,Tunai,2025-07-18,,Pindah Saldo,10.101.001 KAS KECIL,10.101.002 CASH/TUNAI,,,918832417,
Lumiera Garden,Bank,2025-07-18,BCA PT. ASA,DP Open Table MOG (01 -31 Juli 2025),60.101.006 EXPO,10.101.003 BCA (8162440909 an PT. Adhiland Sukses Abadi),,10000000,918832417,
Lumiera Garden,Bank,2025-07-18,BCA PT. ASA,Biaya Admin,60.104.010 ADMINISTRASI BANK,10.101.003 BCA (8162440909 an PT. Adhiland Sukses Abadi),,2500,928832417,
Lumiera Garden,Bank,2025-07-18,BCA PT. ASA,Ads (7.3),60.101.005 BEBAN DIGITAL ADS,10.101.003 BCA (8162440909 an PT. Adhiland Sukses Abadi),,5000000,928834917,
Lumiera Garden,Bank,2025-07-18,BCA PT. ASA,Reimburse Pak Dian (Bensin Alkon & Roundap Taman - 2 nota),60.104.001 OPERASIONAL KANTOR,10.101.003 BCA (8162440909 an PT. Adhiland Sukses Abadi),,230000,933834917,
Lumiera Garden,Bank,2025-07-18,BCA PT. ASA,Upah Instalasi Lampu Taman / 12 titik - Edy Priono,10.202.008 TAMAN DAN PENGHIJAUAN,10.101.003 BCA (8162440909 an PT. Adhiland Sukses Abadi),,780000,934064917,
Lumiera Garden,Bank,2025-07-18,BCA PT. ASA,Reimburse Pak Rula (Lampu Inlite 30W/4 unit & 50W/2 unit Taman Communal),10.202.008 TAMAN DAN PENGHIJAUAN,10.101.003 BCA (8162440909 an PT. Adhiland Sukses Abadi),,896000,934844917,
Lumiera Garden,Bank,2025-07-18,BCA PT. ASA,"Reimburse Pak Rula (Kabel NYM 2x1,5 mm Taman Communal / 100m)",10.202.008 TAMAN DAN PENGHIJAUAN,10.101.003 BCA (8162440909 an PT. Adhiland Sukses Abadi),,1650000,935740917,
Lumiera Garden,Bank,2025-07-18,BCA PT. ASALK 5,Pembayaran Cicilan Angsuran Ke-1 Pembelian Rukost Kavling LK-05 an Ninik Yulaikah,10.101.003 BCA (8162440909 an PT. Adhiland Sukses Abadi),20.101.001 UANG MUKA,45625000,,937390917,
Lumiera Garden,Bank,2025-07-18,BCA PT. ASALK 6,Pembayaran Angsuran Ke 1-7 Pembelian Rukost Kavling LK-06 an Ninik Yulaikah,10.101.003 BCA (8162440909 an PT. Adhiland Sukses Abadi),20.101.001 UANG MUKA,354375000,,891765917,
Lumiera Garden,Tunai,2025-07-18,Cash/Tunai,Pembayaran Hutang ke Joyo Agung (HRIS GajiHub),20.103.009 HUTANG JOYO AGUNG 2,10.101.002 CASH/TUNAI,,3200000,537390917,
Lumiera Garden,Tunai,2025-07-18,Kas Kecil,Reimburse Pak Adhi (Snack Weekly),60.104.013 MEETING,10.101.001 KAS KECIL,,20000,540590917,
Lumiera Garden,Tunai,2025-07-18,Kas Kecil,Reimburse Pak Adhi (Weekly Pak Rendra),60.104.013 MEETING,10.101.001 KAS KECIL,,176042,540610917,
Lumiera Garden,Tunai,2025-07-18,Kas Kecil,Reimburse Pak Adhi (Direksi dengan pemilik tanah),60.104.013 MEETING,10.101.001 KAS KECIL,,321999,540786959,
Lumiera Garden,Tunai,2025-07-18,Kas Kecil,HRIS GajiHub (Paket Elite 12 Bulan),60.104.001 OPERASIONAL KANTOR,10.101.001 KAS KECIL,,3200000,541108958,
Lumiera Garden,Tunai,2025-07-18,Kas Kecil,Pinjaman dari Joyo Agung 2,10.101.001 KAS KECIL,20.103.009 HUTANG JOYO AGUNG 2,3200000,,544308958,
Lumiera Garden,Tunai,2025-07-17,Kas Kecil(49) Aira Barokah,Galon Aqua (17/07/25) & Gula - 2 nota,60.104.001 OPERASIONAL KANTOR,10.101.001 KAS KECIL,,38000,541108958,
Lumiera Garden,Tunai,2025-07-17,Kas Kecil,Pegangan Bella Telle (Beli Log Stabilizer),60.104.001 OPERASIONAL KANTOR,10.101.001 KAS KECIL,,200000,541146958,
Lumiera Garden,Tunai,2025-07-17,Kas Kecil(48) Indomaret Raya Joyo Agung,Galon Aqua Air Mineral 19L (08/0725),60.104.001 OPERASIONAL KANTOR,10.101.001 KAS KECIL,,42000,541346958,
Lumiera Garden,Bank,2025-07-16,BCA PT. ASAKW 016,Pembayaran PTB Kavling LK-02 an Etty Parawati,10.101.003 BCA (8162440909 an PT. Adhiland Sukses Abadi),20.101.001 UANG MUKA,3798000,,541388958,
Lumiera Garden,Bank,2025-07-16,BCA PT. ASALK 2,Pembayaran Pelunasan Kavling LK-02 an Etty Parawati,10.101.003 BCA (8162440909 an PT. Adhiland Sukses Abadi),20.101.001 UANG MUKA,480000000,,537590958,
Lumiera Garden,Tunai,2025-07-16,Kas Kecil(47) Pos Indonesia,Pengiriman Kwitansi LK-02 an Etty Parawati,60.104.009 PERANGKO/KIRIMAN SRT & DOK,10.101.001 KAS KECIL,,17000,57590958,
Lumiera Garden,Tunai,2025-07-16,Kas Kecil,Pegangan Pak Dian Teknik (Bensin Alkon & Material Pasang CCTV / 4 Nota),60.104.001 OPERASIONAL KANTOR,10.101.001 KAS KECIL,,221000,57607958,
Lumiera Garden,Tunai,2025-07-12,Kas Kecil,Bantuan Dana Kegiatan Grebeg Suro Kec. Tlogomas,60.104.002 SUMBANGAN/REWARD,10.101.001 KAS KECIL,,500000,57828958,
Lumiera Garden,Bank,2025-07-11,BCA PT. ASA,Get Contact LG (Telle),60.104.001 OPERASIONAL KANTOR,10.101.003 BCA (8162440909 an PT. Adhiland Sukses Abadi),,22090,58328958,
Lumiera Garden,Bank,2025-07-11,BCA PT. ASA,Reimburse Pak Dedy (Bensin Pick Up),60.104.007 BENSIN OPERASIONAL,10.101.003 BCA (8162440909 an PT. Adhiland Sukses Abadi),,150000,58351048,
Lumiera Garden,Bank,2025-07-11,BCA PT. ASA,Reimburse Galih (Brainstorming / 3 Nota),60.104.013 MEETING,10.101.003 BCA (8162440909 an PT. Adhiland Sukses Abadi),,302200,58501048,
Lumiera Garden,Bank,2025-07-11,BCA PT. ASA,Reimburse Pak Dian (Material Bantu Listrik Kerja),10.202.028 LISTRIK LOKASI,10.101.003 BCA (8162440909 an PT. Adhiland Sukses Abadi),,18000,58803248,
Lumiera Garden,Bank,2025-07-11,BCA PT. ASA,Wifi Kantor Ruko Suhat bulan Juli (01000274460),60.104.006 TAGIHAN WIFI,10.101.003 BCA (8162440909 an PT. Adhiland Sukses Abadi),,416250,58821248,
Lumiera Garden,Bank,2025-07-11,BCA PT. ASA,Wifi Project bulan Juli (01000557664),60.104.006 TAGIHAN WIFI,10.101.003 BCA (8162440909 an PT. Adhiland Sukses Abadi),,416250,59237498,
Lumiera Garden,Bank,2025-07-11,BCA PT. ASA,Pembayaran Halo Call Center (08113646900),60.104.005 TAGIHAN HALO CALL CENTER (08113646900),10.101.003 BCA (8162440909 an PT. Adhiland Sukses Abadi),,202800,59653748,
Lumiera Garden,Tunai,2025-07-11,Kas Kecil(46) Toko Wongkamfoeng,Reward Karyawan bulan Mei & Juni 2025,60.104.002 SUMBANGAN/REWARD,10.101.001 KAS KECIL,,286000,59856548,
Lumiera Garden,Tunai,2025-07-11,Kas Kecil(45) Piranha Photocopy & ATK 2,"Pembelian Kertas Samak Coklat, Isi Cuter, Lem Povinal",60.104.001 OPERASIONAL KANTOR,10.101.001 KAS KECIL,,16000,60142548,
Lumiera Garden,Tunai,2025-07-11,Kas Kecil,UM EXPO MOG (25 Juni - 06 Juli 2025) - Andik,60.101.006 EXPO,10.101.001 KAS KECIL,,600000,60158548,
Lumiera Garden,Tunai,2025-07-11,Kas Kecil,UM EXPO MOG (25 Juni - 06 Juli 2025) - Nanda,60.101.006 EXPO,10.101.001 KAS KECIL,,450000,60758548,
Lumiera Garden,Tunai,2025-07-11,Kas Kecil,UM EXPO MOG (25 Juni - 06 Juli 2025) - Ika,60.101.006 EXPO,10.101.001 KAS KECIL,,500000,61208548,
Lumiera Garden,Tunai,2025-07-11,Kas Kecil,Pelunasan EXPO MOG (25 Juni - 06 Juli 2025),60.101.006 EXPO,10.101.001 KAS KECIL,,65000000,61708548,
Lumiera Garden,Tunai,2025-07-11,Kas Kecil,Reimburse Pak Rula (Transport & Snack Survey Pohon) - 4 Nota,60.104.001 OPERASIONAL KANTOR,10.101.001 KAS KECIL,,426000,126708548,
Lumiera Garden,Tunai,2025-07-11,Kas Kecil,Pemasangan Tiang PJU Double (4 pcs) - Lumintu,10.202.012 PENERANGAN JALAN UMUM,10.101.001 KAS KECIL,,14220000,127134548,
Lumiera Garden,Tunai,2025-07-11,Kas Kecil,Pemotongan Pohon & Pembersihan Lahan - A. Bobby,60.104.012 KEAMANAN DAN KEBERSIHAN,10.101.001 KAS KECIL,,950000,141354548,
Lumiera Garden,Tunai,2025-07-11,Kas Kecil,Tambahan Calatea Communal / 125 pcs - A. Bobby,10.202.008 TAMAN DAN PENGHIJAUAN,10.101.001 KAS KECIL,,1875000,142304548,
Lumiera Garden,Tunai,2025-07-11,Kas Kecil,Reimburse Pak Adhi (Lampu Jalan LED Solar 500watt),10.202.012 PENERANGAN JALAN UMUM,10.101.001 KAS KECIL,,185898,144179548,
Lumiera Garden,Tunai,2025-07-11,Kas Kecil,Reimburse Pak Adhi (Lampu Jalan LED Solar 1000watt),10.202.012 PENERANGAN JALAN UMUM,10.101.001 KAS KECIL,,225898,144365446,
Lumiera Garden,Tunai,2025-07-11,Kas Kecil,Reimburse Pak Adhi (Lampu Dinding Tempel Solar),10.202.012 PENERANGAN JALAN UMUM,10.101.001 KAS KECIL,,159549,144591344,
Lumiera Garden,Tunai,2025-07-11,Kas Kecil,Pinjaman dari Sigura-Gura,10.101.001 KAS KECIL,20.103.006 HUTANG SIGURA-GURA,85000000,,144750893,
Lumiera Garden,Tunai,2025-07-07,Kas Kecil,Biaya Admin,60.104.010 ADMINISTRASI BANK,10.101.001 KAS KECIL,,2500,59750893,
Lumiera Garden,Tunai,2025-07-07,Kas Kecil,Pelunasan Pembelian Pohon Pule,10.202.008 TAMAN DAN PENGHIJAUAN,10.101.001 KAS KECIL,,13050000,59753393,
Lumiera Garden,Tunai,2025-07-07,Kas Kecil,Pinjaman dari Joyo Agung 2,10.101.001 KAS KECIL,20.103.009 HUTANG JOYO AGUNG 2,13052500,,72803393,
Lumiera Garden,Tunai,2025-07-05,,Pindah Saldo,10.101.001 KAS KECIL,10.101.002 CASH/TUNAI,,,59750893,
Lumiera Garden,Tunai,2025-07-05,Kas Kecil,Pembelian Aki Mobil Pick Up,60.104.021 MAINTENANCE KENDARAAN,10.101.001 KAS KECIL,,850000,59750893,
Lumiera Garden,Tunai,2025-07-05,Kas Kecil,Pagar Mobil + Planger & Pengaman Belakang - Mobil Pick Up,11.103.001 KENDARAAN,10.101.001 KAS KECIL,,1500000,60600893,
Lumiera Garden,Tunai,2025-07-05,Kas Kecil,Meeting Direksi & Tamu (04/07/25),60.104.013 MEETING,10.101.001 KAS KECIL,,325000,62100893,
Lumiera Garden,Tunai,2025-07-05,Kas Kecil,Batu Tapak Taman (20 pcs),10.202.008 TAMAN DAN PENGHIJAUAN,10.101.001 KAS KECIL,,560000,62425893,
Lumiera Garden,Tunai,2025-07-05,Kas Kecil,Meja Kursi Batu Taman (3 set),10.202.008 TAMAN DAN PENGHIJAUAN,10.101.001 KAS KECIL,,6000000,62985893,
Lumiera Garden,Tunai,2025-07-05,Kas Kecil,Top Up E-Toll (Malang - Surabaya /PP),60.104.011 PERJALANAN DINAS,10.101.001 KAS KECIL,,134000,68985893,
Lumiera Garden,Tunai,2025-07-05,Kas Kecil,Bensin Avanza (Polda Jatim),60.104.007 BENSIN OPERASIONAL,10.101.001 KAS KECIL,,150000,69119893,
Lumiera Garden,Tunai,2025-07-04,,Pindah Saldo,10.101.001 KAS KECIL,10.101.002 CASH/TUNAI,,,69269893,
Lumiera Garden,Bank,2025-07-04,BCA PT. ASA411/ADL-LG/VII/2025,Reimburse Pak Ahmad (Bensin Avanza),60.104.007 BENSIN OPERASIONAL,10.101.003 BCA (8162440909 an PT. Adhiland Sukses Abadi),,100000,69269893,
Lumiera Garden,Tunai,2025-07-04,Kas Kecil,Pengembalian Hutang Ke Sigura-Gura,20.103.006 HUTANG SIGURA-GURA,10.101.001 KAS KECIL,,700000,69369893,
Lumiera Garden,Tunai,2025-07-04,Kas Kecil,Token Listrik Kawasan bulan Juli 2025 (ID : 513111484250 an PJU Lumiera Joyo Agung),60.104.003 TOKEN PLN,10.101.001 KAS KECIL,,2006000,70069893,
Lumiera Garden,Tunai,2025-07-04,Kas Kecil,Biaya Admin,60.104.010 ADMINISTRASI BANK,10.101.001 KAS KECIL,,2900,72075893,
Lumiera Garden,Tunai,2025-07-04,Kas Kecil,Penutup Proyek LG uk 2 m x 86 m - StarOne,60.104.999 LAIN-LAIN,10.101.001 KAS KECIL,,20000000,72078793,
Lumiera Garden,Tunai,2025-07-04,Kas Kecil,Biaya Notaris Balik Nama Tanah A (SHM 2736) an Tohrengga - (Pembatalan PPJB & Rekom Validasi Pajak),10.201.006 BIAYA BALIK NAMA,10.101.001 KAS KECIL,,2500000,92078793,
Lumiera Garden,Tunai,2025-07-04,Kas Kecil,Biaya Notaris Akta Pelepasan Hak an Tohrengga Islah Kanoman,10.201.009 AJB & AKTA PELEPASAN HAK,10.101.001 KAS KECIL,,2500000,94578793,
Lumiera Garden,Tunai,2025-07-04,Kas Kecil,Biaya Notaris Balik Nama Tanah C (SHM 2735) an Inggrid - (Pembatalan PPJB & Rekom Validasi Pajak),10.201.006 BIAYA BALIK NAMA,10.101.001 KAS KECIL,,2500000,97078793,
Lumiera Garden,Tunai,2025-07-04,Kas Kecil,Biaya Notaris Akta Pelepasan Hak an Inggrid Permata Lestari,10.201.009 AJB & AKTA PELEPASAN HAK,10.101.001 KAS KECIL,,2500000,99578793,
Lumiera Garden,Tunai,2025-07-04,Kas Kecil413/ADL-LG/VII/2025,Taman Communal Space - A. Bobby,10.202.008 TAMAN DAN PENGHIJAUAN,10.101.001 KAS KECIL,,18745000,102078793,
Lumiera Garden,Tunai,2025-07-04,Kas Kecil412/ADL-LG/VII/2025,Brosur Lumiera (3000 pcs) - mm/ad,60.101.004 BEBAN ADVERTISING,10.101.001 KAS KECIL,,12000000,120823793,
Lumiera Garden,Tunai,2025-07-03,,Pindah Saldo,10.101.001 KAS KECIL,10.101.002 CASH/TUNAI,,,132823793,
Lumiera Garden,Tunai,2025-07-03,Kas Kecil(44) Indomaret Bunga Coklat,Gula (3 pcs),60.104.001 OPERASIONAL KANTOR,10.101.001 KAS KECIL,,52800,132823793,
Lumiera Garden,Tunai,2025-07-03,Kas Kecil(43) Sido Mulia,Kopi Sido Mulia 1B (500 gr / 6 plastik),60.104.001 OPERASIONAL KANTOR,10.101.001 KAS KECIL,,602000,132876593,
Lumiera Garden,Tunai,2025-07-03,Kas Kecil410/ADL-LG/VII/2025,Refund ITJ Kavling LK-19 an Heny Setyo Handoko,20.101.002 UANG TANDA JADI,10.101.001 KAS KECIL,,5000000,133478593,
Lumiera Garden,Tunai,2025-07-03,Kas Kecil,Pengembalian Sisa Dana Budgeting CRD,10.101.001 KAS KECIL,10.101.004 SILANG KAS,284000,,138478593,
Lumiera Garden,Tunai,2025-07-03,Cash/Tunai409/ADL-LG/VII/2025,Kompensasi Polda Lahan Lumiera,10.201.011 PERIJINAN,10.101.002 CASH/TUNAI,,70000000,138194593,
Lumiera Garden,Tunai,2025-07-03,Cash/Tunai,Pinjaman dari Sigura-Gura,10.101.002 CASH/TUNAI,20.103.006 HUTANG SIGURA-GURA,200000000,,208194593,
Lumiera Garden,Tunai,2025-07-03,Kas Kecil408/ADL-LG/VII/2025,Karpet New Carry (165 x 260) - Mobil Pick Up,11.103.001 KENDARAAN,10.101.001 KAS KECIL,,700000,8194593,
Lumiera Garden,Tunai,2025-07-03,Kas Kecil,Pinjaman dari Sigura-Gura,10.101.001 KAS KECIL,20.103.006 HUTANG SIGURA-GURA,700000,,8894593,
Lumiera Garden,Bank,2025-07-02,BCA PT. ASA/ADL-LG/VII/2025,Pembelian Pohon Pule,10.202.008 TAMAN DAN PENGHIJAUAN,10.101.003 BCA (8162440909 an PT. Adhiland Sukses Abadi),,10000000,8194593,
Lumiera Garden,Tunai,2025-07-02,Kas Kecil/ADL-LG/VII/2025,DP Pembelian Pohon Pule,10.202.008 TAMAN DAN PENGHIJAUAN,10.101.001 KAS KECIL,,5000000,18194593,
Lumiera Garden,Tunai,2025-07-02,Kas Kecil,Pinjaman dari Joyo Agung 2,10.101.001 KAS KECIL,20.103.009 HUTANG JOYO AGUNG 2,5000000,,23194593,
Lumiera Garden,Bank,2025-07-01,BCA PT. ASA,Biaya Admin,60.104.010 ADMINISTRASI BANK,10.101.003 BCA (8162440909 an PT. Adhiland Sukses Abadi),,2500,18194593,
Lumiera Garden,Bank,2025-07-01,BCA PT. ASA,Gaji bulan Juni 2025 - Novia Hiqmah,60.102.001 GAJI KARYAWAN TETAP,10.101.003 BCA (8162440909 an PT. Adhiland Sukses Abadi),,692308,18197093,
Lumiera Garden,Bank,2025-07-01,BCA PT. ASA,Biaya Admin,60.104.010 ADMINISTRASI BANK,10.101.003 BCA (8162440909 an PT. Adhiland Sukses Abadi),,2500,18889401,
Lumiera Garden,Bank,2025-07-01,BCA PT. ASA,Gaji bulan Juni 2025 - Andy Ilham,60.102.001 GAJI KARYAWAN TETAP,10.101.003 BCA (8162440909 an PT. Adhiland Sukses Abadi),,1500000,18891901,
Lumiera Garden,Bank,2025-07-01,BCA PT. ASA,Gaji Karyawan bulan Juni 2025,60.102.001 GAJI KARYAWAN TETAP,10.101.003 BCA (8162440909 an PT. Adhiland Sukses Abadi),,30784323,20391901,
Lumiera Garden,Tunai,2025-07-01,Kas Kecil,Gaji Karyawan bulan Juni 2025,60.102.001 GAJI KARYAWAN TETAP,10.101.001 KAS KECIL,,35800000,51176224,
Lumiera Garden,Tunai,2025-07-01,Kas Kecil,Pengembalian Hutang dari Sigura-Gura,10.101.001 KAS KECIL,10.102.010 PIUTANG SIGURA-GURA,21400000,,86976224,
Lumiera Garden,Tunai,2025-07-01,Kas Kecil,Pinjaman dari Sigura-Gura,10.101.001 KAS KECIL,20.103.006 HUTANG SIGURA-GURA,14600000,,65576224,
Lumiera Garden,Bank,2025-06-30,BCA PT. ASA,Admin Bank (Potongan Bulanan),60.104.010 ADMINISTRASI BANK,10.101.003 BCA (8162440909 an PT. Adhiland Sukses Abadi),,30000,50976224,
Lumiera Garden,Bank,2025-06-30,BCA PT. ASA407/ADL-LG/VI/2025,ND Filter Kamera,11.101.001 PERALATAN KANTOR,10.101.003 BCA (8162440909 an PT. Adhiland Sukses Abadi),,1280380,51006224,
Lumiera Garden,Bank,2025-06-28,BCA PT. ASALK 9,"Pembayaran Pelunasan Ke-1 Kavling LK-09 an Dwi Mulyono, ST",10.101.003 BCA (8162440909 an PT. Adhiland Sukses Abadi),20.101.001 UANG MUKA,40000000,,52286604,
Lumiera Garden,Bank,2025-06-26,BCA PT. ASA406/ADL-LG/VI/2025,Reimburse P. Dian ( Kebutuhan Bensin Mesin Pemotong Rumput),60.104.001 OPERASIONAL KANTOR,10.101.003 BCA (8162440909 an PT. Adhiland Sukses Abadi),,50000,12286604,
Lumiera Garden,Bank,2025-06-26,BCA PT. ASA405/ADL-LG/VI/2025,Reimburse P. Rula (Lampu Jalan Masuk LED 60 Watt / 3 pcs),10.202.012 PENERANGAN JALAN UMUM,10.101.003 BCA (8162440909 an PT. Adhiland Sukses Abadi),,339000,12336604,
Lumiera Garden,Bank,2025-06-26,BCA PT. ASA404/ADL-LG/VI/2025,"Reimburse P. Sugeng ( Bensin, Gembok, dll / 4 Nota)",60.104.001 OPERASIONAL KANTOR,10.101.003 BCA (8162440909 an PT. Adhiland Sukses Abadi),,190800,12675604,
Lumiera Garden,Bank,2025-06-26,BCA PT. ASA403/ADL-LG/VI/2025,Kas Bon Karyawan - Security (Della Herman),10.102.011 PIUTANG KARYAWAN,10.101.003 BCA (8162440909 an PT. Adhiland Sukses Abadi),,3000000,12866404,
Lumiera Garden,Tunai,2025-06-26,Kas Kecil402/ADL-LG/VI/2025,Pembelian Tandon 1000L,10.202.020 TANDON AIR,10.101.001 KAS KECIL,,950000,15866404,
Lumiera Garden,Tunai,2025-06-26,Kas Kecil401/ADL-LG/VI/2025,Cetak V Banner 260 x 90 + Pasang Bambu + Izin & Pajak (400 pcs),60.101.004 BEBAN ADVERTISING,10.101.001 KAS KECIL,,15500000,16816404,
Lumiera Garden,Tunai,2025-06-26,Kas Kecil400/ADL-LG/VI/2025,Pembuatan Taman Behrem Sisi Timur & Tanaman - A. Bobby,10.202.008 TAMAN DAN PENGHIJAUAN,10.101.001 KAS KECIL,,10735000,32316404,
Lumiera Garden,Tunai,2025-06-26,Kas Kecil399/ADL-LG/VI/2025,Reimburse Pak Adhi (Top Up E-Toll),60.104.011 PERJALANAN DINAS,10.101.001 KAS KECIL,,200000,43051404,
Lumiera Garden,Tunai,2025-06-26,Kas Kecil399/ADL-LG/VI/2025,Reimburse Pak Adhi (Makan 5 orang),60.104.011 PERJALANAN DINAS,10.101.001 KAS KECIL,,170715,43251404,
Lumiera Garden,Tunai,2025-06-26,Kas Kecil399/ADL-LG/VI/2025,Reimburse Pak Adhi (Weekly Pak Rendra),60.104.013 MEETING,10.101.001 KAS KECIL,,168752,43422119,
Lumiera Garden,Tunai,2025-06-26,Kas Kecil399/ADL-LG/VI/2025,Reimburse Pak Adhi (Mug+toples+sendok),60.104.001 OPERASIONAL KANTOR,10.101.001 KAS KECIL,,67000,43590871,
Lumiera Garden,Tunai,2025-06-26,Kas Kecil399/ADL-LG/VI/2025,Reimburse Pak Adhi (Dispenser Miyako Hitam),11.101.001 PERALATAN KANTOR,10.101.001 KAS KECIL,,895000,43657871,
Lumiera Garden,Tunai,2025-06-26,Kas Kecil399/ADL-LG/VI/2025,Reimburse Pak Adhi (Meeting Koordinasi Kebersihan),60.104.013 MEETING,10.101.001 KAS KECIL,,280000,44552871,
Lumiera Garden,Tunai,2025-06-26,Kas Kecil,Biaya Admin,60.104.010 ADMINISTRASI BANK,10.101.001 KAS KECIL,,2500,44832871,
Lumiera Garden,Tunai,2025-06-26,Kas Kecil,Ads,60.101.005 BEBAN DIGITAL ADS,10.101.001 KAS KECIL,,10000000,44835371,
Lumiera Garden,Tunai,2025-06-26,Kas Kecil,Pengembalian Hutang dari Sigura-Gura,10.101.001 KAS KECIL,10.102.010 PIUTANG SIGURA-GURA,39002500,,54835371,
Lumiera Garden,Bank,2025-06-25,BCA PT. ASA398/ADL-LG/VI/2025,Pelunasan Pembelian Mobil Pick Up,11.103.001 KENDARAAN,10.101.003 BCA (8162440909 an PT. Adhiland Sukses Abadi),,39000000,15832871,
Lumiera Garden,Bank,2025-06-24,BCA PT. ASA398/ADL-LG/VI/2025,DP Mobil Pick Up,11.103.001 KENDARAAN,10.101.003 BCA (8162440909 an PT. Adhiland Sukses Abadi),,80000000,54832871,
Lumiera Garden,Tunai,2025-06-21,Kas Kecil397/ADL-LG/VI/2025,Reimburse P. Dian (Pembelian Stopkontak Area Belakang - Jalur Kerja & CCTV),10.202.024 FASUM,10.101.001 KAS KECIL,,55000,134832871,
Lumiera Garden,Tunai,2025-06-21,Kas Kecil,Pinjaman dari Sigura-Gura,10.101.001 KAS KECIL,20.103.006 HUTANG SIGURA-GURA,55000,,134887871,
Lumiera Garden,Tunai,2025-06-20,,Pindah Saldo,10.101.001 KAS KECIL,10.101.002 CASH/TUNAI,,,134832871,
Lumiera Garden,Bank,2025-06-20,BCA PT. ASA396/ADL-LG/VI/2025,Get Contact LG + Admin (Telle),60.104.001 OPERASIONAL KANTOR,10.101.003 BCA (8162440909 an PT. Adhiland Sukses Abadi),,24090,134832871,
Lumiera Garden,Bank,2025-06-20,BCA PT. ASA395/ADL-LG/VI/2025,Headset Bluetooth (Telle Marketing / 2 pcs),11.101.001 PERALATAN KANTOR,10.101.003 BCA (8162440909 an PT. Adhiland Sukses Abadi),,356200,134856961,
Lumiera Garden,Bank,2025-06-20,BCA PT. ASA394/ADL-LG/VI/2025 II Map Kuning (19),Budgeting CRD Listrik Kawasan,10.101.004 SILANG KAS,10.101.003 BCA (8162440909 an PT. Adhiland Sukses Abadi),,1003000,135213161,
Lumiera Garden,Bank,2025-06-20,BCA PT. ASA393/ADL-LG/VI/2025,Biaya Admin,60.104.010 ADMINISTRASI BANK,10.101.003 BCA (8162440909 an PT. Adhiland Sukses Abadi),,2500,136216161,
Lumiera Garden,Bank,2025-06-20,BCA PT. ASA393/ADL-LG/VI/2025,Buang Tanah Kav. LK-2 & LK-3 (8 rit / 3-5 Juni 2025) - Musla/Riadi,10.203.999 LAIN-LAIN,10.101.003 BCA (8162440909 an PT. Adhiland Sukses Abadi),,1600000,136218661,
Lumiera Garden,Tunai,2025-06-20,Kas Kecil392/ADL-LG/VI/2025,Reimburse Pak Adhi (Weekly Pak Rendra),60.104.013 MEETING,10.101.001 KAS KECIL,,191000,137818661,
Lumiera Garden,Tunai,2025-06-20,Kas Kecil392/ADL-LG/VI/2025,Reimburse Pak Adhi (CCTV+SD Card 64GB / 2pcs) - Outdoor,11.102.001 PERALATAN TEKNIK,10.101.001 KAS KECIL,,1850000,138009661,
Lumiera Garden,Tunai,2025-06-20,Kas Kecil392/ADL-LG/VI/2025,Reimburse Pak Adhi (E-toll PP / Pertemuan POLDA JATIM),60.104.011 PERJALANAN DINAS,10.101.001 KAS KECIL,,138000,139859661,
Lumiera Garden,Tunai,2025-06-20,Kas Kecil392/ADL-LG/VI/2025,Reimburse Pak Adhi (Bensin Avanza / Pertemuan POLDA JATIM),60.104.007 BENSIN OPERASIONAL,10.101.001 KAS KECIL,,200000,139997661,
Lumiera Garden,Tunai,2025-06-16,Kas Kecil(42) POS Indonesia,Pembelian Materai,60.104.008 MATERAI,10.101.001 KAS KECIL,,502000,140197661,
Lumiera Garden,Bank,2025-06-13,BCA PT. ASA391/ADL-LG/VI/2025,Reimburse Pak Dedy (Loding Out Expo Matos),60.101.006 EXPO,10.101.003 BCA (8162440909 an PT. Adhiland Sukses Abadi),,432000,140699661,
Lumiera Garden,Bank,2025-06-13,BCA PT. ASA390/ADL-LG/VI/2025,Biaya Admin,60.104.010 ADMINISTRASI BANK,10.101.003 BCA (8162440909 an PT. Adhiland Sukses Abadi),,2500,141131661,
Lumiera Garden,Bank,2025-06-13,BCA PT. ASA390/ADL-LG/VI/2025,Perbaikan Sumur Resapan - Riadi,10.202.022 PENGEBORAN AIR BERSIH/SUMUR,10.101.003 BCA (8162440909 an PT. Adhiland Sukses Abadi),,300000,141134161,
Lumiera Garden,Bank,2025-06-13,BCA PT. ASA389/ADL-LG/VI/2025,Biaya Admin,60.104.010 ADMINISTRASI BANK,10.101.003 BCA (8162440909 an PT. Adhiland Sukses Abadi),,2500,141434161,
Lumiera Garden,Bank,2025-06-13,BCA PT. ASA389/ADL-LG/VI/2025,Pemindahan Gudang Proyek - Riadi,10.202.025 GUDANG,10.101.003 BCA (8162440909 an PT. Adhiland Sukses Abadi),,1000000,141436661,
Lumiera Garden,Bank,2025-06-13,BCA PT. ASA388/ADL-LG/VI/2025,UM EXPO Matos 29 Mei - 08 Juni 2025 (Andik),60.101.006 EXPO,10.101.003 BCA (8162440909 an PT. Adhiland Sukses Abadi),,550000,142436661,
Lumiera Garden,Bank,2025-06-13,BCA PT. ASA388/ADL-LG/VI/2025,UM EXPO Matos 29 Mei - 08 Juni 2025 (Ika),60.101.006 EXPO,10.101.003 BCA (8162440909 an PT. Adhiland Sukses Abadi),,350000,142986661,
Lumiera Garden,Bank,2025-06-13,BCA PT. ASA388/ADL-LG/VI/2025,Biaya Admin,60.104.010 ADMINISTRASI BANK,10.101.003 BCA (8162440909 an PT. Adhiland Sukses Abadi),,2500,143336661,
Lumiera Garden,Bank,2025-06-13,BCA PT. ASA388/ADL-LG/VI/2025,UM EXPO Matos 29 Mei - 08 Juni 2025 (Nanda),60.101.006 EXPO,10.101.003 BCA (8162440909 an PT. Adhiland Sukses Abadi),,350000,143339161,
Lumiera Garden,Bank,2025-06-13,BCA PT. ASA387/ADL-LG/VI/2025,Reimburse Pak Rula (Pemindahan Kabel PLN diatas Kavling LK-12),10.202.028 LISTRIK LOKASI,10.101.003 BCA (8162440909 an PT. Adhiland Sukses Abadi),,450000,143689161,
Lumiera Garden,Bank,2025-06-13,BCA PT. ASA386/ADL-LG/VI/2025,"Penanaman Taman Berem Kavling LK-24, LK-25 & Communal, Pemindahan & Penanaman Pohon",10.202.008 TAMAN DAN PENGHIJAUAN,10.101.003 BCA (8162440909 an PT. Adhiland Sukses Abadi),,6445000,144139161,
Lumiera Garden,Tunai,2025-06-13,Kas Kecil385/ADL-LG/VI/2025,Reimburse Pak Adhi (Ongkos Potong / Qurban - 3 orang),60.104.018 EVENT KANTOR,10.101.001 KAS KECIL,,1000000,150584161,
Lumiera Garden,Tunai,2025-06-13,Kas Kecil385/ADL-LG/VI/2025,"Reimburse Pak Adhi (Terpal, Tampar / Qurban)",11.101.001 PERALATAN KANTOR,10.101.001 KAS KECIL,,507500,151584161,
Lumiera Garden,Tunai,2025-06-13,Kas Kecil385/ADL-LG/VI/2025,Reimburse Pak Adhi (CCTV+SD Card 64Gb) -Indoor,11.102.001 PERALATAN TEKNIK,10.101.001 KAS KECIL,,1174080,152091661,
Lumiera Garden,Tunai,2025-06-13,Kas Kecil385/ADL-LG/VI/2025,Reimburse Pak Adhi (Bensin Avanza),60.104.007 BENSIN OPERASIONAL,10.101.001 KAS KECIL,,300000,153265741,
Lumiera Garden,Tunai,2025-06-13,Kas Kecil,Pengembalian Hutang dari Sigura-Gura,10.101.001 KAS KECIL,10.102.010 PIUTANG SIGURA-GURA,3500000,,153565741,
Lumiera Garden,Tunai,2025-06-13,Kas Kecil(41) Nota,"Gula (JA, SG, LG) & Galon (SG,LG)",60.104.001 OPERASIONAL KANTOR,10.101.001 KAS KECIL,,96000,150065741,
Lumiera Garden,Tunai,2025-06-12,Kas Kecil(40) Shopee - Starone Printing,No Kavling Lumiera / 3 pcs (uk.20x20 lb) - StarOne,60.104.001 OPERASIONAL KANTOR,10.101.001 KAS KECIL,,9000,150161741,
Lumiera Garden,Bank,2025-06-09,BCA PT. ASALK 7,Pembayaran Cicilan Angsuran Ke-6 Rukost Kavling LK-07 an Heny Susanti,10.101.003 BCA (8162440909 an PT. Adhiland Sukses Abadi),20.101.001 UANG MUKA,20000000,,150170741,
Lumiera Garden,Tunai,2025-06-09,Kas Kecil(39) Light Printing,Cetak Sticker Box (PSS-VINYL CAMEL Glossy - Light Printing),60.104.018 EVENT KANTOR,10.101.001 KAS KECIL,,11000,130170741,
Lumiera Garden,Tunai,2025-06-09,Kas Kecil(38) Nota,"Semangka, Es Batu, Lada, Arang & Kecap Bango",60.104.018 EVENT KANTOR,10.101.001 KAS KECIL,,124000,130181741,
Lumiera Garden,Tunai,2025-06-09,Kas Kecil(37) Nota,Kecap Bango,60.104.018 EVENT KANTOR,10.101.001 KAS KECIL,,26000,130305741,
Lumiera Garden,Tunai,2025-06-09,Kas Kecil(36) Nota,"Cab, Gula, Sunlight & Spon cuci piring",60.104.018 EVENT KANTOR,10.101.001 KAS KECIL,,60000,130331741,
Lumiera Garden,Tunai,2025-06-09,Kas Kecil(35) Nota,Galon Aqua,60.104.018 EVENT KANTOR,10.101.001 KAS KECIL,,21000,130391741,
Lumiera Garden,Tunai,2025-06-09,Kas Kecil(34) Nota,"Lahap 3kg, Gelas Polkadot, Entong, Kertas Bundar, Sendok, Nutri & Kertas bks",60.104.018 EVENT KANTOR,10.101.001 KAS KECIL,,131000,130412741,
Lumiera Garden,Tunai,2025-06-09,Kas Kecil(33) Toko Alif Pecah Belah,Bakaran & Kipas,60.104.018 EVENT KANTOR,10.101.001 KAS KECIL,,28000,130543741,
Lumiera Garden,Tunai,2025-06-07,,Pindah Saldo,10.101.001 KAS KECIL,10.101.002 CASH/TUNAI,,,130571741,
Lumiera Garden,Bank,2025-06-07,BCA PT. ASA384/ADL-LG/VI/2025,Budgeting CRD Listrik Kawasan & Pupuk,10.101.004 SILANG KAS,10.101.003 BCA (8162440909 an PT. Adhiland Sukses Abadi),,1153000,130571741,
Lumiera Garden,Bank,2025-06-07,BCA PT. ASA383/ADL-LG/VI/2025,Pemindahan Area Kavling LK-02 - LK-06 & Pembuatan Kontur Taman A5 - A7,10.202.008 TAMAN DAN PENGHIJAUAN,10.101.003 BCA (8162440909 an PT. Adhiland Sukses Abadi),,4000000,131724741,
Lumiera Garden,Bank,2025-06-07,BCA PT. ASA381/ADL-LG/VI/2025,Wifi Project bulan Juni (Biznet Home),60.104.006 TAGIHAN WIFI,10.101.003 BCA (8162440909 an PT. Adhiland Sukses Abadi),,416250,135724741,
Lumiera Garden,Bank,2025-06-07,BCA PT. ASA381/ADL-LG/VI/2025,Pembayaran Halo Call Center (08113646900),60.104.005 TAGIHAN HALO CALL CENTER (08113646900),10.101.003 BCA (8162440909 an PT. Adhiland Sukses Abadi),,202800,136140991,
Lumiera Garden,Tunai,2025-06-07,Kas Kecil(32) Tiong Bahru,Reimburse Pak Adhi (Weekly Direksi / 02 Juni 2025),60.104.013 MEETING,10.101.001 KAS KECIL,,223000,136343791,
Lumiera Garden,Tunai,2025-06-07,Kas Kecil382/ADL-LG/VI/2025,Reimburse Pak Adhi (Kabel FO 200 m + Router & HTB Pro + Jasa Pasang),10.202.999 LAIN-LAIN,10.101.001 KAS KECIL,,1270000,136566791,
Lumiera Garden,Bank,2025-06-05,BCA PT. Adhiland Sukses Abadi379/ADL-LG/VI/2025,Refund ITJ Kavling LK-18 an Nor Hedayanti,20.101.002 UANG TANDA JADI,10.101.003 BCA (8162440909 an PT. Adhiland Sukses Abadi),,5000000,137836791,
Lumiera Garden,Bank,2025-06-05,BCA PT. ASA380/ADL-LG/VI/2025,Pembelian Token Listrik Ruko Suhat (ID Pel : 513110771875 an Wisnu Novianto),60.104.003 TOKEN PLN,10.101.003 BCA (8162440909 an PT. Adhiland Sukses Abadi),,1003000,142836791,
Lumiera Garden,Tunai,2025-06-05,Kas Kecil378/ADL-LG/VI/2025,Survey KKPR Siteplan,10.201.013 SITE PLAN,10.101.001 KAS KECIL,,2000000,143839791,
Lumiera Garden,Tunai,2025-06-05,Kas Kecil,Pengembalian Hutang dari Sigura-Gura,10.101.001 KAS KECIL,10.102.010 PIUTANG SIGURA-GURA,2000000,,145839791,
Lumiera Garden,Tunai,2025-06-04,Kas Kecil(31 A) Pos Indonesia,Kirim Kwitansi LK-02 / Ibu Etty Parawati,60.104.009 PERANGKO/KIRIMAN SRT & DOK,10.101.001 KAS KECIL,,19000,143839791,
Lumiera Garden,Tunai,2025-06-04,Kas Kecil,Pengembalian Hutang dari Sigura-Gura,10.101.001 KAS KECIL,10.102.010 PIUTANG SIGURA-GURA,19000,,143858791,
Lumiera Garden,Bank,2025-06-03,BCA PT. ASALK 2,Pembayaran Cicilan Pelunasan Kavling LK-02 an Etty Parawati,10.101.003 BCA (8162440909 an PT. Adhiland Sukses Abadi),20.101.001 UANG MUKA,120000000,,143839791,
Lumiera Garden,Tunai,2025-06-03,Kas Kecil(31) kwitansi RT/RW,Iuran Sampah Kantor/Ruko (KW 310525),60.104.012 KEAMANAN DAN KEBERSIHAN,10.101.001 KAS KECIL,,75000,23839791,
Lumiera Garden,Tunai,2025-06-03,Cash/Tunai377/ADL-LG/VI/2025,DP Tanah Makam Lumiera Seluas 140m2,10.201.019 KOMPENSASI MAKAM,10.101.002 CASH/TUNAI,,100000000,23914791,
Lumiera Garden,Tunai,2025-06-03,Cash/Tunai,Pengembalian Hutang dari Sigura-Gura,10.101.002 CASH/TUNAI,10.102.010 PIUTANG SIGURA-GURA,50000000,,123914791,
Lumiera Garden,Bank,2025-06-01,BCA PT. ASA,Biaya Admin (TF beda bank),60.104.010 ADMINISTRASI BANK,10.101.003 BCA (8162440909 an PT. Adhiland Sukses Abadi),,5000,73914791,
Lumiera Garden,Bank,2025-06-01,BCA PT. ASA,Gaji Karyawan bulan Mei 2025,60.102.001 GAJI KARYAWAN TETAP,10.101.003 BCA (8162440909 an PT. Adhiland Sukses Abadi),,67249707,73919791,
Lumiera Garden,Bank,2025-05-31,BCA PT. ASA,Pajak Bunga,60.104.029 BEBAN PAJAK LAINNYA/PAJAK BUNGA,10.101.003 BCA (8162440909 an PT. Adhiland Sukses Abadi),,551,141169498,
Lumiera Garden,Bank,2025-05-31,BCA PT. ASA,Bunga Bank,10.101.003 BCA (8162440909 an PT. Adhiland Sukses Abadi),40.102.001 BUNGA BANK,2754,,141170049,
Lumiera Garden,Bank,2025-05-31,BCA PT. ASA,Admin Bank (Potongan Bulanan),60.104.010 ADMINISTRASI BANK,10.101.003 BCA (8162440909 an PT. Adhiland Sukses Abadi),,30000,141167295,
Lumiera Garden,Bank,2025-05-31,BCA PT. ASA376/ADL-LG/V/2025,Termin III Perpanjangan Billboard Kawi,60.101.004 BEBAN ADVERTISING,10.101.003 BCA (8162440909 an PT. Adhiland Sukses Abadi),,20000000,141197295,
Lumiera Garden,Bank,2025-05-31,BCA PT. ASA375/ADL-LG/V/2025,Biaya Admin,60.104.010 ADMINISTRASI BANK,10.101.003 BCA (8162440909 an PT. Adhiland Sukses Abadi),,2500,161197295,
Lumiera Garden,Bank,2025-05-31,BCA PT. ASA375/ADL-LG/V/2025,Ads (5.4),60.101.005 BEBAN DIGITAL ADS,10.101.003 BCA (8162440909 an PT. Adhiland Sukses Abadi),,10000000,161199795,
Lumiera Garden,Bank,2025-05-31,BCA PT. ASA374/ADL-LG/V/2025,Reimburse Pak Rula (Material perubahan jalur listrik kawasan),10.202.023 JARINGAN LISTRIK PROYEK,10.101.003 BCA (8162440909 an PT. Adhiland Sukses Abadi),,1230000,171199795,
Lumiera Garden,Bank,2025-05-31,BCA PT. ASA374/ADL-LG/V/2025,Reimburse Pak Rula (Material panel pompa sumur),10.202.022 PENGEBORAN AIR BERSIH/SUMUR,10.101.003 BCA (8162440909 an PT. Adhiland Sukses Abadi),,400000,172429795,
Lumiera Garden,Bank,2025-05-31,BCA PT. ASA373/ADL-LG/V/2025,Reimburse Pak Sugeng (Pembelian sapu lidi u/ kebersihan),60.104.001 OPERASIONAL KANTOR,10.101.003 BCA (8162440909 an PT. Adhiland Sukses Abadi),,30000,172829795,
Lumiera Garden,Bank,2025-05-31,BCA PT. ASA373/ADL-LG/V/2025,Reimburse Pak Sugeng (Sewa armada angkat drum dari SG ke LG),10.202.003 PERATAAN TANAH/CUT & FILL,10.101.003 BCA (8162440909 an PT. Adhiland Sukses Abadi),,140000,172859795,
Lumiera Garden,Bank,2025-05-31,BCA PT. ASA373/ADL-LG/V/2025,Reimburse Pak Sugeng (Pembelian bensin mesin potong rumput / 2 nota),60.104.001 OPERASIONAL KANTOR,10.101.003 BCA (8162440909 an PT. Adhiland Sukses Abadi),,100000,172999795,
Lumiera Garden,Bank,2025-05-31,BCA PT. ASA373/ADL-LG/V/2025,Reimburse Pak Sugeng (Pembelian material pipa PVC tandon air kerja / 4 nota),10.202.020 TANDON AIR,10.101.003 BCA (8162440909 an PT. Adhiland Sukses Abadi),,193000,173099795,
Lumiera Garden,Bank,2025-05-31,BCA PT. ASA372/ADL-LG/V/2025,Pembayaran Ke-3 Komisi Tanah Pak Yazak,10.201.026 KOMISI PEMBELIAN TANAH,10.101.003 BCA (8162440909 an PT. Adhiland Sukses Abadi),,10000000,173292795,
Lumiera Garden,Bank,2025-05-31,BCA PT. ASA371/ADL-LG/V/2025,Reimburse Pak Muliyawan (Tiket PP Sby-Dps / Dps-Sby),60.104.018 EVENT KANTOR,10.101.003 BCA (8162440909 an PT. Adhiland Sukses Abadi),,2715003,183292795,
Lumiera Garden,Bank,2025-05-31,BCA PT. ASA370/ADL-LG/V/2025,Biaya Admin,60.104.010 ADMINISTRASI BANK,10.101.003 BCA (8162440909 an PT. Adhiland Sukses Abadi),,2500,186007798,
Lumiera Garden,Tunai,2025-05-30,Kas Kecil(30) BM Mart,Pembelian Galon Isi Ulang di Lokasi Project Lumiera,60.104.001 OPERASIONAL KANTOR,10.101.001 KAS KECIL,,20000,186010298,
Lumiera Garden,Bank,2025-05-28,BCA PT. Adhiland Sukses Abadi370/ADL-LG/V/2025,Refund ITJ LK-17 an Dyah Ratnawati,20.101.002 UANG TANDA JADI,10.101.003 BCA (8162440909 an PT. Adhiland Sukses Abadi),,2000000,186030298,
Lumiera Garden,Bank,2025-05-28,BCA PT. ASA369/ADL-LG/V/2025,Upah instalasi listrik kerja & Material panel listrik,10.202.023 JARINGAN LISTRIK PROYEK,10.101.003 BCA (8162440909 an PT. Adhiland Sukses Abadi),,1250000,188030298,
Lumiera Garden,Bank,2025-05-27,BCA PT. ASALK 17,ITJ Kavling LK-17 an Dyah Ratnawati,10.101.003 BCA (8162440909 an PT. Adhiland Sukses Abadi),20.101.002 UANG TANDA JADI,2000000,,189280298,
Lumiera Garden,Tunai,2025-05-27,Kas Kecil368/ADL-LG/V/2025,Get Contact LG + Admin (Telle),60.104.001 OPERASIONAL KANTOR,10.101.001 KAS KECIL,,21090,187280298,
Lumiera Garden,Tunai,2025-05-27,Kas Kecil(29.A) Tiong Bahru,Reimburse Pak Adhi (Weekly dengan P. Rendra / 260525),60.104.013 MEETING,10.101.001 KAS KECIL,,309514,187301388,
Lumiera Garden,Tunai,2025-05-26,Kas Kecil367/ADL-LG/V/2025,Hardisk (Seagate One Touch External HDD / 1 TB USB 3.0),11.101.001 PERALATAN KANTOR,10.101.001 KAS KECIL,,975000,187610902,
Lumiera Garden,Bank,2025-05-25,BCA PT. ASALK 18,ITJ Kavling LK-18 an Nor Hedayanti,10.101.003 BCA (8162440909 an PT. Adhiland Sukses Abadi),20.101.002 UANG TANDA JADI,5000000,,188585902,
Lumiera Garden,Bank,2025-05-18,BCA PT. ASA366/ADL-LG/V/2025,Pelunasan Gathering Bali (4 hari 2 malam),60.104.018 EVENT KANTOR,10.101.003 BCA (8162440909 an PT. Adhiland Sukses Abadi),,78000000,183585902,
Lumiera Garden,Tunai,2025-05-16,,Pindah Saldo,10.101.001 KAS KECIL,10.101.002 CASH/TUNAI,,,261585902,
Lumiera Garden,Bank,2025-05-16,BCA PT. ASA365/ADL-LG/V/2025,Kas Bon Karyawan - Security,10.102.011 PIUTANG KARYAWAN,10.101.003 BCA (8162440909 an PT. Adhiland Sukses Abadi),,3000000,261585902,
Lumiera Garden,Bank,2025-05-16,BCA PT. ASA364/ADL-LG/V/2025,Budgeting CRD Listrik Kawasan,10.101.004 SILANG KAS,10.101.003 BCA (8162440909 an PT. Adhiland Sukses Abadi),,1506000,264585902,
Lumiera Garden,Bank,2025-05-16,BCA PT. ASA363/ADL-LG/V/2025,Cetak V Banner 260x90 + Pasang Bambu + Ijin & Pajak - Sigmaprint,60.101.004 BEBAN ADVERTISING,10.101.003 BCA (8162440909 an PT. Adhiland Sukses Abadi),,29125000,266091902,
Lumiera Garden,Bank,2025-05-16,BCA PT. ASA362/ADL-LG/V/2025,Pelunasan Stan EXPO MOG (1-12 Mei 2025 / 12 Hari),60.101.006 EXPO,10.101.003 BCA (8162440909 an PT. Adhiland Sukses Abadi),,65000000,295216902,
Lumiera Garden,Bank,2025-05-16,BCA PT. ASA361/ADL-LG/V/2025,Uang Makan Marketing EXPO - Ika,60.101.006 EXPO,10.101.003 BCA (8162440909 an PT. Adhiland Sukses Abadi),,400000,360216902,
Lumiera Garden,Bank,2025-05-16,BCA PT. ASA361/ADL-LG/V/2025,Uang Makan Marketing EXPO - Adib,60.101.006 EXPO,10.101.003 BCA (8162440909 an PT. Adhiland Sukses Abadi),,450000,360616902,
Lumiera Garden,Bank,2025-05-16,BCA PT. ASA361/ADL-LG/V/2025,Biaya Admin,60.104.010 ADMINISTRASI BANK,10.101.003 BCA (8162440909 an PT. Adhiland Sukses Abadi),,2500,361066902,
Lumiera Garden,Bank,2025-05-16,BCA PT. ASA361/ADL-LG/V/2025,Uang Makan Marketing EXPO - Nanda,60.101.006 EXPO,10.101.003 BCA (8162440909 an PT. Adhiland Sukses Abadi),,400000,361069402,
Lumiera Garden,Bank,2025-05-16,BCA PT. ASA361/ADL-LG/V/2025,Uang Makan Marketing EXPO - Fahmi,60.101.006 EXPO,10.101.003 BCA (8162440909 an PT. Adhiland Sukses Abadi),,350000,361469402,
Lumiera Garden,Bank,2025-05-16,BCA PT. ASA360/ADL-LG/V/2025,Waarmerking PPJB Kavling LK-05 an Ninik Yulaikah,60.104.023 BIAYA ADMINISTRASI WAARMERKING,10.101.003 BCA (8162440909 an PT. Adhiland Sukses Abadi),,250000,361819402,
Lumiera Garden,Bank,2025-05-16,BCA PT. ASA359/ADL-LG/V/2025,Reimburse Pak Yasin (Bensin untuk ke perizinan KKPR Lummiera),60.104.007 BENSIN OPERASIONAL,10.101.003 BCA (8162440909 an PT. Adhiland Sukses Abadi),,20000,362069402,
Lumiera Garden,Bank,2025-05-16,BCA PT. ASA358/ADL-LG/V/2025,Doorprize Gathering Bali Adhiland,60.104.018 EVENT KANTOR,10.101.003 BCA (8162440909 an PT. Adhiland Sukses Abadi),,7100000,362089402,
Lumiera Garden,Tunai,2025-05-16,Kas Kecil358/ADL-LG/V/2025,Uang Saku Gathering Bali Adhiland,60.104.018 EVENT KANTOR,10.101.001 KAS KECIL,,6600000,369189402,
Lumiera Garden,Tunai,2025-05-16,Kas Kecil357/ADL-LG/V/2025,Reimburse Pak Adhi (Meja Gaming Minimalis Modern / Meja Kantor),11.101.001 PERALATAN KANTOR,10.101.001 KAS KECIL,,538914,375789402,
Lumiera Garden,Tunai,2025-05-16,Kas Kecil357/ADL-LG/V/2025,Reimburse Pak Adhi (Weekly Pak Rendra),60.104.013 MEETING,10.101.001 KAS KECIL,,157053,376328316,
Lumiera Garden,Tunai,2025-05-16,Kas Kecil357/ADL-LG/V/2025,Reimburse Pak Adhi (Tiket PP Sby-Dps 3 orang),60.104.018 EVENT KANTOR,10.101.001 KAS KECIL,,3831800,376485369,
Lumiera Garden,Tunai,2025-05-15,Kas Kecil356/ADL-LG/V/2025,Tempered Glass Call Center,60.104.001 OPERASIONAL KANTOR,10.101.001 KAS KECIL,,76750,380317169,
Lumiera Garden,Bank,2025-05-14,BCA PT. ASA355/ADL-LG/V/2025,"Budgeting Kabel BC 3x2,5 mm (Fasum Sumur Bor)",10.202.022 PENGEBORAN AIR BERSIH/SUMUR,10.101.003 BCA (8162440909 an PT. Adhiland Sukses Abadi),,3400000,380393919,
Lumiera Garden,Bank,2025-05-10,BCA PT. ASA354/ADL-LG/V/2025,"Lensa FE 35 mm 1,8",11.101.001 PERALATAN KANTOR,10.101.003 BCA (8162440909 an PT. Adhiland Sukses Abadi),,8658100,383793919,
Lumiera Garden,Bank,2025-05-09,BCA PT. ASA352/ADL-LG/V/2025,Perhitungan Struktur Tandon,10.202.020 TANDON AIR,10.101.003 BCA (8162440909 an PT. Adhiland Sukses Abadi),,2000000,392452019,
Lumiera Garden,Bank,2025-05-09,BCA PT. ASA351/ADL-LG/V/2025,Godox SL-100 BI LED Continous Light,11.101.001 PERALATAN KANTOR,10.101.003 BCA (8162440909 an PT. Adhiland Sukses Abadi),,3761000,394452019,
Lumiera Garden,Bank,2025-05-09,BCA PT. ASA350/ADL-LG/V/2025,Kas Bon Karyawan,10.102.011 PIUTANG KARYAWAN,10.101.003 BCA (8162440909 an PT. Adhiland Sukses Abadi),,50000000,398213019,
Lumiera Garden,Bank,2025-05-09,BCA PT. ASA349/ADL-LG/V/2025,Pelunasan Gambar DED Tandon - Sandy Hermawan,10.202.020 TANDON AIR,10.101.003 BCA (8162440909 an PT. Adhiland Sukses Abadi),,500000,448213019,
Lumiera Garden,Bank,2025-05-09,BCA PT. ASA348/ADL-LG/V/2025,Kas Bon Karyawan,10.102.011 PIUTANG KARYAWAN,10.101.003 BCA (8162440909 an PT. Adhiland Sukses Abadi),,6000000,448713019,
Lumiera Garden,Bank,2025-05-09,BCA PT. ASA347/ADL-LG/V/2025,Budgeting CRD Listrik Kawasan,10.101.004 SILANG KAS,10.101.003 BCA (8162440909 an PT. Adhiland Sukses Abadi),,1003000,454713019,
Lumiera Garden,Bank,2025-05-09,BCA PT. ASA346/ADL-LG/V/2025,Gambar DWG Siteplan Lumiera,10.201.013 SITE PLAN,10.101.003 BCA (8162440909 an PT. Adhiland Sukses Abadi),,1000000,455716019,
Lumiera Garden,Bank,2025-05-09,BCA PT. ASA345/ADL-LG/V/2025,SKA Arsitek Lumiera,10.201.013 SITE PLAN,10.101.003 BCA (8162440909 an PT. Adhiland Sukses Abadi),,2000000,456716019,
Lumiera Garden,Bank,2025-05-09,BCA PT. ASA344/ADL-LG/V/2025,Pelunasan Pekerjaan Bor Sumur Artesis (11/SPK.ADP/IV/2025),10.202.022 PENGEBORAN AIR BERSIH/SUMUR,10.101.003 BCA (8162440909 an PT. Adhiland Sukses Abadi),,48750000,458716019,
Lumiera Garden,Bank,2025-05-09,BCA PT. ASA343/ADL-LG/V/2025,Biaya Admin,60.104.010 ADMINISTRASI BANK,10.101.003 BCA (8162440909 an PT. Adhiland Sukses Abadi),,2500,507466019,
Lumiera Garden,Bank,2025-05-09,BCA PT. ASA343/ADL-LG/V/2025,"Termin 2 (45%) Pek. 100% Pipa Air Bersih Kawasan (20/SPK.ADP/IV/2025) & Addendum Pipa 1,5",10.202.018 SALURAN DISTRIBUSI AIR,10.101.003 BCA (8162440909 an PT. Adhiland Sukses Abadi),,28597500,507468519,
Lumiera Garden,Bank,2025-05-09,BCA PT. ASA342/ADL-LG/V/2025,Wifi Project bulan Mei (Biznet Home),60.104.006 TAGIHAN WIFI,10.101.003 BCA (8162440909 an PT. Adhiland Sukses Abadi),,416250,536066019,
Lumiera Garden,Bank,2025-05-09,BCA PT. ASA342/ADL-LG/V/2025,Pembayaran Halo Call Center (08113646900),60.104.005 TAGIHAN HALO CALL CENTER (08113646900),10.101.003 BCA (8162440909 an PT. Adhiland Sukses Abadi),,202800,536482269,
Lumiera Garden,Tunai,2025-05-09,Kas Kecil353/ADL-LG/V/2025,Air Kerja bulan April 2025,60.104.004 TAGIHAN PDAM,10.101.001 KAS KECIL,,200000,536685069,
Lumiera Garden,Bank,2025-05-08,BCA PT. ASA341/ADL-LG/V/2025,Pembelian Token Listrik Ruko Suhat (ID Pel : 513110771875 an Wisnu Novianto),60.104.003 TOKEN PLN,10.101.003 BCA (8162440909 an PT. Adhiland Sukses Abadi),,1003000,536885069,
Lumiera Garden,Bank,2025-05-07,BCA PT. ASA(29) Shell Kawi,Bensin Operasional (Innova Zenix),60.104.007 BENSIN OPERASIONAL,10.101.003 BCA (8162440909 an PT. Adhiland Sukses Abadi),,300000,537888069,
Lumiera Garden,Bank,2025-05-07,BCA PT. ASA340/ADL-LG/V/2025,Komisi Marcomm Kavling LK-05,60.101.002 INSENTIF/KOMISI,10.101.003 BCA (8162440909 an PT. Adhiland Sukses Abadi),,105000,538188069,
Lumiera Garden,Bank,2025-05-07,BCA PT. ASA340/ADL-LG/V/2025,Komisi Marcomm Kavling LK-05,60.101.002 INSENTIF/KOMISI,10.101.003 BCA (8162440909 an PT. Adhiland Sukses Abadi),,100625,538293069,
Lumiera Garden,Bank,2025-05-07,BCA PT. ASA340/ADL-LG/V/2025,Komisi Marcomm Kavling LK-05,60.101.002 INSENTIF/KOMISI,10.101.003 BCA (8162440909 an PT. Adhiland Sukses Abadi),,100625,538393694,
Lumiera Garden,Bank,2025-05-07,BCA PT. ASA340/ADL-LG/V/2025,Komisi Marcomm Kavling LK-05,60.101.002 INSENTIF/KOMISI,10.101.003 BCA (8162440909 an PT. Adhiland Sukses Abadi),,131250,538494319,
Lumiera Garden,Tunai,2025-05-07,Kas Kecil(29) Shell Kawi,Bensin Operasional (Innova Zenix),60.104.007 BENSIN OPERASIONAL,10.101.001 KAS KECIL,,35000,538625569,
Lumiera Garden,Tunai,2025-05-06,,Pindah Saldo,10.101.001 KAS KECIL,10.101.002 CASH/TUNAI,,,538660569,
Lumiera Garden,Tunai,2025-05-06,Kas Kecil339/ADL-LG/V/2025,Komisi Direktur Teknik Kavling LK-05,60.101.002 INSENTIF/KOMISI,10.101.001 KAS KECIL,,1750000,538660569,
Lumiera Garden,Tunai,2025-05-06,Kas Kecil339/ADL-LG/V/2025,Komisi Komisaris Kavling LK-05,60.101.002 INSENTIF/KOMISI,10.101.001 KAS KECIL,,1750000,540410569,
Lumiera Garden,Tunai,2025-05-06,Kas Kecil339/ADL-LG/V/2025,Komisi Direktur B&D Kavling LK-05,60.101.002 INSENTIF/KOMISI,10.101.001 KAS KECIL,,1750000,542160569,
Lumiera Garden,Tunai,2025-05-06,Kas Kecil339/ADL-LG/V/2025,Komisi Direktur Operasional Kavling LK-05,60.101.002 INSENTIF/KOMISI,10.101.001 KAS KECIL,,1750000,543910569,
Lumiera Garden,Tunai,2025-05-06,Kas Kecil339/ADL-LG/V/2025,Komisi Direktur Utama Kavling LK-05,60.101.002 INSENTIF/KOMISI,10.101.001 KAS KECIL,,1750000,545660569,
Lumiera Garden,Tunai,2025-05-06,Kas Kecil339/ADL-LG/V/2025,BLT SPV Marketing Kavling LK-05,60.101.001 BLT,10.101.001 KAS KECIL,,2000000,547410569,
Lumiera Garden,Tunai,2025-05-06,Kas Kecil339/ADL-LG/V/2025,Komisi SPV Marketing Kavling LK-05,60.101.002 INSENTIF/KOMISI,10.101.001 KAS KECIL,,4375000,549410569,
Lumiera Garden,Tunai,2025-05-06,Kas Kecil339/ADL-LG/V/2025,Komisi Marketing Kavling LK-05,60.101.002 INSENTIF/KOMISI,10.101.001 KAS KECIL,,13125000,553785569,
Lumiera Garden,Bank,2025-05-05,BCA PT. ASALK 7,Pembayaran Cicilan Angsuran Ke-5 Rukost Kavling LK-07 an Heny Susanti,10.101.003 BCA (8162440909 an PT. Adhiland Sukses Abadi),20.101.001 UANG MUKA,20000000,,566910569,
Lumiera Garden,Tunai,2025-05-04,Kas Kecil(28) SPBU Jl. Bandung,Penggangan Mas Andik (Bensin Zenix - EXPO),60.104.007 BENSIN OPERASIONAL,10.101.001 KAS KECIL,,400000,546910569,
Lumiera Garden,Bank,2025-05-03,BCA PT. ASA338/ADL-LG/V/2025,DP EXPO MOG (1-12 Mei 2025),60.101.006 EXPO,10.101.003 BCA (8162440909 an PT. Adhiland Sukses Abadi),,25000000,547310569,
Lumiera Garden,Tunai,2025-05-02,,Pindah Saldo,10.101.001 KAS KECIL,10.101.002 CASH/TUNAI,,,572310569,
Lumiera Garden,Bank,2025-05-02,BCA PT. Adhiland Sukses Abadi337/ADL-LG/V/2025,Refund ITJ LK-15 an Dimas Perdana,20.101.002 UANG TANDA JADI,10.101.003 BCA (8162440909 an PT. Adhiland Sukses Abadi),,5000000,572310569,
Lumiera Garden,Bank,2025-05-02,BCA PT. ASA337/ADL-LG/V/2025,Biaya Admin,60.104.010 ADMINISTRASI BANK,10.101.003 BCA (8162440909 an PT. Adhiland Sukses Abadi),,2500,577310569,
Lumiera Garden,Bank,2025-05-02,BCA PT. ASALK 5,Pembayaran DP 4 Pembelian Rukost Kavling LK-05 an Ninik Yulaikah,10.101.003 BCA (8162440909 an PT. Adhiland Sukses Abadi),20.101.001 UANG MUKA,90000000,,577313069,
Lumiera Garden,Bank,2025-05-02,BCA PT. ASA336/ADL-LG/V/2025,Upah Penjaga Alat /P.Didik (28-31 Maret 2025 dan 1-25 April 2025 total 29 hari),60.103.001 HONOR,10.101.003 BCA (8162440909 an PT. Adhiland Sukses Abadi),,1450000,487313069,
Lumiera Garden,Bank,2025-05-02,BCA PT. ASA335/ADL-LG/V/2025,Biaya Admin,60.104.010 ADMINISTRASI BANK,10.101.003 BCA (8162440909 an PT. Adhiland Sukses Abadi),,2500,488763069,
Lumiera Garden,Bank,2025-05-02,BCA PT. ASA335/ADL-LG/V/2025,Ads (5.1),60.101.005 BEBAN DIGITAL ADS,10.101.003 BCA (8162440909 an PT. Adhiland Sukses Abadi),,10000000,488765569,
Lumiera Garden,Bank,2025-05-02,BCA PT. ASA,Pinjaman untuk Sigura-gura (Perawatan Taman & Penggantian Tanaman Communal),10.102.010 PIUTANG SIGURA-GURA,10.101.003 BCA (8162440909 an PT. Adhiland Sukses Abadi),,2400000,498765569,
Lumiera Garden,Bank,2025-05-02,BCA PT. ASA334/ADL-LG/V/2025,Biaya Admin,60.104.010 ADMINISTRASI BANK,10.101.003 BCA (8162440909 an PT. Adhiland Sukses Abadi),,2500,501165569,
Lumiera Garden,Bank,2025-05-02,BCA PT. ASA334/ADL-LG/V/2025,Pekerjaan Pembuatan Sumur Resapan Dia.1 meter - Riadi,10.202.022 PENGEBORAN AIR BERSIH/SUMUR,10.101.003 BCA (8162440909 an PT. Adhiland Sukses Abadi),,1345000,501168069,
Lumiera Garden,Bank,2025-05-01,BCA PT. ASA,Biaya Admin,60.104.010 ADMINISTRASI BANK,10.101.003 BCA (8162440909 an PT. Adhiland Sukses Abadi),,2500,502513069,
Lumiera Garden,Bank,2025-05-01,BCA PT. ASA,Gaji Karyawan bulan April 2025,60.102.001 GAJI KARYAWAN TETAP,10.101.003 BCA (8162440909 an PT. Adhiland Sukses Abadi),,980769,502515569,
Lumiera Garden,Bank,2025-05-01,BCA PT. ASA,Gaji Karyawan bulan April 2025,60.102.001 GAJI KARYAWAN TETAP,10.101.003 BCA (8162440909 an PT. Adhiland Sukses Abadi),,64778075,503496338,
Lumiera Garden,Tunai,2025-05-01,Cash/Tunai,Pengembalian Hutang dari Sigura-Gura,10.101.002 CASH/TUNAI,10.102.010 PIUTANG SIGURA-GURA,2400000,,568274413,
Lumiera Garden,Tunai,2025-05-01,Kas Kecil(27) Platinum Badminton,Reimburse Bella (Member Badminton Bulan Mei),60.104.001 OPERASIONAL KANTOR,10.101.001 KAS KECIL,,610000,565874413,
Lumiera Garden,Tunai,2025-05-01,Cash/TunaiLK 4,Pembayaran Pelunasan Ke-2 Pembelian Rukost Kavling LK-04 an Endah Kuswintari,10.101.002 CASH/TUNAI,20.101.001 UANG MUKA,84000000,,566484413,
Lumiera Garden,Bank,2025-04-30,BCA PT. ASA,Pajak Bunga,60.104.029 BEBAN PAJAK LAINNYA/PAJAK BUNGA,10.101.003 BCA (8162440909 an PT. Adhiland Sukses Abadi),,14897,482484413,
Lumiera Garden,Bank,2025-04-30,BCA PT. ASA,Bunga Bank,10.101.003 BCA (8162440909 an PT. Adhiland Sukses Abadi),40.102.001 BUNGA BANK,74485,,482499310,
Lumiera Garden,Bank,2025-04-30,BCA PT. ASA333/ADL-LG/IV/2025,Admin Bank (Potongan Bulanan),60.104.010 ADMINISTRASI BANK,10.101.003 BCA (8162440909 an PT. Adhiland Sukses Abadi),,30000,482424825,
Lumiera Garden,Bank,2025-04-30,BCA PT. ASA333/ADL-LG/IV/2025,Pelunasan Workshop Depart Bisnis - Tranceformasi Indo,60.104.016 TRAINING KARYAWAN,10.101.003 BCA (8162440909 an PT. Adhiland Sukses Abadi),,19300000,482454825,
Lumiera Garden,Bank,2025-04-30,BCA PT. ASALK 5,Pembayaran DP 3 Pembelian Rukost Kavling LK-05 an Ninik Yulaikah,10.101.003 BCA (8162440909 an PT. Adhiland Sukses Abadi),20.101.001 UANG MUKA,30000000,,501754825,
Lumiera Garden,Tunai,2025-04-29,Kas Kecil,Admin Bank Setor Tunai (Pembayaran Termin Tanah - Inggrid Permata Lestari),60.104.010 ADMINISTRASI BANK,10.101.001 KAS KECIL,,60000,471754825,
Lumiera Garden,Tunai,2025-04-29,Kas Kecil332/ADL-LG/IV/2025,Pembayaran Termin Tanah - Inggrid Permata,10.201.001 PERSEDIAAN TANAH,10.101.001 KAS KECIL,,2000300000,471814825,
Lumiera Garden,Tunai,2025-04-29,Kas Kecil,Pengembalian Hutang dari Sigura-Gura,10.101.001 KAS KECIL,10.102.010 PIUTANG SIGURA-GURA,2000300000,,2472114825,
Lumiera Garden,Tunai,2025-04-26,Kas Kecil(26) Nota Indomaret,Pembelian Air Mineral + Parkir,60.104.013 MEETING,10.101.001 KAS KECIL,,36400,471814825,
Lumiera Garden,Bank,2025-04-25,BCA PT. ASA331/ADL-LG/IV/2025,Reimburse Bella (Gosend - Pengiriman seragam ke baboon),60.104.001 OPERASIONAL KANTOR,10.101.003 BCA (8162440909 an PT. Adhiland Sukses Abadi),,19000,471851225,
Lumiera Garden,Bank,2025-04-25,BCA PT. ASA330/ADL-LG/IV/2025,Reimburse Pak Roy (Ongkir - Pengiriman seragam dari baboon ke lokasi SG),60.104.001 OPERASIONAL KANTOR,10.101.003 BCA (8162440909 an PT. Adhiland Sukses Abadi),,25000,471870225,
Lumiera Garden,Bank,2025-04-25,BCA PT. ASA329/ADL-LG/IV/2025,Pelunasan Map Adhiland uk.33 x 46 (Terbuka),60.104.001 OPERASIONAL KANTOR,10.101.003 BCA (8162440909 an PT. Adhiland Sukses Abadi),,2750000,471895225,
Lumiera Garden,Bank,2025-04-25,BCA PT. ASA328/ADL-LG/IV/2025,Termin II Perpanjangan Billboard Kawi,60.101.004 BEBAN ADVERTISING,10.101.003 BCA (8162440909 an PT. Adhiland Sukses Abadi),,20000000,474645225,
Lumiera Garden,Bank,2025-04-25,BCA PT. ASA327/ADL-LG/IV/2025,Reimburse Pak Yasin (Patok BPN / 5 pcs),"10.201.012 PENGUKURAN ""BPN""",10.101.003 BCA (8162440909 an PT. Adhiland Sukses Abadi),,250000,494645225,
Lumiera Garden,Bank,2025-04-25,BCA PT. ASA326/ADL-LG/IV/2025,Reimburse Pak Rula (Upah perbaikan alkon),60.104.001 OPERASIONAL KANTOR,10.101.003 BCA (8162440909 an PT. Adhiland Sukses Abadi),,150000,494895225,
Lumiera Garden,Bank,2025-04-25,BCA PT. ASA325/ADL-LG/IV/2025,Reimburse Pak Dian (sparepart alkon & baliho - 2 nota),60.104.001 OPERASIONAL KANTOR,10.101.003 BCA (8162440909 an PT. Adhiland Sukses Abadi),,208000,495045225,
Lumiera Garden,Bank,2025-04-25,BCA PT. ASA324/ADL-LG/IV/2025,Biaya Admin,60.104.010 ADMINISTRASI BANK,10.101.003 BCA (8162440909 an PT. Adhiland Sukses Abadi),,2500,495253225,
Lumiera Garden,Bank,2025-04-25,BCA PT. ASA324/ADL-LG/IV/2025,DP 50% Pemasangan Pipa Jaringan Kawasan (20/SPK-ADP/IV/2025) - Saiful Anwar,10.202.018 SALURAN DISTRIBUSI AIR,10.101.003 BCA (8162440909 an PT. Adhiland Sukses Abadi),,21775000,495255725,
Lumiera Garden,Bank,2025-04-25,BCA PT. ASA323/ADL-LG/IV/2025,Reimburse Pak Sugeng (Upah pasang patok beton BPN),"10.201.012 PENGUKURAN ""BPN""",10.101.003 BCA (8162440909 an PT. Adhiland Sukses Abadi),,100000,517030725,
Lumiera Garden,Bank,2025-04-25,BCA PT. ASA322/ADL-LG/IV/2025,"Reimburse Pak Sugeng (inventaris batu asah inax, meteran 7,5 - 2 nota)",60.104.001 OPERASIONAL KANTOR,10.101.003 BCA (8162440909 an PT. Adhiland Sukses Abadi),,64000,517130725,
Lumiera Garden,Bank,2025-04-25,BCA PT. ASA321/ADL-LG/IV/2025,"Reimburse Pak Sugeng (bensin alkon,oli alkon, kresek sampah, sapu, bendrat - 6 nota)",60.104.001 OPERASIONAL KANTOR,10.101.003 BCA (8162440909 an PT. Adhiland Sukses Abadi),,230000,517194725,
Lumiera Garden,Bank,2025-04-25,BCA PT. ASA320/ADL-LG/IV/2025,Reimburse Pak Roy (Pertalite Avanza / 230425),60.104.007 BENSIN OPERASIONAL,10.101.003 BCA (8162440909 an PT. Adhiland Sukses Abadi),,300000,517424725,
Lumiera Garden,Bank,2025-04-25,BCA PT. ASA320/ADL-LG/IV/2025,Reimburse Pak Roy (Top Up E- Toll / 2 nota),60.104.011 PERJALANAN DINAS,10.101.003 BCA (8162440909 an PT. Adhiland Sukses Abadi),,150000,517724725,
Lumiera Garden,Bank,2025-04-25,BCA PT. ASA319/ADL-LG/IV/2025 II Map Kuning (13),Budgeting CRD Listrik Kawasan,10.101.004 SILANG KAS,10.101.003 BCA (8162440909 an PT. Adhiland Sukses Abadi),,1003000,517874725,
Lumiera Garden,Tunai,2025-04-25,Kas Kecil(25) Jaya Cookies,Pembelian Aneka Kue Basah (Monthly Marketing),60.104.013 MEETING,10.101.001 KAS KECIL,,68500,518877725,
Lumiera Garden,Tunai,2025-04-24,,Pindah Saldo,10.101.001 KAS KECIL,10.101.002 CASH/TUNAI,,,518946225,
Lumiera Garden,Bank,2025-04-24,BCA PT. ASA318/ADL-LG/IV/2025,Pelunasan Seragam Poloshirt (Warna Biru & Putih) / 2 pcs - Baboon T-Shirt Garment,60.104.001 OPERASIONAL KANTOR,10.101.003 BCA (8162440909 an PT. Adhiland Sukses Abadi),,160000,518946225,
Lumiera Garden,Bank,2025-04-24,BCA PT. ASA318/ADL-LG/IV/2025,Pelunasan Seragam Kemeja PDH (Warna Kuning) / 3 pcs - Baboon T-Shirt Garment,60.104.001 OPERASIONAL KANTOR,10.101.003 BCA (8162440909 an PT. Adhiland Sukses Abadi),,277500,519106225,
Lumiera Garden,Bank,2025-04-24,BCA PT. ASA318/ADL-LG/IV/2025,Pelunasan Seragam Kemeja PDH (Warna Biru) / 3 pcs - Baboon T-Shirt Garment,60.104.001 OPERASIONAL KANTOR,10.101.003 BCA (8162440909 an PT. Adhiland Sukses Abadi),,300000,519383725,
Lumiera Garden,Bank,2025-04-24,BCA PT. ASA317/ADL-LG/IV/2025,DP Gambar DED Tandon - Sandy Hermawan,10.202.020 TANDON AIR,10.101.003 BCA (8162440909 an PT. Adhiland Sukses Abadi),,1000000,519683725,
Lumiera Garden,Bank,2025-04-24,BCA PT. ASA310/ADL-LG/IV/2025,Jasa Ukur BPN,"10.201.012 PENGUKURAN ""BPN""",10.101.003 BCA (8162440909 an PT. Adhiland Sukses Abadi),,2000000,520683725,
Lumiera Garden,Tunai,2025-04-24,Kas Kecil316/ADL-LG/IV/2025,Get Contact LG + Admin (Telle),60.104.001 OPERASIONAL KANTOR,10.101.001 KAS KECIL,,22090,522683725,
Lumiera Garden,Tunai,2025-04-24,Kas Kecil(24) Nota,Pembelian Gula 1kg & Galon 1 pcs,60.104.001 OPERASIONAL KANTOR,10.101.001 KAS KECIL,,39000,522705815,
Lumiera Garden,Tunai,2025-04-21,Kas Kecil315/ADL-LG/IV/2025,Cue Card 2 Eksemplar - Light Printing,60.101.004 BEBAN ADVERTISING,10.101.001 KAS KECIL,,32400,522744815,
Lumiera Garden,Tunai,2025-04-21,Kas Kecil314/ADL-LG/IV/2025,"Banner Bukber Adhiland uk. 3 x 1,5 - Light Printing",60.101.004 BEBAN ADVERTISING,10.101.001 KAS KECIL,,67500,522777215,
Lumiera Garden,Tunai,2025-04-21,Kas Kecil313/ADL-LG/IV/2025,Pembelian Material Instalasi Listrik Kantor Lt.3 - Gajayana Electronics,60.104.019 RENOVASI KANTOR,10.101.001 KAS KECIL,,546500,522844715,
Lumiera Garden,Tunai,2025-04-21,Kas Kecil312/ADL-LG/IV/2025,Air Kerja bulan April 2025,60.104.004 TAGIHAN PDAM,10.101.001 KAS KECIL,,200000,523391215,
Lumiera Garden,Tunai,2025-04-21,Kas Kecil,Pengembalian Hutang dari Sigura-Gura,10.101.001 KAS KECIL,10.102.010 PIUTANG SIGURA-GURA,846400,,523591215,
Lumiera Garden,Tunai,2025-04-19,,Pindah Saldo,10.101.001 KAS KECIL,10.101.002 CASH/TUNAI,,,522744815,
Lumiera Garden,Bank,2025-04-19,BCA PT. ASA309/ADL-LG/IV/2025,Pemindahan Taman Kavling 5-12 & Pembuatan Taman Lumiera Kav. C-5 - LK-1 2- Jasa Landscape Abadi,10.202.008 TAMAN DAN PENGHIJAUAN,10.101.003 BCA (8162440909 an PT. Adhiland Sukses Abadi),,7000000,522744815,
Lumiera Garden,Bank,2025-04-19,BCA PT. ASA308/ADL-LG/IV/2025,Kas Bon Karyawan (OB / Andik Sutrisno),10.102.011 PIUTANG KARYAWAN,10.101.003 BCA (8162440909 an PT. Adhiland Sukses Abadi),,3000000,529744815,
Lumiera Garden,Bank,2025-04-19,BCA PT. ASA307/ADL-LG/IV/2025,Kas Bon Karyawan (Security / Della Herman Wahyudi),10.102.011 PIUTANG KARYAWAN,10.101.003 BCA (8162440909 an PT. Adhiland Sukses Abadi),,400000,532744815,
Lumiera Garden,Tunai,2025-04-19,Kas Kecil,Parkir BCA Basrah,60.104.001 OPERASIONAL KANTOR,10.101.001 KAS KECIL,,2000,533144815,
Lumiera Garden,Tunai,2025-04-19,Kas Kecil311/ADL-LG/IV/2025,Reimburse Pak Adhi (Weekly Pak Rendra / 140425),60.104.013 MEETING,10.101.001 KAS KECIL,,185582,533146815,
Lumiera Garden,Tunai,2025-04-19,Kas Kecil311/ADL-LG/IV/2025,Reimburse Pak Adhi (Pilox Black Doff untuk batas patok / 110425),"10.201.012 PENGUKURAN ""BPN""",10.101.001 KAS KECIL,,45000,533332397,
Lumiera Garden,Tunai,2025-04-19,Kas Kecil311/ADL-LG/IV/2025,Reimburse Pak Adhi (Weekly Direksi / 240325),60.104.013 MEETING,10.101.001 KAS KECIL,,184053,533377397,
Lumiera Garden,Tunai,2025-04-17,Kas Kecil(23) Sido Mulia,Kopi Sido Mulia 1B (500 gr / 6 plastik),60.104.001 OPERASIONAL KANTOR,10.101.001 KAS KECIL,,360000,533561450,
Lumiera Garden,Tunai,2025-04-17,Kas Kecil(22) Nota,Galon Aqua (Lokasi Sigura-Gura),60.104.001 OPERASIONAL KANTOR,10.101.001 KAS KECIL,,22000,533921450,
Lumiera Garden,Bank,2025-04-16,BCA PT. ASA306/ADL-LG/IV/2025,DP Seragam Poloshirt (Warna Biru & Putih) / 2 pcs - Baboon T-Shirt Garment,60.104.001 OPERASIONAL KANTOR,10.101.003 BCA (8162440909 an PT. Adhiland Sukses Abadi),,160000,533943450,
Lumiera Garden,Bank,2025-04-16,BCA PT. ASA306/ADL-LG/IV/2025,DP Seragam Kemeja PDH (Warna Kuning) / 3 pcs - Baboon T-Shirt Garment,60.104.001 OPERASIONAL KANTOR,10.101.003 BCA (8162440909 an PT. Adhiland Sukses Abadi),,277500,534103450,
Lumiera Garden,Bank,2025-04-16,BCA PT. ASA306/ADL-LG/IV/2025,DP Seragam Kemeja PDH (Warna Biru) / 3 pcs - Baboon T-Shirt Garment,60.104.001 OPERASIONAL KANTOR,10.101.003 BCA (8162440909 an PT. Adhiland Sukses Abadi),,300000,534380950,
Lumiera Garden,Bank,2025-04-15,BCA PT. ASA305/ADL-LG/IV/2025,Biaya Admin,60.104.010 ADMINISTRASI BANK,10.101.003 BCA (8162440909 an PT. Adhiland Sukses Abadi),,2500,534680950,
Lumiera Garden,Bank,2025-04-15,BCA PT. ASA305/ADL-LG/IV/2025,Pembelian Material Kabel TC 60m & STK Listrik Kerja - Warung Listrik (Warlis),10.202.028 LISTRIK LOKASI,10.101.003 BCA (8162440909 an PT. Adhiland Sukses Abadi),,505000,534683450,
Lumiera Garden,Bank,2025-04-11,BCA PT. ASA304/ADL-LG/IV/2025 II Map Kuning (12),Budgeting CRD Listrik & Pupuk,10.101.004 SILANG KAS,10.101.003 BCA (8162440909 an PT. Adhiland Sukses Abadi),,1153000,535188450,
Lumiera Garden,Bank,2025-04-11,BCA PT. ASA303/ADL-LG/IV/2025,Reimburse Amin (Kekurangan dana Kue Lebaran),60.104.001 OPERASIONAL KANTOR,10.101.003 BCA (8162440909 an PT. Adhiland Sukses Abadi),,358700,536341450,
Lumiera Garden,Bank,2025-04-11,BCA PT. ASA302/ADL-LG/IV/2025,Reimburse Pak Rula (Upah Pasang & Material MCB Tambah Daya Listrik Fasum),10.202.028 LISTRIK LOKASI,10.101.003 BCA (8162440909 an PT. Adhiland Sukses Abadi),,350000,536700150,
Lumiera Garden,Bank,2025-04-11,BCA PT. ASA301/ADL-LG/IV/2025,DP 20% Pek. Pengeboran Sumur (11/SPK-ADB/IV/2025) - Kasmari,10.202.022 PENGEBORAN AIR BERSIH/SUMUR,10.101.003 BCA (8162440909 an PT. Adhiland Sukses Abadi),,13000000,537050150,
Lumiera Garden,Bank,2025-04-11,BCA PT. ASA300/ADL-LG/IV/2025,Wifi Project bulan April (Biznet Home),60.104.006 TAGIHAN WIFI,10.101.003 BCA (8162440909 an PT. Adhiland Sukses Abadi),,416250,550050150,
Lumiera Garden,Bank,2025-04-11,BCA PT. ASA299/ADL-LG/IV/2025,Reimburse Pak Rula (Pertamax Avanza - 260325),60.104.007 BENSIN OPERASIONAL,10.101.003 BCA (8162440909 an PT. Adhiland Sukses Abadi),,200000,550466400,
Lumiera Garden,Bank,2025-04-11,BCA PT. ASA299/ADL-LG/IV/2025,Reimburse Pak Rula (Monthly Direksi - 030325),60.104.013 MEETING,10.101.003 BCA (8162440909 an PT. Adhiland Sukses Abadi),,200000,550666400,
Lumiera Garden,Bank,2025-04-11,BCA PT. ASA298/ADL-LG/IV/2025,Pembelian Tatakan Laptop Tellemarketing,60.104.001 OPERASIONAL KANTOR,10.101.003 BCA (8162440909 an PT. Adhiland Sukses Abadi),,46900,550866400,
Lumiera Garden,Bank,2025-04-11,BCA PT. ASA298/ADL-LG/IV/2025,Pembelian Tatakan Galon Lt.3,60.104.001 OPERASIONAL KANTOR,10.101.003 BCA (8162440909 an PT. Adhiland Sukses Abadi),,76600,550913300,
Lumiera Garden,Bank,2025-04-11,BCA PT. ASA298/ADL-LG/IV/2025,Pembelian Pompa Galon Lt.3,60.104.001 OPERASIONAL KANTOR,10.101.003 BCA (8162440909 an PT. Adhiland Sukses Abadi),,39000,550989900,
Lumiera Garden,Bank,2025-04-11,BCA PT. ASA297/ADL-LG/IV/2025,Pembelian Token Listrik Ruko Suhat (ID Pel : 513110771875 an Wisnu Novianto),60.104.003 TOKEN PLN,10.101.003 BCA (8162440909 an PT. Adhiland Sukses Abadi),,1003000,551028900,
Lumiera Garden,Bank,2025-04-11,BCA PT. ASA297/ADL-LG/IV/2025,Pembayaran Halo Call Center (08113646900),60.104.005 TAGIHAN HALO CALL CENTER (08113646900),10.101.003 BCA (8162440909 an PT. Adhiland Sukses Abadi),,202800,552031900,
Lumiera Garden,Tunai,2025-04-11,Cash/Tunai,Pinjaman untuk Sigura-Gura (TTD Fasum - bu Nadia),10.102.010 PIUTANG SIGURA-GURA,10.101.002 CASH/TUNAI,,1000000,552234700,
Lumiera Garden,Bank,2025-04-10,BCA PT. ASA296/ADL-LG/IV/2025,Biaya Admin,60.104.010 ADMINISTRASI BANK,10.101.003 BCA (8162440909 an PT. Adhiland Sukses Abadi),,2500,553234700,
Lumiera Garden,Bank,2025-04-10,BCA PT. ASA296/ADL-LG/IV/2025,Ads,60.101.005 BEBAN DIGITAL ADS,10.101.003 BCA (8162440909 an PT. Adhiland Sukses Abadi),,10000000,553237200,
Lumiera Garden,Bank,2025-04-10,BCA PT. ASALK 3,Pembayaran Pelunasan / Angsuran 3 Kavling LK-03 an Rachmadiana Sari,10.101.003 BCA (8162440909 an PT. Adhiland Sukses Abadi),20.101.001 UANG MUKA,145000000,,563237200,
Lumiera Garden,Tunai,2025-04-09,Cash/Tunai,Pembayaran Hutang ke Joyo Agung (Komisi RK-11),20.103.009 HUTANG JOYO AGUNG 2,10.101.002 CASH/TUNAI,,20504000,418237200,
Lumiera Garden,Bank,2025-04-04,BCA PT. ASALK 7,Pembayaran Angsuran Ke-4 Rukost Kavling LK-07 an Heny Susanti,10.101.003 BCA (8162440909 an PT. Adhiland Sukses Abadi),20.101.001 UANG MUKA,50000000,,438741200,
Lumiera Garden,Bank,2025-04-03,BCA PT. ASALK 15,ITJ Kavling LK-15 an Dimas Perdana,10.101.003 BCA (8162440909 an PT. Adhiland Sukses Abadi),20.101.002 UANG TANDA JADI,5000000,,388741200,
Lumiera Garden,Bank,2025-03-31,BCA PT. ASA,Pajak Bunga,60.104.029 BEBAN PAJAK LAINNYA/PAJAK BUNGA,10.101.003 BCA (8162440909 an PT. Adhiland Sukses Abadi),,495,383741200,
Lumiera Garden,Bank,2025-03-31,BCA PT. ASA,Bunga Bank,10.101.003 BCA (8162440909 an PT. Adhiland Sukses Abadi),40.102.001 BUNGA BANK,2477,,383741695,
Lumiera Garden,Bank,2025-03-31,BCA PT. ASA,Admin Bank (Potongan Bulanan),60.104.010 ADMINISTRASI BANK,10.101.003 BCA (8162440909 an PT. Adhiland Sukses Abadi),,30000,383739219,
Lumiera Garden,Bank,2025-03-27,BCA PT. ASA294/ADL-LG/III/2025,Wifi Project bulan Maret (Biznet Home),60.104.006 TAGIHAN WIFI,10.101.003 BCA (8162440909 an PT. Adhiland Sukses Abadi),,416250,383769219,
Lumiera Garden,Bank,2025-03-27,BCA PT. ASA293/ADL-LG/III/2025,Tambah Daya PLN (PJU Lumiera),10.202.028 LISTRIK LOKASI,10.101.003 BCA (8162440909 an PT. Adhiland Sukses Abadi),,2153550,384185469,
Lumiera Garden,Bank,2025-03-27,BCA PT. ASA292/ADL-LG/III/2025,Termin 1 Perpanjangan Billboard Kawi,60.101.004 BEBAN ADVERTISING,10.101.003 BCA (8162440909 an PT. Adhiland Sukses Abadi),,20000000,386339019,
Lumiera Garden,Bank,2025-03-27,BCA PT. ASA,Admin Bank,60.104.010 ADMINISTRASI BANK,10.101.003 BCA (8162440909 an PT. Adhiland Sukses Abadi),,2500,406339019,
Lumiera Garden,Bank,2025-03-27,BCA PT. ASA291/ADL-LG/III/2025,Pelunasan Neon Box Stand,60.101.004 BEBAN ADVERTISING,10.101.003 BCA (8162440909 an PT. Adhiland Sukses Abadi),,6250000,406341519,
Lumiera Garden,Bank,2025-03-27,BCA PT. ASA,Gaji Karyawan bulan Maret 2025,60.102.001 GAJI KARYAWAN TETAP,10.101.003 BCA (8162440909 an PT. Adhiland Sukses Abadi),,131285847,412591519,
Lumiera Garden,Bank,2025-03-27,BCA PT. ASA,Admin Bank,60.104.010 ADMINISTRASI BANK,10.101.003 BCA (8162440909 an PT. Adhiland Sukses Abadi),,2500,543877366,
Lumiera Garden,Bank,2025-03-27,BCA PT. ASA290/ADL-LG/III/2025,Pembelian Stopkontak & Saklar (Kantor) - Warung Listrik Warlis,60.104.001 OPERASIONAL KANTOR,10.101.003 BCA (8162440909 an PT. Adhiland Sukses Abadi),,80000,543879866,
Lumiera Garden,Bank,2025-03-27,BCA PT. ASA290/ADL-LG/III/2025,Pembelian Kabel NYM 2x15 (Project) - Warung Listrik Warlis,10.202.012 PENERANGAN JALAN UMUM,10.101.003 BCA (8162440909 an PT. Adhiland Sukses Abadi),,450000,543959866,
Lumiera Garden,Bank,2025-03-27,BCA PT. ASA,Pembayaran Hutang ke Joyo Agung (Termin 50% Pembangunan Kav. RK-12 - Dwi Arie),20.103.009 HUTANG JOYO AGUNG 2,10.101.003 BCA (8162440909 an PT. Adhiland Sukses Abadi),,167875000,544409866,
Lumiera Garden,Tunai,2025-03-27,Kas Kecil289/ADL-LG/III/2025,Iuran Sampah Kantor/Ruko bulan Maret 2025,60.104.012 KEAMANAN DAN KEBERSIHAN,10.101.001 KAS KECIL,,75000,712284866,
Lumiera Garden,Tunai,2025-03-27,Kas Kecil295/ADL-LG/III/2025,Bambu Umbul-umbul,60.101.004 BEBAN ADVERTISING,10.101.001 KAS KECIL,,530000,712359866,
Lumiera Garden,Tunai,2025-03-27,Kas Kecil,Pengembalian Hutang dari Sigura-Gura,10.101.001 KAS KECIL,10.102.010 PIUTANG SIGURA-GURA,530000,,712889866,
Lumiera Garden,Bank,2025-03-26,BCA PT. ASAKW 007,"Pembayaran Pelunasan (2) Pembelian Unit Rumah Kav. C-03 an Tri Prasetyaningrum, SE.,MM",10.101.003 BCA (8162440909 an PT. Adhiland Sukses Abadi),20.101.001 UANG MUKA,14000000,,712359866,
Lumiera Garden,Bank,2025-03-26,BCA PT. ASA,Pembayaran Hutang ke Joyo Agung (Pelunasan Cetak V Banner Adhiland+Pasang+Izin),20.103.009 HUTANG JOYO AGUNG 2,10.101.003 BCA (8162440909 an PT. Adhiland Sukses Abadi),,14562500,698359866,
Lumiera Garden,Bank,2025-03-26,BCA PT. ASA,Pembayaran Hutang ke Joyo Agung (Termin 50% Pembangunan Kav. RK-09 - Dudun Jaenal),20.103.009 HUTANG JOYO AGUNG 2,10.101.003 BCA (8162440909 an PT. Adhiland Sukses Abadi),,179400000,712922366,
Lumiera Garden,Bank,2025-03-26,BCA PT. ASA,Admin Bank,60.104.010 ADMINISTRASI BANK,10.101.003 BCA (8162440909 an PT. Adhiland Sukses Abadi),,2500,892322366,
Lumiera Garden,Bank,2025-03-26,BCA PT. ASA285/ADL-LG/III/2025,Umbul-umbul uk 500 x 85 / 20 pcs,60.101.004 BEBAN ADVERTISING,10.101.003 BCA (8162440909 an PT. Adhiland Sukses Abadi),,3050000,892324866,
Lumiera Garden,Bank,2025-03-26,BCA PT. ASA284/ADL-LG/III/2025,"Budgeting Kue Lebaran (Kue, Mineral, Permen)",60.104.001 OPERASIONAL KANTOR,10.101.003 BCA (8162440909 an PT. Adhiland Sukses Abadi),,1782000,895374866,
Lumiera Garden,Bank,2025-03-26,BCA PT. ASA283/ADL-LG/III/2025,Reimburse Pak Sugeng (Pembelian Le Mineral),60.104.001 OPERASIONAL KANTOR,10.101.003 BCA (8162440909 an PT. Adhiland Sukses Abadi),,22000,897156866,
Lumiera Garden,Bank,2025-03-26,BCA PT. ASA283/ADL-LG/III/2025,Reimburse Pak Sugeng (Pembelian Sapu Lidi untuk pembersihan jalan),60.104.001 OPERASIONAL KANTOR,10.101.003 BCA (8162440909 an PT. Adhiland Sukses Abadi),,30000,897178866,
Lumiera Garden,Bank,2025-03-26,BCA PT. ASA283/ADL-LG/III/2025,Reimburse Pak Sugeng (Pembelian Material Bouwplank Kavling),10.202.002 PENGUKURAN BLOK-KAVLING,10.101.003 BCA (8162440909 an PT. Adhiland Sukses Abadi),,65000,897208866,
Lumiera Garden,Bank,2025-03-26,BCA PT. ASA282/ADL-LG/III/2025,Supply Paving (No. KW 0214/FI-SO/II/2025) - Focon,10.202.004 PAVING,10.101.003 BCA (8162440909 an PT. Adhiland Sukses Abadi),,12837083,897273866,
Lumiera Garden,Bank,2025-03-26,BCA PT. ASA281/ADL-LG/III/2025,Supply Paving (No. KW 0252/FI-SO/II/2025) - Focon,10.202.004 PAVING,10.101.003 BCA (8162440909 an PT. Adhiland Sukses Abadi),,5220774,910110949,
Lumiera Garden,Bank,2025-03-26,BCA PT. ASA280/ADL-LG/III/2025,Renovasi Kantor Ruang Direksi - Suroso,60.104.019 RENOVASI KANTOR,10.101.003 BCA (8162440909 an PT. Adhiland Sukses Abadi),,9000000,915331723,
Lumiera Garden,Tunai,2025-03-26,Kas Kecil288/ADL-LG/III/2025,Reimburse Pak Adhi (Stiker Sandblast Ruangan),60.104.001 OPERASIONAL KANTOR,10.101.001 KAS KECIL,,500000,924331723,
Lumiera Garden,Tunai,2025-03-26,Kas Kecil287/ADL-LG/III/2025,Reimburse Pak Adhi (Loker 4 Susun Marketing Gallery+Ongkir+Rakit),11.101.001 PERALATAN KANTOR,10.101.001 KAS KECIL,,1015000,924831723,
Lumiera Garden,Tunai,2025-03-26,Kas Kecil,Pengembalian Hutang dari Sigura-Gura,10.101.001 KAS KECIL,10.102.010 PIUTANG SIGURA-GURA,1515000,,925846723,
Lumiera Garden,Tunai,2025-03-26,Cash/Tunai286/ADL-LG/III/2025,Termin 100% Pekerjaan Plengseng Timur & Galian (06/SPK-ADP/II/2025) - Arifin,10.202.041 PLENGSENG,10.101.002 CASH/TUNAI,,110435000,924331723,
Lumiera Garden,Tunai,2025-03-26,Cash/Tunai,Pengembalian Hutang dari Sigura-Gura,10.101.002 CASH/TUNAI,10.102.010 PIUTANG SIGURA-GURA,100000000,,1034766723,
Lumiera Garden,Bank,2025-03-25,BCA PT. ASAKW 007,"Pembayaran Pelunasan (1) Pembelian Unit Rumah Kav. C-03 an Tri Prasetyaningrum, SE.,MM",10.101.003 BCA (8162440909 an PT. Adhiland Sukses Abadi),20.101.001 UANG MUKA,350000000,,934766723,
Lumiera Garden,Tunai,2025-03-25,Kas Kecil(21) SHC,Pembelian Kabel Sambungan Printer ( USB Extension 3M V.2D),60.104.001 OPERASIONAL KANTOR,10.101.001 KAS KECIL,,35000,584766723,
Lumiera Garden,Bank,2025-03-22,BCA PT. ASA,THR Lebaran 2025,60.102.006 THR,10.101.003 BCA (8162440909 an PT. Adhiland Sukses Abadi),,112867666,584801723,
Lumiera Garden,Bank,2025-03-21,BCA PT. ASA279/ADL-LG/III/2025,Reimburse Yusril (Bensin Marcomm),60.104.001 OPERASIONAL KANTOR,10.101.003 BCA (8162440909 an PT. Adhiland Sukses Abadi),,30000,697669389,
Lumiera Garden,Bank,2025-03-21,BCA PT. ASA278/ADL-LG/III/2025,"Perbaikan Kantor Lt.3 (Atap, Lampu, Lantai) - Suroso",60.104.019 RENOVASI KANTOR,10.101.003 BCA (8162440909 an PT. Adhiland Sukses Abadi),,1300000,697699389,
Lumiera Garden,Bank,2025-03-21,BCA PT. ASA277/ADL-LG/III/2025,Instalasi AC Ruko Suhat Lt.1 - Dany Service,60.104.019 RENOVASI KANTOR,10.101.003 BCA (8162440909 an PT. Adhiland Sukses Abadi),,1017500,698999389,
Lumiera Garden,Bank,2025-03-21,BCA PT. ASA276/ADL-LG/III/2025,Supply Kanstein & Paving (No.KW 0203/FI-SO/II/2025) - Focon,10.202.004 PAVING,10.101.003 BCA (8162440909 an PT. Adhiland Sukses Abadi),,111640093,700016889,
Lumiera Garden,Bank,2025-03-21,BCA PT. ASA275/ADL-LG/III/2025,"Pekerjaan Bongkar Pasang Paving, Avour, Sudet - Arifin",10.202.004 PAVING,10.101.003 BCA (8162440909 an PT. Adhiland Sukses Abadi),,4660000,811656982,
Lumiera Garden,Bank,2025-03-21,BCA PT. ASA274/ADL-LG/III/2025,Pembelian Pasir Paving untuk / 15 Rit (16 Feb - 01 Mar 2025) -Arifin,10.202.004 PAVING,10.101.003 BCA (8162440909 an PT. Adhiland Sukses Abadi),,14250000,816316982,
Lumiera Garden,Bank,2025-03-21,BCA PT. ASA273/ADL-LG/III/2025,Reimburse Pak Dian (Pembelian Stopkontak CCTV Lumiera),10.202.015 KEAMANAN,10.101.003 BCA (8162440909 an PT. Adhiland Sukses Abadi),,20000,830566982,
Lumiera Garden,Bank,2025-03-21,BCA PT. ASA272/ADL-LG/III/2025,Biaya Admin,60.104.010 ADMINISTRASI BANK,10.101.003 BCA (8162440909 an PT. Adhiland Sukses Abadi),,2500,830586982,
Lumiera Garden,Bank,2025-03-21,BCA PT. ASA272/ADL-LG/III/2025,Retensi 5% Pekerjaan Pasang Paving Stone (29/SPK.ADP-LG/XII/2024) - Agus Hasan Ashari,10.202.004 PAVING,10.101.003 BCA (8162440909 an PT. Adhiland Sukses Abadi),,2256500,830589482,
Lumiera Garden,Bank,2025-03-21,BCA PT. ASA271/ADL-LG/III/2025,Reimburse Pak Adhi (Top Up E-Toll - SIPA),60.104.011 PERJALANAN DINAS,10.101.003 BCA (8162440909 an PT. Adhiland Sukses Abadi),,100000,832845982,
Lumiera Garden,Bank,2025-03-21,BCA PT. ASA271/ADL-LG/III/2025,Reimburse Pak Adhi (Weekly Meeting Pak Rendra),60.104.013 MEETING,10.101.003 BCA (8162440909 an PT. Adhiland Sukses Abadi),,297904,832945982,
Lumiera Garden,Bank,2025-03-21,BCA PT. ASA270/ADL-LG/III/2025,Reimburse Pak Roy (Pertamax Zenix),60.104.007 BENSIN OPERASIONAL,10.101.003 BCA (8162440909 an PT. Adhiland Sukses Abadi),,300000,833243886,
Lumiera Garden,Bank,2025-03-21,BCA PT. ASA,Pembayaran Hutang ke Joyo Agung (Komisi Operasional Komisaris),20.103.009 HUTANG JOYO AGUNG 2,10.101.003 BCA (8162440909 an PT. Adhiland Sukses Abadi),,50000000,833543886,
Lumiera Garden,Bank,2025-03-21,BCA PT. ASA269/ADL-LG/III/2025 II Map Kuning (11),Budgeting CRD Listrik & Sabit,10.101.004 SILANG KAS,10.101.003 BCA (8162440909 an PT. Adhiland Sukses Abadi),,913000,883543886,
Lumiera Garden,Bank,2025-03-21,BCA PT. ASA268/ADL-LG/III/2025,Open Table MOG (1-31 Maret 2025),60.101.006 EXPO,10.101.003 BCA (8162440909 an PT. Adhiland Sukses Abadi),,19000000,884456886,
Lumiera Garden,Bank,2025-03-21,BCA PT. ASA267/ADL-LG/III/2025,DP Cetak+Pasang+Izin V Banner Adhiland,60.101.004 BEBAN ADVERTISING,10.101.003 BCA (8162440909 an PT. Adhiland Sukses Abadi),,29125000,903456886,
Lumiera Garden,Bank,2025-03-21,BCA PT. ASA266/ADL-LG/III/2025,Biaya Admin,60.104.010 ADMINISTRASI BANK,10.101.003 BCA (8162440909 an PT. Adhiland Sukses Abadi),,2500,932581886,
Lumiera Garden,Bank,2025-03-21,BCA PT. ASA266/ADL-LG/III/2025,DP Neon Box - CV. Sinar Prima Indonesia,60.101.004 BEBAN ADVERTISING,10.101.003 BCA (8162440909 an PT. Adhiland Sukses Abadi),,6250000,932584386,
Lumiera Garden,Bank,2025-03-21,BCA PT. ASA265/ADL-LG/III/2025,Pembelian Tempat Pensil Lt.3,60.104.001 OPERASIONAL KANTOR,10.101.003 BCA (8162440909 an PT. Adhiland Sukses Abadi),,15332,938834386,
Lumiera Garden,Bank,2025-03-21,BCA PT. ASA265/ADL-LG/III/2025,Pembelian Tempat Sampah Lt.3,60.104.001 OPERASIONAL KANTOR,10.101.003 BCA (8162440909 an PT. Adhiland Sukses Abadi),,47107,938849718,
Lumiera Garden,Bank,2025-03-21,BCA PT. ASA265/ADL-LG/III/2025,Pembelian Tempat Tisu Lt.3,60.104.001 OPERASIONAL KANTOR,10.101.003 BCA (8162440909 an PT. Adhiland Sukses Abadi),,22701,938896825,
Lumiera Garden,Tunai,2025-03-20,Kas Kecil264/ADL-LG/III/2025,Get Contact LG (Telle),10.101.004 SILANG KAS,10.101.001 KAS KECIL,,30000,938919526,
Lumiera Garden,Tunai,2025-03-19,Cash/Tunai263/ADL-LG/III/2025,Kompensasi BPN Pertek Lumiera 2000/m (luas 6954),10.201.011 PERIJINAN,10.101.002 CASH/TUNAI,,14000000,938949526,
Lumiera Garden,Bank,2025-03-18,BCA PT. ASA261/ADL-LG/III/2025,PC Marcomm - Galaxy Solusindo,11.101.001 PERALATAN KANTOR,10.101.003 BCA (8162440909 an PT. Adhiland Sukses Abadi),,21664000,952949526,
Lumiera Garden,Tunai,2025-03-18,Cash/Tunai262/ADL-LG/III/2025,Santunan Anak Yatim / 20 anak (Acara APERSI),60.104.002 SUMBANGAN/REWARD,10.101.002 CASH/TUNAI,,1000000,974613526,
Lumiera Garden,Bank,2025-03-17,BCA PT. ASA260/ADL-LG/III/2025,Budgeting Parcel Lebaran,60.102.009 PARCEL LEBARAN,10.101.003 BCA (8162440909 an PT. Adhiland Sukses Abadi),,16000000,975613526,
Lumiera Garden,Bank,2025-03-14,BCA PT. ASA255/ADL-LG/III/2025,Instalasi AC Ruko Suhat Lt.3 - Dany Service,60.104.019 RENOVASI KANTOR,10.101.003 BCA (8162440909 an PT. Adhiland Sukses Abadi),,2406000,991613526,
Lumiera Garden,Bank,2025-03-14,BCA PT. ASA254/ADL-LG/III/2025,Pelunasan Hitung Struktur Bangunan,10.201.011 PERIJINAN,10.101.003 BCA (8162440909 an PT. Adhiland Sukses Abadi),,1500000,994019526,
Lumiera Garden,Bank,2025-03-14,BCA PT. ASA253/ADL-LG/III/2025,Biaya Admin,60.104.010 ADMINISTRASI BANK,10.101.003 BCA (8162440909 an PT. Adhiland Sukses Abadi),,2500,995519526,
Lumiera Garden,Bank,2025-03-14,BCA PT. ASA253/ADL-LG/III/2025,Pembayaran Ads,60.101.005 BEBAN DIGITAL ADS,10.101.003 BCA (8162440909 an PT. Adhiland Sukses Abadi),,10000000,995522026,
Lumiera Garden,Bank,2025-03-14,BCA PT. ASA252/ADL-LG/III/2025,DP 50% Map Adhiland uk.33 x 46 (Terbuka),60.104.001 OPERASIONAL KANTOR,10.101.003 BCA (8162440909 an PT. Adhiland Sukses Abadi),,2750000,1005522026,
Lumiera Garden,Bank,2025-03-14,BCA PT. ASA251/ADL-LG/III/2025,Termin 3 Animasi 3D (202502/I/03) - Rura,10.201.021 ADVISE PLANNING GAMBAR 3D,10.101.003 BCA (8162440909 an PT. Adhiland Sukses Abadi),,1600000,1008272026,
Lumiera Garden,Bank,2025-03-14,BCA PT. ASA250/ADL-LG/III/2025,"Pembelian Paving 6cm uk 10 x 5 x 10,5 / 4 m2 dan biaya ongkos kirim - Duta Beton Group",10.202.004 PAVING,10.101.003 BCA (8162440909 an PT. Adhiland Sukses Abadi),,410000,1009872026,
Lumiera Garden,Bank,2025-03-14,BCA PT. ASA250/ADL-LG/III/2025,Pembelian Afur / 10 pcs - Duta Beton Group,10.202.004 PAVING,10.101.003 BCA (8162440909 an PT. Adhiland Sukses Abadi),,180000,1010282026,
Lumiera Garden,Bank,2025-03-14,BCA PT. ASA249/ADL-LG/III/2025,Sewa Alat Stamper Kodok (Pekerjaan Paving) - Mitra Kuli,10.202.003 PERATAAN TANAH/CUT & FILL,10.101.003 BCA (8162440909 an PT. Adhiland Sukses Abadi),,700000,1010462026,
Lumiera Garden,Bank,2025-03-14,BCA PT. ASA248/ADL-LG/III/2025,Reimburse Pak Sugeng (Pembelian semen untuk pekerjaan paving),10.202.004 PAVING,10.101.003 BCA (8162440909 an PT. Adhiland Sukses Abadi),,60000,1011162026,
Lumiera Garden,Bank,2025-03-14,BCA PT. ASA248/ADL-LG/III/2025,Reimburse Pak Sugeng (Pembelian pilox + semen untuk pekerjaan paving / 2 Nota),10.202.004 PAVING,10.101.003 BCA (8162440909 an PT. Adhiland Sukses Abadi),,248000,1011222026,
Lumiera Garden,Bank,2025-03-14,BCA PT. ASA247/ADL-LG/III/2025,Reimburse Pak Sugeng (Pembelian Bensin Alcon / 2 Nota),60.104.001 OPERASIONAL KANTOR,10.101.003 BCA (8162440909 an PT. Adhiland Sukses Abadi),,100000,1011470026,
Lumiera Garden,Bank,2025-03-14,BCA PT. ASA246/ADL-LG/III/2025,Token Listrik Ruko Suhat (ID Pel : 513110771875 an Wisnu Novianto),60.104.003 TOKEN PLN,10.101.003 BCA (8162440909 an PT. Adhiland Sukses Abadi),,1002500,1011570026,
Lumiera Garden,Bank,2025-03-14,BCA PT. ASA246/ADL-LG/III/2025,Pembayaran Call Center (08113646900),60.104.005 TAGIHAN HALO CALL CENTER (08113646900),10.101.003 BCA (8162440909 an PT. Adhiland Sukses Abadi),,102800,1012572526,
Lumiera Garden,Bank,2025-03-14,BCA PT. ASA245/ADL-LG/III/2025,DP Perhitungan Struktur Bangunan,10.201.011 PERIJINAN,10.101.003 BCA (8162440909 an PT. Adhiland Sukses Abadi),,1000000,1012675326,
Lumiera Garden,Tunai,2025-03-14,Kas Kecil259/ADL-LG/III/2025,Termin 50% Pekerjaan Plengseng Timur & Galian (06/SPK-ADP/II/2025) - Arifin,10.202.041 PLENGSENG,10.101.001 KAS KECIL,,110435000,1013675326,
Lumiera Garden,Tunai,2025-03-14,Kas Kecil258/ADL-LG/III/2025,Reimburse Pak Adhi (Pembelian Lemari Dokumen 2 laci),11.101.001 PERALATAN KANTOR,10.101.001 KAS KECIL,,1250000,1124110326,
Lumiera Garden,Tunai,2025-03-14,Kas Kecil258/ADL-LG/III/2025,Reimburse Pak Adhi (Pembelian Kursi Direktur RD322 / 4 pcs),11.101.001 PERALATAN KANTOR,10.101.001 KAS KECIL,,5200000,1125360326,
Lumiera Garden,Tunai,2025-03-14,Kas Kecil257/ADL-LG/III/2025,Reimburse Pak Adhi (Pembelian Traffic Cone),11.102.001 PERALATAN TEKNIK,10.101.001 KAS KECIL,,636900,1130560326,
Lumiera Garden,Tunai,2025-03-14,Kas Kecil257/ADL-LG/III/2025,Reimburse Pak Adhi (Pembelian Inventaris Meja Kursi Kantor),11.101.001 PERALATAN KANTOR,10.101.001 KAS KECIL,,7750000,1131197226,
Lumiera Garden,Tunai,2025-03-14,Kas Kecil257/ADL-LG/III/2025,Reimburse Pak Adhi (Jasa Instalasi Router Lt.3),60.104.001 OPERASIONAL KANTOR,10.101.001 KAS KECIL,,150000,1138947226,
Lumiera Garden,Tunai,2025-03-14,Kas Kecil257/ADL-LG/III/2025,Reimburse Pak Adhi (Pembelian Router+Kabel LAN+RJ 45),60.104.001 OPERASIONAL KANTOR,10.101.001 KAS KECIL,,845000,1139097226,
Lumiera Garden,Tunai,2025-03-14,Kas Kecil256/ADL-LG/III/2025,Air Kerja bulan Maret 2025,60.104.004 TAGIHAN PDAM,10.101.001 KAS KECIL,,200000,1139942226,
Lumiera Garden,Tunai,2025-03-14,Kas Kecil,Pengembalian Hutang dari Sigura-Gura,10.101.001 KAS KECIL,10.102.010 PIUTANG SIGURA-GURA,127000000,,1140142226,
Lumiera Garden,Bank,2025-03-11,BCA PT. ASALK 4,Pembayaran Pelunasan Ke-1 Pembelian Rukost Kavling LK-04 an Endah Kuswintari,10.101.003 BCA (8162440909 an PT. Adhiland Sukses Abadi),20.101.001 UANG MUKA,100000000,,1013142226,
Lumiera Garden,Bank,2025-03-11,BCA PT. ASALK 5,Pembayaran DP 2 Pembelian Rukost Kavling LK-05 an Ninik Yulaikah (3),10.101.003 BCA (8162440909 an PT. Adhiland Sukses Abadi),20.101.001 UANG MUKA,25000000,,913142226,
Lumiera Garden,Bank,2025-03-11,BCA PT. ASALK 5,Pembayaran DP 2 Pembelian Rukost Kavling LK-05 an Ninik Yulaikah (2),10.101.003 BCA (8162440909 an PT. Adhiland Sukses Abadi),20.101.001 UANG MUKA,25000000,,888142226,
Lumiera Garden,Bank,2025-03-11,BCA PT. ASALK 5,Pembayaran DP 2 Pembelian Rukost Kavling LK-05 an Ninik Yulaikah (1),10.101.003 BCA (8162440909 an PT. Adhiland Sukses Abadi),20.101.001 UANG MUKA,50000000,,863142226,
Lumiera Garden,Bank,2025-03-11,BCA PT. ASA244/ADL-LG/III/2025,SPS Pertek (Penerimaan Negara),10.201.011 PERIJINAN,10.101.003 BCA (8162440909 an PT. Adhiland Sukses Abadi),,628160,813142226,
Lumiera Garden,Bank,2025-03-08,BCA PT. ASA243/ADL-LG/III/2025,Pelunasan Bongkaran Armada Besar 75 rit - Amiet Sewu,10.202.003 PERATAAN TANAH/CUT & FILL,10.101.003 BCA (8162440909 an PT. Adhiland Sukses Abadi),,13000000,813770386,
Lumiera Garden,Bank,2025-03-07,BCA PT. ASA240/ADL-LG/III/2025,Sound Advance M10BT - Marcomm,60.104.001 OPERASIONAL KANTOR,10.101.003 BCA (8162440909 an PT. Adhiland Sukses Abadi),,298300,826770386,
Lumiera Garden,Bank,2025-03-07,BCA PT. ASA239/ADL-LG/III/2025 II Map Kuning (10),Budgeting CRD Operasional,10.101.004 SILANG KAS,10.101.003 BCA (8162440909 an PT. Adhiland Sukses Abadi),,846000,827068686,
Lumiera Garden,Bank,2025-03-07,BCA PT. ASA238/ADL-LG/III/2025,Sewa Billboard bulan Februari 2025 / Melati Husada - mm/ad,60.101.004 BEBAN ADVERTISING,10.101.003 BCA (8162440909 an PT. Adhiland Sukses Abadi),,20000000,827914686,
Lumiera Garden,Bank,2025-03-07,BCA PT. ASA237/ADL-LG/III/2025,"Refund ITJ Kavling RK-11 an Siti Asmaidah, SE",20.103.009 HUTANG JOYO AGUNG 2,10.101.003 BCA (8162440909 an PT. Adhiland Sukses Abadi),,5000000,847914686,
Lumiera Garden,Bank,2025-03-07,BCA PT. ASA236/ADL-LG/III/2025,CCTV Hight Tec,60.104.012 KEAMANAN DAN KEBERSIHAN,10.101.003 BCA (8162440909 an PT. Adhiland Sukses Abadi),,1892000,852914686,
Lumiera Garden,Bank,2025-03-07,BCA PT. ASA235/ADL-LG/III/2025,Admin Bank,60.104.010 ADMINISTRASI BANK,10.101.003 BCA (8162440909 an PT. Adhiland Sukses Abadi),,2500,854806686,
Lumiera Garden,Bank,2025-03-07,BCA PT. ASA235/ADL-LG/III/2025,Termin II Pek. Paving & Kanstin (29/SPK.ADP-LG/XII/2024) - Agus Hasan Ashari,10.202.004 PAVING,10.101.003 BCA (8162440909 an PT. Adhiland Sukses Abadi),,13716500,854809186,
Lumiera Garden,Bank,2025-03-07,BCA PT. ASA234/ADL-LG/III/2025,Komisi Tanah Pak Yazak,10.201.026 KOMISI PEMBELIAN TANAH,10.101.003 BCA (8162440909 an PT. Adhiland Sukses Abadi),,15200000,868525686,
Lumiera Garden,Bank,2025-03-07,BCA PT. ASA233/ADL-LG/III/2025,Reimburse Pak Roy (Bensin Pertamax Avanza / 010325),60.104.007 BENSIN OPERASIONAL,10.101.003 BCA (8162440909 an PT. Adhiland Sukses Abadi),,300000,883725686,
Lumiera Garden,Bank,2025-03-07,BCA PT. ASA232/ADL-LG/III/2025,Budgeting Acara Buka Bersama,60.104.018 EVENT KANTOR,10.101.003 BCA (8162440909 an PT. Adhiland Sukses Abadi),,15000000,884025686,
Lumiera Garden,Tunai,2025-03-07,Cash/Tunai242/ADL-LG/III/2025,Pekerjaan Pembangunan Gudang Perkakas - Arifin,10.202.025 GUDANG,10.101.002 CASH/TUNAI,,9400000,899025686,
Lumiera Garden,Tunai,2025-03-07,Cash/Tunai241/ADL-LG/III/2025,Pelunasan Pek. 100% Plengsengan (29/SPK/XII/2024) - Arifin,10.202.041 PLENGSENG,10.101.002 CASH/TUNAI,,91000000,908425686,
Lumiera Garden,Tunai,2025-03-07,Cash/Tunai,Pengembalian Hutang dari Sigura-Gura,10.101.002 CASH/TUNAI,10.102.010 PIUTANG SIGURA-GURA,100400000,,999425686,
Lumiera Garden,Bank,2025-03-06,BCA PT. ASALK 3,Pembayaran Angsuran 2 Kavling LK-03 an Rachmadiana Sari,10.101.003 BCA (8162440909 an PT. Adhiland Sukses Abadi),20.101.001 UANG MUKA,150000000,,899025686,
Lumiera Garden,Bank,2025-03-06,BCA PT. ASALK 11,"Pembayaran Pelunasan Rukost Kavling LK-11 an Debora Asih Natalia Alle, ST",10.101.003 BCA (8162440909 an PT. Adhiland Sukses Abadi),20.101.001 UANG MUKA,459000000,,749025686,
Lumiera Garden,Bank,2025-03-04,BCA PT. ASALK 7,Pembayaran Angsuran Ke-3 Rukost Kavling LK-07 an Heny Susanti,10.101.003 BCA (8162440909 an PT. Adhiland Sukses Abadi),20.101.001 UANG MUKA,50000000,,290025686,
Lumiera Garden,Bank,2025-03-03,BCA PT. ASA231/ADL-LG/III/2025,Pembelian AC Kantor Lt.3 - Universal Joyo Lestari,11.101.001 PERALATAN KANTOR,10.101.003 BCA (8162440909 an PT. Adhiland Sukses Abadi),,3048000,240025686,
Lumiera Garden,Bank,2025-03-01,BCA PT. ASA226/ADL-LG/III/2025,Upah Penjaga Alat /P.Didik (1-28 Februari 2025),10.101.004 SILANG KAS,10.101.003 BCA (8162440909 an PT. Adhiland Sukses Abadi),,1400000,243073686,
Lumiera Garden,Bank,2025-03-01,BCA PT. ASA225/ADL-LG/III/2025,Pelunasan Seragam Kemeja & Polo - Baboon T-Shirt Garment,60.104.001 OPERASIONAL KANTOR,10.101.003 BCA (8162440909 an PT. Adhiland Sukses Abadi),,6660000,244473686,
Lumiera Garden,Bank,2025-03-01,BCA PT. ASA,Pembayaran Gaji Karyawan (Februari),60.102.001 GAJI KARYAWAN TETAP,10.101.003 BCA (8162440909 an PT. Adhiland Sukses Abadi),,60219738,251133686,
Lumiera Garden,Tunai,2025-03-01,Kas Kecil230/ADL-LG/III/2025,Call Center Lumiera Garden,60.104.005 TAGIHAN HALO CALL CENTER (08113646900),10.101.001 KAS KECIL,,101000,311353424,
Lumiera Garden,Tunai,2025-03-01,Kas Kecil230/ADL-LG/III/2025,Pembelian Pengharum Ruangan Marcomm (Glade Fresh One EF70),60.104.001 OPERASIONAL KANTOR,10.101.001 KAS KECIL,,26000,311454424,
Lumiera Garden,Tunai,2025-03-01,Kas Kecil,Pengembalian Hutang dari Sigura-Gura,10.101.001 KAS KECIL,10.102.010 PIUTANG SIGURA-GURA,127000,,311480424,
Lumiera Garden,Tunai,2025-03-01,Kas Kecil229/ADL-LG/III/2025,Cetak Poster LG - Light Printing,60.104.001 OPERASIONAL KANTOR,10.101.001 KAS KECIL,,18000,311353424,
Lumiera Garden,Tunai,2025-03-01,Kas Kecil228/ADL-LG/III/2025,Admin Bank Setor Tunai (Pembayaran Termin Tanah - Inggrid Permata Lestari / 18 Feb 2025),60.104.010 ADMINISTRASI BANK,10.101.001 KAS KECIL,,8700,311371424,
Lumiera Garden,Tunai,2025-03-01,Kas Kecil226/ADL-LG/III/2025,Upah Penjaga Alat / P.Didik (01-28 Februari 2025),60.103.001 HONOR,10.101.001 KAS KECIL,,1400000,311380124,
Lumiera Garden,Tunai,2025-03-01,Kas Kecil,Penerimaan Pindah Buku dari BCA PT. ASA - Upah Penjaga Alat / P.Didik (01-28 Februari 2025),10.101.001 KAS KECIL,10.101.004 SILANG KAS,1400000,,312780124,
Lumiera Garden,Tunai,2025-03-01,Kas Kecil227/ADL-LG/III/2025,Kas Bon Pekerjaan Paving & Kanstein (29/SPK.ADP-LG/XII/2024) - Agus Hasan,10.202.004 PAVING,10.101.001 KAS KECIL,,5000000,311380124,
Lumiera Garden,Tunai,2025-03-01,Kas Kecil,Pengembalian Hutang dari Sigura-Gura,10.101.001 KAS KECIL,10.102.010 PIUTANG SIGURA-GURA,5000000,,316380124,
Lumiera Garden,Bank,2025-02-28,BCA PT. ASA,Pajak Bunga,60.104.029 BEBAN PAJAK LAINNYA/PAJAK BUNGA,10.101.003 BCA (8162440909 an PT. Adhiland Sukses Abadi),,15449,311380124,
Lumiera Garden,Bank,2025-02-28,BCA PT. ASA,Bunga Bank,10.101.003 BCA (8162440909 an PT. Adhiland Sukses Abadi),40.102.001 BUNGA BANK,77243,,311395572,
Lumiera Garden,Bank,2025-02-28,BCA PT. ASA,Biaya Admin (Potongan Bulanan),60.104.010 ADMINISTRASI BANK,10.101.003 BCA (8162440909 an PT. Adhiland Sukses Abadi),,30000,311318329,
Lumiera Garden,Bank,2025-02-28,BCA PT. ASA224/ADL-LG/II/2025,Pemasangan Wifi Biznet 200 Mbps,60.104.006 TAGIHAN WIFI,10.101.003 BCA (8162440909 an PT. Adhiland Sukses Abadi),,971250,311348329,
Lumiera Garden,Bank,2025-02-28,BCA PT. ASA223/ADL-LG/II/2025,Open Table MOG (1-28 Feb 2025) - IlhamiOrganizer,60.101.006 EXPO,10.101.003 BCA (8162440909 an PT. Adhiland Sukses Abadi),,18525000,312319579,
Lumiera Garden,Bank,2025-02-28,BCA PT. ASA222/ADL-LG/II/2025,Termin 2 (Progress 60%) Pek. Renovasi Kantor (05/SPK-ADP/II/2025) - Suroso,60.104.019 RENOVASI KANTOR,10.101.003 BCA (8162440909 an PT. Adhiland Sukses Abadi),,10000000,330844579,
Lumiera Garden,Bank,2025-02-28,BCA PT. ASA221/ADL-LG/II/2025,Termin 1 Bongkaran Armada Besar 75 rit - Amiet Sewu,10.202.003 PERATAAN TANAH/CUT & FILL,10.101.003 BCA (8162440909 an PT. Adhiland Sukses Abadi),,13250000,340844579,
Lumiera Garden,Bank,2025-02-28,BCA PT. ASA221/ADL-LG/II/2025,Muat Sampah 1 rit (13 Feb 2025) - Amiet Sewu,10.202.003 PERATAAN TANAH/CUT & FILL,10.101.003 BCA (8162440909 an PT. Adhiland Sukses Abadi),,225000,354094579,
Lumiera Garden,Bank,2025-02-28,BCA PT. ASA220/ADL-LG/II/2025,Reimburse Pak Adhi (Weekly Meeting Pak Rendra),60.104.013 MEETING,10.101.003 BCA (8162440909 an PT. Adhiland Sukses Abadi),,320204,354319579,
Lumiera Garden,Bank,2025-02-28,BCA PT. ASA219/ADL-LG/II/2025,Reimburse Pak Adhi (Meeting Direksi),60.104.013 MEETING,10.101.003 BCA (8162440909 an PT. Adhiland Sukses Abadi),,99000,354639783,
Lumiera Garden,Bank,2025-02-28,BCA PT. ASA219/ADL-LG/II/2025,Reimburse Pak Adhi (Isi E-Toll Sidoarjo PP),60.104.001 OPERASIONAL KANTOR,10.101.003 BCA (8162440909 an PT. Adhiland Sukses Abadi),,100000,354738783,
Lumiera Garden,Bank,2025-02-28,BCA PT. ASA218/ADL-LG/II/2025,Reimburse Pak Adhi (Meeting dengan Polda),60.104.013 MEETING,10.101.003 BCA (8162440909 an PT. Adhiland Sukses Abadi),,333000,354838783,
Lumiera Garden,Tunai,2025-02-21,,Pindah Saldo,10.101.001 KAS KECIL,10.101.002 CASH/TUNAI,,,355171783,
Lumiera Garden,Bank,2025-02-21,BCA PT. ASAKW 093,Pembayaran Pelunasan 1 C-02 an Fitria Amalia Dewi,10.101.003 BCA (8162440909 an PT. Adhiland Sukses Abadi),20.101.001 UANG MUKA,100000000,,355171783,
Lumiera Garden,Bank,2025-02-21,BCA PT. ASA217/ADL-LG/II/2025,Sewa Billboard Melati Husada (1-31 Januari 2025) - mm/ad,60.101.004 BEBAN ADVERTISING,10.101.003 BCA (8162440909 an PT. Adhiland Sukses Abadi),,20000000,255171783,
Lumiera Garden,Bank,2025-02-21,BCA PT. ASA216/ADL-LG/II/2025,Admin Bank,60.104.010 ADMINISTRASI BANK,10.101.003 BCA (8162440909 an PT. Adhiland Sukses Abadi),,2500,275171783,
Lumiera Garden,Bank,2025-02-21,BCA PT. ASA216/ADL-LG/II/2025,Pelunasan Pekerjaan Geolistrik - CV. Madhava Karya Indonesia,10.201.024 IJIN PENGEBORAN,10.101.003 BCA (8162440909 an PT. Adhiland Sukses Abadi),,3000000,275174283,
Lumiera Garden,Bank,2025-02-21,BCA PT. ASA215/ADL-LG/II/2025,Pelunasan Termin 1 (Progress 30%) Pek. Renovasi Kantor (05/SPK-ADP/II/2025) - Suroso,60.104.019 RENOVASI KANTOR,10.101.003 BCA (8162440909 an PT. Adhiland Sukses Abadi),,5000000,278174283,
Lumiera Garden,Bank,2025-02-21,BCA PT. ASA214/ADL-LG/II/2025,MOB D' MOB Vibro - Izuddin,10.202.003 PERATAAN TANAH/CUT & FILL,10.101.003 BCA (8162440909 an PT. Adhiland Sukses Abadi),,3500000,283174283,
Lumiera Garden,Bank,2025-02-21,BCA PT. ASA214/ADL-LG/II/2025,Sewa Vibro 13 jam (14-15 Feb 2025) - Izuddin,10.202.003 PERATAAN TANAH/CUT & FILL,10.101.003 BCA (8162440909 an PT. Adhiland Sukses Abadi),,4550000,286674283,
Lumiera Garden,Bank,2025-02-21,BCA PT. ASA214/ADL-LG/II/2025,Sewa EXA PC 78 / 27 Jam (11-14 Feb 2025) - Izuddin,10.202.003 PERATAAN TANAH/CUT & FILL,10.101.003 BCA (8162440909 an PT. Adhiland Sukses Abadi),,9045000,291224283,
Lumiera Garden,Bank,2025-02-21,BCA PT. ASA213/ADL-LG/II/2025,Sirtu 20rit (11-14 Feb 2025) -Izuddin,10.202.003 PERATAAN TANAH/CUT & FILL,10.101.003 BCA (8162440909 an PT. Adhiland Sukses Abadi),,15500000,300269283,
Lumiera Garden,Bank,2025-02-21,BCA PT. ASA212/ADL-LG/II/2025,Reimburse Pak Sugeng (Pembelian 1kg Paku 3 & 1/4 Kg Paku 1),60.104.001 OPERASIONAL KANTOR,10.101.003 BCA (8162440909 an PT. Adhiland Sukses Abadi),,25000,315769283,
Lumiera Garden,Bank,2025-02-21,BCA PT. ASA212/ADL-LG/II/2025,Reimburse Pak Sugeng (Gembok),60.104.001 OPERASIONAL KANTOR,10.101.003 BCA (8162440909 an PT. Adhiland Sukses Abadi),,28000,315794283,
Lumiera Garden,Bank,2025-02-21,BCA PT. ASA212/ADL-LG/II/2025,Reimburse Pak Sugeng (Galon Le Mineral),60.104.001 OPERASIONAL KANTOR,10.101.003 BCA (8162440909 an PT. Adhiland Sukses Abadi),,44000,315822283,
Lumiera Garden,Bank,2025-02-21,BCA PT. ASA212/ADL-LG/II/2025,Reimburse Pak Sugeng (Bensin Alkon),60.104.001 OPERASIONAL KANTOR,10.101.003 BCA (8162440909 an PT. Adhiland Sukses Abadi),,200000,315866283,
Lumiera Garden,Bank,2025-02-21,BCA PT. ASA211/ADL-LG/II/2025,Supply NRCP 400x2400 / 29 pcs (No.KW 0059/FI-SO/I/2025) - Focon,10.202.005 SALURAN,10.101.003 BCA (8162440909 an PT. Adhiland Sukses Abadi),,13519800,316066283,
Lumiera Garden,Bank,2025-02-21,BCA PT. ASA210/ADL-LG/II/2025,Termin Pekerjaan 100% Plengsengan (29/SPK/XII/2024) - Arifin,10.202.041 PLENGSENG,10.101.003 BCA (8162440909 an PT. Adhiland Sukses Abadi),,50000000,329586083,
Lumiera Garden,Bank,2025-02-21,BCA PT. ASA209/ADL-LG/II/2025,Begoan Sampah / 5 rit (3 Feb 2025) - Amiet Sewu,10.202.003 PERATAAN TANAH/CUT & FILL,10.101.003 BCA (8162440909 an PT. Adhiland Sukses Abadi),,1125000,379586083,
Lumiera Garden,Bank,2025-02-21,BCA PT. ASA209/ADL-LG/II/2025,Bongkaran Armada Besar / 10 rit (18 Feb 2025) - Amiet Sewu,10.202.003 PERATAAN TANAH/CUT & FILL,10.101.003 BCA (8162440909 an PT. Adhiland Sukses Abadi),,3500000,380711083,
Lumiera Garden,Bank,2025-02-21,BCA PT. ASA208/ADL-LG/II/2025,Pelunasan Logo Desain Lumiera - Hengky Andreas (mm/ad.),60.101.004 BEBAN ADVERTISING,10.101.003 BCA (8162440909 an PT. Adhiland Sukses Abadi),,4250000,384211083,
Lumiera Garden,Tunai,2025-02-21,Kas Kecil207/ADL-LG/II/2025,Pembelian material paving jalan bagian lingkar sungai - Toko Mayang Grand,10.202.004 PAVING,10.101.001 KAS KECIL,,390000,388461083,
Lumiera Garden,Tunai,2025-02-21,Kas Kecil207/ADL-LG/II/2025,Pembelian material bouwplank kavling C-03 - Toko Mayang Grand,10.203.999 LAIN-LAIN,10.101.001 KAS KECIL,,118000,388851083,
Lumiera Garden,Tunai,2025-02-21,Kas Kecil,Pengembalian Hutang dari Sigura-Gura,10.101.001 KAS KECIL,10.102.010 PIUTANG SIGURA-GURA,508000,,388969083,
Lumiera Garden,Tunai,2025-02-21,Kas Kecil206/ADL-LG/II/2025,Pembelian Loker Besi (Berkas Legal),11.101.001 PERALATAN KANTOR,10.101.001 KAS KECIL,,1500000,388461083,
Lumiera Garden,Tunai,2025-02-21,Kas Kecil205/ADL-LG/II/2025,Reimburse Pak Adhi (Meeting dengan Pak Rendra),60.104.013 MEETING,10.101.001 KAS KECIL,,344703,389961083,
Lumiera Garden,Tunai,2025-02-21,Kas Kecil205/ADL-LG/II/2025,Reimburse Pak Adhi (Stempel Flash Adhiland),60.104.001 OPERASIONAL KANTOR,10.101.001 KAS KECIL,,135000,390305786,
Lumiera Garden,Tunai,2025-02-21,Cash/Tunai,Pembayaran Hutang ke Joyo Agung,20.103.009 HUTANG JOYO AGUNG 2,10.101.002 CASH/TUNAI,,3566000,390440786,
Lumiera Garden,Bank,2025-02-18,BCA PT. ASALK 5,Pembayaran DP (1) Pembelian Rukost Kavling LK-05 an Ninik Yulaikah,10.101.003 BCA (8162440909 an PT. Adhiland Sukses Abadi),20.101.001 UANG MUKA,50000000,,394006786,
Lumiera Garden,Bank,2025-02-18,BCA PT. ASA202/ADL-LG/II/2025,Pembayaran Denda Termin Tanah 15 hari - Inggrid Permata,10.201.001 PERSEDIAAN TANAH,10.101.003 BCA (8162440909 an PT. Adhiland Sukses Abadi),,9000000,344006786,
Lumiera Garden,Bank,2025-02-18,BCA PT. ASA202/ADL-LG/II/2025,Pembayaran Termin Tanah - Ingrid Permata Les (Tarikan Tunai),10.201.001 PERSEDIAAN TANAH,10.101.003 BCA (8162440909 an PT. Adhiland Sukses Abadi),,200000000,353006786,
Lumiera Garden,Tunai,2025-02-18,Cash/Tunai203/ADL-LG/II/2025,Pembayaran Termin Tanah - Inggrid Permata Lestari,10.201.001 PERSEDIAAN TANAH,10.101.002 CASH/TUNAI,,200000000,553006786,
Lumiera Garden,Tunai,2025-02-18,Kas Kecil204/ADL-LG/II/2025,Pembayaran Termin Tanah - Inggrid Permata Lestari,10.201.001 PERSEDIAAN TANAH,10.101.001 KAS KECIL,,600000000,753006786,
Lumiera Garden,Tunai,2025-02-18,Kas Kecil,Pengembalian Hutang dari Joyo Agung 2,10.101.001 KAS KECIL,10.102.012 PIUTANG JOYO AGUNG 2,547000000,,1353006786,
Lumiera Garden,Tunai,2025-02-18,Kas Kecil,Pinjaman dari Joyo Agung 2 (Termin Tanah Inggrid Permata),10.101.001 KAS KECIL,20.103.009 HUTANG JOYO AGUNG 2,53000000,,806006786,
Lumiera Garden,Bank,2025-02-15,BCA PT. ASA201/ADL-LG/II/2025,Termin I (Progress 30%) Pekerjaan Renovasi Kantor - Suroso,60.104.019 RENOVASI KANTOR,10.101.003 BCA (8162440909 an PT. Adhiland Sukses Abadi),,5000000,753006786,
Lumiera Garden,Tunai,2025-02-15,Kas Kecil,Pinjaman dari Sigura-gura (Tambahan kas kecil),10.101.001 KAS KECIL,20.103.006 HUTANG SIGURA-GURA,56693,,758006786,
Lumiera Garden,Tunai,2025-02-14,,Pindah Saldo,10.101.001 KAS KECIL,10.101.002 CASH/TUNAI,,,757950093,
Lumiera Garden,Bank,2025-02-14,BCA PT. ASA200/ADL-LG/II/2025,Admin Bank,60.104.010 ADMINISTRASI BANK,10.101.003 BCA (8162440909 an PT. Adhiland Sukses Abadi),,2500,757950093,
Lumiera Garden,Bank,2025-02-14,BCA PT. ASA200/ADL-LG/II/2025,DP 50% Geolistrik Air Bawah Tanah 3 Titik - CV. Madhava Karya Indonesia,10.201.024 IJIN PENGEBORAN,10.101.003 BCA (8162440909 an PT. Adhiland Sukses Abadi),,3000000,757952593,
Lumiera Garden,Bank,2025-02-14,BCA PT. ASA199/ADL-LG/II/2025,Waarmerking PPJB kav. LK-04 an Endah Kuswintari,60.104.023 BIAYA ADMINISTRASI WAARMERKING,10.101.003 BCA (8162440909 an PT. Adhiland Sukses Abadi),,250000,760952593,
Lumiera Garden,Bank,2025-02-14,BCA PT. ASA198/ADL-LG/II/2025,Reimburse Pak Rula (Pembelian Parfum Mobil Zenix),60.104.001 OPERASIONAL KANTOR,10.101.003 BCA (8162440909 an PT. Adhiland Sukses Abadi),,75080,761202593,
Lumiera Garden,Bank,2025-02-14,BCA PT. ASA198/ADL-LG/II/2025,Reimburse Pak Rula (Pembelian Keramik & Lampu Lt.3),10.102.999 PIUTANG LAINNYA,10.101.003 BCA (8162440909 an PT. Adhiland Sukses Abadi),,589270,761277673,
Lumiera Garden,Bank,2025-02-14,BCA PT. ASA197/ADL-LG/II/2025,Reimburse Pak Dian (Pembelian Paku Cor / 1 dus untuk taman),10.202.008 TAMAN DAN PENGHIJAUAN,10.101.003 BCA (8162440909 an PT. Adhiland Sukses Abadi),,15000,761866943,
Lumiera Garden,Bank,2025-02-14,BCA PT. ASA196/ADL-LG/II/2025,Ongkos Kirim Tiang PJU - PT. Terang Abadi Raya (Visicom),10.202.012 PENERANGAN JALAN UMUM,10.101.003 BCA (8162440909 an PT. Adhiland Sukses Abadi),,1500000,761881943,
Lumiera Garden,Bank,2025-02-14,BCA PT. ASA196/ADL-LG/II/2025,PO Tiang PJU Single Parabolic / 2 unit - PT. Terang Abadi Raya (Visicom),10.202.012 PENERANGAN JALAN UMUM,10.101.003 BCA (8162440909 an PT. Adhiland Sukses Abadi),,5500000,763381943,
Lumiera Garden,Bank,2025-02-14,BCA PT. ASA196/ADL-LG/II/2025,PO Tiang PJU Double Parabolic / 4 unit - PT. Terang Abadi Raya (Visicom),10.202.012 PENERANGAN JALAN UMUM,10.101.003 BCA (8162440909 an PT. Adhiland Sukses Abadi),,12600000,768881943,
Lumiera Garden,Bank,2025-02-14,BCA PT. ASA195/ADL-LG/II/2025,Retensi (5%) Pekerjaan Bronjong Batu (003/SPK.ADP/LG/XI/2024) - Arifin,10.202.009 PINTU GERBANG & POS JAGA,10.101.003 BCA (8162440909 an PT. Adhiland Sukses Abadi),,4800000,781481943,
Lumiera Garden,Bank,2025-02-14,BCA PT. ASA194/ADL-LG/II/2025,Pekerjaan Cor Beton Depan Pintu Masuk - Arifin,10.202.009 PINTU GERBANG & POS JAGA,10.101.003 BCA (8162440909 an PT. Adhiland Sukses Abadi),,3900000,786281943,
Lumiera Garden,Bank,2025-02-14,BCA PT. ASA194/ADL-LG/II/2025,Addendum Pek. Plengsengan - Arifin,10.202.041 PLENGSENG,10.101.003 BCA (8162440909 an PT. Adhiland Sukses Abadi),,24800000,790181943,
Lumiera Garden,Bank,2025-02-14,BCA PT. ASA194/ADL-LG/II/2025,Addendum Pek. Bronjong Batu / 12 m3 - Arifin,10.202.007 TURAP,10.101.003 BCA (8162440909 an PT. Adhiland Sukses Abadi),,7200000,814981943,
Lumiera Garden,Bank,2025-02-14,BCA PT. ASA193/ADL-LG/II/2025,Sewa EXA PC 78 / 30 Jam (3-10 Feb 2025) - Izuddin,10.202.003 PERATAAN TANAH/CUT & FILL,10.101.003 BCA (8162440909 an PT. Adhiland Sukses Abadi),,10050000,822181943,
Lumiera Garden,Bank,2025-02-14,BCA PT. ASA192/ADL-LG/II/2025,Bongkaran AB / 73 Rit (13-15 Jan 2025) - Amiet Sewu,10.202.003 PERATAAN TANAH/CUT & FILL,10.101.003 BCA (8162440909 an PT. Adhiland Sukses Abadi),,25550000,832231943,
Lumiera Garden,Bank,2025-02-14,BCA PT. ASA191/ADL-LG/II/2025,Reimburse Pak Roy (Top Up E-Toll / Malang-Bondowoso PP / 7 Feb 2025),60.104.011 PERJALANAN DINAS,10.101.003 BCA (8162440909 an PT. Adhiland Sukses Abadi),,253000,857781943,
Lumiera Garden,Bank,2025-02-14,BCA PT. ASA191/ADL-LG/II/2025,Reimburse Pak Roy (Pembelian Pertamax - Zenix / 7 Feb 2025),60.104.007 BENSIN OPERASIONAL,10.101.003 BCA (8162440909 an PT. Adhiland Sukses Abadi),,500000,858034943,
Lumiera Garden,Bank,2025-02-14,BCA PT. ASA190/ADL-LG/II/2025,Brosur 3000 lbr - mm/ad,60.101.004 BEBAN ADVERTISING,10.101.003 BCA (8162440909 an PT. Adhiland Sukses Abadi),,12600000,858534943,
Lumiera Garden,Bank,2025-02-14,BCA PT. ASA187/ADL-LG/II/2025,Token Listrik Ruko Suhat (ID Pel : 513110771875),10.101.004 SILANG KAS,10.101.003 BCA (8162440909 an PT. Adhiland Sukses Abadi),,1002500,871134943,
Lumiera Garden,Tunai,2025-02-14,Cash/Tunai,Pinjaman untuk Joyo Agung (Komisaris),10.102.012 PIUTANG JOYO AGUNG 2,10.101.002 CASH/TUNAI,,50000000,872137443,
Lumiera Garden,Tunai,2025-02-14,Cash/Tunai,Pinjaman untuk Sigura-Gura (Reimburse Pak Adhi & PBB 2025),10.102.010 PIUTANG SIGURA-GURA,10.101.002 CASH/TUNAI,,10500000,922137443,
Lumiera Garden,Tunai,2025-02-14,Cash/Tunai189/ADL-LG/II/2025,Pembayaran Komisi Tanah Pak Yazak,10.201.026 KOMISI PEMBELIAN TANAH,10.101.002 CASH/TUNAI,,10000000,932637443,
Lumiera Garden,Tunai,2025-02-14,Kas Kecil188/ADL-LG/II/2025,Reimburse Pak Adhi (Coating Mobil Zenix),60.104.001 OPERASIONAL KANTOR,10.101.001 KAS KECIL,,6050000,942637443,
Lumiera Garden,Tunai,2025-02-14,Kas Kecil188/ADL-LG/II/2025,Reimburse Pak Adhi (Weekly Meeting Kopitiam / 10 Feb 2025),60.104.013 MEETING,10.101.001 KAS KECIL,,260804,948687443,
Lumiera Garden,Tunai,2025-02-14,Kas Kecil188/ADL-LG/II/2025,Reimburse Pak Adhi (Weekly Meeting Omah Datok / 3 Feb 2025),60.104.013 MEETING,10.101.001 KAS KECIL,,152000,948948247,
Lumiera Garden,Tunai,2025-02-14,Kas Kecil188/ADL-LG/II/2025,Reimburse Pak Adhi (Pembelian Karpet Mobil Innova Zenix),60.104.001 OPERASIONAL KANTOR,10.101.001 KAS KECIL,,268839,949100247,
Lumiera Garden,Tunai,2025-02-14,Kas Kecil187/ADL-LG/II/2025,Token Listrik Ruko Suhat (ID Pel : 513110771875),60.104.003 TOKEN PLN,10.101.001 KAS KECIL,,1002500,949369086,
Lumiera Garden,Tunai,2025-02-14,Kas Kecil,Penerimaan Pindah Buku dari BCA PT. ASA - Token Listrik Ruko Suhat (ID Pel : 513110771875),10.101.001 KAS KECIL,10.101.004 SILANG KAS,1002500,,950371586,
Lumiera Garden,Tunai,2025-02-13,Kas Kecil(20) Piskip Warkop,Weekly Operasional,60.104.013 MEETING,10.101.001 KAS KECIL,,134000,949369086,
Lumiera Garden,Tunai,2025-02-12,Kas Kecil(19) POS Indonesia,Pengiriman Kwitansi LK-10 an Mochamad Yunus,60.104.009 PERANGKO/KIRIMAN SRT & DOK,10.101.001 KAS KECIL,,20000,949503086,
Lumiera Garden,Tunai,2025-02-12,Kas Kecil(18) Indomaret Soekarno Hatta 3,Pembelian Perlengkapan Tasyakuran Logo Adhiland Baru (Sendok & Mangkok Plastik),60.104.001 OPERASIONAL KANTOR,10.101.001 KAS KECIL,,24000,949523086,
Lumiera Garden,Tunai,2025-02-11,Kas Kecil186/ADL-LG/II/2025 II Kwitansi,Air Kerja,60.104.004 TAGIHAN PDAM,10.101.001 KAS KECIL,,200000,949547086,
Lumiera Garden,Bank,2025-02-10,BCA PT. ASALK 3,Pembayaran Angsuran 1 Kavling LK-03 an Rachmadiana Sari,10.101.003 BCA (8162440909 an PT. Adhiland Sukses Abadi),20.101.001 UANG MUKA,150000000,,949747086,
Lumiera Garden,Bank,2025-02-10,BCA PT. ASA,ITJ Joyo Agung Kavling RK-11 an Siti Asmaidah SE,10.101.003 BCA (8162440909 an PT. Adhiland Sukses Abadi),20.103.009 HUTANG JOYO AGUNG 2,5000000,,799747086,
Lumiera Garden,Tunai,2025-02-10,Kas Kecil185/ADL-LG/II/2025 II SeaBank,Token Listrik Proyek (513111484250 an PJU Lumiera Joyo Agung),60.104.003 TOKEN PLN,10.101.001 KAS KECIL,,502750,794747086,
Lumiera Garden,Tunai,2025-02-08,Kas Kecil(17) POS Indonesia,Pengiriman Surat LK-10 an Mochamad Yunus,60.104.009 PERANGKO/KIRIMAN SRT & DOK,10.101.001 KAS KECIL,,20000,795249836,
Lumiera Garden,Bank,2025-02-07,BCA PT. Adhiland Sukses Abadi183/ADL-LG/II/2025,Refund ITJ C-01 an Deny Widoyo,20.101.002 UANG TANDA JADI,10.101.003 BCA (8162440909 an PT. Adhiland Sukses Abadi),,5000000,795269836,
Lumiera Garden,Bank,2025-02-07,BCA PT. ASA184/ADL-LG/II/2025,Reimburse Pak Dedy (Konsumsi Louding Out MOG),60.101.006 EXPO,10.101.003 BCA (8162440909 an PT. Adhiland Sukses Abadi),,468000,800269836,
Lumiera Garden,Bank,2025-02-07,BCA PT. ASA182/ADL-LG/II/2025,Admin Bank,60.104.010 ADMINISTRASI BANK,10.101.003 BCA (8162440909 an PT. Adhiland Sukses Abadi),,2500,800737836,
Lumiera Garden,Bank,2025-02-07,BCA PT. ASA182/ADL-LG/II/2025,Pembayaran Pelunasan Billboard Beji,60.101.004 BEBAN ADVERTISING,10.101.003 BCA (8162440909 an PT. Adhiland Sukses Abadi),,15000000,800740336,
Lumiera Garden,Bank,2025-02-07,BCA PT. ASA181/ADL-LG/II/2025,Uang Makan Expo MOG - Andik,60.101.006 EXPO,10.101.003 BCA (8162440909 an PT. Adhiland Sukses Abadi),,200000,815740336,
Lumiera Garden,Bank,2025-02-07,BCA PT. ASA181/ADL-LG/II/2025,Uang Makan Expo MOG - Amin,60.101.006 EXPO,10.101.003 BCA (8162440909 an PT. Adhiland Sukses Abadi),,200000,815940336,
Lumiera Garden,Bank,2025-02-07,BCA PT. ASA181/ADL-LG/II/2025,Admin Bank,60.104.010 ADMINISTRASI BANK,10.101.003 BCA (8162440909 an PT. Adhiland Sukses Abadi),,2500,816140336,
Lumiera Garden,Bank,2025-02-07,BCA PT. ASA181/ADL-LG/II/2025,Uang Makan Expo MOG - Ika,60.101.006 EXPO,10.101.003 BCA (8162440909 an PT. Adhiland Sukses Abadi),,200000,816142836,
Lumiera Garden,Bank,2025-02-07,BCA PT. ASA181/ADL-LG/II/2025,Uang Makan Expo MOG - Achmad,60.101.006 EXPO,10.101.003 BCA (8162440909 an PT. Adhiland Sukses Abadi),,200000,816342836,
Lumiera Garden,Bank,2025-02-07,BCA PT. ASA181/ADL-LG/II/2025,Uang Makan Expo MOG - Adib,60.101.006 EXPO,10.101.003 BCA (8162440909 an PT. Adhiland Sukses Abadi),,200000,816542836,
Lumiera Garden,Bank,2025-02-07,BCA PT. ASA181/ADL-LG/II/2025,Uang Makan Expo MOG - Verry,60.101.006 EXPO,10.101.003 BCA (8162440909 an PT. Adhiland Sukses Abadi),,50000,816742836,
Lumiera Garden,Bank,2025-02-07,BCA PT. ASA181/ADL-LG/II/2025,Uang Makan Expo MOG - Adinda,60.101.006 EXPO,10.101.003 BCA (8162440909 an PT. Adhiland Sukses Abadi),,200000,816792836,
Lumiera Garden,Bank,2025-02-07,BCA PT. ASA181/ADL-LG/II/2025,Uang Makan Expo MOG - Wiya,60.101.006 EXPO,10.101.003 BCA (8162440909 an PT. Adhiland Sukses Abadi),,150000,816992836,
Lumiera Garden,Bank,2025-02-07,BCA PT. ASA181/ADL-LG/II/2025,Uang Makan Expo MOG - Aan,60.101.006 EXPO,10.101.003 BCA (8162440909 an PT. Adhiland Sukses Abadi),,200000,817142836,
Lumiera Garden,Bank,2025-02-07,BCA PT. ASA181/ADL-LG/II/2025,Uang Makan Expo MOG - Prayitno,60.101.006 EXPO,10.101.003 BCA (8162440909 an PT. Adhiland Sukses Abadi),,200000,817342836,
Lumiera Garden,Bank,2025-02-07,BCA PT. ASA180/ADL-LG/II/2025,Pelunasan Expo MOG (22 Jan - 2 Feb 2025) - IlhamiOrganizer,60.101.006 EXPO,10.101.003 BCA (8162440909 an PT. Adhiland Sukses Abadi),,67750000,817542836,
Lumiera Garden,Bank,2025-02-07,BCA PT. ASA179/ADL-LG/II/2025,Admin Bank,60.104.010 ADMINISTRASI BANK,10.101.003 BCA (8162440909 an PT. Adhiland Sukses Abadi),,2500,885292836,
Lumiera Garden,Bank,2025-02-07,BCA PT. ASA179/ADL-LG/II/2025,Pembayaran Ads,60.101.005 BEBAN DIGITAL ADS,10.101.003 BCA (8162440909 an PT. Adhiland Sukses Abadi),,15000000,885295336,
Lumiera Garden,Bank,2025-02-07,BCA PT. ASA178/ADL-LG/II/2025,Reimburse Maria (Zoom Premium 1 Bulan),60.104.001 OPERASIONAL KANTOR,10.101.003 BCA (8162440909 an PT. Adhiland Sukses Abadi),,47000,900295336,
Lumiera Garden,Bank,2025-02-07,BCA PT. ASA177/ADL-LG/II/2025,Waarmerking PPJB LK-11 an Debora Natalia,60.104.023 BIAYA ADMINISTRASI WAARMERKING,10.101.003 BCA (8162440909 an PT. Adhiland Sukses Abadi),,250000,900342336,
Lumiera Garden,Bank,2025-02-07,BCA PT. ASA177/ADL-LG/II/2025,Waarmerking PPJB C-03 an Tri Prasetya,60.104.023 BIAYA ADMINISTRASI WAARMERKING,10.101.003 BCA (8162440909 an PT. Adhiland Sukses Abadi),,250000,900592336,
Lumiera Garden,Bank,2025-02-07,BCA PT. ASA177/ADL-LG/II/2025,Waarmerking PPJB C-02 an Fitria Amalia,60.104.023 BIAYA ADMINISTRASI WAARMERKING,10.101.003 BCA (8162440909 an PT. Adhiland Sukses Abadi),,250000,900842336,
Lumiera Garden,Bank,2025-02-07,BCA PT. ASA176/ADL-LG/II/2025,Bongkaran Armada Kecil 26 Rit (16-22 Jan 2025) - Amiet Sewu,10.202.003 PERATAAN TANAH/CUT & FILL,10.101.003 BCA (8162440909 an PT. Adhiland Sukses Abadi),,3250000,901092336,
Lumiera Garden,Bank,2025-02-07,BCA PT. ASA175/ADL-LG/II/2025,Termin 3 Desain Rumah Tinggal T60/60 (202502/I/03) - RURA,10.201.021 ADVISE PLANNING GAMBAR 3D,10.101.003 BCA (8162440909 an PT. Adhiland Sukses Abadi),,2600000,904342336,
Lumiera Garden,Bank,2025-02-07,BCA PT. ASA175/ADL-LG/II/2025,Termin 3 Desain Rumah Kos 6 Kamar T85/66 - Rura,10.201.021 ADVISE PLANNING GAMBAR 3D,10.101.003 BCA (8162440909 an PT. Adhiland Sukses Abadi),,3480000,906942336,
Lumiera Garden,Bank,2025-02-07,BCA PT. ASA174/ADL-LG/II/2025,PO LED Visicom Street Light HHE RLB 100W / 10 pcs - PT. Terang Abadi Raya (Visicom),10.202.012 PENERANGAN JALAN UMUM,10.101.003 BCA (8162440909 an PT. Adhiland Sukses Abadi),,16000000,910422336,
Lumiera Garden,Bank,2025-02-07,BCA PT. ASA173/ADL-LG/II/2025,PO Paving (No.KW 2018/FI-SO/XII/2024) - Focon,10.202.004 PAVING,10.101.003 BCA (8162440909 an PT. Adhiland Sukses Abadi),,3825970,926422336,
Lumiera Garden,Bank,2025-02-07,BCA PT. ASA172/ADL-LG/II/2025,"Reimburse Pak Sugeng (Pilox, Sikat Panjang, Bensin Alkon)",60.104.001 OPERASIONAL KANTOR,10.101.003 BCA (8162440909 an PT. Adhiland Sukses Abadi),,306000,930248306,
Lumiera Garden,Tunai,2025-02-07,Cash/Tunai,Pinjaman untuk Joyo Agung (Bayar Termin Tanah + Profit),10.102.012 PIUTANG JOYO AGUNG 2,10.101.002 CASH/TUNAI,,487000000,930554306,
Lumiera Garden,Tunai,2025-02-07,Cash/Tunai,Pinjaman untuk Sigura-gura (Survei SLF),10.102.010 PIUTANG SIGURA-GURA,10.101.002 CASH/TUNAI,,2000000,1417554306,
Lumiera Garden,Tunai,2025-02-07,Kas Kecil(16) Grosir Pokok Berkah,Pembelian Cleo Galon Refil (3pcs),60.104.001 OPERASIONAL KANTOR,10.101.001 KAS KECIL,,52500,1419554306,
Lumiera Garden,Tunai,2025-02-06,Kas Kecil(15) J&T Express,Kirim Dokumen kavling LK-03,60.104.009 PERANGKO/KIRIMAN SRT & DOK,10.101.001 KAS KECIL,,43000,1419606806,
Lumiera Garden,Tunai,2025-02-06,Kas Kecil(14) Indomaret (Soekarno Hatta 3),Krisbow Glove Latex,60.104.001 OPERASIONAL KANTOR,10.101.001 KAS KECIL,,27500,1419649806,
Lumiera Garden,Bank,2025-02-04,BCA PT. ASALK 7,Pembayaran Angsuran 2 Kavling LK-07 an Heny Susanti,10.101.003 BCA (8162440909 an PT. Adhiland Sukses Abadi),20.101.001 UANG MUKA,50000000,,1419677306,
Lumiera Garden,Bank,2025-02-03,BCA PT. ASAM.03-04 Feb 2025,Tagihan Hallo Call Center (08113646900),60.104.005 TAGIHAN HALO CALL CENTER (08113646900),10.101.003 BCA (8162440909 an PT. Adhiland Sukses Abadi),,20903,1369677306,
Lumiera Garden,Bank,2025-02-03,BCA PT. ASA171/ADL-LG/II/2025,Parkir Bulanan Januari (Ruko Suhat) - Pak Raden,60.104.001 OPERASIONAL KANTOR,10.101.003 BCA (8162440909 an PT. Adhiland Sukses Abadi),,350000,1369698209,
Lumiera Garden,Tunai,2025-02-03,Kas Kecil(13) Royal ATK,"Pembelian ATK (Kertas HVS, Box File, Binder Clip, Penstand Ram Kotak)",60.104.001 OPERASIONAL KANTOR,10.101.001 KAS KECIL,,151000,1370048209,
Lumiera Garden,Tunai,2025-02-03,Kas Kecil(12) PT. Pos Indonesia,Pembelian Materai,60.104.008 MATERAI,10.101.001 KAS KECIL,,500000,1370199209,
Lumiera Garden,Tunai,2025-02-01,,Pindah Saldo,10.101.001 KAS KECIL,10.101.002 CASH/TUNAI,,,1370699209,
Lumiera Garden,Bank,2025-02-01,BCA PT. ASA169/ADL-LG/II/2025,Upah Penjaga Alat /P.Didik (01-31 Januari 2025),10.101.004 SILANG KAS,10.101.003 BCA (8162440909 an PT. Adhiland Sukses Abadi),,1550000,1370699209,
Lumiera Garden,Bank,2025-02-01,BCA PT. ASA,Admin Bank,60.104.010 ADMINISTRASI BANK,10.101.003 BCA (8162440909 an PT. Adhiland Sukses Abadi),,7500,1372249209,
Lumiera Garden,Bank,2025-02-01,BCA PT. ASA,Pembayaran Gaji Karyawan (Januari),60.102.001 GAJI KARYAWAN TETAP,10.101.003 BCA (8162440909 an PT. Adhiland Sukses Abadi),,57481276,1372256709,
Lumiera Garden,Tunai,2025-02-01,Kas Kecil170/ADL-LG/II/2025,Komisi Marcomm Kavling LK-04,60.101.002 INSENTIF/KOMISI,10.101.001 KAS KECIL,,79120,1429737985,
Lumiera Garden,Tunai,2025-02-01,Kas Kecil170/ADL-LG/II/2025,Komisi Marcomm Kavling LK-04,60.101.002 INSENTIF/KOMISI,10.101.001 KAS KECIL,,69230,1429817105,
Lumiera Garden,Tunai,2025-02-01,Kas Kecil170/ADL-LG/II/2025,Komisi Marcomm Kavling LK-04,60.101.002 INSENTIF/KOMISI,10.101.001 KAS KECIL,,113735,1429886335,
Lumiera Garden,Tunai,2025-02-01,Kas Kecil170/ADL-LG/II/2025,Komisi Marcomm Kavling LK-04,60.101.002 INSENTIF/KOMISI,10.101.001 KAS KECIL,,232415,1430000070,
Lumiera Garden,Tunai,2025-02-01,Kas Kecil170/ADL-LG/II/2025,Komisi Direktur Teknik Kavling LK-04,60.101.002 INSENTIF/KOMISI,10.101.001 KAS KECIL,,1978000,1430232485,
Lumiera Garden,Tunai,2025-02-01,Kas Kecil170/ADL-LG/II/2025,Komisi Komisaris Kavling LK-04,60.101.002 INSENTIF/KOMISI,10.101.001 KAS KECIL,,1978000,1432210485,
Lumiera Garden,Tunai,2025-02-01,Kas Kecil170/ADL-LG/II/2025,Komisi Direktur B&D Kavling LK-04,60.101.002 INSENTIF/KOMISI,10.101.001 KAS KECIL,,1978000,1434188485,
Lumiera Garden,Tunai,2025-02-01,Kas Kecil170/ADL-LG/II/2025,Komisi Direktur Operasional Kavling LK-04,60.101.002 INSENTIF/KOMISI,10.101.001 KAS KECIL,,1978000,1436166485,
Lumiera Garden,Tunai,2025-02-01,Kas Kecil170/ADL-LG/II/2025,Komisi Direktur Utama Kavling LK-04,60.101.002 INSENTIF/KOMISI,10.101.001 KAS KECIL,,1978000,1438144485,
Lumiera Garden,Tunai,2025-02-01,Kas Kecil170/ADL-LG/II/2025,BLT SPV Marketing Kavling LK-04,60.101.001 BLT,10.101.001 KAS KECIL,,2000000,1440122485,
Lumiera Garden,Tunai,2025-02-01,Kas Kecil170/ADL-LG/II/2025,Komisi SPV Marketing Kavling LK-04,60.101.002 INSENTIF/KOMISI,10.101.001 KAS KECIL,,4945000,1442122485,
Lumiera Garden,Tunai,2025-02-01,Kas Kecil170/ADL-LG/II/2025,BLT Marketing Kavling LK-04,60.101.001 BLT,10.101.001 KAS KECIL,,1000000,1447067485,
Lumiera Garden,Tunai,2025-02-01,Kas Kecil170/ADL-LG/II/2025,Komisi Marketing Kavling LK-04,60.101.002 INSENTIF/KOMISI,10.101.001 KAS KECIL,,14835000,1448067485,
Lumiera Garden,Tunai,2025-02-01,Cash/TunaiLK 4,Pembayaran DP Rukost Kavling LK-04 an Endah Kuswantari,10.101.002 CASH/TUNAI,20.101.001 UANG MUKA,800000000,,1462902485,
Lumiera Garden,Tunai,2025-02-01,Kas Kecil169/ADL-LG/II/2025,Upah Penjaga Alat / P.Didik (01-31 Januari 2025),60.103.001 HONOR,10.101.001 KAS KECIL,,1550000,662902485,
Lumiera Garden,Tunai,2025-02-01,Kas Kecil,Penerimaan Pindah Buku dari BCA PT. ASA (Upah Penjaga Alat - P.Didik (01-31 Januari),10.101.001 KAS KECIL,10.101.004 SILANG KAS,1550000,,664452485,
Lumiera Garden,Tunai,2025-01-31,,Pindah Saldo,10.101.001 KAS KECIL,10.101.002 CASH/TUNAI,,,662902485,
Lumiera Garden,Tunai,2025-01-31,,Pindah Saldo,10.101.001 KAS KECIL,10.101.002 CASH/TUNAI,,,662902485,
Lumiera Garden,Bank,2025-01-31,BCA PT. Adhiland Sukses Abadi159/ADL-LG/I/2025,"Refund ITJ C-03 an Fifin Dwi Andriani, SE",20.101.002 UANG TANDA JADI,10.101.003 BCA (8162440909 an PT. Adhiland Sukses Abadi),,5000000,662902485,
Lumiera Garden,Bank,2025-01-31,BCA PT. ASA,Admin Bank (Potongan Bulanan),60.104.010 ADMINISTRASI BANK,10.101.003 BCA (8162440909 an PT. Adhiland Sukses Abadi),,30000,667902485,
Lumiera Garden,Bank,2025-01-31,BCA PT. ASA162/ADL-LG/I/2025,Admin Bank,60.104.010 ADMINISTRASI BANK,10.101.003 BCA (8162440909 an PT. Adhiland Sukses Abadi),,2500,667932485,
Lumiera Garden,Bank,2025-01-31,BCA PT. ASA162/ADL-LG/I/2025,Pembelian Kursi Kantor (10 pcs) - Pirnoto,11.101.001 PERALATAN KANTOR,10.101.003 BCA (8162440909 an PT. Adhiland Sukses Abadi),,3650000,667934985,
Lumiera Garden,Bank,2025-01-31,BCA PT. ASA161/ADL-LG/I/2025,Reimburse Pak Rula (Lampu Sorot 50W dan Kabel NYM),10.202.008 TAMAN DAN PENGHIJAUAN,10.101.003 BCA (8162440909 an PT. Adhiland Sukses Abadi),,5347000,671584985,
Lumiera Garden,Bank,2025-01-31,BCA PT. ASA160/ADL-LG/I/2025,Reimburse Maria (Gosend PPJB C-03 Ke Kantor),60.104.009 PERANGKO/KIRIMAN SRT & DOK,10.101.003 BCA (8162440909 an PT. Adhiland Sukses Abadi),,22500,676931985,
Lumiera Garden,Bank,2025-01-31,BCA PT. ASA160/ADL-LG/I/2025,Reimburse Maria (Gosend PPJB C-03 Ke Not),60.104.009 PERANGKO/KIRIMAN SRT & DOK,10.101.003 BCA (8162440909 an PT. Adhiland Sukses Abadi),,23500,676954485,
Lumiera Garden,Bank,2025-01-31,BCA PT. ASA160/ADL-LG/I/2025,Reimburse Maria (Print PPJB C-11),60.104.001 OPERASIONAL KANTOR,10.101.003 BCA (8162440909 an PT. Adhiland Sukses Abadi),,4655,676977985,
Lumiera Garden,Bank,2025-01-31,BCA PT. ASA160/ADL-LG/I/2025,Reimburse Maria (Print PPJB C-03),60.104.001 OPERASIONAL KANTOR,10.101.003 BCA (8162440909 an PT. Adhiland Sukses Abadi),,5985,676982640,
Lumiera Garden,Bank,2025-01-31,BCA PT. ASA159/ADL-LG/I/2025,Admin Bank,60.104.010 ADMINISTRASI BANK,10.101.003 BCA (8162440909 an PT. Adhiland Sukses Abadi),,2500,676988625,
Lumiera Garden,Bank,2025-01-31,BCA PT. ASA158/ADL-LG/I/2025,Termin II Animasi 3D (202501/I/25) - Rura,10.201.021 ADVISE PLANNING GAMBAR 3D,10.101.003 BCA (8162440909 an PT. Adhiland Sukses Abadi),,3200000,676991125,
Lumiera Garden,Bank,2025-01-31,BCA PT. ASA157/ADL-LG/I/2025,Waarmerking PPJB Kavling LK-12 an Fitria Agustina,60.104.023 BIAYA ADMINISTRASI WAARMERKING,10.101.003 BCA (8162440909 an PT. Adhiland Sukses Abadi),,250000,680191125,
Lumiera Garden,Bank,2025-01-31,BCA PT. ASA157/ADL-LG/I/2025,Waarmerking PPJB Kavling LK-03 an Rachmadiana Sari,60.104.023 BIAYA ADMINISTRASI WAARMERKING,10.101.003 BCA (8162440909 an PT. Adhiland Sukses Abadi),,250000,680441125,
Lumiera Garden,Bank,2025-01-31,BCA PT. ASA156/ADL-LG/I/2025,Termin (95%) Pekerjaan Bronjong Batu (003/SPK.ADP/LG/XI/2024) - Arifin,10.202.007 TURAP,10.101.003 BCA (8162440909 an PT. Adhiland Sukses Abadi),,43200000,680691125,
Lumiera Garden,Bank,2025-01-31,BCA PT. ASA155/ADL-LG/I/2025,PO Paving + Kanstein (No.KW 2014/FI-SO/2024) - Focon,10.202.004 PAVING,10.101.003 BCA (8162440909 an PT. Adhiland Sukses Abadi),,20892109,723891125,
Lumiera Garden,Bank,2025-01-31,BCA PT. ASA154/ADL-LG/I/2025,PO Kanstein + Paving (No.KW 1998/FI-SO/XII/2024) - Focon,10.202.004 PAVING,10.101.003 BCA (8162440909 an PT. Adhiland Sukses Abadi),,46700364,744783234,
Lumiera Garden,Bank,2025-01-31,BCA PT. ASA153/ADL-LG/I/2025,"Pekerjaan Fasum (Harian Pasang NRCP, Tutup NRCP & Bak Kontrol, Pasang Avour Rukost, Pasang Avour Jalan Utama) - Arifin",10.202.005 SALURAN,10.101.003 BCA (8162440909 an PT. Adhiland Sukses Abadi),,3100000,791483598,
Lumiera Garden,Bank,2025-01-31,BCA PT. ASA153/ADL-LG/I/2025,Pekerjaan Fasum (Sewa Stamper) - Arifin,10.202.003 PERATAAN TANAH/CUT & FILL,10.101.003 BCA (8162440909 an PT. Adhiland Sukses Abadi),,450000,794583598,
Lumiera Garden,Bank,2025-01-31,BCA PT. ASA153/ADL-LG/I/2025,Pekerjaan Fasum (Sewa alkon siram tanaman) - Arifin,10.202.008 TAMAN DAN PENGHIJAUAN,10.101.003 BCA (8162440909 an PT. Adhiland Sukses Abadi),,700000,795033598,
Lumiera Garden,Bank,2025-01-31,BCA PT. ASA153/ADL-LG/I/2025,"Pekerjaan Fasum (Pasir Paving, Perapian Pasang Paving) - Arifin",10.202.004 PAVING,10.101.003 BCA (8162440909 an PT. Adhiland Sukses Abadi),,7840000,795733598,
Lumiera Garden,Bank,2025-01-31,BCA PT. ASA152/ADL-LG/I/2025,Sewa EXA PC 78 / 32 jam (21 - 25 Januari 2025) - Izuddin,10.202.003 PERATAAN TANAH/CUT & FILL,10.101.003 BCA (8162440909 an PT. Adhiland Sukses Abadi),,10720000,803573598,
Lumiera Garden,Bank,2025-01-31,BCA PT. ASA151/ADL-LG/I/2025,Kirim Bongkaran 6 rit (13 - 14 Desember 2024) - UD. Hidup Baru,10.202.003 PERATAAN TANAH/CUT & FILL,10.101.003 BCA (8162440909 an PT. Adhiland Sukses Abadi),,720000,814293598,
Lumiera Garden,Bank,2025-01-31,BCA PT. ASA150/ADL-LG/I/2025,"Reimburse Pak Sugeng (Pembelian Gergaji, Sarplas /lem pvs, Kikir, 2 Sok) - Toko Mayang Grand 1",60.104.001 OPERASIONAL KANTOR,10.101.003 BCA (8162440909 an PT. Adhiland Sukses Abadi),,58000,815013598,
Lumiera Garden,Bank,2025-01-31,BCA PT. ASA150/ADL-LG/I/2025,Reimburse Pak Sugeng (Pembelian 5 Sapu) - Toko Mayang Grand 1,60.104.001 OPERASIONAL KANTOR,10.101.003 BCA (8162440909 an PT. Adhiland Sukses Abadi),,40000,815071598,
Lumiera Garden,Bank,2025-01-31,BCA PT. ASA150/ADL-LG/I/2025,"Reimburse Pak Sugeng (Bensin Alkon 3,84 liter) - Pom Pokok Berkah",60.104.001 OPERASIONAL KANTOR,10.101.003 BCA (8162440909 an PT. Adhiland Sukses Abadi),,50000,815111598,
Lumiera Garden,Bank,2025-01-31,BCA PT. ASA149/ADL-LG/I/2025,Reimburse Pak Roy (Bensin Avanza),60.104.007 BENSIN OPERASIONAL,10.101.003 BCA (8162440909 an PT. Adhiland Sukses Abadi),,300000,815161598,
Lumiera Garden,Bank,2025-01-31,BCA PT. ASACek : 620430,Tarikan Tunai,10.101.004 SILANG KAS,10.101.003 BCA (8162440909 an PT. Adhiland Sukses Abadi),,200000000,815461598,
Lumiera Garden,Bank,2025-01-31,BCA PT. ASALK 19,ITJ Kavling LK-19 an Handoko,10.101.003 BCA (8162440909 an PT. Adhiland Sukses Abadi),20.101.002 UANG TANDA JADI,5000000,,1015461598,
Lumiera Garden,Bank,2025-01-31,BCA PT. ASALK 11,"Pembayaran DP 2 Rukost Kavling LK-11 an Debora Asih Natalia Alle, ST.",10.101.003 BCA (8162440909 an PT. Adhiland Sukses Abadi),20.101.001 UANG MUKA,450000000,,1010461598,
Lumiera Garden,Tunai,2025-01-31,Cash/Tunai,Pinjaman untuk Sigura-Gura (Pengembalian Dana Investor Nanang),10.102.010 PIUTANG SIGURA-GURA,10.101.002 CASH/TUNAI,,100000000,560461598,
Lumiera Garden,Tunai,2025-01-31,Kas Kecil167/ADL-LG/I/2025,Komisi Marcomm Kavling LK-11,60.101.002 INSENTIF/KOMISI,10.101.001 KAS KECIL,,77120,660461598,
Lumiera Garden,Tunai,2025-01-31,Kas Kecil167/ADL-LG/I/2025,Komisi Marcomm Kavling LK-11,60.101.002 INSENTIF/KOMISI,10.101.001 KAS KECIL,,67480,660538718,
Lumiera Garden,Tunai,2025-01-31,Kas Kecil167/ADL-LG/I/2025,Komisi Marcomm Kavling LK-11,60.101.002 INSENTIF/KOMISI,10.101.001 KAS KECIL,,110860,660606198,
Lumiera Garden,Tunai,2025-01-31,Kas Kecil167/ADL-LG/I/2025,Komisi Marcomm Kavling LK-11,60.101.002 INSENTIF/KOMISI,10.101.001 KAS KECIL,,226540,660717058,
Lumiera Garden,Tunai,2025-01-31,Kas Kecil167/ADL-LG/I/2025,Komisi Direktur Teknik Kavling LK-11,60.101.002 INSENTIF/KOMISI,10.101.001 KAS KECIL,,1928000,660943598,
Lumiera Garden,Tunai,2025-01-31,Kas Kecil167/ADL-LG/I/2025,Komisi Komisaris Kavling LK-11,60.101.002 INSENTIF/KOMISI,10.101.001 KAS KECIL,,1928000,662871598,
Lumiera Garden,Tunai,2025-01-31,Kas Kecil167/ADL-LG/I/2025,Komisi Direktur B&D Kavling LK-11,60.101.002 INSENTIF/KOMISI,10.101.001 KAS KECIL,,1928000,664799598,
Lumiera Garden,Tunai,2025-01-31,Kas Kecil167/ADL-LG/I/2025,Komisi Direktur Operasional Kavling LK-11,60.101.002 INSENTIF/KOMISI,10.101.001 KAS KECIL,,1928000,666727598,
Lumiera Garden,Tunai,2025-01-31,Kas Kecil167/ADL-LG/I/2025,Komisi Direktur Utama Kavling LK-11,60.101.002 INSENTIF/KOMISI,10.101.001 KAS KECIL,,1928000,668655598,
Lumiera Garden,Tunai,2025-01-31,Kas Kecil167/ADL-LG/I/2025,BLT SPV Marketing Kavling LK-11,60.101.001 BLT,10.101.001 KAS KECIL,,2000000,670583598,
Lumiera Garden,Tunai,2025-01-31,Kas Kecil167/ADL-LG/I/2025,Komisi SPV Marketing Kavling LK-11,60.101.002 INSENTIF/KOMISI,10.101.001 KAS KECIL,,4820000,672583598,
Lumiera Garden,Tunai,2025-01-31,Kas Kecil167/ADL-LG/I/2025,Admin Bank,60.104.010 ADMINISTRASI BANK,10.101.001 KAS KECIL,,2900,677403598,
Lumiera Garden,Tunai,2025-01-31,Kas Kecil167/ADL-LG/I/2025,BLT Marketing Kavling LK-11,60.101.001 BLT,10.101.001 KAS KECIL,,1000000,677406498,
Lumiera Garden,Tunai,2025-01-31,Kas Kecil167/ADL-LG/I/2025,Komisi Marketing Kavling LK-11,60.101.002 INSENTIF/KOMISI,10.101.001 KAS KECIL,,14460000,678406498,
Lumiera Garden,Tunai,2025-01-31,Kas Kecil166/ADL-LG/I/2025,Komisi Marcomm Kavling C-02,60.101.002 INSENTIF/KOMISI,10.101.001 KAS KECIL,,52900,692866498,
Lumiera Garden,Tunai,2025-01-31,Kas Kecil166/ADL-LG/I/2025,Komisi Marcomm Kavling C-02,60.101.002 INSENTIF/KOMISI,10.101.001 KAS KECIL,,47610,692919398,
Lumiera Garden,Tunai,2025-01-31,Kas Kecil166/ADL-LG/I/2025,Komisi Marcomm Kavling C-02,60.101.002 INSENTIF/KOMISI,10.101.001 KAS KECIL,,66125,692967008,
Lumiera Garden,Tunai,2025-01-31,Kas Kecil166/ADL-LG/I/2025,Komisi Marcomm Kavling C-02,60.101.002 INSENTIF/KOMISI,10.101.001 KAS KECIL,,97865,693033133,
Lumiera Garden,Tunai,2025-01-31,Kas Kecil166/ADL-LG/I/2025,Komisi Direktur Teknik Kavling C-02,60.101.002 INSENTIF/KOMISI,10.101.001 KAS KECIL,,1058000,693130998,
Lumiera Garden,Tunai,2025-01-31,Kas Kecil166/ADL-LG/I/2025,Komisi Komisaris Kavling C-02,60.101.002 INSENTIF/KOMISI,10.101.001 KAS KECIL,,1058000,694188998,
Lumiera Garden,Tunai,2025-01-31,Kas Kecil166/ADL-LG/I/2025,Komisi Direktur B&D Kavling C-02,60.101.002 INSENTIF/KOMISI,10.101.001 KAS KECIL,,1058000,695246998,
Lumiera Garden,Tunai,2025-01-31,Kas Kecil166/ADL-LG/I/2025,Komisi Direktur Operasional Kavling C-02,60.101.002 INSENTIF/KOMISI,10.101.001 KAS KECIL,,1058000,696304998,
Lumiera Garden,Tunai,2025-01-31,Kas Kecil166/ADL-LG/I/2025,Komisi Direktur Utama Kavling C-02,60.101.002 INSENTIF/KOMISI,10.101.001 KAS KECIL,,1058000,697362998,
Lumiera Garden,Tunai,2025-01-31,Kas Kecil166/ADL-LG/I/2025,BLT SPV Marketing Kavling C-02,60.101.001 BLT,10.101.001 KAS KECIL,,2000000,698420998,
Lumiera Garden,Tunai,2025-01-31,Kas Kecil166/ADL-LG/I/2025,Komisi SPV Marketing Kavling C-02,60.101.002 INSENTIF/KOMISI,10.101.001 KAS KECIL,,2645000,700420998,
Lumiera Garden,Tunai,2025-01-31,Kas Kecil166/ADL-LG/I/2025,Komisi Marketing Kavling C-02,60.101.002 INSENTIF/KOMISI,10.101.001 KAS KECIL,,7935000,703065998,
Lumiera Garden,Tunai,2025-01-31,Kas Kecil165/ADL-LG/I/2025,Komisi Marcomm Kavling C-03,60.101.002 INSENTIF/KOMISI,10.101.001 KAS KECIL,,52900,711000998,
Lumiera Garden,Tunai,2025-01-31,Kas Kecil165/ADL-LG/I/2025,Komisi Marcomm Kavling C-03,60.101.002 INSENTIF/KOMISI,10.101.001 KAS KECIL,,47610,711053898,
Lumiera Garden,Tunai,2025-01-31,Kas Kecil165/ADL-LG/I/2025,Komisi Marcomm Kavling C-03,60.101.002 INSENTIF/KOMISI,10.101.001 KAS KECIL,,66125,711101508,
Lumiera Garden,Tunai,2025-01-31,Kas Kecil165/ADL-LG/I/2025,Komisi Marcomm Kavling C-03,60.101.002 INSENTIF/KOMISI,10.101.001 KAS KECIL,,97865,711167633,
Lumiera Garden,Tunai,2025-01-31,Kas Kecil165/ADL-LG/I/2025,Komisi Direktur Teknik Kavling C-03,60.101.002 INSENTIF/KOMISI,10.101.001 KAS KECIL,,1058000,711265498,
Lumiera Garden,Tunai,2025-01-31,Kas Kecil165/ADL-LG/I/2025,Komisi Komisaris Kavling C-03,60.101.002 INSENTIF/KOMISI,10.101.001 KAS KECIL,,1058000,712323498,
Lumiera Garden,Tunai,2025-01-31,Kas Kecil165/ADL-LG/I/2025,Komisi Direktur B&D Kavling C-03,60.101.002 INSENTIF/KOMISI,10.101.001 KAS KECIL,,1058000,713381498,
Lumiera Garden,Tunai,2025-01-31,Kas Kecil165/ADL-LG/I/2025,Komisi Direktur Operasional Kavling C-03,60.101.002 INSENTIF/KOMISI,10.101.001 KAS KECIL,,1058000,714439498,
Lumiera Garden,Tunai,2025-01-31,Kas Kecil165/ADL-LG/I/2025,Komisi Direktur Utama Kavling C-03,60.101.002 INSENTIF/KOMISI,10.101.001 KAS KECIL,,1058000,715497498,
Lumiera Garden,Tunai,2025-01-31,Kas Kecil165/ADL-LG/I/2025,BLT SPV Marketing Kavling C-03,60.101.001 BLT,10.101.001 KAS KECIL,,2000000,716555498,
Lumiera Garden,Tunai,2025-01-31,Kas Kecil165/ADL-LG/I/2025,Komisi SPV Marketing Kavling C-03,60.101.002 INSENTIF/KOMISI,10.101.001 KAS KECIL,,2645000,718555498,
Lumiera Garden,Tunai,2025-01-31,Kas Kecil165/ADL-LG/I/2025,Admin Bank,60.104.010 ADMINISTRASI BANK,10.101.001 KAS KECIL,,2900,721200498,
Lumiera Garden,Tunai,2025-01-31,Kas Kecil165/ADL-LG/I/2025,BLT Marketing Kavling C-03,60.101.001 BLT,10.101.001 KAS KECIL,,1000000,721203398,
Lumiera Garden,Tunai,2025-01-31,Kas Kecil165/ADL-LG/I/2025,Komisi Marketing Kavling C-03,60.101.002 INSENTIF/KOMISI,10.101.001 KAS KECIL,,7935000,722203398,
Lumiera Garden,Tunai,2025-01-31,Kas Kecil164/ADL-LG/I/2025,Papan Kavling (4 pcs) uk 30x20 lb - StarOne,60.101.004 BEBAN ADVERTISING,10.101.001 KAS KECIL,,12000,730138398,
Lumiera Garden,Tunai,2025-01-31,Kas Kecil163/ADL-LG/I/2025,Reimburse Pak Adhiwena (Meeting Direksi 30 Jan 2025) - Laluna,60.104.013 MEETING,10.101.001 KAS KECIL,,203500,730150398,
Lumiera Garden,Tunai,2025-01-31,Kas Kecil163/ADL-LG/I/2025,Reimburse Pak Adhiwena (Bensin Innova),60.104.007 BENSIN OPERASIONAL,10.101.001 KAS KECIL,,300000,730353898,
Lumiera Garden,Tunai,2025-01-31,Kas Kecil163/ADL-LG/I/2025,Reimburse Pak Adhiwena (Meeting Direksi 24 Jan 2025) - Warkop Agam,60.104.013 MEETING,10.101.001 KAS KECIL,,207000,730653898,
Lumiera Garden,Tunai,2025-01-31,Kas Kecil163/ADL-LG/I/2025,Reimburse Pak Adhiwena (Weekly Meeting Pak Rendra),60.104.013 MEETING,10.101.001 KAS KECIL,,187000,730860898,
Lumiera Garden,Tunai,2025-01-31,Cash/TunaiCek : 620430,Pencairan Cek,10.101.002 CASH/TUNAI,10.101.004 SILANG KAS,200000000,,731047898,
Lumiera Garden,Bank,2025-01-30,BCA PT. ASAKW 158,Pembayaran DP 2&3 Kavling C-02 an Fitria Amalia Dewi,10.101.003 BCA (8162440909 an PT. Adhiland Sukses Abadi),20.101.001 UANG MUKA,103700000,,531047898,
Lumiera Garden,Bank,2025-01-30,BCA PT. ASAKW 155,"Pembayaran DP 2 Rukost Kavling C-03 an Tri Prasetyaningrum, SE., MM",10.101.003 BCA (8162440909 an PT. Adhiland Sukses Abadi),20.101.001 UANG MUKA,100000000,,427347898,
Lumiera Garden,Bank,2025-01-30,BCA PT. ASA148/ADL-LG/I/2025,Admin Bank,60.104.010 ADMINISTRASI BANK,10.101.003 BCA (8162440909 an PT. Adhiland Sukses Abadi),,2500,327347898,
Lumiera Garden,Bank,2025-01-30,BCA PT. ASA148/ADL-LG/I/2025,Pembayaran Termin Tanah Toherengga Islah KA,10.201.001 PERSEDIAAN TANAH,10.101.003 BCA (8162440909 an PT. Adhiland Sukses Abadi),,150000000,327350398,
Lumiera Garden,Bank,2025-01-30,BCA PT. ASA148/ADL-LG/I/2025,Admin Bank,60.104.010 ADMINISTRASI BANK,10.101.003 BCA (8162440909 an PT. Adhiland Sukses Abadi),,2500,477350398,
Lumiera Garden,Bank,2025-01-30,BCA PT. ASA148/ADL-LG/I/2025,Pembayaran Termin Tanah Toherengga Islah KA,10.201.001 PERSEDIAAN TANAH,10.101.003 BCA (8162440909 an PT. Adhiland Sukses Abadi),,250000000,477352898,
Lumiera Garden,Bank,2025-01-30,BCA PT. ASA148/ADL-LG/I/2025,Admin Bank,60.104.010 ADMINISTRASI BANK,10.101.003 BCA (8162440909 an PT. Adhiland Sukses Abadi),,2500,727352898,
Lumiera Garden,Bank,2025-01-30,BCA PT. ASA148/ADL-LG/I/2025,Pembayaran Termin Tanah Toherengga Islah KA,10.201.001 PERSEDIAAN TANAH,10.101.003 BCA (8162440909 an PT. Adhiland Sukses Abadi),,250000000,727355398,
Lumiera Garden,Bank,2025-01-30,BCA PT. ASA148/ADL-LG/I/2025,Admin Bank,60.104.010 ADMINISTRASI BANK,10.101.003 BCA (8162440909 an PT. Adhiland Sukses Abadi),,2500,977355398,
Lumiera Garden,Bank,2025-01-30,BCA PT. ASA148/ADL-LG/I/2025,Pembayaran Termin Tanah - Ingrid Permata Les,10.201.001 PERSEDIAAN TANAH,10.101.003 BCA (8162440909 an PT. Adhiland Sukses Abadi),,200000000,977357898,
Lumiera Garden,Bank,2025-01-30,BCA PT. ASALK 11,"Pembayaran DP 1 Rukost Kavling LK-11 an Debora Asih Natalia Alle, ST.",10.101.003 BCA (8162440909 an PT. Adhiland Sukses Abadi),20.101.001 UANG MUKA,50000000,,1177357898,
Lumiera Garden,Tunai,2025-01-30,Kas Kecil,Pembayaran Termin Tanah Tohrengga,10.201.001 PERSEDIAAN TANAH,10.101.001 KAS KECIL,,650000000,1127357898,
Lumiera Garden,Tunai,2025-01-30,Kas Kecil,Pinjaman dari Joyo Agung 2 (Termin Tanah Tohrengga),10.101.001 KAS KECIL,20.103.009 HUTANG JOYO AGUNG 2,650000000,,1777357898,
Lumiera Garden,Bank,2025-01-28,BCA PT. ASAKW 154,"Pembayaran DP 1 Hunian Kavling C-03 an Tri Prasetyaningrum, SE., MM",10.101.003 BCA (8162440909 an PT. Adhiland Sukses Abadi),20.101.001 UANG MUKA,60000000,,1127357898,
Lumiera Garden,Bank,2025-01-27,BCA PT. ASALK 4,ITJ Kavling LK-04 an Endah Kuswintari,10.101.003 BCA (8162440909 an PT. Adhiland Sukses Abadi),20.101.002 UANG TANDA JADI,5000000,,1067357898,
Lumiera Garden,Bank,2025-01-27,BCA PT. ASAKW 154,"ITJ Kavling C-03 an Tri Prasetyaningrum, SE., MM",10.101.003 BCA (8162440909 an PT. Adhiland Sukses Abadi),20.101.002 UANG TANDA JADI,5000000,,1062357898,
Lumiera Garden,Bank,2025-01-27,BCA PT. ASA,ITJ Kavling C-01 an Deny Widyo Purnama,10.101.003 BCA (8162440909 an PT. Adhiland Sukses Abadi),20.101.002 UANG TANDA JADI,5000000,,1057357898,
Lumiera Garden,Bank,2025-01-26,BCA PT. ASALK 10,Pembayaran Pelunasan Rukost Kavling LK-10 an Mochamad Yunus,10.101.003 BCA (8162440909 an PT. Adhiland Sukses Abadi),20.101.001 UANG MUKA,125000000,,1052357898,
Lumiera Garden,Bank,2025-01-25,BCA PT. ASALK 11,ITJ Kavling LK-11 an M. P Sitanggang,10.101.003 BCA (8162440909 an PT. Adhiland Sukses Abadi),20.101.002 UANG TANDA JADI,5000000,,927357898,
Lumiera Garden,Bank,2025-01-25,BCA PT. ASAKW 153,Pembayaran DP 1 Hunian Kavling C-02 an Fitria Amalia Dewi,10.101.003 BCA (8162440909 an PT. Adhiland Sukses Abadi),20.101.001 UANG MUKA,50000000,,922357898,
Lumiera Garden,Bank,2025-01-25,BCA PT. ASA147/ADL-LG/I/2025,Pembelian Token Listrik Kawasan,60.104.003 TOKEN PLN,10.101.003 BCA (8162440909 an PT. Adhiland Sukses Abadi),,502300,872357898,
Lumiera Garden,Bank,2025-01-25,BCA PT. ASAKW 153,ITJ Kavling C-02 an Fitria Amalia Dewi,10.101.003 BCA (8162440909 an PT. Adhiland Sukses Abadi),20.101.002 UANG TANDA JADI,5000000,,872860198,
Lumiera Garden,Bank,2025-01-25,BCA PT. ASALK 10,Pembayaran Pelunasan Rukost Kavling LK-10 an Mochamad Yunus,10.101.003 BCA (8162440909 an PT. Adhiland Sukses Abadi),20.101.001 UANG MUKA,250000000,,867860198,
Lumiera Garden,Bank,2025-01-25,BCA PT. ASALK 12,Pembayaran Pelunasan Rukost Kavling LK-12 an Fitria Agustina,10.101.003 BCA (8162440909 an PT. Adhiland Sukses Abadi),20.101.001 UANG MUKA,70000000,,617860198,
Lumiera Garden,Tunai,2025-01-24,,Pindah Saldo,10.101.001 KAS KECIL,10.101.002 CASH/TUNAI,,,547860198,
Lumiera Garden,Bank,2025-01-24,BCA PT. ASA146/ADL-LG/I/2025,Biaya Admin,60.104.010 ADMINISTRASI BANK,10.101.003 BCA (8162440909 an PT. Adhiland Sukses Abadi),,2500,547860198,
Lumiera Garden,Bank,2025-01-24,BCA PT. ASA146/ADL-LG/I/2025,Biaya cetak & pasang Visual Baliho Beji - Indo Citra Mandiri,60.101.004 BEBAN ADVERTISING,10.101.003 BCA (8162440909 an PT. Adhiland Sukses Abadi),,1200000,547862698,
Lumiera Garden,Bank,2025-01-24,BCA PT. ASA146/ADL-LG/I/2025,Biaya ganti gambar Exit Tol Singosari Kab Malang - CV. Kaffa Sejati,60.101.004 BEBAN ADVERTISING,10.101.003 BCA (8162440909 an PT. Adhiland Sukses Abadi),,2500000,549062698,
Lumiera Garden,Bank,2025-01-24,BCA PT. ASA145/ADL-LG/I/2025,Biaya Penurunan & Pemasangan Billboard (5m x 10m) - mm/ad,60.101.004 BEBAN ADVERTISING,10.101.003 BCA (8162440909 an PT. Adhiland Sukses Abadi),,1000000,551562698,
Lumiera Garden,Bank,2025-01-24,BCA PT. ASA145/ADL-LG/I/2025,Printing Billborad (5m x 10m) - mm/ad,60.101.004 BEBAN ADVERTISING,10.101.003 BCA (8162440909 an PT. Adhiland Sukses Abadi),,1750000,552562698,
Lumiera Garden,Bank,2025-01-24,BCA PT. ASA144/ADL-LG/I/2025,Pelunasan Seragam Kemeja PDH / 10 pcs - Baboon T-Shirt Garment,60.104.001 OPERASIONAL KANTOR,10.101.003 BCA (8162440909 an PT. Adhiland Sukses Abadi),,925000,554312698,
Lumiera Garden,Bank,2025-01-24,BCA PT. ASA143/ADL-LG/I/2025,Reimburse Pak Dedy (Smartcase Ipad / 999AC),60.104.001 OPERASIONAL KANTOR,10.101.003 BCA (8162440909 an PT. Adhiland Sukses Abadi),,250000,555237698,
Lumiera Garden,Bank,2025-01-24,BCA PT. ASA142/ADL-LG/I/2025,Pembelian Penutup Samping Transparan 2 sisi - Istana Jaya Tenda,11.101.001 PERALATAN KANTOR,10.101.003 BCA (8162440909 an PT. Adhiland Sukses Abadi),,500000,555487698,
Lumiera Garden,Bank,2025-01-24,BCA PT. ASA141/ADL-LG/I/2025,Reimburse Pak Rula (Pembelian Pupuk),60.104.001 OPERASIONAL KANTOR,10.101.003 BCA (8162440909 an PT. Adhiland Sukses Abadi),,102000,555987698,
Lumiera Garden,Bank,2025-01-24,BCA PT. ASA141/ADL-LG/I/2025,"Reimburse Pak Rula (Pembelian Box Panel, Lampu 100w, dan Kabel 2x1,5 / Gajayana Electronic)",10.202.008 TAMAN DAN PENGHIJAUAN,10.101.003 BCA (8162440909 an PT. Adhiland Sukses Abadi),,1100000,556089698,
Lumiera Garden,Bank,2025-01-24,BCA PT. ASA137/ADL-LG/I/2025 II Cek : 0620429,Pekerjaan 100% Plengsengan (29/SPK/XII/2024) - Arifin,10.202.041 PLENGSENG,10.101.003 BCA (8162440909 an PT. Adhiland Sukses Abadi),,200000000,557189698,
Lumiera Garden,Bank,2025-01-24,BCA PT. ASA140/ADL-LG/I/2025,PO Paving 1/2 Block /15 m2 & Tutup Bico /26 pcs (No.KW 1991/FI-SO/XII/2024) - Focon,10.202.004 PAVING,10.101.003 BCA (8162440909 an PT. Adhiland Sukses Abadi),,3507600,757189698,
Lumiera Garden,Bank,2025-01-24,BCA PT. ASA139/ADL-LG/I/2025,PO NRCP / 15 pcs (No.KW 1872/FI-SO/XI/2024) - Focon,10.202.005 SALURAN,10.101.003 BCA (8162440909 an PT. Adhiland Sukses Abadi),,6993000,760697298,
Lumiera Garden,Bank,2025-01-24,BCA PT. ASA138/ADL-LG/I/2025,Sewa EXA PC 78 / 42 Jam (14 - 20 Januari 2025) - Izuddin,10.202.003 PERATAAN TANAH/CUT & FILL,10.101.003 BCA (8162440909 an PT. Adhiland Sukses Abadi),,14070000,767690298,
Lumiera Garden,Bank,2025-01-24,BCA PT. ASALK 12,Pembayaran Pelunasan Rukost Kavling LK-12 an Fitria Agustina,10.101.003 BCA (8162440909 an PT. Adhiland Sukses Abadi),20.101.001 UANG MUKA,500000000,,781760298,
Lumiera Garden,Tunai,2025-01-24,Cash/Tunai,Pinjaman untuk Sigura-Gura (Pembayaran Pengajuan 240125),10.102.010 PIUTANG SIGURA-GURA,10.101.002 CASH/TUNAI,,73900000,281760298,
Lumiera Garden,Tunai,2025-01-24,Kas Kecil137/ADL-LG/I/2025,Pekerjaan 100% Plengsengan (29/SPK/XII/2024) - Arifin,10.202.041 PLENGSENG,10.101.001 KAS KECIL,,50000000,355660298,
Lumiera Garden,Tunai,2025-01-22,Cash/Tunai,Pinjaman untuk Sigura-Gura (Sumur Bor B05),10.102.010 PIUTANG SIGURA-GURA,10.101.002 CASH/TUNAI,,950000,405660298,
Lumiera Garden,Bank,2025-01-21,BCA PT. ASA135/ADL-LG/I/2025,DP Seragam Kemeja PDH (10 pcs) - Baboon T-Shirt Garment,60.104.001 OPERASIONAL KANTOR,10.101.003 BCA (8162440909 an PT. Adhiland Sukses Abadi),,925000,406610298,
Lumiera Garden,Tunai,2025-01-21,Cash/Tunai,Pinjaman untuk Joyo Agung (Komisi RK-01),10.102.012 PIUTANG JOYO AGUNG 2,10.101.002 CASH/TUNAI,,10000000,407535298,
Lumiera Garden,Tunai,2025-01-20,Kas Kecil(11) Royal ATK,Pembelian Kertas HVS A4 (maxi brite) & Map Business File,60.104.001 OPERASIONAL KANTOR,10.101.001 KAS KECIL,,94000,417535298,
Lumiera Garden,Tunai,2025-01-20,Kas Kecil(10) Grosir Pokok Berkah,Pembelian Cleo Galon Refil (3pcs),60.104.001 OPERASIONAL KANTOR,10.101.001 KAS KECIL,,52500,417629298,
Lumiera Garden,Tunai,2025-01-20,Cash/Tunai,Pinjaman untuk Sigura-gura (Belanja Kebutuhan A07 & Budgeting CRD),10.102.010 PIUTANG SIGURA-GURA,10.101.002 CASH/TUNAI,,10000000,417681798,
Lumiera Garden,Tunai,2025-01-18,Cash/Tunai,Pinjaman untuk Sigura-gura (Pengembalian Hutang Pak Sam),10.102.010 PIUTANG SIGURA-GURA,10.101.002 CASH/TUNAI,,1212500000,427681798,
Lumiera Garden,Bank,2025-01-17,BCA PT. ASA134/ADL-LG/I/2025,DP EXPO MOG (22 Jan - 2 Feb 2025) - Ilhami Organizer,60.101.006 EXPO,10.101.003 BCA (8162440909 an PT. Adhiland Sukses Abadi),,20000000,1640181798,
Lumiera Garden,Bank,2025-01-17,BCA PT. ASA133/ADL-LG/I/2025,Termin I (40%) Animasi 3D (202501/I/10) - RURA,60.101.004 BEBAN ADVERTISING,10.101.003 BCA (8162440909 an PT. Adhiland Sukses Abadi),,3200000,1660181798,
Lumiera Garden,Bank,2025-01-17,BCA PT. ASA132/ADL-LG/I/2025,Biaya Admin,60.104.010 ADMINISTRASI BANK,10.101.003 BCA (8162440909 an PT. Adhiland Sukses Abadi),,2500,1663381798,
Lumiera Garden,Bank,2025-01-17,BCA PT. ASA132/ADL-LG/I/2025,Ganti Visual Mini Billboard uk 2x3 (5 unit) - StarOne,60.101.004 BEBAN ADVERTISING,10.101.003 BCA (8162440909 an PT. Adhiland Sukses Abadi),,1650000,1663384298,
Lumiera Garden,Bank,2025-01-17,BCA PT. ASA131/ADL-LG/I/2025,Reimburse Pak Dedy (Bensin Operational),60.104.007 BENSIN OPERASIONAL,10.101.003 BCA (8162440909 an PT. Adhiland Sukses Abadi),,200000,1665034298,
Lumiera Garden,Bank,2025-01-17,BCA PT. ASA130/ADL-LG/I/2025,Brosur Lumiera Garden / 2770 pcs,60.101.004 BEBAN ADVERTISING,10.101.003 BCA (8162440909 an PT. Adhiland Sukses Abadi),,11634000,1665234298,
Lumiera Garden,Bank,2025-01-17,BCA PT. ASA129/ADL-LG/I/2025,Biaya Admin,60.104.010 ADMINISTRASI BANK,10.101.003 BCA (8162440909 an PT. Adhiland Sukses Abadi),,2500,1676868298,
Lumiera Garden,Bank,2025-01-17,BCA PT. ASA129/ADL-LG/I/2025,Tatakan Laptop (Mila),60.104.001 OPERASIONAL KANTOR,10.101.003 BCA (8162440909 an PT. Adhiland Sukses Abadi),,70000,1676870798,
Lumiera Garden,Bank,2025-01-17,BCA PT. ASA129/ADL-LG/I/2025,Mousepadd (mila),60.104.001 OPERASIONAL KANTOR,10.101.003 BCA (8162440909 an PT. Adhiland Sukses Abadi),,15000,1676940798,
Lumiera Garden,Bank,2025-01-17,BCA PT. ASA129/ADL-LG/I/2025,Inbex Lighting,11.101.001 PERALATAN KANTOR,10.101.003 BCA (8162440909 an PT. Adhiland Sukses Abadi),,786100,1676955798,
Lumiera Garden,Bank,2025-01-17,BCA PT. ASA129/ADL-LG/I/2025,Tripod Kamera,11.101.001 PERALATAN KANTOR,10.101.003 BCA (8162440909 an PT. Adhiland Sukses Abadi),,298700,1677741898,
Lumiera Garden,Bank,2025-01-17,BCA PT. ASA128/ADL-LG/I/2025,Reimburse Pak Rula (Bensin Operasional),60.104.007 BENSIN OPERASIONAL,10.101.003 BCA (8162440909 an PT. Adhiland Sukses Abadi),,300000,1678040598,
Lumiera Garden,Bank,2025-01-17,BCA PT. ASA128/ADL-LG/I/2025,Reimburse Pak Rula (Meeting Teknik),60.104.013 MEETING,10.101.003 BCA (8162440909 an PT. Adhiland Sukses Abadi),,145000,1678340598,
Lumiera Garden,Bank,2025-01-17,BCA PT. ASA127/ADL-LG/I/2025,"PO Paving Abu k-400 / 113,58 M2 (No. KW 1945/FI-SO/XII/2024) - Focon",10.202.004 PAVING,10.101.003 BCA (8162440909 an PT. Adhiland Sukses Abadi),,9833756,1678485598,
Lumiera Garden,Bank,2025-01-17,BCA PT. ASA126/ADL-LG/I/2025,Sewa PC 78 / 33 Jam (08 Jan - 13 Jan 2025) - Izuddin,10.202.003 PERATAAN TANAH/CUT & FILL,10.101.003 BCA (8162440909 an PT. Adhiland Sukses Abadi),,11055000,1688319354,
Lumiera Garden,Bank,2025-01-17,BCA PT. ASA125/ADL-LG/I/2025,Listrik Kawasan (ID:513111484250),60.104.003 TOKEN PLN,10.101.003 BCA (8162440909 an PT. Adhiland Sukses Abadi),,203000,1699374354,
Lumiera Garden,Bank,2025-01-16,BCA PT. ASACek : 620428,Tarikan Tunai,10.101.004 SILANG KAS,10.101.003 BCA (8162440909 an PT. Adhiland Sukses Abadi),,1100000000,1699577354,
Lumiera Garden,Tunai,2025-01-16,Cash/TunaiCek : 620428,Pencairan Cek,10.101.002 CASH/TUNAI,10.101.004 SILANG KAS,1100000000,,2799577354,
Lumiera Garden,Tunai,2025-01-14,Cash/Tunai136/ADL-LG/I/2025,Biaya Admin (Kartika Sari),11.103.001 KENDARAAN,10.101.002 CASH/TUNAI,,9000000,1699577354,
Lumiera Garden,Tunai,2025-01-14,Cash/Tunai136/ADL-LG/I/2025,Pembayaran Pelunasan DP Innova,11.103.001 KENDARAAN,10.101.002 CASH/TUNAI,,16264358,1708577354,
Lumiera Garden,Tunai,2025-01-14,Kas Kecil(9) Toko Wongkamfoeng,"Pembelian Teh, Minyak, Sabun, Kopi, dan Gunting Kecil",60.104.001 OPERASIONAL KANTOR,10.101.001 KAS KECIL,,131400,1724841712,
Lumiera Garden,Tunai,2025-01-14,Kas Kecil(8) Aslam - Sale No : 81417,"Pembelian Tinta Printer Canon G2000 (C,M,K)",60.104.001 OPERASIONAL KANTOR,10.101.001 KAS KECIL,,199000,1724973112,
Lumiera Garden,Bank,2025-01-10,BCA PT. Adhiland Sukses Abadi121/ADL-LG/I/2025,Refund ITJ LK-11 an Endah Masofi,20.101.002 UANG TANDA JADI,10.101.003 BCA (8162440909 an PT. Adhiland Sukses Abadi),,5000000,1725172112,
Lumiera Garden,Bank,2025-01-10,BCA PT. ASA124/ADL-LG/I/2025,Admin Bank,60.104.010 ADMINISTRASI BANK,10.101.003 BCA (8162440909 an PT. Adhiland Sukses Abadi),,2500,1730172112,
Lumiera Garden,Bank,2025-01-10,BCA PT. ASA124/ADL-LG/I/2025,Uang Makan Expo Matos (18 Desember 2024 - 5 Januari 2025) - Ika,60.101.006 EXPO,10.101.003 BCA (8162440909 an PT. Adhiland Sukses Abadi),,450000,1730174612,
Lumiera Garden,Bank,2025-01-10,BCA PT. ASA124/ADL-LG/I/2025,Uang Makan Expo Matos (18 Desember 2024 - 5 Januari 2025) - Achmad,60.101.006 EXPO,10.101.003 BCA (8162440909 an PT. Adhiland Sukses Abadi),,650000,1730624612,
Lumiera Garden,Bank,2025-01-10,BCA PT. ASA124/ADL-LG/I/2025,Uang Makan Expo Matos (18 Desember 2024 - 5 Januari 2025) - Adib,60.101.006 EXPO,10.101.003 BCA (8162440909 an PT. Adhiland Sukses Abadi),,750000,1731274612,
Lumiera Garden,Bank,2025-01-10,BCA PT. ASA124/ADL-LG/I/2025,Admin Bank,60.104.010 ADMINISTRASI BANK,10.101.003 BCA (8162440909 an PT. Adhiland Sukses Abadi),,2500,1732024612,
Lumiera Garden,Bank,2025-01-10,BCA PT. ASA124/ADL-LG/I/2025,Uang Makan Expo Matos (18 Desember 2024 - 5 Januari 2025) - Iwan,60.101.006 EXPO,10.101.003 BCA (8162440909 an PT. Adhiland Sukses Abadi),,400000,1732027112,
Lumiera Garden,Bank,2025-01-10,BCA PT. ASA124/ADL-LG/I/2025,Uang Makan Expo Matos (18 Desember 2024 - 5 Januari 2025) - Wiya,60.101.006 EXPO,10.101.003 BCA (8162440909 an PT. Adhiland Sukses Abadi),,550000,1732427112,
Lumiera Garden,Bank,2025-01-10,BCA PT. ASA124/ADL-LG/I/2025,Uang Makan Expo Matos (18 Desember 2024 - 5 Januari 2025) - Dinda,60.101.006 EXPO,10.101.003 BCA (8162440909 an PT. Adhiland Sukses Abadi),,450000,1732977112,
Lumiera Garden,Bank,2025-01-10,BCA PT. ASA124/ADL-LG/I/2025,Uang Makan Expo Matos (18 Desember 2024 - 5 Januari 2025) - Aan,60.101.006 EXPO,10.101.003 BCA (8162440909 an PT. Adhiland Sukses Abadi),,500000,1733427112,
Lumiera Garden,Bank,2025-01-10,BCA PT. ASA123/ADL-LG/I/2025,DP Open Table MOG (1-31 Januari 2025),60.101.006 EXPO,10.101.003 BCA (8162440909 an PT. Adhiland Sukses Abadi),,18525000,1733927112,
Lumiera Garden,Bank,2025-01-10,BCA PT. ASA122/ADL-LG/I/2025,Ijin & Pajak - Sigmaprint,60.101.004 BEBAN ADVERTISING,10.101.003 BCA (8162440909 an PT. Adhiland Sukses Abadi),,20250000,1752452112,
Lumiera Garden,Bank,2025-01-10,BCA PT. ASA122/ADL-LG/I/2025,Pasang Bambu - Sigmaprint,60.101.004 BEBAN ADVERTISING,10.101.003 BCA (8162440909 an PT. Adhiland Sukses Abadi),,14850000,1772702112,
Lumiera Garden,Bank,2025-01-10,BCA PT. ASA122/ADL-LG/I/2025,Cetak V Banner 260 x 90 - Sigmaprint,60.101.004 BEBAN ADVERTISING,10.101.003 BCA (8162440909 an PT. Adhiland Sukses Abadi),,17325000,1787552112,
Lumiera Garden,Bank,2025-01-10,BCA PT. ASA121/ADL-LG/I/2025,Admin Bank,60.104.010 ADMINISTRASI BANK,10.101.003 BCA (8162440909 an PT. Adhiland Sukses Abadi),,2500,1804877112,
Lumiera Garden,Bank,2025-01-10,BCA PT. ASA120/ADL-LG/I/2025,"Waarmerking Kavling LK-10 an Mochamad Yunus, Ir",60.104.023 BIAYA ADMINISTRASI WAARMERKING,10.101.003 BCA (8162440909 an PT. Adhiland Sukses Abadi),,250000,1804879612,
Lumiera Garden,Bank,2025-01-10,BCA PT. ASA120/ADL-LG/I/2025,Waarmerking Kavling LK-06 an Ninik Yulaikah,60.104.023 BIAYA ADMINISTRASI WAARMERKING,10.101.003 BCA (8162440909 an PT. Adhiland Sukses Abadi),,250000,1805129612,
Lumiera Garden,Bank,2025-01-10,BCA PT. ASA120/ADL-LG/I/2025,Waarmerking Kavling LK-02 an Etty Parawati,60.104.023 BIAYA ADMINISTRASI WAARMERKING,10.101.003 BCA (8162440909 an PT. Adhiland Sukses Abadi),,250000,1805379612,
Lumiera Garden,Bank,2025-01-10,BCA PT. ASA119/ADL-LG/I/2025,Reimburse Pak Sugeng Pembelian Alat Kebersihan (Sikat Sodok&Cikrak),60.104.001 OPERASIONAL KANTOR,10.101.003 BCA (8162440909 an PT. Adhiland Sukses Abadi),,52000,1805629612,
Lumiera Garden,Bank,2025-01-10,BCA PT. ASA119/ADL-LG/I/2025,Reimburse Pak Sugeng Pembelian Bensin Alkon,60.104.001 OPERASIONAL KANTOR,10.101.003 BCA (8162440909 an PT. Adhiland Sukses Abadi),,125000,1805681612,
Lumiera Garden,Bank,2025-01-10,BCA PT. ASA119/ADL-LG/I/2025,Reimburse Pak Sugeng Pembelian Le Mineral (BM Mart),60.104.001 OPERASIONAL KANTOR,10.101.003 BCA (8162440909 an PT. Adhiland Sukses Abadi),,22000,1805806612,
Lumiera Garden,Bank,2025-01-10,BCA PT. ASA119/ADL-LG/I/2025,Reimburse Pak Sugeng Pembayaran Air Kerja Lokasi,60.104.004 TAGIHAN PDAM,10.101.003 BCA (8162440909 an PT. Adhiland Sukses Abadi),,200000,1805828612,
Lumiera Garden,Bank,2025-01-10,BCA PT. ASA118/ADL-LG/I/2025,Sewa Dump Truk (06 Jan 2025) - Amiet Sewu,10.202.003 PERATAAN TANAH/CUT & FILL,10.101.003 BCA (8162440909 an PT. Adhiland Sukses Abadi),,600000,1806028612,
Lumiera Garden,Bank,2025-01-10,BCA PT. ASA118/ADL-LG/I/2025,Kirim Bongkaran 6 rit (10 Des - 21 Des 2024) - Amiet Sewu,10.202.003 PERATAAN TANAH/CUT & FILL,10.101.003 BCA (8162440909 an PT. Adhiland Sukses Abadi),,750000,1806628612,
Lumiera Garden,Bank,2025-01-10,BCA PT. ASA117/ADL-LG/I/2025,Token Listrik Ruko Suhat (ID Pel : 513110771875),60.104.003 TOKEN PLN,10.101.003 BCA (8162440909 an PT. Adhiland Sukses Abadi),,1002500,1807378612,
Lumiera Garden,Bank,2025-01-10,BCA PT. ASALK 3,Pembayaran DP Kavling LK-03 an Rachmadiana Sari,10.101.003 BCA (8162440909 an PT. Adhiland Sukses Abadi),20.101.001 UANG MUKA,500000000,,1808381112,
Lumiera Garden,Tunai,2025-01-10,Cash/Tunai,Pinjaman untuk Sigura-gura (Reimburse Pak Rula - Smartlock B05),10.102.010 PIUTANG SIGURA-GURA,10.101.002 CASH/TUNAI,,3000000,1308381112,
Lumiera Garden,Tunai,2025-01-10,Cash/Tunai168/ADL-LG/I/2025,Reimburse Pak Dian (Pembelian Material bantu taman),10.202.008 TAMAN DAN PENGHIJAUAN,10.101.002 CASH/TUNAI,,70000,1311381112,
Lumiera Garden,Tunai,2025-01-10,Cash/Tunai116/ADL-LG/I/2025,Reimburse Pak Rula (Pembelian Lampu Taman),10.202.008 TAMAN DAN PENGHIJAUAN,10.101.002 CASH/TUNAI,,2585000,1311451112,
Lumiera Garden,Tunai,2025-01-10,Cash/Tunai116/ADL-LG/I/2025,Reimburse Pak Rula (Meeting dengan Perencana - Teras Kota),60.104.013 MEETING,10.101.002 CASH/TUNAI,,375000,1314036112,
Lumiera Garden,Tunai,2025-01-10,Cash/Tunai115/ADL-LG/I/2025,PO Kanstein & Paving (CO 01228/FC-SO/XII/24) - Focon,10.202.004 PAVING,10.101.002 CASH/TUNAI,,85315310,1314411112,
Lumiera Garden,Tunai,2025-01-10,Cash/Tunai114/ADL-LG/I/2025,Sewa EXA PC 78 / 34 jam (02-07 Jan 2025) - Izuddin,10.202.003 PERATAAN TANAH/CUT & FILL,10.101.002 CASH/TUNAI,,11390000,1399726422,
Lumiera Garden,Tunai,2025-01-10,Cash/Tunai114/ADL-LG/I/2025,"Sewa EXA PC 78 / 39,5 jam (25-31 Des 2024) - Izuddin",10.202.003 PERATAAN TANAH/CUT & FILL,10.101.002 CASH/TUNAI,,13232500,1411116422,
Lumiera Garden,Tunai,2025-01-10,Cash/Tunai113/ADL-LG/I/2025,Reimburse Pak Adhi (Propertax Training),60.104.016 TRAINING KARYAWAN,10.101.002 CASH/TUNAI,,1500000,1424348922,
Lumiera Garden,Tunai,2025-01-10,Cash/Tunai113/ADL-LG/I/2025,Reimburse Pak Adhi (Meeting Tahunan dengan P. Rendra),60.104.013 MEETING,10.101.002 CASH/TUNAI,,801800,1425848922,
Lumiera Garden,Tunai,2025-01-10,Cash/Tunai112/ADL-LG/I/2025,Komisi Marcomm Kavling LK-03,60.101.002 INSENTIF/KOMISI,10.101.002 CASH/TUNAI,,71250,1426650722,
Lumiera Garden,Tunai,2025-01-10,Cash/Tunai112/ADL-LG/I/2025,Komisi Marcomm Kavling LK-03,60.101.002 INSENTIF/KOMISI,10.101.002 CASH/TUNAI,,71250,1426721972,
Lumiera Garden,Tunai,2025-01-10,Cash/Tunai112/ADL-LG/I/2025,Komisi Marcomm Kavling LK-03,60.101.002 INSENTIF/KOMISI,10.101.002 CASH/TUNAI,,109250,1426793222,
Lumiera Garden,Tunai,2025-01-10,Cash/Tunai112/ADL-LG/I/2025,Komisi Marcomm Kavling LK-03,60.101.002 INSENTIF/KOMISI,10.101.002 CASH/TUNAI,,223250,1426902472,
Lumiera Garden,Tunai,2025-01-10,Cash/Tunai112/ADL-LG/I/2025,Komisi Direktur Teknik Kavling LK-03,60.101.002 INSENTIF/KOMISI,10.101.002 CASH/TUNAI,,1900000,1427125722,
Lumiera Garden,Tunai,2025-01-10,Cash/Tunai112/ADL-LG/I/2025,Komisi Komisaris Kavling LK-03,60.101.002 INSENTIF/KOMISI,10.101.002 CASH/TUNAI,,1900000,1429025722,
Lumiera Garden,Tunai,2025-01-10,Cash/Tunai112/ADL-LG/I/2025,Komisi Direktur B&D Kavling LK-03,60.101.002 INSENTIF/KOMISI,10.101.002 CASH/TUNAI,,1900000,1430925722,
Lumiera Garden,Tunai,2025-01-10,Cash/Tunai112/ADL-LG/I/2025,Komisi Direktur Operasional Kavling LK-03,60.101.002 INSENTIF/KOMISI,10.101.002 CASH/TUNAI,,1900000,1432825722,
Lumiera Garden,Tunai,2025-01-10,Cash/Tunai112/ADL-LG/I/2025,Komisi Direktur Utama Kavling LK-03,60.101.002 INSENTIF/KOMISI,10.101.002 CASH/TUNAI,,1900000,1434725722,
Lumiera Garden,Tunai,2025-01-10,Cash/Tunai112/ADL-LG/I/2025,BLT SPV Marketing Kavling LK-03,60.101.001 BLT,10.101.002 CASH/TUNAI,,2000000,1436625722,
Lumiera Garden,Tunai,2025-01-10,Cash/Tunai112/ADL-LG/I/2025,Komisi SPV Marketing Kavling LK-03,60.101.002 INSENTIF/KOMISI,10.101.002 CASH/TUNAI,,4750000,1438625722,
Lumiera Garden,Tunai,2025-01-10,Cash/Tunai112/ADL-LG/I/2025,BLT Marketing Kavling LK-03,60.101.001 BLT,10.101.002 CASH/TUNAI,,1000000,1443375722,
Lumiera Garden,Tunai,2025-01-10,Cash/Tunai112/ADL-LG/I/2025,Komisi Marketing Kavling LK-03,60.101.002 INSENTIF/KOMISI,10.101.002 CASH/TUNAI,,14250000,1444375722,
Lumiera Garden,Tunai,2025-01-09,Kas Kecil(7) POS Indonesia,Pengiriman berkas PPJB LK-12 an Fitria Agustina + Parkir Motor,60.104.009 PERANGKO/KIRIMAN SRT & DOK,10.101.001 KAS KECIL,,19000,1458625722,
Lumiera Garden,Tunai,2025-01-09,Kas Kecil(6) POS Indonesia,Pengiriman berkas PPJB LK-10 an Mochamad Yunus,60.104.009 PERANGKO/KIRIMAN SRT & DOK,10.101.001 KAS KECIL,,20000,1458644722,
Lumiera Garden,Tunai,2025-01-09,Kas Kecil(5) POS Indonesia,Pengiriman berkas PPJB LK-03 an Rachmadiana Sari,60.104.009 PERANGKO/KIRIMAN SRT & DOK,10.101.001 KAS KECIL,,57500,1458664722,
Lumiera Garden,Tunai,2025-01-09,Kas Kecil(4) POS Indonesia,Pengiriman berkas PPJB LK-02 an Etty Parawati,60.104.009 PERANGKO/KIRIMAN SRT & DOK,10.101.001 KAS KECIL,,17000,1458722222,
Lumiera Garden,Tunai,2025-01-09,Kas Kecil(3) Wijaya Soekarno Hatta,Map Tali Airmail untuk kirim PPJB,60.104.009 PERANGKO/KIRIMAN SRT & DOK,10.101.001 KAS KECIL,,4500,1458739222,
Lumiera Garden,Tunai,2025-01-08,Kas Kecil,Pinjaman untuk Sigura-Gura (Exhaust Fan Kavling B05),10.102.010 PIUTANG SIGURA-GURA,10.101.001 KAS KECIL,,3150000,1458743722,
Lumiera Garden,Tunai,2025-01-08,Kas Kecil(2) WLY Catering,Pembelian Nasi Kotak (Meeting Marketing) + Parkir,60.104.013 MEETING,10.101.001 KAS KECIL,,392000,1461893722,
Lumiera Garden,Bank,2025-01-07,BCA PT. ASALK 12,Pembayaran DP I Kavling LK-12 an Fitria Agustina,10.101.003 BCA (8162440909 an PT. Adhiland Sukses Abadi),20.101.001 UANG MUKA,300000000,,1462285722,
Lumiera Garden,Tunai,2025-01-07,Cash/Tunai111/ADL-LG/I/2025,Komisi Marcomm Kavling LK-12,60.101.002 INSENTIF/KOMISI,10.101.002 CASH/TUNAI,,65625,1162285722,
Lumiera Garden,Tunai,2025-01-07,Cash/Tunai111/ADL-LG/I/2025,Komisi Marcomm Kavling LK-12,60.101.002 INSENTIF/KOMISI,10.101.002 CASH/TUNAI,,65625,1162351347,
Lumiera Garden,Tunai,2025-01-07,Cash/Tunai111/ADL-LG/I/2025,Komisi Marcomm Kavling LK-12,60.101.002 INSENTIF/KOMISI,10.101.002 CASH/TUNAI,,100625,1162416972,
Lumiera Garden,Tunai,2025-01-07,Cash/Tunai111/ADL-LG/I/2025,Komisi Marcomm Kavling LK-12,60.101.002 INSENTIF/KOMISI,10.101.002 CASH/TUNAI,,205625,1162517597,
Lumiera Garden,Tunai,2025-01-07,Cash/Tunai111/ADL-LG/I/2025,Komisi Direktur Teknik Kavling LK-12,60.101.002 INSENTIF/KOMISI,10.101.002 CASH/TUNAI,,1750000,1162723222,
Lumiera Garden,Tunai,2025-01-07,Cash/Tunai111/ADL-LG/I/2025,Komisi Komisaris Kavling LK-12,60.101.002 INSENTIF/KOMISI,10.101.002 CASH/TUNAI,,1750000,1164473222,
Lumiera Garden,Tunai,2025-01-07,Cash/Tunai111/ADL-LG/I/2025,Komisi Direktur B&D Kavling LK-12,60.101.002 INSENTIF/KOMISI,10.101.002 CASH/TUNAI,,1750000,1166223222,
Lumiera Garden,Tunai,2025-01-07,Cash/Tunai111/ADL-LG/I/2025,Komisi Direktur Operasional Kavling LK-12,60.101.002 INSENTIF/KOMISI,10.101.002 CASH/TUNAI,,1750000,1167973222,
Lumiera Garden,Tunai,2025-01-07,Cash/Tunai111/ADL-LG/I/2025,Komisi Direktur Utama Kavling LK-12,60.101.002 INSENTIF/KOMISI,10.101.002 CASH/TUNAI,,1750000,1169723222,
Lumiera Garden,Tunai,2025-01-07,Cash/Tunai111/ADL-LG/I/2025,BLT SPV Marketing Kavling LK-12,60.101.001 BLT,10.101.002 CASH/TUNAI,,2000000,1171473222,
Lumiera Garden,Tunai,2025-01-07,Cash/Tunai111/ADL-LG/I/2025,Komisi SPV Marketing Kavling LK-12,60.101.002 INSENTIF/KOMISI,10.101.002 CASH/TUNAI,,4375000,1173473222,
Lumiera Garden,Tunai,2025-01-07,Cash/Tunai111/ADL-LG/I/2025,BLT Marketing Kavling LK-12,60.101.001 BLT,10.101.002 CASH/TUNAI,,1000000,1177848222,
Lumiera Garden,Tunai,2025-01-07,Cash/Tunai111/ADL-LG/I/2025,Komisi Marketing Kavling LK-12,60.101.002 INSENTIF/KOMISI,10.101.002 CASH/TUNAI,,13125000,1178848222,
Lumiera Garden,Bank,2025-01-06,BCA PT. ASA010/ADL-LG/I/2025,Booking Mobil Operasional,11.103.001 KENDARAAN,10.101.003 BCA (8162440909 an PT. Adhiland Sukses Abadi),,5000000,1191973222,
Lumiera Garden,Bank,2025-01-06,BCA PT. ASA109/ADL-LG/I/2025,Pembayaran mesin alkon air teknik,11.102.001 PERALATAN TEKNIK,10.101.003 BCA (8162440909 an PT. Adhiland Sukses Abadi),,4500000,1196973222,
Lumiera Garden,Tunai,2025-01-06,Cash/Tunai,Pinjaman untuk Sigura-Gura (Pembelian AC B05),10.102.010 PIUTANG SIGURA-GURA,10.101.002 CASH/TUNAI,,27000000,1201473222,
Lumiera Garden,Tunai,2025-01-06,Kas Kecil(1) Grosir Pokok Berkah,Pembelian Cleo Galon Refil (3pcs),60.104.001 OPERASIONAL KANTOR,10.101.001 KAS KECIL,,52500,1228473222,
Lumiera Garden,Bank,2025-01-03,BCA PT. ASA097/ADL-LG/I/2025,Biaya Admin,60.104.010 ADMINISTRASI BANK,10.101.003 BCA (8162440909 an PT. Adhiland Sukses Abadi),,2500,1228525722,
Lumiera Garden,Bank,2025-01-03,BCA PT. ASA097/ADL-LG/I/2025,Pembayaran Ads,60.101.005 BEBAN DIGITAL ADS,10.101.003 BCA (8162440909 an PT. Adhiland Sukses Abadi),,20000000,1228528222,
Lumiera Garden,Bank,2025-01-03,BCA PT. ASA096/ADL-LG/I/2025,Biaya Admin,60.104.010 ADMINISTRASI BANK,10.101.003 BCA (8162440909 an PT. Adhiland Sukses Abadi),,2500,1248528222,
Lumiera Garden,Bank,2025-01-03,BCA PT. ASA096/ADL-LG/I/2025,Reimburse Bella Tele (Tambahan Biaya untuk hp Call Center),11.101.001 PERALATAN KANTOR,10.101.003 BCA (8162440909 an PT. Adhiland Sukses Abadi),,300000,1248530722,
Lumiera Garden,Bank,2025-01-03,BCA PT. ASA095/ADL-LG/I/2025,Reimburse Mas Amin (Konsumsi & Marketing Tools),60.104.001 OPERASIONAL KANTOR,10.101.003 BCA (8162440909 an PT. Adhiland Sukses Abadi),,152500,1248830722,
Lumiera Garden,Bank,2025-01-03,BCA PT. ASA095/ADL-LG/I/2025,Reimburse Mas Amin (Bensin Avanza),60.104.007 BENSIN OPERASIONAL,10.101.003 BCA (8162440909 an PT. Adhiland Sukses Abadi),,200000,1248983222,
Lumiera Garden,Bank,2025-01-03,BCA PT. ASA094/ADL-LG/I/2025,Biaya Admin,60.104.010 ADMINISTRASI BANK,10.101.003 BCA (8162440909 an PT. Adhiland Sukses Abadi),,2500,1249183222,
Lumiera Garden,Bank,2025-01-03,BCA PT. ASA094/ADL-LG/I/2025,Lanyard + Id Card (10 pcs),60.101.004 BEBAN ADVERTISING,10.101.003 BCA (8162440909 an PT. Adhiland Sukses Abadi),,540000,1249185722,
Lumiera Garden,Bank,2025-01-03,BCA PT. ASA093/ADL-LG/I/2025,Siteplan 3 project + Sticker Siteplan + Kisscut,60.101.004 BEBAN ADVERTISING,10.101.003 BCA (8162440909 an PT. Adhiland Sukses Abadi),,175500,1249725722,
Lumiera Garden,Bank,2025-01-03,BCA PT. ASA092/ADL-LG/I/2025,Waarmerking LK-09 Dwi Mulyono - Notaris Ika,60.104.023 BIAYA ADMINISTRASI WAARMERKING,10.101.003 BCA (8162440909 an PT. Adhiland Sukses Abadi),,250000,1249901222,
Lumiera Garden,Bank,2025-01-03,BCA PT. ASA092/ADL-LG/I/2025,Waarmerking LK-07 Henny Susanti - Notaris Ika,60.104.023 BIAYA ADMINISTRASI WAARMERKING,10.101.003 BCA (8162440909 an PT. Adhiland Sukses Abadi),,250000,1250151222,
Lumiera Garden,Bank,2025-01-03,BCA PT. ASA091/ADL-LG/I/2025,Reimburse Pak Sugeng (Pembelian Material),10.204.003 PERLENGKAPAN PROYEK,10.101.003 BCA (8162440909 an PT. Adhiland Sukses Abadi),,191000,1250401222,
Lumiera Garden,Bank,2025-01-03,BCA PT. ASA090/ADL-LG/I/2025,Pelunasan Taman Marketing Gallery - A. Bobby,10.202.008 TAMAN DAN PENGHIJAUAN,10.101.003 BCA (8162440909 an PT. Adhiland Sukses Abadi),,7485000,1250592222,
Lumiera Garden,Bank,2025-01-03,BCA PT. ASA089/ADL-LG/I/2025,Pekerjaan Taman Jalan Masuk Tahap 1 - Jaya Abadi Landscape,10.202.008 TAMAN DAN PENGHIJAUAN,10.101.003 BCA (8162440909 an PT. Adhiland Sukses Abadi),,17800000,1258077222,
Lumiera Garden,Bank,2025-01-03,BCA PT. ASA088/ADL-LG/I/2025,Reimburse Pak Rula (Lampu Taman LK & Area Tenda),10.202.008 TAMAN DAN PENGHIJAUAN,10.101.003 BCA (8162440909 an PT. Adhiland Sukses Abadi),,4759000,1275877222,
Lumiera Garden,Bank,2025-01-03,BCA PT. ASA087/ADL-LG/I/2025,Reimburse Pak Rula (Lampu Tenda Marketing),60.104.001 OPERASIONAL KANTOR,10.101.003 BCA (8162440909 an PT. Adhiland Sukses Abadi),,165000,1280636222,
Lumiera Garden,Bank,2025-01-03,BCA PT. ASA086/ADL-LG/I/2025,Reimburse Pak Rula (Sewa Stamper Kodok STrong No.2),10.202.003 PERATAAN TANAH/CUT & FILL,10.101.003 BCA (8162440909 an PT. Adhiland Sukses Abadi),,275000,1280801222,
Lumiera Garden,Bank,2025-01-03,BCA PT. ASA085/ADL-LG/I/2025,PO NRCP 400x2400/69 pcs (No.Kw 1890/FI-SO/XII/2024) - Focon,10.202.005 SALURAN,10.101.003 BCA (8162440909 an PT. Adhiland Sukses Abadi),,32167800,1281076222,
Lumiera Garden,Bank,2025-01-03,BCA PT. ASA084/ADL-LG/I/2025,PO NRCP 400x2400/36 pcs (No.Kw 1919/FI-SO/XII/2024) - Focon,10.202.005 SALURAN,10.101.003 BCA (8162440909 an PT. Adhiland Sukses Abadi),,16783200,1313244022,
Lumiera Garden,Bank,2025-01-03,BCA PT. ASA083/ADL-LG/I/2025,Kirim Bongkaran Truk Kecil 5 rit (10 Des 2024 s/d 13 Des 2024) - Amiet Sewu,10.202.003 PERATAAN TANAH/CUT & FILL,10.101.003 BCA (8162440909 an PT. Adhiland Sukses Abadi),,625000,1330027222,
Lumiera Garden,Bank,2025-01-03,BCA PT. ASA083/ADL-LG/I/2025,Kirim Bongkaran Truk Besar 4 rit (10 Desember 2024) - Amiet Sewu,10.202.003 PERATAAN TANAH/CUT & FILL,10.101.003 BCA (8162440909 an PT. Adhiland Sukses Abadi),,1400000,1330652222,
Lumiera Garden,Tunai,2025-01-03,Cash/Tunai108/ADL-LG/I/2025,Komisi Marcomm Kavling LK-02,60.101.002 INSENTIF/KOMISI,10.101.002 CASH/TUNAI,,65625,1332052222,
Lumiera Garden,Tunai,2025-01-03,Cash/Tunai108/ADL-LG/I/2025,Komisi Marcomm Kavling LK-02,60.101.002 INSENTIF/KOMISI,10.101.002 CASH/TUNAI,,65625,1332117847,
Lumiera Garden,Tunai,2025-01-03,Cash/Tunai108/ADL-LG/I/2025,Komisi Marcomm Kavling LK-02,60.101.002 INSENTIF/KOMISI,10.101.002 CASH/TUNAI,,100625,1332183472,
Lumiera Garden,Tunai,2025-01-03,Cash/Tunai108/ADL-LG/I/2025,Komisi Marcomm Kavling LK-02,60.101.002 INSENTIF/KOMISI,10.101.002 CASH/TUNAI,,205625,1332284097,
Lumiera Garden,Tunai,2025-01-03,Cash/Tunai108/ADL-LG/I/2025,Komisi Direktur Teknik Kavling LK-02,60.101.002 INSENTIF/KOMISI,10.101.002 CASH/TUNAI,,1750000,1332489722,
Lumiera Garden,Tunai,2025-01-03,Cash/Tunai108/ADL-LG/I/2025,Komisi Komisaris Kavling LK-02,60.101.002 INSENTIF/KOMISI,10.101.002 CASH/TUNAI,,1750000,1334239722,
Lumiera Garden,Tunai,2025-01-03,Cash/Tunai108/ADL-LG/I/2025,Komisi Direktur B&D Kavling LK-02,60.101.002 INSENTIF/KOMISI,10.101.002 CASH/TUNAI,,1750000,1335989722,
Lumiera Garden,Tunai,2025-01-03,Cash/Tunai108/ADL-LG/I/2025,Komisi Direktur Operasional Kavling LK-02,60.101.002 INSENTIF/KOMISI,10.101.002 CASH/TUNAI,,1750000,1337739722,
Lumiera Garden,Tunai,2025-01-03,Cash/Tunai108/ADL-LG/I/2025,Komisi Direktur Utama Kavling LK-02,60.101.002 INSENTIF/KOMISI,10.101.002 CASH/TUNAI,,1750000,1339489722,
Lumiera Garden,Tunai,2025-01-03,Cash/Tunai108/ADL-LG/I/2025,BLT SPV Marketing Kavling LK-02,60.101.001 BLT,10.101.002 CASH/TUNAI,,2000000,1341239722,
Lumiera Garden,Tunai,2025-01-03,Cash/Tunai108/ADL-LG/I/2025,Komisi SPV Marketing Kavling LK-02,60.101.002 INSENTIF/KOMISI,10.101.002 CASH/TUNAI,,4375000,1343239722,
Lumiera Garden,Tunai,2025-01-03,Cash/Tunai108/ADL-LG/I/2025,BLT Marketing Kavling LK-02,60.101.001 BLT,10.101.002 CASH/TUNAI,,1000000,1347614722,
Lumiera Garden,Tunai,2025-01-03,Cash/Tunai108/ADL-LG/I/2025,Komisi Marketing Kavling LK-02,60.101.002 INSENTIF/KOMISI,10.101.002 CASH/TUNAI,,13125000,1348614722,
Lumiera Garden,Tunai,2025-01-03,Cash/Tunai,Pinjaman untuk Sigura-Gura (DP Furniture B05 & Reimburse Pak Adhi),10.102.010 PIUTANG SIGURA-GURA,10.101.002 CASH/TUNAI,,22730000,1361739722,
Lumiera Garden,Tunai,2025-01-03,Kas Kecil107/ADL-LG/I/2025,Reimburse Bella Telle (Kekurangan II Sticker Marketing+Sticker Eazy Kost+Kisscut),60.104.001 OPERASIONAL KANTOR,10.101.001 KAS KECIL,,35000,1384469722,
Lumiera Garden,Tunai,2025-01-03,Kas Kecil106/ADL-LG/I/2025,Reimburse Pak Dian - Material Air Kerja,10.202.018 SALURAN DISTRIBUSI AIR,10.101.001 KAS KECIL,,31000,1384504722,
Lumiera Garden,Tunai,2025-01-03,Kas Kecil105/ADL-LG/I/2025,Pembayaran upah penjaga alat (11 Des s/d 31 Des 2024) - Pak Didik,60.103.001 HONOR,10.101.001 KAS KECIL,,1050000,1384535722,
Lumiera Garden,Tunai,2025-01-03,Kas KecilLK 3,ITJ Kavling LK-03 an Rachmadiana Sari,10.101.001 KAS KECIL,20.101.002 UANG TANDA JADI,5000000,,1385585722,
Lumiera Garden,Tunai,2025-01-03,Cash/Tunai104/ADL-LG/I/2025,Sewa Billboard Melati Husada,60.101.004 BEBAN ADVERTISING,10.101.002 CASH/TUNAI,,20000000,1380585722,
Lumiera Garden,Tunai,2025-01-03,Cash/Tunai103/ADL-LG/I/2025,Expo Matos 19 Hari (18 Des 2024 - 5 Januari 2025) - Ilhami Organizer,60.101.006 EXPO,10.101.002 CASH/TUNAI,,73125000,1400585722,
Lumiera Garden,Tunai,2025-01-03,Cash/Tunai102/ADL-LG/I/2025,Pelunasan Open Table MOG (1-31 Des 2024) - Ilhami Organizer,60.101.006 EXPO,10.101.002 CASH/TUNAI,,18050000,1473710722,
Lumiera Garden,Tunai,2025-01-03,Cash/Tunai101/ADL-LG/I/2025,Reimburse Pak Adhi (Meeting Direksi 03 Januari 2024),60.104.013 MEETING,10.101.002 CASH/TUNAI,,137401,1491760722,
Lumiera Garden,Tunai,2025-01-03,Cash/Tunai101/ADL-LG/I/2025,Reimburse Pak Adhi (Meja Kotak Bistro),11.101.001 PERALATAN KANTOR,10.101.002 CASH/TUNAI,,319920,1491898123,
Lumiera Garden,Tunai,2025-01-03,Cash/Tunai101/ADL-LG/I/2025,Reimburse Pak Adhi (Meja Bundar),11.101.001 PERALATAN KANTOR,10.101.002 CASH/TUNAI,,270000,1492218043,
Lumiera Garden,Tunai,2025-01-03,Cash/Tunai101/ADL-LG/I/2025,Reimburse Pak Adhi (Kursi Brava Light Grey),11.101.001 PERALATAN KANTOR,10.101.002 CASH/TUNAI,,625240,1492488043,
Lumiera Garden,Tunai,2025-01-03,Cash/Tunai101/ADL-LG/I/2025,Reimburse Pak Adhi (Kursi Brava Hijau),11.101.001 PERALATAN KANTOR,10.101.002 CASH/TUNAI,,625240,1493113283,
Lumiera Garden,Tunai,2025-01-03,Cash/Tunai101/ADL-LG/I/2025,Reimburse Pak Adhi (Bangku Besi Kayu Londo Coffe),11.101.001 PERALATAN KANTOR,10.101.002 CASH/TUNAI,,2516000,1493738523,
Lumiera Garden,Tunai,2025-01-03,Cash/Tunai101/ADL-LG/I/2025,Reimburse Pak Adhi (Meeting Direksi 28 Des 2024),60.104.013 MEETING,10.101.002 CASH/TUNAI,,246000,1496254523,
Lumiera Garden,Tunai,2025-01-03,Cash/Tunai100/ADL-LG/I/2025,"Reimburse Pak Adhi (Kabel NYM, H&G C Vanilla)",10.202.012 PENERANGAN JALAN UMUM,10.101.002 CASH/TUNAI,,891359,1496500523,
Lumiera Garden,Tunai,2025-01-03,Cash/Tunai099/ADL-LG/I/2025,Pekerjaan 100% Plesengan Fasum (32/SPK/XII/2024) - Arifin,10.202.041 PLENGSENG,10.101.002 CASH/TUNAI,,220300000,1497391882,
Lumiera Garden,Tunai,2025-01-03,Cash/Tunai098/ADL-LG/I/2025,Sirtu 2 Rit (20 Des 2024) - Izuddin,10.202.003 PERATAAN TANAH/CUT & FILL,10.101.002 CASH/TUNAI,,1550000,1717691882,
Lumiera Garden,Tunai,2025-01-03,Cash/Tunai098/ADL-LG/I/2025,"Sewa Alat EXA PC 78 (B) 30,5 Jam (18-24 Des 2024) - Izuddin",10.202.003 PERATAAN TANAH/CUT & FILL,10.101.002 CASH/TUNAI,,10217500,1719241882,
Lumiera Garden,Tunai,2025-01-03,Cash/Tunai098/ADL-LG/I/2025,"Sewa Alat EXA PC 78 (A) 40,5 Jam (18-24 Des 2024) - Izuddin",10.202.003 PERATAAN TANAH/CUT & FILL,10.101.002 CASH/TUNAI,,13567500,1729459382,
Lumiera Garden,Bank,2025-01-02,BCA PT. ASALK 2,Pembayaran DP II Kavling LK-02 an Etty Parawati,10.101.003 BCA (8162440909 an PT. Adhiland Sukses Abadi),20.101.001 UANG MUKA,240000000,,1743026882,
Lumiera Garden,Bank,2025-01-02,BCA PT. ASALK 7,Pembayaran Angsuran 1 Kavling LK-07 an Neny Susanti,10.101.003 BCA (8162440909 an PT. Adhiland Sukses Abadi),20.101.001 UANG MUKA,50000000,,1503026882,
Lumiera Garden,Bank,2024-12-31,BCA PT. ASA,Biaya Admin (Bulanan),60.104.010 ADMINISTRASI BANK,10.101.003 BCA (8162440909 an PT. Adhiland Sukses Abadi),,30000,1453026882,
Lumiera Garden,Bank,2024-12-31,BCA PT. ASALK 12,ITJ Kavling LK-12 an Tina,10.101.003 BCA (8162440909 an PT. Adhiland Sukses Abadi),20.101.002 UANG TANDA JADI,5000000,,1453056882,
Lumiera Garden,Bank,2024-12-31,BCA PT. ASA082/ADL-LM/XII/2024,Biaya Admin,60.104.010 ADMINISTRASI BANK,10.101.003 BCA (8162440909 an PT. Adhiland Sukses Abadi),,2500,1448056882,
Lumiera Garden,Bank,2024-12-31,BCA PT. ASA082/ADL-LM/XII/2024,HP Call Center,11.101.001 PERALATAN KANTOR,10.101.003 BCA (8162440909 an PT. Adhiland Sukses Abadi),,1500000,1448059382,
Lumiera Garden,Bank,2024-12-31,BCA PT. ASA,Pinjaman untuk Sigura-Gura (Angsuran BJS),10.102.010 PIUTANG SIGURA-GURA,10.101.003 BCA (8162440909 an PT. Adhiland Sukses Abadi),,53776715,1449559382,
Lumiera Garden,Bank,2024-12-31,BCA PT. ASACek : 620426,Tarikan Tunai,10.101.004 SILANG KAS,10.101.003 BCA (8162440909 an PT. Adhiland Sukses Abadi),,800000000,1503336097,
Lumiera Garden,Bank,2024-12-31,BCA PT. ASA081/ADL-LM/XII/2024,Komisi Komisaris untuk Kavling LK-09,60.101.002 INSENTIF/KOMISI,10.101.003 BCA (8162440909 an PT. Adhiland Sukses Abadi),,1750000,2303336097,
Lumiera Garden,Bank,2024-12-31,BCA PT. ASA081/ADL-LM/XII/2024,Komisi Direktur Teknik untuk Kavling LK-09,60.101.002 INSENTIF/KOMISI,10.101.003 BCA (8162440909 an PT. Adhiland Sukses Abadi),,1750000,2305086097,
Lumiera Garden,Bank,2024-12-31,BCA PT. ASA081/ADL-LM/XII/2024,Komisi Direktur B&D untuk Kavling LK-09,60.101.002 INSENTIF/KOMISI,10.101.003 BCA (8162440909 an PT. Adhiland Sukses Abadi),,1750000,2306836097,
Lumiera Garden,Bank,2024-12-31,BCA PT. ASA081/ADL-LM/XII/2024,Komisi Direktur Operasional untuk Kavling LK-09,60.101.002 INSENTIF/KOMISI,10.101.003 BCA (8162440909 an PT. Adhiland Sukses Abadi),,1750000,2308586097,
Lumiera Garden,Bank,2024-12-31,BCA PT. ASA081/ADL-LM/XII/2024,Komisi Direktur Utama untuk Kavling LK-09,60.101.002 INSENTIF/KOMISI,10.101.003 BCA (8162440909 an PT. Adhiland Sukses Abadi),,1750000,2310336097,
Lumiera Garden,Bank,2024-12-31,BCA PT. ASA,ITJ Kavling C-03 an Fifin Dwi Andriani,10.101.003 BCA (8162440909 an PT. Adhiland Sukses Abadi),20.101.002 UANG TANDA JADI,5000000,,2312086097,
Lumiera Garden,Bank,2024-12-31,BCA PT. ASALK 9,Pembayaran DP Kavling LK-09 an Dwi Mulyono,10.101.003 BCA (8162440909 an PT. Adhiland Sukses Abadi),20.101.001 UANG MUKA,650000000,,2307086097,
Lumiera Garden,Bank,2024-12-31,BCA PT. ASA,Pembuatan Buku Cek BG,60.101.004 BEBAN ADVERTISING,10.101.003 BCA (8162440909 an PT. Adhiland Sukses Abadi),,275000,1657086097,
Lumiera Garden,Tunai,2024-12-31,,Pembayaran Hutang ke Sigura-Sigura,20.103.006 HUTANG SIGURA-GURA,10.101.002 CASH/TUNAI,,1410000,1657361097,
Lumiera Garden,Tunai,2024-12-31,,Pengembalian Hutang dari Joyo Agung 2,10.101.002 CASH/TUNAI,10.102.012 PIUTANG JOYO AGUNG 2,7500000,,1658771097,
Lumiera Garden,Tunai,2024-12-31,,Pinjaman untuk Joyo Agung 2 (Gaji Karyawan),10.102.012 PIUTANG JOYO AGUNG 2,10.101.001 KAS KECIL,,7500000,1651271097,
Lumiera Garden,Tunai,2024-12-31,Cek : 620426,Pencarian Cek,10.101.002 CASH/TUNAI,10.101.004 SILANG KAS,800000000,,1658771097,
Lumiera Garden,Tunai,2024-12-31,080/ADL-LM/XII/2024,Komisi Marcomm untuk Kavling LK-09,60.101.002 INSENTIF/KOMISI,10.101.001 KAS KECIL,,65625,858771097,
Lumiera Garden,Tunai,2024-12-31,080/ADL-LM/XII/2024,Komisi Marcomm untuk Kavling LK-09,60.101.002 INSENTIF/KOMISI,10.101.001 KAS KECIL,,65625,858836722,
Lumiera Garden,Tunai,2024-12-31,080/ADL-LM/XII/2024,Komisi Marcomm untuk Kavling LK-09,60.101.002 INSENTIF/KOMISI,10.101.001 KAS KECIL,,100625,858902347,
Lumiera Garden,Tunai,2024-12-31,080/ADL-LM/XII/2024,Komisi Marcomm untuk Kavling LK-09,60.101.002 INSENTIF/KOMISI,10.101.001 KAS KECIL,,205625,859002972,
Lumiera Garden,Tunai,2024-12-31,080/ADL-LM/XII/2024,BLT SPV Marketing Kavling LK-09,60.101.001 BLT,10.101.001 KAS KECIL,,2000000,859208597,
Lumiera Garden,Tunai,2024-12-31,080/ADL-LM/XII/2024,Komisi SPV Marketing Kavling LK-09,60.101.002 INSENTIF/KOMISI,10.101.001 KAS KECIL,,4375000,861208597,
Lumiera Garden,Tunai,2024-12-31,080/ADL-LM/XII/2024,BLT Marketing Kavling LK-09,60.101.001 BLT,10.101.001 KAS KECIL,,1000000,865583597,
Lumiera Garden,Tunai,2024-12-31,080/ADL-LM/XII/2024,Komisi Marketing Kavling LK-09,60.101.002 INSENTIF/KOMISI,10.101.001 KAS KECIL,,13125000,866583597,
Lumiera Garden,Tunai,2024-12-31,,Penerimaan Cash Kecil dari Brankas,10.101.001 KAS KECIL,10.101.004 SILANG KAS,25700000,,879708597,
Lumiera Garden,Tunai,2024-12-31,,Pindah Saldo Brankas (Cash Tunai - Cash Kecil),10.101.004 SILANG KAS,10.101.002 CASH/TUNAI,,25700000,854008597,
Lumiera Garden,Bank,2024-12-30,BCA PT. ASALK 11,ITJ Kavling LK-11 an Endah Masofi,10.101.003 BCA (8162440909 an PT. Adhiland Sukses Abadi),20.101.002 UANG TANDA JADI,5000000,,879708597,
Lumiera Garden,Bank,2024-12-30,BCA PT. ASALK 6,Pembayaran Pelunasan DP Kavling LK-06 an Ninik Yulaikah,10.101.003 BCA (8162440909 an PT. Adhiland Sukses Abadi),20.101.001 UANG MUKA,166500000,,874708597,
Lumiera Garden,Bank,2024-12-30,BCA PT. ASALK 2,Pembayaran DP 1 Kavling LK-02 an Etty Parawati,10.101.003 BCA (8162440909 an PT. Adhiland Sukses Abadi),20.101.001 UANG MUKA,30000000,,708208597,
Lumiera Garden,Tunai,2024-12-30,079/ADL-LM/XII/2024,Komisi Marcomm untuk Kavling LK-06,60.101.002 INSENTIF/KOMISI,10.101.001 KAS KECIL,,65625,678208597,
Lumiera Garden,Tunai,2024-12-30,079/ADL-LM/XII/2024,Komisi Marcomm untuk Kavling LK-06,60.101.002 INSENTIF/KOMISI,10.101.001 KAS KECIL,,65625,678274222,
Lumiera Garden,Tunai,2024-12-30,079/ADL-LM/XII/2024,Komisi Marcomm untuk Kavling LK-06,60.101.002 INSENTIF/KOMISI,10.101.001 KAS KECIL,,100625,678339847,
Lumiera Garden,Tunai,2024-12-30,079/ADL-LM/XII/2024,Komisi Marcomm untuk Kavling LK-06,60.101.002 INSENTIF/KOMISI,10.101.001 KAS KECIL,,205625,678440472,
Lumiera Garden,Tunai,2024-12-30,079/ADL-LM/XII/2024,Komisi Komisaris untuk Kavling LK-06,60.101.002 INSENTIF/KOMISI,10.101.001 KAS KECIL,,1750000,678646097,
Lumiera Garden,Tunai,2024-12-30,079/ADL-LM/XII/2024,Komisi Direktur Teknik untuk Kavling LK-06,60.101.002 INSENTIF/KOMISI,10.101.001 KAS KECIL,,1750000,680396097,
Lumiera Garden,Tunai,2024-12-30,079/ADL-LM/XII/2024,Komisi Direktur B&D untuk Kavling LK-06,60.101.002 INSENTIF/KOMISI,10.101.001 KAS KECIL,,1750000,682146097,
Lumiera Garden,Tunai,2024-12-30,079/ADL-LM/XII/2024,Komisi Direktur Operasional untuk Kavling LK-06,60.101.002 INSENTIF/KOMISI,10.101.001 KAS KECIL,,1750000,683896097,
Lumiera Garden,Tunai,2024-12-30,079/ADL-LM/XII/2024,Komisi Direktur Utama untuk Kavling LK-06,60.101.002 INSENTIF/KOMISI,10.101.001 KAS KECIL,,1750000,685646097,
Lumiera Garden,Tunai,2024-12-30,079/ADL-LM/XII/2024,BLT SPV Marketing Kavling LK-06,60.101.001 BLT,10.101.001 KAS KECIL,,2000000,687396097,
Lumiera Garden,Tunai,2024-12-30,079/ADL-LM/XII/2024,Komisi SPV Marketing Kavling LK-06,60.101.002 INSENTIF/KOMISI,10.101.001 KAS KECIL,,4375000,689396097,
Lumiera Garden,Tunai,2024-12-30,079/ADL-LM/XII/2024,Komisi Marketing Kavling LK-06,60.101.002 INSENTIF/KOMISI,10.101.001 KAS KECIL,,13125000,693771097,
Lumiera Garden,Tunai,2024-12-30,,Pinjaman untuk Sigura-Gura (Progress Pembangunan A-7),10.102.010 PIUTANG SIGURA-GURA,10.101.002 CASH/TUNAI,,227000000,706896097,
Lumiera Garden,Tunai,2024-12-30,,Penerimaan Cash Kecil dari Brankas,10.101.001 KAS KECIL,10.101.004 SILANG KAS,30000000,,933896097,
Lumiera Garden,Tunai,2024-12-30,,Pindah Saldo Brankas (Cash Tunai - Cash Kecil),10.101.004 SILANG KAS,10.101.002 CASH/TUNAI,,30000000,903896097,
Lumiera Garden,Bank,2024-12-28,BCA PT. ASA073/ADL-LM/XII/2024,Pembelian Token Listrik + Biaya Admin,10.202.028 LISTRIK LOKASI,10.101.003 BCA (8162440909 an PT. Adhiland Sukses Abadi),,202303,933896097,
Lumiera Garden,Tunai,2024-12-28,078/ADL-LM/XII/2024,Reimburse Maria (Pengiriman PPJB),60.104.009 PERANGKO/KIRIMAN SRT & DOK,10.101.001 KAS KECIL,,20000,934098400,
Lumiera Garden,Tunai,2024-12-28,078/ADL-LM/XII/2024,Reimburse Maria (Zoom Licensi Bulanan),60.104.001 OPERASIONAL KANTOR,10.101.001 KAS KECIL,,51500,934118400,
Lumiera Garden,Tunai,2024-12-28,077/ADL-LM/XII/2024,Akomodasi PPJB LK-09 Ke Surabaya (Bensin),60.104.001 OPERASIONAL KANTOR,10.101.001 KAS KECIL,,200000,934169900,
Lumiera Garden,Tunai,2024-12-28,076/ADL-LM/XII/2024,Reimburse Bella Telle (Sticker Marketing+Sticker Eazy Kost+Kisscut),60.104.004 TAGIHAN PDAM,10.101.001 KAS KECIL,,109000,934369900,
Lumiera Garden,Tunai,2024-12-28,076/ADL-LM/XII/2024,Reimburse Bella Telle (Sim Card),60.104.005 TAGIHAN HALO CALL CENTER (08113646900),10.101.001 KAS KECIL,,111000,934478900,
Lumiera Garden,Tunai,2024-12-28,075/ADL-LM/XII/2024,Komisi Marcomm untuk Kavling LK-10,60.101.002 INSENTIF/KOMISI,10.101.001 KAS KECIL,,65625,934589900,
Lumiera Garden,Tunai,2024-12-28,075/ADL-LM/XII/2024,Komisi Marcomm untuk Kavling LK-10,60.101.002 INSENTIF/KOMISI,10.101.001 KAS KECIL,,109375,934655525,
Lumiera Garden,Tunai,2024-12-28,075/ADL-LM/XII/2024,Komisi Marcomm untuk Kavling LK-10,60.101.002 INSENTIF/KOMISI,10.101.001 KAS KECIL,,262500,934764900,
Lumiera Garden,Tunai,2024-12-28,075/ADL-LM/XII/2024,Komisi Komisaris untuk Kavling LK-10,60.101.002 INSENTIF/KOMISI,10.101.001 KAS KECIL,,1750000,935027400,
Lumiera Garden,Tunai,2024-12-28,075/ADL-LM/XII/2024,Komisi Direktur Teknik untuk Kavling LK-10,60.101.002 INSENTIF/KOMISI,10.101.001 KAS KECIL,,1750000,936777400,
Lumiera Garden,Tunai,2024-12-28,075/ADL-LM/XII/2024,Komisi Direktur B&D untuk Kavling LK-10,60.101.002 INSENTIF/KOMISI,10.101.001 KAS KECIL,,1750000,938527400,
Lumiera Garden,Tunai,2024-12-28,075/ADL-LM/XII/2024,Komisi Direktur Operasional untuk Kavling LK-10,60.101.002 INSENTIF/KOMISI,10.101.001 KAS KECIL,,1750000,940277400,
Lumiera Garden,Tunai,2024-12-28,075/ADL-LM/XII/2024,Komisi Direktur Utama untuk Kavling LK-10,60.101.002 INSENTIF/KOMISI,10.101.001 KAS KECIL,,1750000,942027400,
Lumiera Garden,Tunai,2024-12-28,,Penerimaan Cash Kecil dari Brankas,10.101.001 KAS KECIL,10.101.004 SILANG KAS,10000000,,943777400,
Lumiera Garden,Tunai,2024-12-28,,Pindah Saldo Brankas (Cash Tunai - Cash Kecil),10.101.004 SILANG KAS,10.101.002 CASH/TUNAI,,10000000,933777400,
Lumiera Garden,Bank,2024-12-27,BCA PT. ASA072/ADL-LM/XII/2024,Teknik Pompa + air mancur,11.102.001 PERALATAN TEKNIK,10.101.003 BCA (8162440909 an PT. Adhiland Sukses Abadi),,1950000,943777400,
Lumiera Garden,Bank,2024-12-27,BCA PT. ASA071/ADL-LM/XII/2024,Pelunasan Billboard Tol Singosari,60.101.004 BEBAN ADVERTISING,10.101.003 BCA (8162440909 an PT. Adhiland Sukses Abadi),,35400000,945727400,
Lumiera Garden,Bank,2024-12-27,BCA PT. ASA070/ADL-LM/XII/2024,Biaya Admin,60.104.010 ADMINISTRASI BANK,10.101.003 BCA (8162440909 an PT. Adhiland Sukses Abadi),,2500,981127400,
Lumiera Garden,Bank,2024-12-27,BCA PT. ASA070/ADL-LM/XII/2024,Banner Kavling & Ganti Visual Mini Billboard,60.101.004 BEBAN ADVERTISING,10.101.003 BCA (8162440909 an PT. Adhiland Sukses Abadi),,1725000,981129900,
Lumiera Garden,Bank,2024-12-27,BCA PT. ASA069/ADL-LM/XII/2024,Termin Taman Marketing Gallery,10.202.008 TAMAN DAN PENGHIJAUAN,10.101.003 BCA (8162440909 an PT. Adhiland Sukses Abadi),,8000000,982854900,
Lumiera Garden,Bank,2024-12-27,BCA PT. ASA068/ADL-LM/XII/2024,Tagihan Taman Behrem & Poros Barat,10.202.008 TAMAN DAN PENGHIJAUAN,10.101.003 BCA (8162440909 an PT. Adhiland Sukses Abadi),,42730000,990854900,
Lumiera Garden,Bank,2024-12-27,BCA PT. ASA067/ADL-LM/XII/2024,Pembayaran DP Desain Logo Adhiland,60.101.004 BEBAN ADVERTISING,10.101.003 BCA (8162440909 an PT. Adhiland Sukses Abadi),,4250000,1033584900,
Lumiera Garden,Bank,2024-12-27,BCA PT. ASALK 2,ITJ Kavling LK-02 an Etty Parawati,10.101.003 BCA (8162440909 an PT. Adhiland Sukses Abadi),20.101.002 UANG TANDA JADI,5000000,,1037834900,
Lumiera Garden,Bank,2024-12-27,BCA PT. ASALK 10,Pembayaran DP 2 Kavling LK-10 an Mochamad Yunus,10.101.003 BCA (8162440909 an PT. Adhiland Sukses Abadi),20.101.001 UANG MUKA,450000000,,1032834900,
Lumiera Garden,Tunai,2024-12-27,,Pinjaman untuk Sigura-Gura (Progress Pembangunan B-2),10.102.010 PIUTANG SIGURA-GURA,10.101.002 CASH/TUNAI,,305000000,582834900,
Lumiera Garden,Tunai,2024-12-27,074/ADL-LM/XII/2024,BLT SPV Marketing Kavling LK-10,60.101.001 BLT,10.101.001 KAS KECIL,,2000000,887834900,
Lumiera Garden,Tunai,2024-12-27,074/ADL-LM/XII/2024,Komisi SPV Marketing Kavling LK-10,60.101.002 INSENTIF/KOMISI,10.101.001 KAS KECIL,,4375000,889834900,
Lumiera Garden,Tunai,2024-12-27,074/ADL-LM/XII/2024,BLT Marketing Kavling LK-10,60.101.001 BLT,10.101.001 KAS KECIL,,1000000,894209900,
Lumiera Garden,Tunai,2024-12-27,074/ADL-LM/XII/2024,Komisi Marketing Kavling LK-10,60.101.002 INSENTIF/KOMISI,10.101.001 KAS KECIL,,13125000,895209900,
Lumiera Garden,Tunai,2024-12-27,,Penerimaan Cash Kecil dari Brankas,10.101.001 KAS KECIL,10.101.004 SILANG KAS,21000000,,908334900,
Lumiera Garden,Tunai,2024-12-27,,Pindah Saldo Brankas (Cash Tunai - Cash Kecil),10.101.004 SILANG KAS,10.101.002 CASH/TUNAI,,21000000,887334900,
Lumiera Garden,Bank,2024-12-25,BCA PT. ASALK 6,Pembayaran DP Kavling LK-06 an Ninik Yulaikah,10.101.003 BCA (8162440909 an PT. Adhiland Sukses Abadi),20.101.001 UANG MUKA,100000000,,908334900,
Lumiera Garden,Bank,2024-12-25,BCA PT. ASALK 10,Pembayaran DP 1 Kavling LK-10 an Mochamad Yunus,10.101.003 BCA (8162440909 an PT. Adhiland Sukses Abadi),20.101.001 UANG MUKA,45000000,,808334900,
Lumiera Garden,Bank,2024-12-25,BCA PT. ASALK 10,ITJ Kavling LK-10 an Mochamad Yunus,10.101.003 BCA (8162440909 an PT. Adhiland Sukses Abadi),20.101.002 UANG TANDA JADI,5000000,,763334900,
Lumiera Garden,Tunai,2024-12-24,,Pinjaman untuk Sigura-Gura (Termin Tanah Ahmed),10.102.010 PIUTANG SIGURA-GURA,10.101.002 CASH/TUNAI,,400000000,758334900,
Lumiera Garden,Tunai,2024-12-23,063/ADL-LM/XII/2024,Pembelian Token Listrik (ID Pel : 513111484250) + Biaya Admin,10.202.028 LISTRIK LOKASI,10.101.001 KAS KECIL,,102500,1158334900,
Lumiera Garden,Tunai,2024-12-23,(3) Grosir Pokok Berkah,Pembelian Galon Cleo Refill + Ongkir,60.104.001 OPERASIONAL KANTOR,10.101.001 KAS KECIL,,42000,1158437400,
Lumiera Garden,Tunai,2024-12-23,(2) Kas Bon (013/NKB/XII/2024) II Resi,Akomodasi PPJB LK-09 Ke Surabaya (E-Toll),60.104.001 OPERASIONAL KANTOR,10.101.001 KAS KECIL,,300000,1158479400,
Lumiera Garden,Tunai,2024-12-23,(1) UB Coffee,Meeting Koordinasi Laporan Akhir Tahun,60.104.001 OPERASIONAL KANTOR,10.101.001 KAS KECIL,,426100,1158779400,
Lumiera Garden,Tunai,2024-12-20,(4) Kas Bon II 012/NKB/XII/2024,Pembayaran Listrik & PDAM Lokasi,60.104.001 OPERASIONAL KANTOR,10.101.001 KAS KECIL,,1000000,1159205500,
Lumiera Garden,Tunai,2024-12-20,,Pinjaman dari Sigura-Gura,10.101.001 KAS KECIL,20.103.006 HUTANG SIGURA-GURA,1000000,,1160205500,
Lumiera Garden,Tunai,2024-12-20,046/ADL-LM/XII/2024,"Pembayaran Pelunasan Tenda Marketing, Penutup Samping dan Cover Tenda",11.101.001 PERALATAN KANTOR,10.101.001 KAS KECIL,,7100000,1159205500,
Lumiera Garden,Tunai,2024-12-20,062/ADL-LM/XII/2024,Biaya admin,60.104.010 ADMINISTRASI BANK,10.101.001 KAS KECIL,,2500,1166305500,
Lumiera Garden,Tunai,2024-12-20,062/ADL-LM/XII/2024,Reimburse Bella - Cetak Fest RB Glossy,60.101.004 BEBAN ADVERTISING,10.101.001 KAS KECIL,,382000,1166308000,
Lumiera Garden,Tunai,2024-12-20,061/ADL-LM/XII/2024,"Pembayaran Cetak, Pasang dan Ijin V-Banner",60.101.004 BEBAN ADVERTISING,10.101.001 KAS KECIL,,23300000,1166690000,
Lumiera Garden,Tunai,2024-12-20,060/ADL-LM/XII/2024,Pembelian Material & Alat Kebersihan,10.204.003 PERLENGKAPAN PROYEK,10.101.001 KAS KECIL,,757000,1189990000,
Lumiera Garden,Tunai,2024-12-20,059/ADL-LM/XII/2024,Pembayaran Sewa Stemper Kodok,10.202.003 PERATAAN TANAH/CUT & FILL,10.101.001 KAS KECIL,,425000,1190747000,
Lumiera Garden,Tunai,2024-12-20,058/ADL-LM/XII/2024,Biaya admin,60.104.010 ADMINISTRASI BANK,10.101.001 KAS KECIL,,2500,1191172000,
Lumiera Garden,Tunai,2024-12-20,058/ADL-LM/XII/2024,Pembayaran Upah Pemasangan Paving,10.202.004 PAVING,10.101.001 KAS KECIL,,24157000,1191174500,
Lumiera Garden,Tunai,2024-12-20,057/ADL-LM/XII/2024,Reimburse Pak Rula - Bensin Avansa,60.104.007 BENSIN OPERASIONAL,10.101.001 KAS KECIL,,200000,1215331500,
Lumiera Garden,Tunai,2024-12-20,057/ADL-LM/XII/2024,Reimburse Pak Rula - Survey Pohon & Konsumsi Pasang Pohon,10.202.008 TAMAN DAN PENGHIJAUAN,10.101.001 KAS KECIL,,690500,1215531500,
Lumiera Garden,Tunai,2024-12-20,056/ADL-LM/XII/2024,Pembayaran Pasang Listrik Kawasan - Agus Hariono,10.202.028 LISTRIK LOKASI,10.101.001 KAS KECIL,,2199000,1216222000,
Lumiera Garden,Tunai,2024-12-20,055/ADL-LM/XII/2024,Pembayaran Termin I 50% Pek. Bronjong Batu (003/SPK.ADP/LG/XI/2024) -Arifin,10.202.007 TURAP,10.101.001 KAS KECIL,,48000000,1218421000,
Lumiera Garden,Tunai,2024-12-20,054/ADL-LM/XII/2024,Pembayaran Pembuatan Gudang - Arifin,10.202.025 GUDANG,10.101.001 KAS KECIL,,1710000,1266421000,
Lumiera Garden,Tunai,2024-12-20,054/ADL-LM/XII/2024,Pembayaran Ongkos Tebang Jati - Arifin,10.202.003 PERATAAN TANAH/CUT & FILL,10.101.001 KAS KECIL,,1100000,1268131000,
Lumiera Garden,Tunai,2024-12-20,054/ADL-LM/XII/2024,Pembayaran Harian Pasang NRCP 2 Hari - Arifin,10.202.005 SALURAN,10.101.001 KAS KECIL,,250000,1269231000,
Lumiera Garden,Tunai,2024-12-20,054/ADL-LM/XII/2024,Pembayaran pasir paving 10 Rit - Arifin (UD. Sidomulyo),10.202.004 PAVING,10.101.001 KAS KECIL,,9600000,1269481000,
Lumiera Garden,Tunai,2024-12-20,053/ADL-LM/XII/2024,Pembayaran Termin I Plengseng (29/SPK/XII/2024)-Arifin,10.202.041 PLENGSENG,10.101.001 KAS KECIL,,100000000,1279081000,
Lumiera Garden,Tunai,2024-12-20,052/ADL-LM/XII/2024,Pembayaran Sirtu Songsong 20 rit - Izuddin,10.202.003 PERATAAN TANAH/CUT & FILL,10.101.001 KAS KECIL,,15500000,1379081000,
Lumiera Garden,Tunai,2024-12-20,051/ADL-LM/XII/2024,"Pembayaran sewa Exa PC 78 (A&B), Dozer D31, Vibro, Mob'DMob Vibro & EXA PC 78",10.202.003 PERATAAN TANAH/CUT & FILL,10.101.001 KAS KECIL,,33972500,1394581000,
Lumiera Garden,Tunai,2024-12-20,050/ADL-LM/XII/2024,Pembayaran Kirim Bongkaran Ud. Hidup Baru,10.202.003 PERATAAN TANAH/CUT & FILL,10.101.001 KAS KECIL,,3480000,1428553500,
Lumiera Garden,Tunai,2024-12-20,049/ADL-LM/XII/2024,Reimburse Pak Roy bertemu User LK-07,60.104.013 MEETING,10.101.001 KAS KECIL,,226000,1432033500,
Lumiera Garden,Tunai,2024-12-20,048/ADL-LM/XII/2024,Pembelian selang 4 roll,11.102.001 PERALATAN TEKNIK,10.101.001 KAS KECIL,,1950000,1432259500,
Lumiera Garden,Tunai,2024-12-20,,Pinjaman dari Joyo Agung 2,10.101.001 KAS KECIL,20.103.009 HUTANG JOYO AGUNG 2,275004000,,1434209500,
Lumiera Garden,Tunai,2024-12-19,LK 7,Pembayaran DP 1 & DP 2 Kavling LK-07 an Heny Susanti,10.101.002 CASH/TUNAI,20.101.001 UANG MUKA,300000000,,1159205500,
Lumiera Garden,Tunai,2024-12-19,LK 7,ITJ Kavling LK-07 an Heny Susanti,10.101.002 CASH/TUNAI,20.101.002 UANG TANDA JADI,5000000,,859205500,
Lumiera Garden,Tunai,2024-12-19,,Pembayaran Hutang ke Sigura-Sigura,20.103.006 HUTANG SIGURA-GURA,10.101.002 CASH/TUNAI,,3550000,854205500,
Lumiera Garden,Tunai,2024-12-19,047/ADL-LM/XII/2024,Komisi Marcomm untuk Kavling LK-07,60.101.002 INSENTIF/KOMISI,10.101.001 KAS KECIL,,74175,857755500,
Lumiera Garden,Tunai,2024-12-19,047/ADL-LM/XII/2024,Komisi Marcomm untuk Kavling LK-07,60.101.002 INSENTIF/KOMISI,10.101.001 KAS KECIL,,123625,857829675,
Lumiera Garden,Tunai,2024-12-19,047/ADL-LM/XII/2024,Komisi Marcomm untuk Kavling LK-07,60.101.002 INSENTIF/KOMISI,10.101.001 KAS KECIL,,296700,857953300,
Lumiera Garden,Tunai,2024-12-19,047/ADL-LM/XII/2024,Komisi Telemarketing untuk Kavling LK-07,60.101.002 INSENTIF/KOMISI,10.101.001 KAS KECIL,,5000000,858250000,
Lumiera Garden,Tunai,2024-12-19,047/ADL-LM/XII/2024,Komisi Komisaris untuk Kavling LK-07,60.101.002 INSENTIF/KOMISI,10.101.001 KAS KECIL,,1978000,863250000,
Lumiera Garden,Tunai,2024-12-19,047/ADL-LM/XII/2024,Komisi Direktur Teknik untuk Kavling LK-07,60.101.002 INSENTIF/KOMISI,10.101.001 KAS KECIL,,1978000,865228000,
Lumiera Garden,Tunai,2024-12-19,047/ADL-LM/XII/2024,Komisi Direktur B&D untuk Kavling LK-07,60.101.002 INSENTIF/KOMISI,10.101.001 KAS KECIL,,1978000,867206000,
Lumiera Garden,Tunai,2024-12-19,047/ADL-LM/XII/2024,Komisi Direktur Operasional untuk Kavling LK-07,60.101.002 INSENTIF/KOMISI,10.101.001 KAS KECIL,,1978000,869184000,
Lumiera Garden,Tunai,2024-12-19,047/ADL-LM/XII/2024,Komisi Direktur Utama untuk Kavling LK-07,60.101.002 INSENTIF/KOMISI,10.101.001 KAS KECIL,,1978000,871162000,
Lumiera Garden,Tunai,2024-12-19,047/ADL-LM/XII/2024,BLT SPV Marketing Kavling LK-07,60.101.001 BLT,10.101.001 KAS KECIL,,2000000,873140000,
Lumiera Garden,Tunai,2024-12-19,047/ADL-LM/XII/2024,Komisi SPV Marketing Kavling LK-07,60.101.002 INSENTIF/KOMISI,10.101.001 KAS KECIL,,4945000,875140000,
Lumiera Garden,Tunai,2024-12-19,047/ADL-LM/XII/2024,BLT Marketing Kavling LK-07,60.101.001 BLT,10.101.001 KAS KECIL,,1000000,880085000,
Lumiera Garden,Tunai,2024-12-19,047/ADL-LM/XII/2024,Komisi Marketing Kavling LK-07,60.101.002 INSENTIF/KOMISI,10.101.001 KAS KECIL,,9890000,881085000,
Lumiera Garden,Tunai,2024-12-19,,Penerimaan Cash Kecil dari Brankas,10.101.001 KAS KECIL,10.101.004 SILANG KAS,35000000,,890975000,
Lumiera Garden,Tunai,2024-12-19,,Pindah Saldo Brankas (Cash Tunai - Cash Kecil),10.101.004 SILANG KAS,10.101.002 CASH/TUNAI,,35000000,855975000,
Lumiera Garden,Tunai,2024-12-19,LK 6,ITJ Kavling LK-06 an Ninik,10.101.002 CASH/TUNAI,20.101.002 UANG TANDA JADI,5000000,,890975000,
Lumiera Garden,Tunai,2024-12-19,LK 5,ITJ Kavling LK-05 an Ninik,10.101.002 CASH/TUNAI,20.101.002 UANG TANDA JADI,5000000,,885975000,
Lumiera Garden,Tunai,2024-12-19,LK 9,ITJ Kavling LK-09,10.101.002 CASH/TUNAI,20.101.002 UANG TANDA JADI,5000000,,880975000,
Lumiera Garden,Tunai,2024-12-19,LK 8,Pembayaran Pelunasan kavling LK-08 an Djuwito,10.101.002 CASH/TUNAI,20.101.001 UANG MUKA,870000000,,875975000,
Lumiera Garden,Tunai,2024-12-19,LK 8,ITJ Kavling LK-08,10.101.002 CASH/TUNAI,20.101.002 UANG TANDA JADI,5000000,,5975000,
Lumiera Garden,Tunai,2024-12-19,065/ADL-LM/XII/2024,Reimburse Pak Roy - Top Up E-Toll,60.104.001 OPERASIONAL KANTOR,10.101.001 KAS KECIL,,110000,975000,
Lumiera Garden,Tunai,2024-12-19,065/ADL-LM/XII/2024,Reimburse Pak Roy - Bensin Avanza,60.104.007 BENSIN OPERASIONAL,10.101.001 KAS KECIL,,300000,1085000,
Lumiera Garden,Tunai,2024-12-18,,Pinjaman dari Sigura-Gura,10.101.001 KAS KECIL,20.103.006 HUTANG SIGURA-GURA,410000,,1385000,
Lumiera Garden,Tunai,2024-12-18,045/ADL-LM/XII/2024,Biaya Admin,60.104.010 ADMINISTRASI BANK,10.101.001 KAS KECIL,,2500,975000,
Lumiera Garden,Tunai,2024-12-18,045/ADL-LM/XII/2024,Pembayaran Pembelian Pohon Tabebuya,10.202.008 TAMAN DAN PENGHIJAUAN,10.101.001 KAS KECIL,,4200000,977500,
Lumiera Garden,Tunai,2024-12-18,045/ADL-LM/XII/2024,Pembayaran Pelunasan Pohon Pule,10.202.008 TAMAN DAN PENGHIJAUAN,10.101.001 KAS KECIL,,12000000,5177500,
Lumiera Garden,Tunai,2024-12-18,,Pinjaman dari Joyo Agung 2,10.101.001 KAS KECIL,20.103.009 HUTANG JOYO AGUNG 2,16202500,,17177500,
Lumiera Garden,Tunai,2024-12-17,046/ADL-LM/XII/2024,"Pembayaran DP Tenda Marketing, Penutup Samping dan Cover Tenda",11.101.001 PERALATAN KANTOR,10.101.001 KAS KECIL,,1000000,975000,
Lumiera Garden,Tunai,2024-12-17,,Pinjaman dari Joyo Agung 2,10.101.001 KAS KECIL,20.103.009 HUTANG JOYO AGUNG 2,1000000,,1975000,
Lumiera Garden,Tunai,2024-12-14,063/ADL-LM/XII/2024,Pegangan Pak Dian Belanja Pipa Air Kerja,10.202.018 SALURAN DISTRIBUSI AIR,10.101.001 KAS KECIL,,700000,975000,
Lumiera Garden,Tunai,2024-12-14,045/ADL-LM/XII/2024,Biaya Admin,60.104.010 ADMINISTRASI BANK,10.101.001 KAS KECIL,,2500,1675000,
Lumiera Garden,Tunai,2024-12-14,045/ADL-LM/XII/2024,Pembayaran DP Pohon Pule,10.202.008 TAMAN DAN PENGHIJAUAN,10.101.001 KAS KECIL,,13000000,1677500,
Lumiera Garden,Tunai,2024-12-14,,Pinjaman dari Joyo Agung 2,10.101.001 KAS KECIL,20.103.009 HUTANG JOYO AGUNG 2,13702500,,14677500,
Lumiera Garden,Tunai,2024-12-13,044/ADL-LM/XII/2024,"Pembayaran Pelunasan Maket (Rumah Tinggal T85/66, skala 1:25 - Wong Christian",60.101.004 BEBAN ADVERTISING,10.101.001 KAS KECIL,,8000000,975000,
Lumiera Garden,Tunai,2024-12-13,043/ADL-LM/XII/2024,Pembayaran Termin II (40%) Desain Rumah Tinggal T60/60 - RURA,10.201.021 ADVISE PLANNING GAMBAR 3D,10.101.001 KAS KECIL,,5200000,8975000,
Lumiera Garden,Tunai,2024-12-13,042/ADL-LM/XII/2024,Pembayaran Sirtu Songsong 20 rit - Izuddin,10.202.003 PERATAAN TANAH/CUT & FILL,10.101.001 KAS KECIL,,15500000,14175000,
Lumiera Garden,Tunai,2024-12-13,042/ADL-LM/XII/2024,Pembayaran Time Sheet Exa PC 78 (45 jam) - Izuddin,10.202.003 PERATAAN TANAH/CUT & FILL,10.101.001 KAS KECIL,,15075000,29675000,
Lumiera Garden,Tunai,2024-12-13,042/ADL-LM/XII/2024,Pembayaran Time Sheet Mob 'D Mob Dozer D31 - Izuddin,10.202.003 PERATAAN TANAH/CUT & FILL,10.101.001 KAS KECIL,,2500000,44750000,
Lumiera Garden,Tunai,2024-12-13,042/ADL-LM/XII/2024,Pembayaran Time Sheet Dozer D31 (42 jam) - Izuddin,10.202.003 PERATAAN TANAH/CUT & FILL,10.101.001 KAS KECIL,,14070000,47250000,
Lumiera Garden,Tunai,2024-12-13,041/ADL-LM/XII/2024,Pembayaran Sewa Dump Truk - Amiet Sewu,10.202.003 PERATAAN TANAH/CUT & FILL,10.101.001 KAS KECIL,,700000,61320000,
Lumiera Garden,Tunai,2024-12-13,041/ADL-LM/XII/2024,Pembayaran Bongkaran (AK) 38 rit - Amiet Sewu,10.202.003 PERATAAN TANAH/CUT & FILL,10.101.001 KAS KECIL,,4750000,62020000,
Lumiera Garden,Tunai,2024-12-13,041/ADL-LM/XII/2024,Pembayaran Bongkaran (AB) 30 rit - Amiet Sewu,10.202.003 PERATAAN TANAH/CUT & FILL,10.101.001 KAS KECIL,,10500000,66770000,
Lumiera Garden,Tunai,2024-12-13,040/ADL-LM/XII/2024,Pembayaran Bongkaran (AB) 55 rit - Putra Paringga,10.202.003 PERATAAN TANAH/CUT & FILL,10.101.001 KAS KECIL,,19250000,77270000,
Lumiera Garden,Tunai,2024-12-13,039/ADL-LM/XII/2024,Biaya Admin,60.104.010 ADMINISTRASI BANK,10.101.001 KAS KECIL,,2500,96520000,
Lumiera Garden,Tunai,2024-12-13,039/ADL-LM/XII/2024,Pembayaran DP Billboard Beji,60.101.004 BEBAN ADVERTISING,10.101.001 KAS KECIL,,15000000,96522500,
Lumiera Garden,Tunai,2024-12-13,,Pinjaman dari Joyo Agung 2,10.101.001 KAS KECIL,20.103.009 HUTANG JOYO AGUNG 2,110547500,,111522500,
Lumiera Garden,Bank,2024-12-12,BCA PT. ASA,Biaya Pembuatan Token,60.104.010 ADMINISTRASI BANK,10.101.003 BCA (8162440909 an PT. Adhiland Sukses Abadi),,25000,975000,
Lumiera Garden,Bank,2024-12-12,,Setor Awal Rekening,10.101.003 BCA (8162440909 an PT. Adhiland Sukses Abadi),10.101.004 SILANG KAS,1000000,,1000000,
Lumiera Garden,Tunai,2024-12-12,037/ADL-LM/XII/2024,Pembayaran DP Sewa Billboard Exit Tol Singosari,60.101.004 BEBAN ADVERTISING,10.101.001 KAS KECIL,,30000000,0,
Lumiera Garden,Tunai,2024-12-12,036/ADL-LM/XII/2024,Pasang Baru PJU,10.202.012 PENERANGAN JALAN UMUM,10.101.001 KAS KECIL,,2087000,30000000,
Lumiera Garden,Tunai,2024-12-12,,Pinjaman dari Joyo Agung 2,10.101.001 KAS KECIL,20.103.009 HUTANG JOYO AGUNG 2,32087000,,32087000,
Lumiera Garden,Tunai,2024-12-12,,Setoran Awal Pembukaan Rekening - BCA PT. ASA,10.101.004 SILANG KAS,10.101.001 KAS KECIL,,1000000,0,
Lumiera Garden,Tunai,2024-12-12,038/ADL-LM/XII/2024,Pembayaran Upah Penjaga Alat - Pak Didik,60.103.001 HONOR,10.101.001 KAS KECIL,,1550000,1000000,
Lumiera Garden,Tunai,2024-12-12,,Pinjaman dari Sigura-Gura,10.101.001 KAS KECIL,20.103.006 HUTANG SIGURA-GURA,2550000,,2550000,
Lumiera Garden,Tunai,2024-12-11,035ADL-LM/XII/2024,Pembayaran Jasa Pemasangan Tiang Cermin,10.202.009 PINTU GERBANG & POS JAGA,10.101.001 KAS KECIL,,150000,0,
Lumiera Garden,Tunai,2024-12-11,,Pinjaman dari Joyo Agung 2,10.101.001 KAS KECIL,20.103.009 HUTANG JOYO AGUNG 2,150000,,150000,
Lumiera Garden,Tunai,2024-12-06,034/ADL-LM/XII/2024,Pembayaran Pelunasan V-Banner,60.101.004 BEBAN ADVERTISING,10.101.001 KAS KECIL,,17000000,0,
Lumiera Garden,Tunai,2024-12-06,032/ADL-LM/XII/2024,Pembayaran Waarmerking LK-08 an Djuwito,60.104.023 BIAYA ADMINISTRASI WAARMERKING,10.101.001 KAS KECIL,,250000,17000000,
Lumiera Garden,Tunai,2024-12-06,031/ADL-LM/XII/2024,Reimburse Pak Dian Nota Material Pipa Besi Cermin,10.202.010 NAMA JALAN & RAMBU LALU LINTAS,10.101.001 KAS KECIL,,185000,17250000,
Lumiera Garden,Tunai,2024-12-06,031/ADL-LM/XII/2024,Reimburse Pak Rula Nota Material Kabel,10.202.010 NAMA JALAN & RAMBU LALU LINTAS,10.101.001 KAS KECIL,,460000,17435000,
Lumiera Garden,Tunai,2024-12-06,030/ADL-LM/XII/2024,Pembayaran Sewa Mob 'D Mob EXA PC 78 - Izuddin,10.202.003 PERATAAN TANAH/CUT & FILL,10.101.001 KAS KECIL,,2500000,17895000,
Lumiera Garden,Tunai,2024-12-06,030/ADL-LM/XII/2024,Pembayaran Sewa EXA PC 78 (37 jam) - Izuddin,10.202.003 PERATAAN TANAH/CUT & FILL,10.101.001 KAS KECIL,,12395000,20395000,
Lumiera Garden,Tunai,2024-12-06,029/ADL-LM/XII/2024,Pembayaran Kirim Bongkaran 44 rit (AK) - Arjuna Putra,10.202.003 PERATAAN TANAH/CUT & FILL,10.101.001 KAS KECIL,,15400000,32790000,
Lumiera Garden,Tunai,2024-12-06,028/ADL-LM/XII/2024,Pembayaran Kirim Bongkaran 73 rit (AK) - Amiet Sewu,10.202.003 PERATAAN TANAH/CUT & FILL,10.101.001 KAS KECIL,,9125000,48190000,
Lumiera Garden,Tunai,2024-12-06,028/ADL-LM/XII/2024,Pembayaran Kirim Bongkaran 34 rit (AB) - Amiet Sewu,10.202.003 PERATAAN TANAH/CUT & FILL,10.101.001 KAS KECIL,,11900000,57315000,
Lumiera Garden,Tunai,2024-12-06,027/ADL-LM/XII/2024,Reimburse Pak Roy Nota Meeting,60.104.013 MEETING,10.101.001 KAS KECIL,,97900,69215000,
Lumiera Garden,Tunai,2024-12-06,,Pinjaman dari Joyo Agung 2,10.101.001 KAS KECIL,20.103.009 HUTANG JOYO AGUNG 2,69312900,,69312900,
Lumiera Garden,Tunai,2024-12-03,026/ADL-LM/XII/2024,Komisi Marcomm Kavling LK-08,60.101.002 INSENTIF/KOMISI,10.101.001 KAS KECIL,,65625,0,
Lumiera Garden,Tunai,2024-12-03,026/ADL-LM/XII/2024,Komisi Marcomm Kavling LK-08,60.101.002 INSENTIF/KOMISI,10.101.001 KAS KECIL,,109375,65625,
Lumiera Garden,Tunai,2024-12-03,026/ADL-LM/XII/2024,Komisi Marcomm Kavling LK-08,60.101.002 INSENTIF/KOMISI,10.101.001 KAS KECIL,,262500,175000,
Lumiera Garden,Tunai,2024-12-03,026/ADL-LM/XII/2024,Komisi Telemarketing Kavling LK-08,60.101.002 INSENTIF/KOMISI,10.101.001 KAS KECIL,,3000000,437500,
Lumiera Garden,Tunai,2024-12-03,026/ADL-LM/XII/2024,Komisi Komisaris Kavling LK-08,60.101.002 INSENTIF/KOMISI,10.101.001 KAS KECIL,,1750000,3437500,
Lumiera Garden,Tunai,2024-12-03,026/ADL-LM/XII/2024,Komisi Direktur Teknik Kavling LK-08,60.101.002 INSENTIF/KOMISI,10.101.001 KAS KECIL,,1750000,5187500,
Lumiera Garden,Tunai,2024-12-03,026/ADL-LM/XII/2024,Komisi Direktur B&D Kavling LK-08,60.101.002 INSENTIF/KOMISI,10.101.001 KAS KECIL,,1750000,6937500,
Lumiera Garden,Tunai,2024-12-03,026/ADL-LM/XII/2024,Komisi Direktur Operasional Kavling LK-08,60.101.002 INSENTIF/KOMISI,10.101.001 KAS KECIL,,1750000,8687500,
Lumiera Garden,Tunai,2024-12-03,026/ADL-LM/XII/2024,Komisi Direktur Utama Kavling LK-08,60.101.002 INSENTIF/KOMISI,10.101.001 KAS KECIL,,1750000,10437500,
Lumiera Garden,Tunai,2024-12-03,026/ADL-LM/XII/2024,BLT SPV Marketing Kavling LK-08,60.101.001 BLT,10.101.001 KAS KECIL,,2000000,12187500,
Lumiera Garden,Tunai,2024-12-03,026/ADL-LM/XII/2024,Komisi SPV Marketing Kavling LK-08,60.101.002 INSENTIF/KOMISI,10.101.001 KAS KECIL,,4375000,14187500,
Lumiera Garden,Tunai,2024-12-03,026/ADL-LM/XII/2024,BLT Marketing Kavling LK-08,60.101.001 BLT,10.101.001 KAS KECIL,,1000000,18562500,
Lumiera Garden,Tunai,2024-12-03,026/ADL-LM/XII/2024,Komisi Marketing Kavling LK-08,60.101.002 INSENTIF/KOMISI,10.101.001 KAS KECIL,,8750000,19562500,
Lumiera Garden,Tunai,2024-12-03,,Pinjaman dari Joyo Agung 2,10.101.001 KAS KECIL,20.103.009 HUTANG JOYO AGUNG 2,28312500,,28312500,
Lumiera Garden,Tunai,2024-12-02,064/ADL-LM/XII/2024,Reimburse Pak Adhi - Stempel PT. Lumiera Garden,60.104.001 OPERASIONAL KANTOR,10.101.001 KAS KECIL,,270000,0,
Lumiera Garden,Tunai,2024-12-02,,Pinjaman dari Joyo Agung 2,10.101.001 KAS KECIL,20.103.009 HUTANG JOYO AGUNG 2,270000,,270000,
Lumiera Garden,Tunai,2024-11-29,025/ADL-LM/XI/2024,Pembelian Cermin Cembung Jalan,10.202.999 LAIN-LAIN,10.101.001 KAS KECIL,,500000,0,
Lumiera Garden,Tunai,2024-11-29,024/ADL-LM/XI/2024,Pembayaran Sewa Dozer D31 & EXA PC 200,10.202.003 PERATAAN TANAH/CUT & FILL,10.101.001 KAS KECIL,,37362500,500000,
Lumiera Garden,Tunai,2024-11-29,,Pinjaman dari Joyo Agung 2,10.101.001 KAS KECIL,20.103.009 HUTANG JOYO AGUNG 2,37862500,,37862500,
Lumiera Garden,Tunai,2024-11-25,023/ADL-LM/XI/2024,"Pembayaran DP Maket (Rumah Tinggal T85/66, Skala 1:25)",60.101.004 BEBAN ADVERTISING,10.101.001 KAS KECIL,,8000000,0,
Lumiera Garden,Tunai,2024-11-25,,Pinjaman dari Joyo Agung 2,10.101.001 KAS KECIL,20.103.009 HUTANG JOYO AGUNG 2,8000000,,8000000,
Lumiera Garden,Tunai,2024-11-22,022/ADL-LM/XI/2024,Biaya Admin,60.104.010 ADMINISTRASI BANK,10.101.001 KAS KECIL,,2500,0,
Lumiera Garden,Tunai,2024-11-22,022/ADL-LM/XI/2024,Pembayaran Pelunasan Sondir,10.202.001 PEMATANGAN LAHAN,10.101.001 KAS KECIL,,3600000,2500,
Lumiera Garden,Tunai,2024-11-22,021/ADL-LM/XI/2024,Pembayaran Desain Gambar (Termin I RURA/241121),10.201.021 ADVISE PLANNING GAMBAR 3D,10.101.001 KAS KECIL,,5200000,3602500,
Lumiera Garden,Tunai,2024-11-22,020/ADL-LM/XI/2024,Pembayaran Desain Gambar (Termin II RURA/241031),10.201.021 ADVISE PLANNING GAMBAR 3D,10.101.001 KAS KECIL,,6960000,8802500,
Lumiera Garden,Tunai,2024-11-22,019/ADL-LM/XI/2024,"Pembayaran Sewa EXA PC 200, Dozer dan Mob D'Mob",10.202.003 PERATAAN TANAH/CUT & FILL,10.101.001 KAS KECIL,,42995000,15762500,
Lumiera Garden,Tunai,2024-11-22,018/ADL-LM/XI/2024,Biaya Admin,60.104.010 ADMINISTRASI BANK,10.101.001 KAS KECIL,,2500,58757500,
Lumiera Garden,Tunai,2024-11-22,018/ADL-LM/XI/2024,Pembayaran Backdrop Launching,60.104.018 EVENT KANTOR,10.101.001 KAS KECIL,,275600,58760000,
Lumiera Garden,Tunai,2024-11-22,017/ADL-LM/XI/2024,Reimburse Pak Rula beli Meja Lapangan (Bar Beer Set Whitegrey),11.102.001 PERALATAN TEKNIK,10.101.001 KAS KECIL,,999900,59035600,
Lumiera Garden,Tunai,2024-11-22,016/ADL-LM/XI/2024,Reimburse Pak Rula Bensin,60.104.007 BENSIN OPERASIONAL,10.101.001 KAS KECIL,,200000,60035500,
Lumiera Garden,Tunai,2024-11-22,015/ADL-LM/XI/2024,Reimburse Pak Roy Nota Meeting,60.104.013 MEETING,10.101.001 KAS KECIL,,511601,60235500,
Lumiera Garden,Tunai,2024-11-22,,Reimburse Mas Galih Cetak RD Launching,60.104.001 OPERASIONAL KANTOR,10.101.001 KAS KECIL,,15200,60747101,
Lumiera Garden,Tunai,2024-11-22,,Reimburse Pak Adhi 3 Nota Meeting,60.104.013 MEETING,10.101.001 KAS KECIL,,534500,60762301,
Lumiera Garden,Tunai,2024-11-22,,Pembayaran untuk Pembuatan Akta,60.102.010 BIAYA LEGALITAS,10.101.001 KAS KECIL,,4500000,61296801,
Lumiera Garden,Tunai,2024-11-22,,Pinjaman dari Joyo Agung 2,10.101.001 KAS KECIL,20.103.009 HUTANG JOYO AGUNG 2,65796801,,65796801,
Lumiera Garden,Tunai,2024-11-16,014/ADL-LM/XI/2024,Pembayaran Pengukuran Topografi & Kavling),10.202.002 PENGUKURAN BLOK-KAVLING,10.101.001 KAS KECIL,,3000000,0,
Lumiera Garden,Tunai,2024-11-16,,Pinjaman dari Joyo Agung 2,10.101.001 KAS KECIL,20.103.009 HUTANG JOYO AGUNG 2,3000000,,3000000,
Lumiera Garden,Tunai,2024-11-15,013/ADL-LM/XI/2024,Pembayaran Komisi Tanah Pak Yazak,10.201.026 KOMISI PEMBELIAN TANAH,10.101.001 KAS KECIL,,10500000,0,
Lumiera Garden,Tunai,2024-11-15,012/ADL-LM/XI/2024,Reimburse Pak Adhi Nota Meeting,60.104.013 MEETING,10.101.001 KAS KECIL,,629200,10500000,
Lumiera Garden,Tunai,2024-11-15,011/ADL-LM/XI/2024,Pembayaran Sewa Terop Tasyakuran,60.104.018 EVENT KANTOR,10.101.001 KAS KECIL,,1400000,11129200,
Lumiera Garden,Tunai,2024-11-15,010/ADL-LM/XI/2024,Pembayaran Mob D'Mob dan Sewa EXA PC 200,10.202.003 PERATAAN TANAH/CUT & FILL,10.101.001 KAS KECIL,,11750000,12529200,
Lumiera Garden,Tunai,2024-11-15,009/ADL-LM/XI/2024,Pembayaran Land Clearing dan Potong Pohon,10.202.001 PEMATANGAN LAHAN,10.101.001 KAS KECIL,,8400000,24279200,
Lumiera Garden,Tunai,2024-11-15,008/ADL-LM/XI/2024,Reimburse Pak Roy (Tasyakuran),60.104.018 EVENT KANTOR,10.101.001 KAS KECIL,,7985500,32679200,
Lumiera Garden,Tunai,2024-11-15,007/ADL-LM/XI/2024,Reimburse Pak Roy Meeting (Nota Jokotole & Nota Ojuri),60.104.013 MEETING,10.101.001 KAS KECIL,,398000,40664700,
Lumiera Garden,Tunai,2024-11-15,006/ADL-LM/XI/2024,Pembayaran Dekor Tasyakuran,60.104.018 EVENT KANTOR,10.101.001 KAS KECIL,,600000,41062700,
Lumiera Garden,Tunai,2024-11-15,,Pinjaman dari Joyo Agung 2,10.101.001 KAS KECIL,20.103.009 HUTANG JOYO AGUNG 2,41662700,,41662700,
Lumiera Garden,Tunai,2024-11-14,,Pembayaran untuk Santunan Pendamping Anak Yatim,60.104.018 EVENT KANTOR,10.101.001 KAS KECIL,,1000000,0,
Lumiera Garden,Tunai,2024-11-14,,Pinjaman dari Sigura-Gura,10.101.001 KAS KECIL,20.103.006 HUTANG SIGURA-GURA,1000000,,1000000,
Lumiera Garden,Tunai,2024-11-14,005/ADL-LM/XI/2024,Pembayaran DP Desain Logo Lumiera,10.201.021 ADVISE PLANNING GAMBAR 3D,10.101.001 KAS KECIL,,4250000,0,
Lumiera Garden,Tunai,2024-11-14,,Pembayaran untuk Amplop RW,10.201.011 PERIJINAN,10.101.001 KAS KECIL,,500000,4250000,
Lumiera Garden,Tunai,2024-11-14,,Pembayaran untuk Santunan Anak Yatim,60.104.018 EVENT KANTOR,10.101.001 KAS KECIL,,2000000,4750000,
Lumiera Garden,Tunai,2024-11-14,,Pembayaran untuk Kue Box,60.104.018 EVENT KANTOR,10.101.001 KAS KECIL,,650000,6750000,
Lumiera Garden,Tunai,2024-11-14,,Pembayaran untuk Kue Basah,60.104.018 EVENT KANTOR,10.101.001 KAS KECIL,,347500,7400000,
Lumiera Garden,Tunai,2024-11-14,,Pinjaman dari Joyo Agung 2,10.101.001 KAS KECIL,20.103.009 HUTANG JOYO AGUNG 2,7747500,,7747500,
Lumiera Garden,Tunai,2024-11-13,,Pembayaran untuk Le minerale 6x330 ml (3 crat),60.104.018 EVENT KANTOR,10.101.001 KAS KECIL,,120000,0,
Lumiera Garden,Tunai,2024-11-13,,Pinjaman dari Joyo Agung 2,10.101.001 KAS KECIL,20.103.009 HUTANG JOYO AGUNG 2,120000,,120000,
Lumiera Garden,Tunai,2024-11-11,004/ADL-LM/XI/2024,Biaya Admin,60.104.010 ADMINISTRASI BANK,10.101.001 KAS KECIL,,2500,0,
Lumiera Garden,Tunai,2024-11-11,004/ADL-LM/XI/2024,Pembayaran DP Sondir,10.202.001 PEMATANGAN LAHAN,10.101.001 KAS KECIL,,3500000,2500,
Lumiera Garden,Tunai,2024-11-11,,Pinjaman dari Joyo Agung 2,10.101.001 KAS KECIL,20.103.009 HUTANG JOYO AGUNG 2,3502500,,3502500,
Lumiera Garden,Tunai,2024-11-08,003/ADL-LM/XI/2024,Bensin Operasional,60.104.007 BENSIN OPERASIONAL,10.101.001 KAS KECIL,,200000,0,
Lumiera Garden,Tunai,2024-11-08,003/ADL-LM/XI/2024,Reimburse Pak Roy Meeting,60.104.013 MEETING,10.101.001 KAS KECIL,,402038,200000,
Lumiera Garden,Tunai,2024-11-08,,Pinjaman dari Joyo Agung 2,10.101.001 KAS KECIL,20.103.009 HUTANG JOYO AGUNG 2,602038,,602038,
Lumiera Garden,Tunai,2024-11-01,002/ADL-LM/XI/2024,Pembayaran DP desain gambar RURA - (Termin I Rukos Joyoagung 241031),10.201.021 ADVISE PLANNING GAMBAR 3D,10.101.001 KAS KECIL,,6960000,0,
Lumiera Garden,Tunai,2024-11-01,,Pinjaman dari Joyo Agung 2,10.101.001 KAS KECIL,20.103.009 HUTANG JOYO AGUNG 2,6960000,,6960000,
Lumiera Garden,Tunai,2024-10-30,001/ADL-LM/X/2024,Biaya Admin,60.104.010 ADMINISTRASI BANK,10.101.001 KAS KECIL,,10000,0,
Lumiera Garden,Tunai,2024-10-30,001/ADL-LM/X/2024,Pembayaran Biaya Notaris,10.201.022 AKTA KERJASAMA,10.101.001 KAS KECIL,,31000000,10000,
Lumiera Garden,Tunai,2024-10-30,001/ADL-LM/X/2024,Pembayaran DP Tanah,10.201.001 PERSEDIAAN TANAH,10.101.001 KAS KECIL,,1000000000,31010000,
Lumiera Garden,Tunai,2024-10-30,,Pinjaman dari Joyo Agung 2,10.101.001 KAS KECIL,20.103.009 HUTANG JOYO AGUNG 2,1031010000,,1031010000,
Saldo Akhir,75.308.483,,,,,,,,,
